id,cricinfo_id,name,unique_name,team,first,last,matches,bat_inns,not_outs,runs,balls,hs,bat_avg,bat_sr,hundreds,fifties,fours,sixes,boundary_pct,dot_pct,usual_position,bowl_inns,bowl_balls,bowl_runs,wkts,bowl_avg,econ,bowl_sr,best,four_w,five_w,bowl_dot_pct,catches,stumpings,powerplay_bat_runs,powerplay_bat_balls,powerplay_bat_sr,powerplay_bowl_balls,powerplay_econ,powerplay_wkts,middle_bat_runs,middle_bat_balls,middle_bat_sr,middle_bowl_balls,middle_econ,middle_wkts,death_bat_runs,death_bat_balls,death_bat_sr,death_bowl_balls,death_econ,death_wkts
bbd41817,276298,AD Russell,AD Russell,Kolkata Knight Riders,2012-02-12,2026-09-16,446,391,103,7874,4719,121*,27.34,166.86,2,28,535,644,24.98,40.37,5.9,397,6852,10316,410,25.16,9.03,16.71,5/15,5,1,34.91,188,0,262,143,183.22,1933,8.23,97,3222,2289,140.76,2737,8.45,134,4390,2287,191.95,2182,10.47,179
9d430b40,230558,SP Narine,SP Narine,Kolkata Knight Riders,2012-04-08,2026-09-11,514,357,57,4744,3148,109,15.81,150.7,1,19,441,312,23.92,45.71,4.6,511,11936,12386,525,23.59,6.23,22.74,5/19,9,1,42.2,117,0,2465,1565,157.51,2814,6.12,101,1437,974,147.54,6634,5.96,262,842,609,138.26,2488,7.07,162
a757b0d8,230559,KA Pollard,KA Pollard,Mumbai Indians,2010-03-17,2026-09-11,521,476,135,10770,7113,104,31.58,151.41,2,54,683,726,19.81,35.98,5.4,284,3809,5451,188,28.99,8.59,20.26,4/16,5,0,27.8,303,0,144,169,85.21,88,11.25,2,4819,3722,129.47,2777,7.99,98,5807,3222,180.23,944,10.09,88
87e562a9,51439,DJ Bravo,DJ Bravo,Chennai Super Kings,2008-04-23,2024-09-24,411,301,99,4356,3382,76*,21.56,128.8,0,10,284,219,14.87,37.52,5.9,396,8143,11387,478,23.82,8.39,17.04,5/23,7,2,31.29,199,0,195,190,102.63,960,8.24,39,1658,1626,101.97,3740,7.51,159,2503,1566,159.83,3443,9.39,280
db584dad,51880,CH Gayle,CH Gayle,Royal Challengers Bangalore,2009-04-19,2022-02-18,317,315,38,10461,7248,175*,37.77,144.33,15,59,796,770,21.61,44.99,1.7,79,1063,1407,36,39.08,7.94,29.53,3/21,0,0,32.64,70,0,5179,3998,129.54,204,7.91,3,4147,2713,152.86,597,7.29,16,1135,537,211.36,262,9.46,17
5f547c8b,793463,Rashid Khan,Rashid Khan,Gujarat Titans,2016-11-13,2026-05-31,368,205,70,1807,1218,79*,13.39,148.36,0,3,140,112,20.69,40.97,7.5,364,8440,9572,455,21.04,6.8,18.55,6/17,6,2,38.03,123,0,0,1,0.0,1106,6.81,49,302,271,111.44,5810,6.5,291,1505,946,159.09,1524,7.96,115
a15618fe,296597,JM Vince,JM Vince,Hampshire,2014-05-16,2026-07-18,355,352,36,10757,7776,129*,34.04,138.34,8,72,1229,273,19.32,34.75,2.0,4,42,57,2,28.5,8.14,21.0,1/19,0,0,28.57,196,0,5461,4114,132.74,0,,0,4392,3166,138.72,36,8.0,1,904,496,182.26,6,9.0,1
92aeac25,249866,AD Hales,AD Hales,Nottinghamshire,2013-01-15,2026-09-11,371,366,29,10313,7020,119*,30.6,146.91,7,67,1093,461,22.14,38.4,2.0,0,0,0,0,,,,,0,0,,185,0,6502,4346,149.61,0,,0,3293,2388,137.9,0,,0,518,286,181.12,0,,0
b681e71e,325026,GJ Maxwell,GJ Maxwell,Melbourne Stars,2011-12-18,2026-07-16,347,327,49,7467,4827,154*,26.86,154.69,3,44,614,393,20.86,33.33,4.2,240,3280,4333,142,30.51,7.93,23.1,3/12,0,0,30.73,197,0,1084,773,140.23,1176,7.61,53,4728,3181,148.63,1863,7.91,69,1655,873,189.58,241,9.63,20
7ca5e05d,10582,RS Bopara,RS Bopara,Essex,2009-04-19,2025-09-13,313,292,70,6475,5168,108,29.17,125.29,2,36,481,219,13.54,32.29,4.4,229,3835,4860,186,26.13,7.6,20.62,6/16,4,1,28.29,100,0,769,764,100.65,68,7.68,5,3502,3111,112.57,2923,7.46,129,2204,1293,170.46,844,8.1,52
7dc35884,56143,Shakib Al Hasan,Shakib Al Hasan,Kolkata Knight Riders,2011-04-15,2026-08-08,276,236,39,4212,3282,89*,21.38,128.34,0,18,380,137,15.75,34.1,4.8,271,5582,6439,289,22.28,6.92,19.31,6/6,4,2,40.51,55,0,592,519,114.07,1926,6.83,91,2557,2068,123.65,2880,6.51,129,1063,695,152.95,776,8.66,69
4329fbb5,8180,SR Watson,SR Watson,Rajasthan Royals,2008-04-19,2020-10-29,254,250,25,6765,4914,117*,30.07,137.67,5,40,619,357,19.86,41.8,2.6,163,3091,4155,141,29.47,8.07,21.92,4/29,2,0,37.75,71,0,2680,2289,117.08,1092,7.32,45,3324,2208,150.54,1098,7.27,31,761,417,182.49,901,9.94,65
af2c687b,232359,C Munro,C Munro,Trinbago Knight Riders,2014-05-16,2026-09-11,340,335,27,9143,6720,120,29.69,136.06,3,60,828,415,18.5,37.86,2.6,41,430,650,22,29.55,9.07,19.55,4/15,1,0,21.63,104,0,4299,3185,134.98,6,7.0,1,4125,3081,133.89,306,8.53,11,719,454,158.37,118,10.58,10
3241e3fd,604302,N Pooran,N Pooran,Lucknow Super Giants,2013-07-31,2026-09-11,370,355,66,9459,6226,137*,32.73,151.93,6,57,621,670,20.74,37.73,4.3,0,0,0,0,,,,,0,0,,199,29,1549,1085,142.76,0,,0,5206,3701,140.66,0,,0,2704,1440,187.78,0,,0
ba607b88,253802,V Kohli,V Kohli,Royal Challengers Bangalore,2008-04-18,2026-05-31,282,275,44,9336,6926,113*,40.42,134.8,9,68,844,316,16.75,32.6,2.5,26,251,368,4,92.0,8.8,62.75,2/25,0,0,20.72,126,0,3477,2684,129.55,0,,0,4286,3407,125.8,225,8.32,3,1573,835,188.38,26,12.92,1
d9273ee7,325012,MP Stoinis,MP Stoinis,Melbourne Stars,2012-12-12,2026-07-11,291,266,55,6140,4507,147*,29.1,136.23,2,32,512,268,17.31,36.39,4.1,183,2771,4144,156,26.56,8.97,17.76,5/46,4,1,31.4,69,0,1450,1260,115.08,585,8.43,29,2815,2216,127.03,1475,8.34,68,1875,1031,181.86,711,10.73,59
18fac429,18632,SR Patel,SR Patel,Nottinghamshire,2014-05-16,2025-07-18,273,225,50,4272,3409,90*,24.41,125.32,0,23,384,131,15.11,33.82,5.1,259,5294,6460,244,26.48,7.32,21.7,4/5,3,0,31.87,73,0,450,447,100.67,1279,7.1,64,2711,2229,121.62,3536,7.31,157,1111,733,151.57,479,7.99,23
dcce6f09,219889,DA Warner,DA Warner,Sunrisers Hyderabad,2009-05-02,2026-04-25,265,265,36,9097,6537,130*,39.72,139.16,7,79,920,306,18.75,36.19,1.7,1,1,2,0,,12.0,,0/2,0,0,0.0,123,0,4454,3293,135.26,0,,0,3670,2702,135.83,1,12.0,0,973,542,179.52,0,,0
7f048519,308251,DJ Willey,DJ Willey,Northamptonshire,2014-05-16,2026-07-18,241,193,23,4162,3034,118,24.48,137.18,2,21,309,223,17.53,38.04,4.1,233,4782,6468,242,26.73,8.12,19.76,4/18,1,0,40.23,130,0,1375,1150,119.57,2934,7.55,133,2292,1563,146.64,858,7.83,43,495,321,154.21,990,10.04,66
3355b542,44828,F du Plessis,F du Plessis,Chennai Super Kings,2012-04-04,2026-07-12,296,284,23,8995,6385,120*,34.46,140.88,8,63,816,371,18.59,34.31,2.1,1,6,16,0,,16.0,,0/16,0,0,0.0,167,0,4654,3287,141.59,0,,0,3476,2618,132.77,0,,0,865,480,180.21,6,16.0,0
45eda7c8,326637,CA Lynn,CA Lynn,Brisbane Heat,2011-12-16,2026-07-23,288,285,30,8784,5974,117,34.45,147.04,8,60,801,462,21.14,38.42,2.5,3,48,52,3,17.33,6.5,16.0,2/15,0,0,29.17,70,0,4052,2894,140.01,0,,0,3895,2617,148.83,30,5.6,2,837,463,180.78,18,8.0,1
bb351c23,8917,MM Ali,MM Ali,Chennai Super Kings,2013-01-19,2026-09-08,262,236,28,4956,3563,121*,23.83,139.1,3,21,368,293,18.55,38.65,4.1,220,3606,4568,186,24.56,7.6,19.39,4/18,3,0,34.14,93,0,1269,1057,120.06,732,8.02,30,2610,1910,136.65,2580,7.47,131,1077,596,180.7,294,7.67,25
2a2e6343,4864,DT Christian,DT Christian,Nottinghamshire,2011-04-09,2025-01-17,300,264,69,4672,3365,129,23.96,138.84,2,15,312,237,16.32,33.55,5.4,252,4079,5808,197,29.48,8.54,20.71,5/14,3,2,29.17,148,0,159,218,72.94,841,8.32,31,2128,1764,120.63,2202,7.81,101,2385,1383,172.45,1036,10.28,65
e94915e6,662973,SM Curran,SM Curran,Surrey,2015-06-19,2026-06-26,223,199,41,4320,3170,102*,27.34,136.28,1,27,330,194,16.53,33.66,4.8,206,4018,6016,198,30.38,8.98,20.29,5/26,5,2,32.95,99,0,581,509,114.15,1713,8.26,61,2362,1874,126.04,1164,9.14,49,1377,787,174.97,1141,9.91,88
99b75528,308967,JC Buttler,JC Buttler,Rajasthan Royals,2013-12-20,2026-06-26,258,254,31,8253,5619,124,37.01,146.88,7,61,763,361,20.0,35.13,2.8,0,0,0,0,,,,,0,0,,155,20,3068,2177,140.93,0,,0,3747,2679,139.87,0,,0,1438,763,188.47,0,,0
0f721006,391485,JO Holder,JO Holder,Barbados Tridents,2013-04-22,2026-09-10,250,193,51,2665,1960,69,18.77,135.97,0,4,167,168,17.09,38.88,6.3,247,5191,7162,279,25.67,8.28,18.61,4/14,9,0,37.87,122,0,197,187,105.35,2346,7.7,93,1073,877,122.35,1587,7.56,72,1395,896,155.69,1258,10.25,114
9cb8d7a6,227758,Imad Wasim,Imad Wasim,Karachi Kings,2016-02-05,2026-05-01,281,203,69,2945,2366,92*,21.98,124.47,0,9,249,92,14.41,34.32,6.6,276,5814,6573,258,25.48,6.78,22.53,5/23,0,1,39.99,72,0,76,84,90.48,2321,6.68,90,1164,1154,100.87,3059,6.35,143,1705,1128,151.15,434,10.38,25
50c6bc2b,403902,LS Livingstone,LS Livingstone,Lancashire,2015-05-15,2026-07-12,241,231,24,5893,4083,100,28.47,144.33,1,35,396,361,18.54,35.61,3.4,128,2026,2796,106,26.38,8.28,19.11,4/17,2,0,28.63,99,0,2194,1580,138.86,216,9.22,7,2735,2012,135.93,1522,7.98,75,964,491,196.33,288,9.15,24
64c34cd0,42657,Shoaib Malik,Shoaib Malik,Karachi Kings,2008-04-22,2025-04-13,270,254,56,6436,5164,87,32.51,124.63,0,38,464,217,13.19,31.18,4.1,153,2053,2437,78,31.24,7.12,26.32,3/14,0,0,37.94,109,0,704,725,97.1,615,6.79,26,3913,3302,118.5,1245,7.02,42,1819,1137,159.98,193,8.83,10
acee4cc4,40618,Imran Tahir,Imran Tahir,Guyana Amazon Warriors,2014-05-10,2026-09-13,284,62,30,273,287,23,8.53,95.12,0,0,24,7,10.8,50.87,10.3,280,6278,7359,386,19.06,7.03,16.26,5/17,9,3,37.03,67,0,0,0,,786,7.11,48,47,64,73.44,4500,6.73,250,226,223,101.35,992,8.33,88
ffe699c0,288992,CJ Jordan,CJ Jordan,Sussex,2014-05-17,2026-07-15,296,180,77,1749,1349,73,16.98,129.65,0,2,115,82,14.6,35.51,7.6,287,5908,8375,311,26.93,8.51,19.0,4/10,5,0,31.47,155,0,25,20,125.0,1410,8.58,50,448,447,100.22,2094,7.56,101,1276,882,144.67,2404,9.29,160
62af8546,25913,Mohammad Nabi,Mohammad Nabi,Melbourne Renegades,2013-01-18,2026-09-08,266,209,44,3324,2528,87*,20.15,131.49,0,8,227,163,15.43,36.31,5.8,256,4889,5550,229,24.24,6.81,21.35,5/15,5,1,37.27,112,0,136,98,138.78,1470,6.62,62,1611,1479,108.92,2792,6.68,115,1577,951,165.83,627,7.82,52
caf69bf7,826901,DR Sams,DR Sams,Sydney Thunder,2017-12-19,2026-09-16,223,181,40,2299,1542,98*,16.3,149.09,0,6,139,148,18.61,36.06,6.4,218,4546,6623,278,23.82,8.74,16.35,5/30,10,1,34.95,85,0,30,36,83.33,1698,8.16,70,909,705,128.94,1431,8.36,75,1360,801,169.79,1417,9.82,133
b8d490fd,5334,AJ Finch,AJ Finch,Melbourne Renegades,2010-04-17,2024-01-13,259,256,25,7536,5532,131*,32.62,136.23,6,52,703,301,18.15,37.8,2.3,25,209,318,7,45.43,9.13,29.86,1/9,0,0,22.49,102,0,3559,2751,129.37,12,6.0,0,3068,2278,134.68,162,9.26,6,909,503,180.72,35,9.6,1
d1c36f5c,298438,JJ Roy,JJ Roy,Surrey,2012-02-12,2026-07-15,272,268,14,7651,5368,145*,30.12,142.53,6,53,853,275,21.01,37.05,1.5,1,6,16,0,,16.0,,0/16,0,0,0.0,144,0,4793,3316,144.54,0,,0,2474,1811,136.61,6,16.0,0,384,241,159.34,0,,0
740742ef,34102,RG Sharma,RG Sharma,Mumbai Indians,2008-04-20,2026-05-24,281,276,31,7329,5514,109*,29.91,132.92,2,49,661,323,17.85,37.83,2.8,32,339,453,15,30.2,8.02,22.6,4/6,1,0,25.96,102,0,2564,2028,126.43,50,8.04,2,3238,2643,122.51,240,7.88,6,1527,843,181.14,49,8.69,7
9de62878,922943,Shadab Khan,Shadab Khan,Islamabad United,2017-02-11,2026-09-08,195,158,24,2758,1970,91,20.58,140.0,0,15,191,141,16.85,33.55,5.4,191,4107,5238,232,22.58,7.65,17.7,5/28,9,1,34.92,71,0,247,225,109.78,294,8.22,17,1664,1258,132.27,3425,7.46,179,847,487,173.92,388,8.91,36
19b9f399,787073,CJ Green,CJ Green,Sydney Thunder,2015-01-22,2026-09-16,289,195,69,2255,1640,57*,17.9,137.5,0,2,172,74,15.0,29.39,7.3,286,5794,6879,254,27.08,7.12,22.81,5/32,7,1,37.02,165,0,10,15,66.67,2193,6.68,85,622,573,108.55,2784,7.01,96,1623,1052,154.28,817,8.71,73
7c7d63a2,459508,AJ Tye,AJ Tye,Perth Scorchers,2014-01-11,2026-07-15,234,98,40,803,582,44,13.84,137.97,0,0,52,50,17.53,42.27,8.4,232,5043,6947,325,21.38,8.27,15.52,5/17,10,3,34.32,93,0,8,8,100.0,1020,7.88,50,151,108,139.81,2134,7.6,109,644,466,138.2,1889,9.22,166
cad00a4d,318845,RR Rossouw,RR Rossouw,Quetta Gladiators,2014-05-04,2026-07-12,297,287,38,7157,4859,121,28.74,147.29,6,42,677,329,20.7,35.11,3.5,6,34,32,3,10.67,5.65,11.33,1/3,0,0,41.18,125,0,2183,1527,142.96,0,,0,3959,2790,141.9,21,5.43,3,1015,542,187.27,13,6.0,0
1bae756b,51862,ADS Fletcher,ADS Fletcher,St Lucia Zouks,2013-07-30,2026-09-10,263,259,26,7047,5525,118,30.24,127.55,5,39,625,323,17.16,41.86,1.7,8,65,99,4,24.75,9.14,16.25,2/22,0,0,33.85,136,16,4156,3213,129.35,5,15.6,0,2298,1997,115.07,36,7.33,3,593,315,188.25,24,10.5,1
fe93fd9d,234675,RA Jadeja,RA Jadeja,Chennai Super Kings,2008-04-19,2026-05-29,267,209,88,3526,2699,77*,29.14,130.64,0,5,264,122,14.3,31.38,5.9,237,4254,5465,180,30.36,7.71,23.63,5/16,3,1,31.55,110,0,157,109,144.04,144,8.25,6,1447,1310,110.46,3582,7.53,144,1922,1280,150.16,528,8.77,30
9219eff0,355269,JDS Neesham,JDS Neesham,Wellington,2014-04-17,2026-08-07,211,183,46,3149,2325,97*,22.99,135.44,0,10,264,125,16.73,32.86,5.6,196,3400,5188,196,26.47,9.16,17.35,4/24,3,0,31.82,86,0,133,129,103.1,804,10.15,32,1589,1299,122.32,1623,7.87,64,1427,897,159.09,973,10.48,100
0bec3a6c,211748,BAC Howell,BAC Howell,Gloucestershire,2014-05-23,2026-07-18,207,164,43,2755,1964,62*,22.77,140.27,0,8,194,121,16.04,29.18,5.9,201,4086,5080,208,24.42,7.46,19.64,5/18,3,1,30.37,98,0,103,101,101.98,216,7.25,9,1108,958,115.66,3245,7.19,152,1544,905,170.61,625,8.93,47
372455c4,379143,Q de Kock,Q de Kock,Mumbai Indians,2013-04-17,2026-09-16,242,239,18,6859,5001,140*,31.04,137.15,5,51,632,314,18.92,38.41,1.7,0,0,0,0,,,,,0,0,,168,33,3693,2803,131.75,0,,0,2688,1932,139.13,0,,0,478,266,179.7,0,,0
0a476045,28235,S Dhawan,S Dhawan,Sunrisers Hyderabad,2008-04-19,2024-04-09,222,221,29,6769,5324,106*,35.26,127.14,2,51,768,152,17.28,37.13,2.0,6,48,66,4,16.5,8.25,12.0,1/7,0,0,35.42,99,0,3415,2780,122.84,18,8.67,1,2686,2123,126.52,30,8.0,3,668,421,158.67,0,,0
aa8d28ae,221140,D Wiese,D Wiese,Sussex,2015-04-19,2026-07-26,246,187,60,2849,2024,79*,22.43,140.76,0,4,205,142,17.14,33.2,6.3,223,3909,5733,200,28.66,8.8,19.55,5/20,2,5,30.26,112,0,80,58,137.93,1146,7.82,47,923,824,112.01,1764,8.48,74,1846,1142,161.65,999,10.5,79
c16d4035,297628,SW Billings,SW Billings,Kent,2014-05-23,2026-07-12,321,306,45,6841,5005,106,26.21,136.68,1,36,581,229,16.18,31.51,4.3,0,0,0,0,,,,,0,0,,207,27,824,822,100.24,0,,0,4311,3216,134.05,0,,0,1706,967,176.42,0,,0
c995d726,45705,CA Ingram,CA Ingram,Glamorgan,2011-05-07,2026-05-22,258,251,35,6181,4326,127*,28.62,142.88,4,34,559,286,19.53,35.58,3.7,51,725,954,29,32.9,7.9,25.0,4/32,1,0,25.66,84,0,1589,1195,132.97,60,8.0,2,3533,2566,137.69,560,7.25,24,1059,565,187.43,105,11.26,3
e174dadd,290948,Mohammad Amir,Mohammad Amir,Karachi Kings,2015-11-24,2026-07-18,262,88,39,324,308,30,6.61,105.19,0,0,31,11,13.64,48.7,9.6,261,5754,7132,312,22.86,7.44,18.44,6/17,6,2,42.51,34,0,0,0,,3101,6.28,133,73,65,112.31,721,7.71,28,251,243,103.29,1932,9.2,151
e86754b2,550235,TK Curran,TK Curran,Surrey,2014-05-18,2026-07-15,212,150,39,2288,1609,64*,20.61,142.2,0,5,217,77,18.27,32.44,6.4,184,3748,5449,213,25.58,8.72,17.6,4/10,4,0,33.0,64,0,123,107,114.95,1227,8.54,51,758,646,117.34,1258,7.78,62,1407,856,164.37,1263,9.84,100
1a156c88,308798,DJM Short,DJM Short,Hobart Hurricanes,2016-12-23,2026-07-15,160,160,13,5049,3747,122*,34.35,134.75,2,37,526,179,18.82,38.06,2.1,112,1584,2218,74,29.97,8.4,21.41,5/21,2,1,26.58,66,0,2491,1937,128.6,78,8.85,1,2090,1547,135.1,1332,7.99,61,468,263,177.95,174,11.34,12
32198ae0,5961,MC Henriques,MC Henriques,Sydney Sixers,2009-04-19,2026-01-25,235,218,46,4885,3839,77,28.4,127.25,0,24,371,145,13.44,31.62,4.0,120,1723,2334,77,30.31,8.13,22.38,3/12,0,0,31.4,105,0,711,690,103.04,269,8.52,11,3181,2524,126.03,1210,7.63,50,993,625,158.88,244,10.16,16
1c513d54,256956,LJ Evans,LJ Evans,Surrey,2014-05-30,2026-07-15,284,261,46,6375,4624,118*,29.65,137.87,3,35,573,236,17.5,33.26,4.0,2,12,20,0,,10.0,,0/10,0,0,16.67,124,5,1473,1221,120.64,0,,0,3514,2581,136.15,6,10.0,0,1388,822,168.86,6,10.0,0
ad9c32a2,236489,DJ Malan,DJ Malan,Middlesex,2014-05-17,2026-07-15,220,219,28,6252,4701,117,32.73,132.99,3,43,619,211,17.66,35.04,2.3,21,201,271,5,54.2,8.09,40.2,1/6,0,0,26.37,88,0,2770,2277,121.65,0,,0,2966,2111,140.5,159,7.92,2,516,313,164.86,42,8.71,3
06c2de82,362201,L Gregory,L Gregory,Somerset,2014-05-18,2026-07-18,201,167,42,2801,1959,76*,22.41,142.98,0,12,216,127,17.51,31.9,5.7,179,3161,4707,177,26.59,8.93,17.86,5/24,3,1,29.67,94,0,274,213,128.64,732,9.08,34,1202,974,123.41,1707,8.49,88,1325,772,171.63,722,9.85,55
f836b33d,470633,T Kohler-Cadmore,T Kohler-Cadmore,Somerset,2014-05-16,2026-07-18,247,243,24,6334,4521,127,28.92,140.1,2,42,549,313,19.07,37.14,2.7,0,0,0,0,,,,,0,0,,133,3,2832,2084,135.89,0,,0,2917,2066,141.19,0,,0,585,371,157.68,0,,0
c4487b84,44936,AB de Villiers,AB de Villiers,Royal Challengers Bangalore,2008-05-02,2021-10-11,215,201,48,6292,4136,133*,41.12,152.13,4,47,497,304,19.37,29.91,3.9,0,0,0,0,,,,,0,0,,135,9,888,706,125.78,0,,0,3221,2428,132.66,0,,0,2183,1002,217.86,0,,0
4a461c24,211855,LA Dawson,LA Dawson,Hampshire,2014-05-16,2026-07-18,221,157,33,2427,1969,82,19.57,123.26,0,8,172,77,12.65,32.4,6.1,206,4166,5091,192,26.52,7.33,21.7,5/17,3,1,32.86,92,0,213,172,123.84,513,7.58,23,1262,1180,106.95,3287,7.22,145,952,617,154.29,366,7.98,24
9caf69a1,897549,WG Jacks,WG Jacks,Surrey,2018-07-05,2026-06-26,179,170,13,4914,3128,108*,31.3,157.1,4,37,454,265,22.99,35.45,2.0,96,1349,1701,66,25.77,7.57,20.44,4/15,1,0,35.29,89,0,2868,1791,160.13,624,7.05,32,1724,1177,146.47,642,7.75,30,322,160,201.25,83,10.05,4
8a75e999,348144,Babar Azam,Babar Azam,Karachi Kings,2016-02-04,2026-05-03,164,162,21,6030,4673,115,42.77,129.04,7,48,631,117,16.01,32.4,2.0,0,0,0,0,,,,,0,0,,87,0,2519,2074,121.46,0,,0,2674,2139,125.01,0,,0,837,460,181.96,0,,0
1dc12ab9,33335,SK Raina,SK Raina,Chennai Super Kings,2008-04-19,2021-10-02,204,200,30,5528,4043,100*,32.52,136.73,1,39,506,203,17.54,33.24,3.2,69,908,1118,25,44.72,7.39,36.32,2/0,0,0,30.84,109,0,1552,1168,132.88,66,7.45,2,3077,2348,131.05,713,7.14,17,899,527,170.59,129,8.7,6
09a9d073,333066,J Charles,J Charles,St Lucia Kings,2013-08-01,2026-09-10,222,217,10,5955,4388,107*,28.77,135.71,2,38,554,309,19.67,42.57,1.9,2,25,46,2,23.0,11.04,12.5,1/12,0,0,20.0,70,5,3337,2557,130.5,0,,0,2375,1692,140.37,12,10.0,0,243,139,174.82,13,12.0,2
808f425a,270484,JP Faulkner,JP Faulkner,Rajasthan Royals,2011-05-21,2022-02-12,177,129,56,1671,1305,73,22.89,128.05,0,1,86,68,11.8,30.11,6.7,176,3569,4736,214,22.13,7.96,16.68,5/16,1,2,36.23,51,0,54,48,112.5,1462,7.38,67,454,439,103.42,1010,7.73,46,1163,818,142.18,1097,8.95,101
35205dfc,53118,DR Smith,DR Smith,Barbados Tridents,2008-05-21,2019-10-03,197,192,14,5086,3994,110*,28.57,127.34,4,33,512,238,18.78,45.42,2.1,86,1013,1492,43,34.7,8.84,23.56,4/8,1,0,33.17,83,0,2585,2224,116.23,240,8.82,10,2026,1470,137.82,628,8.05,22,475,300,158.33,145,12.25,11
e342e5fb,457249,CR Brathwaite,CR Brathwaite,St Kitts and Nevis Patriots,2013-08-11,2024-02-27,200,160,43,1912,1358,64*,16.34,140.8,0,4,134,119,18.63,38.51,6.6,191,3576,5010,201,24.93,8.41,17.79,4/14,7,0,33.31,78,0,8,10,80.0,1038,8.33,50,555,563,98.58,1572,7.75,68,1349,785,171.85,966,9.56,83
bdadf7da,12454,JL Denly,JL Denly,Kent,2013-01-20,2026-07-05,208,203,20,4963,3869,127,27.12,128.28,4,21,457,174,16.31,37.97,2.6,77,1055,1419,48,29.56,8.07,21.98,3/25,0,0,31.85,77,0,2195,1797,122.15,390,8.12,14,2294,1759,130.42,619,8.02,29,474,313,151.44,46,8.35,5
0f12f9df,233514,NLTC Perera,NLTC Perera,Jaffna Kings,2010-03-25,2025-02-01,213,174,48,2690,1776,103*,21.35,151.46,1,5,204,154,20.16,34.35,6.1,184,3001,4271,161,26.53,8.54,18.64,5/26,1,2,32.62,91,0,40,39,102.56,632,7.74,24,1017,812,125.25,1415,7.99,55,1633,925,176.54,954,9.88,82
d67d5f00,321777,DA Miller,DA Miller,Kings XI Punjab,2012-04-20,2026-05-24,283,263,89,5875,4261,101*,33.76,137.88,1,25,432,264,16.33,31.82,4.9,0,0,0,0,,,,,0,0,,166,0,236,258,91.47,0,,0,3109,2550,121.92,0,,0,2530,1453,174.12,0,,0
b8a55852,37737,BB McCullum,BB McCullum,Kolkata Knight Riders,2008-04-18,2019-02-08,228,226,17,5850,4325,158*,27.99,135.26,3,33,547,296,19.49,42.1,2.0,1,6,13,0,,13.0,,0/13,0,0,33.33,86,6,3107,2359,131.71,0,,0,2227,1687,132.01,6,13.0,0,516,279,184.95,0,,0
b17e2f24,422108,KL Rahul,KL Rahul,Kings XI Punjab,2013-04-11,2026-05-24,160,150,24,5815,4179,152*,46.15,139.15,6,45,508,239,17.88,32.95,2.0,0,0,0,0,,,,,0,0,,83,8,2424,1883,128.73,0,,0,2484,1789,138.85,0,,0,907,507,178.9,0,,0
2911de16,681305,Hasan Ali,Hasan Ali,Peshawar Zalmi,2016-02-17,2026-07-15,167,92,33,621,424,45,10.53,146.46,0,0,43,36,18.63,38.21,8.8,166,3761,5085,254,20.02,8.11,14.81,6/23,9,2,38.42,51,0,0,0,,1602,7.69,91,102,89,114.61,822,7.47,38,519,335,154.93,1337,9.01,125
e1b9f3a9,679567,BJ Dwarshuis,BJ Dwarshuis,Sydney Sixers,2014-12-19,2026-07-18,178,106,47,1144,780,66,19.39,146.67,0,1,75,60,17.31,32.05,7.9,176,3758,5172,227,22.78,8.26,16.56,5/21,5,2,38.77,46,0,0,0,,1502,7.59,62,300,273,109.89,1135,8.23,67,844,507,166.47,1121,9.18,98
508a1ea7,6683,SE Marsh,SE Marsh,Kings XI Punjab,2008-05-01,2024-01-13,165,163,21,5679,4364,115,39.99,130.13,1,50,560,173,16.8,35.95,2.3,0,0,0,0,,,,,0,0,,50,0,1918,1811,105.91,0,,0,3125,2171,143.94,0,,0,636,382,166.49,0,,0
26d041c4,299572,Sikandar Raza,Sikandar Raza,Lahore Qalandars,2017-11-07,2026-08-02,184,165,37,3220,2364,95,25.16,136.21,0,9,243,151,16.67,35.49,5.4,161,2742,3511,122,28.78,7.68,22.48,4/13,3,0,32.97,86,0,143,129,110.85,390,7.43,13,1752,1460,120.0,2015,7.71,82,1325,775,170.97,337,7.83,27
3d284ca3,669365,PD Salt,PD Salt,Sussex,2016-05-20,2026-07-12,232,228,16,5647,3716,89*,26.64,151.96,0,40,608,220,22.28,34.77,1.5,0,0,0,0,,,,,0,0,,128,9,3707,2424,152.93,0,,0,1734,1166,148.71,0,,0,206,126,163.49,0,,0
2eca67f5,571911,JM Clarke,JM Clarke,Nottinghamshire,2015-08-14,2026-07-18,223,218,10,5637,3840,136,27.1,146.8,4,35,594,230,21.46,37.37,1.7,0,0,0,0,,,,,0,0,,74,6,3736,2545,146.8,0,,0,1620,1139,142.23,0,,0,281,156,180.13,0,,0
245c97cb,459257,TS Mills,TS Mills,Sussex,2014-06-06,2026-07-12,201,59,23,234,219,30,6.5,106.85,0,0,28,7,15.98,51.6,10.0,199,4386,6201,265,23.4,8.48,16.55,4/22,5,0,37.23,35,0,0,0,,1595,8.88,67,42,37,113.51,1252,7.93,63,192,182,105.49,1539,8.52,135
a818c1be,277912,TA Boult,TA Boult,Mumbai Indians,2015-04-11,2026-07-15,220,63,40,309,236,23*,13.43,130.93,0,0,18,20,16.1,41.95,9.4,219,4915,6799,261,26.05,8.3,18.83,4/17,6,0,40.94,70,0,0,0,,2898,7.43,125,26,28,92.86,665,8.63,32,283,208,136.06,1352,10.0,104
48a1d7b7,670025,SO Hetmyer,SO Hetmyer,Guyana Amazon Warriors,2016-07-24,2026-09-13,263,248,59,5502,3683,111*,29.11,149.39,2,28,373,319,18.79,33.75,4.7,0,0,0,0,,,,,0,0,,153,0,569,500,113.8,0,,0,2874,2065,139.18,0,,0,2059,1118,184.17,0,,0
30a45b23,267192,SPD Smith,SPD Smith,Rajasthan Royals,2011-12-16,2026-07-18,184,173,33,5286,3848,125*,37.76,137.37,7,28,450,186,16.53,30.98,3.4,12,155,228,10,22.8,8.83,15.5,2/19,0,0,37.42,106,0,1545,1155,133.77,0,,0,2638,2044,129.06,114,8.42,5,1103,649,169.95,41,9.95,5
4a8a2e3b,28081,MS Dhoni,MS Dhoni,Chennai Super Kings,2008-04-19,2025-05-25,277,242,100,5439,3957,84*,38.3,137.45,0,24,375,264,16.15,33.79,5.3,0,0,0,0,,,,,0,0,,158,47,59,72,81.94,0,,0,1912,1903,100.47,0,,0,3468,1982,174.97,0,,0
29e95537,277916,AM Rahane,AM Rahane,Rajasthan Royals,2008-04-27,2026-05-24,212,197,19,5367,4273,105*,30.15,125.6,2,35,539,141,15.91,36.41,1.9,1,6,5,1,5.0,5.0,6.0,1/5,0,0,33.33,83,0,2759,2240,123.17,0,,0,2099,1710,122.75,6,5.0,1,509,323,157.59,0,,0
cca50cd6,23460,LJ Wright,LJ Wright,Sussex,2011-12-17,2022-06-19,178,174,16,5226,3699,153*,33.08,141.28,6,30,561,176,19.92,35.5,2.1,22,259,395,8,49.38,9.15,32.38,1/7,0,0,21.24,51,0,2802,2082,134.58,6,12.0,0,1896,1333,142.24,162,8.3,5,528,284,185.92,91,10.48,3
4663bd23,625964,TL Seifert,TL Seifert,Northern Districts,2017-12-16,2026-09-09,206,198,20,5347,3951,125*,30.04,135.33,7,24,499,230,18.45,38.4,2.5,0,0,0,0,,,,,0,0,,144,24,2568,1888,136.02,0,,0,2119,1674,126.58,0,,0,660,389,169.67,0,,0
3d8feaf8,272450,MR Marsh,MR Marsh,Perth Scorchers,2010-04-08,2026-05-19,149,142,21,4042,2863,117,33.4,141.18,4,24,309,210,18.13,35.73,3.4,79,1187,1725,62,27.82,8.72,19.15,4/25,2,0,31.51,50,0,1234,899,137.26,187,8.09,8,1848,1435,128.78,777,8.36,34,960,529,181.47,223,10.49,20
1a2676c5,398666,SA Abbott,SA Abbott,Sydney Sixers,2011-12-17,2026-07-15,166,95,24,864,711,110*,12.17,121.52,1,0,45,40,11.95,38.96,7.6,165,3330,4724,218,21.67,8.51,15.28,5/16,6,2,35.59,84,0,6,11,54.55,1116,7.67,66,238,286,83.22,1311,8.03,75,620,414,149.76,903,10.25,77
c41043e6,603410,BR McDermott,BR McDermott,Hobart Hurricanes,2014-01-18,2026-08-05,202,193,24,5182,3700,127,30.66,140.05,3,34,408,255,17.92,36.16,2.8,0,0,0,0,,,,,0,0,,100,15,1897,1519,124.88,0,,0,2444,1744,140.14,0,,0,841,437,192.45,0,,0
a4cc73aa,425943,SV Samson,SV Samson,Rajasthan Royals,2013-04-14,2026-05-21,190,186,23,5181,3671,119,31.79,141.13,5,27,432,243,18.39,34.51,3.0,0,0,0,0,,,,,0,0,,90,19,1619,1271,127.38,0,,0,2710,1954,138.69,0,,0,852,446,191.03,0,,0
8f938a32,422593,DJ Bell-Drummond,DJ Bell-Drummond,Kent,2014-05-23,2026-07-12,174,172,11,5076,3680,112*,31.53,137.93,3,40,531,128,17.91,31.79,1.7,12,111,191,5,38.2,10.32,22.2,2/19,0,0,18.92,57,0,2953,2178,135.58,0,,0,1860,1332,139.64,88,8.8,3,263,170,154.71,23,16.17,2
1c17e270,35582,RV Uthappa,RV Uthappa,Kolkata Knight Riders,2008-04-20,2023-02-09,214,206,17,5170,3969,88,27.35,130.26,0,28,503,189,17.44,39.0,2.6,0,0,0,0,,,,,0,0,,99,32,2188,1762,124.18,0,,0,2415,1881,128.39,0,,0,567,326,173.93,0,,0
b3118300,43590,Wahab Riaz,Wahab Riaz,Peshawar Zalmi,2015-05-15,2023-03-17,173,102,39,787,618,53,12.49,127.35,0,1,63,37,16.18,41.1,8.1,171,3794,4934,219,22.53,7.8,17.32,5/8,4,1,40.17,43,0,100,72,138.89,1170,7.39,47,139,132,105.3,1258,7.06,73,548,414,132.37,1366,8.83,99
a90e53ec,605575,MW Short,MW Short,Adelaide Strikers,2014-12-26,2026-07-16,135,132,11,3838,2666,121*,31.72,143.96,3,26,314,173,18.27,34.77,2.5,96,1404,1775,65,27.31,7.59,21.6,4/17,1,0,33.83,73,0,1960,1360,144.12,540,7.53,21,1495,1067,140.11,722,7.19,35,383,239,160.25,142,9.8,9
f1f99156,892749,TH David,TH David,Hobart Hurricanes,2018-01-01,2026-05-31,251,230,73,4858,3004,76*,30.94,161.72,0,15,319,321,21.3,31.59,5.6,51,490,717,12,59.75,8.78,40.83,2/14,0,0,25.1,139,0,109,82,132.93,148,7.82,2,2157,1522,141.72,288,9.27,5,2592,1400,185.14,54,8.78,5
650d5e49,820351,R Powell,R Powell,Jamaica Tallawahs,2016-07-02,2026-09-16,244,223,52,4526,3172,97,26.47,142.69,0,17,278,305,18.38,38.78,5.0,48,601,1095,27,40.56,10.93,22.26,2/15,0,0,23.79,129,0,210,239,87.87,6,7.0,0,2353,1877,125.36,415,10.66,13,1963,1056,185.89,180,11.7,14
6c79c098,362710,DA Payne,DA Payne,Gloucestershire,2014-06-13,2026-04-02,172,48,23,203,175,17*,8.12,116.0,0,0,7,11,10.29,38.86,9.7,171,3759,4924,243,20.26,7.86,15.47,5/24,5,1,39.88,44,0,0,0,,2022,7.08,104,22,21,104.76,566,8.32,30,181,154,117.53,1171,8.99,109
14f96089,379504,A Zampa,A Zampa,Melbourne Stars,2012-12-20,2026-04-19,204,70,31,256,289,23,6.56,88.58,0,0,19,3,7.61,46.02,9.2,201,4390,5546,240,23.11,7.58,18.29,6/19,0,2,31.14,24,0,0,0,,600,6.64,24,52,73,71.23,2978,7.4,138,204,216,94.44,812,8.93,78
c03f1114,30045,KD Karthik,KD Karthik,Kolkata Knight Riders,2008-04-19,2025-12-20,271,245,52,4992,3707,97*,25.87,134.66,0,23,480,166,17.43,34.42,4.9,0,0,0,0,,,,,0,0,,153,39,397,406,97.78,0,,0,2614,2144,121.92,0,,0,1981,1157,171.22,0,,0
a97c8ec2,784379,PWH de Silva,PWH de Silva,Royal Challengers Bangalore,2017-11-11,2026-09-10,135,96,19,1409,898,77*,18.3,156.9,0,5,142,58,22.27,32.41,6.2,135,2939,3537,179,19.76,7.22,16.42,6/9,6,2,37.5,63,0,124,82,151.22,282,8.45,19,819,531,154.24,2249,6.94,117,466,285,163.51,408,7.94,43
67b9536c,555850,SR Hain,SR Hain,Birmingham Bears,2016-05-20,2026-07-12,166,162,39,4973,3676,112*,40.43,135.28,1,38,426,134,15.23,26.63,3.5,0,0,0,0,,,,,0,0,,80,0,1233,1056,116.76,0,,0,2501,1970,126.95,0,,0,1239,650,190.62,0,,0
0dc00542,42639,Shahid Afridi,Shahid Afridi,Hampshire,2008-04-22,2022-02-12,156,124,19,1760,1140,101,16.76,154.39,1,3,123,115,20.88,36.05,5.5,153,3194,3706,160,23.16,6.96,19.96,5/7,5,1,38.45,42,0,219,121,180.99,180,7.67,10,827,586,141.13,2717,6.74,122,714,433,164.9,297,8.53,28
4b685e2d,641423,DW Lawrence,DW Lawrence,Essex,2015-05-16,2026-07-15,165,153,21,3675,2583,120*,27.84,142.28,1,22,315,136,17.46,29.93,3.5,85,1116,1407,64,21.98,7.56,17.44,4/35,1,0,32.35,65,0,1206,834,144.6,192,8.72,8,1917,1435,133.59,810,7.12,43,552,314,175.8,114,8.79,13
9a46c4e5,823509,GD Phillips,GD Phillips,Auckland,2017-08-15,2026-09-13,169,163,21,4441,3197,106*,31.27,138.91,2,28,327,247,17.95,37.03,3.1,43,494,713,25,28.52,8.66,19.76,2/4,0,0,29.15,89,6,1380,1144,120.63,75,8.4,4,2254,1650,136.61,342,8.84,14,807,403,200.25,77,8.1,7
86e0f3f0,46543,WL Madsen,WL Madsen,Derbyshire,2014-05-16,2026-07-12,157,154,25,4502,3184,109*,34.9,141.39,2,30,473,106,18.18,29.05,4.0,43,564,766,21,36.48,8.15,26.86,2/20,0,0,35.64,68,0,737,610,120.82,366,7.48,15,3023,2106,143.54,174,8.62,5,742,468,158.55,24,15.0,1
2e81a32d,326016,B Kumar,B Kumar,Sunrisers Hyderabad,2011-05-08,2026-05-31,206,78,40,354,377,27,9.32,93.9,0,0,34,4,10.08,45.89,9.1,206,4600,5913,226,26.16,7.71,20.35,5/19,3,2,41.24,39,0,0,0,,2543,6.55,97,38,51,74.51,452,8.58,11,316,326,96.93,1605,9.3,118
2e171977,554691,AR Patel,AR Patel,Delhi Capitals,2014-04-18,2026-05-24,177,135,39,2089,1562,66,21.76,133.74,0,4,146,100,15.75,32.91,6.3,173,3579,4431,139,31.88,7.43,25.75,4/21,1,0,32.55,83,0,79,72,109.72,690,7.9,21,998,834,119.66,2507,7.13,96,1012,656,154.27,382,8.54,22
89f64c19,53116,LMP Simmons,LMP Simmons,Trinbago Knight Riders,2013-07-31,2022-02-12,162,160,12,4824,3954,116,32.59,122.0,2,39,447,223,16.94,45.73,1.3,8,93,149,2,74.5,9.61,46.5,1/33,0,0,17.2,54,0,2501,2214,112.96,0,,0,2011,1562,128.75,72,9.42,0,312,178,175.28,21,10.29,2
bd4ea627,681117,Faheem Ashraf,Faheem Ashraf,Islamabad United,2018-02-24,2026-07-05,148,101,29,1383,955,55,19.21,144.82,0,4,110,76,19.48,36.02,7.2,145,2880,4083,170,24.02,8.51,16.94,6/19,2,4,36.08,65,0,23,18,127.78,1026,8.25,44,406,372,109.14,996,7.95,52,954,565,168.85,858,9.47,74
ff1e12a0,500268,AJ Turner,AJ Turner,Perth Scorchers,2013-12-26,2026-07-12,224,202,55,4035,2711,99*,27.45,148.84,0,20,291,166,16.86,27.26,5.0,79,773,979,37,26.46,7.6,20.89,3/20,0,0,29.75,92,0,270,209,129.19,201,7.73,8,2428,1746,139.06,480,7.71,23,1337,756,176.85,92,6.72,6
c5aef772,677077,R Shepherd,R Shepherd,Guyana Amazon Warriors,2018-09-05,2026-09-13,181,127,46,1762,1105,73*,21.75,159.46,0,6,118,132,22.62,39.1,7.0,162,2665,3989,150,26.59,8.98,17.77,4/13,1,0,36.14,46,0,0,2,0.0,713,8.24,47,440,387,113.7,1206,8.66,44,1322,716,184.64,746,10.21,59
73c18486,348056,KR Mayers,KR Mayers,St Kitts and Nevis Patriots,2013-07-30,2026-09-10,168,163,11,3406,2543,92,22.41,133.94,0,18,289,210,19.62,46.32,3.2,112,1555,2090,66,31.67,8.06,23.56,4/4,1,0,42.12,42,0,1716,1295,132.51,1028,7.11,43,1260,968,130.17,310,9.29,9,430,280,153.57,217,10.84,14
2e11c706,230371,BCJ Cutting,BCJ Cutting,Brisbane Heat,2012-12-09,2024-01-26,177,153,39,2557,1756,81*,22.43,145.62,0,4,178,154,18.91,37.36,6.1,146,2297,3450,108,31.94,9.01,21.27,3/24,0,0,26.08,83,0,159,113,140.71,216,8.47,13,792,716,110.61,1470,8.51,57,1606,927,173.25,611,10.41,38
6b71e6cf,50710,KC Sangakkara,KC Sangakkara,Kings XI Punjab,2008-04-19,2018-03-13,180,177,11,4709,3730,94,28.37,126.25,0,30,507,99,16.25,35.84,3.0,0,0,0,0,,,,,0,0,,115,28,1693,1338,126.53,0,,0,2546,2091,121.76,0,,0,470,301,156.15,0,,0
0ebfb1ad,431901,E Lewis,E Lewis,St Kitts and Nevis Patriots,2014-07-12,2026-09-08,189,183,14,4707,3317,109*,27.85,141.91,4,26,377,329,21.28,46.49,2.0,0,0,0,0,,,,,0,0,,63,0,2739,2073,132.13,0,,0,1814,1144,158.57,0,,0,154,100,154.0,0,,0
f3abd0c9,310107,DR Briggs,DR Briggs,Sussex,2014-05-16,2026-07-12,188,67,40,364,293,35*,13.48,124.23,0,0,38,6,15.02,37.54,9.6,183,3913,4911,217,22.63,7.53,18.03,4/15,3,0,29.9,35,0,0,0,,684,7.89,29,48,41,117.07,2801,7.32,158,316,252,125.4,428,8.37,30
57ee1fde,430246,YS Chahal,YS Chahal,Royal Challengers Bangalore,2013-04-24,2026-05-23,189,20,13,37,86,8*,5.29,43.02,0,0,0,0,0.0,62.79,10.7,184,4037,5417,233,23.25,8.05,17.33,5/40,8,1,32.67,35,0,0,0,,404,7.87,18,4,23,17.39,2960,7.75,149,33,63,52.38,673,9.49,66
dda5aae5,451782,JK Fuller,JK Fuller,Hampshire,2013-01-20,2026-07-18,177,125,40,1762,1232,57,20.73,143.02,0,3,118,82,16.23,29.79,6.7,145,2611,3904,146,26.74,8.97,17.88,6/28,4,1,34.05,72,0,42,35,120.0,886,9.05,37,638,537,118.81,1152,8.28,52,1082,660,163.94,573,10.24,57
98ae73b1,32966,PP Chawla,PP Chawla,Kings XI Punjab,2008-04-19,2026-07-19,202,94,37,634,571,24*,11.12,111.03,0,0,56,21,13.49,43.61,8.0,201,4019,5371,202,26.59,8.02,19.9,4/17,3,0,34.16,48,0,15,13,115.38,437,7.84,21,156,177,88.14,3119,7.93,138,463,381,121.52,463,8.76,43
86dc8f2e,45789,JH Kallis,JH Kallis,Kolkata Knight Riders,2008-04-18,2016-01-24,124,122,16,3074,2765,97*,29.0,111.18,0,21,322,64,13.96,41.19,2.1,111,2111,2714,80,33.92,7.71,26.39,3/13,0,0,36.52,38,0,1403,1304,107.59,720,7.05,25,1202,1194,100.67,1004,7.31,29,469,267,175.66,387,10.0,26
64d43928,43265,Sohail Tanvir,Sohail Tanvir,Guyana Amazon Warriors,2008-04-26,2022-02-18,158,105,41,1123,959,50*,17.55,117.1,0,1,80,50,13.56,39.52,6.9,157,3405,4120,176,23.41,7.26,19.35,6/14,6,2,42.73,29,0,106,86,123.26,1890,6.09,66,323,331,97.58,360,6.98,14,694,542,128.04,1155,9.26,96
b4b99816,1070173,Shubman Gill,Shubman Gill,Gujarat Titans,2018-04-14,2026-05-31,134,131,17,4598,3236,129,40.33,142.09,5,32,446,152,18.48,31.24,2.4,0,0,0,0,,,,,0,0,,57,0,2044,1519,134.56,0,,0,2080,1413,147.2,0,,0,474,304,155.92,0,,0
dbe50b21,625371,HH Pandya,HH Pandya,Mumbai Indians,2015-04-19,2026-05-24,162,150,44,2955,2020,91,27.88,146.29,0,10,228,155,18.96,33.27,5.3,116,1764,2751,82,33.55,9.36,21.51,5/36,0,1,33.11,74,0,174,177,98.31,432,9.64,13,1271,948,134.07,1012,8.4,37,1510,895,168.72,320,12.0,32
271f83cd,446507,SA Yadav,SA Yadav,Mumbai Indians,2012-04-06,2026-05-24,179,164,28,4581,3083,103*,33.68,148.59,2,31,482,178,21.41,33.8,3.9,1,6,8,0,,8.0,,0/8,0,0,33.33,77,0,1017,721,141.05,6,8.0,0,2730,1894,144.14,0,,0,834,468,178.21,0,,0
7d92277a,974109,Mujeeb Ur Rahman,Mujeeb Ur Rahman,Brisbane Heat,2017-12-02,2026-09-06,208,68,31,279,276,34,7.54,101.09,0,0,21,10,11.23,47.46,9.7,208,4792,5567,215,25.89,6.97,22.29,5/15,1,1,41.84,37,0,0,3,0.0,1865,6.9,73,61,50,122.0,2194,6.61,83,218,223,97.76,733,8.23,59
495d42a5,26421,R Ashwin,R Ashwin,Chennai Super Kings,2009-04-18,2026-06-20,220,98,34,833,705,50,13.02,118.16,0,1,64,29,13.19,36.45,7.2,218,4722,5676,187,30.35,7.21,25.25,4/34,1,0,34.03,51,0,78,73,106.85,1258,7.13,50,279,276,101.09,2863,7.03,101,476,356,133.71,601,8.24,36
70b8fd28,251721,A Lyth,A Lyth,Yorkshire,2014-05-30,2026-07-15,158,155,6,4130,2750,161,27.72,150.18,2,30,444,165,22.15,35.93,1.4,40,465,605,22,27.5,7.81,21.14,5/31,0,1,32.26,85,0,2653,1762,150.57,168,7.93,4,1236,871,141.91,216,7.53,7,241,117,205.98,81,8.3,11
c5cc48bc,776695,MJJ Critchley,MJJ Critchley,Derbyshire,2016-05-21,2026-07-15,143,124,24,1990,1619,80*,19.9,122.92,0,5,143,69,13.09,31.75,5.2,129,2366,3192,128,24.94,8.09,18.48,5/28,2,1,30.18,43,0,281,253,111.07,36,11.5,1,1104,982,112.42,1985,7.89,95,605,384,157.55,345,8.92,32
4d7f517e,530812,AJ Hosein,AJ Hosein,Trinbago Knight Riders,2014-07-12,2026-09-11,192,108,47,990,887,55*,16.23,111.61,0,1,53,47,11.27,41.71,7.5,182,3815,4496,177,25.4,7.07,21.55,4/13,5,0,42.7,38,0,27,44,61.36,1788,7.08,67,354,361,98.06,1784,6.77,91,609,482,126.35,243,9.23,19
b970a03f,6161,M Klinger,M Klinger,Gloucestershire,2011-04-30,2019-09-07,152,149,16,4511,3702,126*,33.92,121.85,7,23,418,108,14.21,35.79,1.7,0,0,0,0,,,,,0,0,,64,0,2153,1866,115.38,0,,0,1807,1540,117.34,0,,0,551,296,186.15,0,,0
0a8fce53,330902,Mustafizur Rahman,Mustafizur Rahman,Comilla Victorians,2015-11-22,2026-04-11,175,48,34,104,154,21*,7.43,67.53,0,0,7,5,7.79,63.64,10.7,175,3839,4874,220,22.15,7.62,17.45,5/27,2,1,39.67,30,0,0,0,,1290,6.81,58,15,27,55.56,980,7.14,45,89,127,70.08,1569,8.57,117
70d205c9,33141,AT Rayudu,AT Rayudu,Mumbai Indians,2010-03-13,2024-02-08,216,196,33,4496,3550,100*,27.58,126.65,1,22,372,178,15.49,35.35,4.3,0,0,0,0,,,,,0,0,,64,2,788,749,105.21,0,,0,2491,2077,119.93,0,,0,1217,724,168.09,0,,0
5574750c,669855,JC Archer,JC Archer,Rajasthan Royals,2016-07-15,2026-05-29,149,81,36,668,471,36,14.84,141.83,0,0,46,31,16.35,31.0,7.8,146,3330,4454,189,23.57,8.03,17.62,4/18,1,0,42.01,44,0,0,4,0.0,1584,7.83,69,132,100,132.0,610,6.96,37,536,367,146.05,1136,8.86,83
4c0f3806,459761,BA Raine,BA Raine,Durham,2014-06-06,2026-07-12,141,104,18,1427,1084,113,16.59,131.64,1,4,109,63,15.87,38.19,5.6,128,2511,3429,151,22.71,8.19,16.63,5/21,2,2,32.14,27,0,322,257,125.29,807,8.26,40,760,608,125.0,854,7.63,36,345,219,157.53,850,8.7,75
eade4650,381743,DJ Mitchell,DJ Mitchell,Northern Districts,2014-01-17,2026-04-23,113,107,18,3103,2228,88,34.87,139.27,0,19,209,127,15.08,27.11,4.3,75,1108,1734,67,25.88,9.39,16.54,4/32,1,0,24.64,54,0,434,381,113.91,144,7.75,6,1897,1379,137.56,575,9.27,24,772,468,164.96,389,10.18,37
57590dbb,909225,PI Walter,PI Walter,Essex,2016-06-24,2026-07-15,157,135,25,2572,1785,78,23.38,144.09,0,12,250,107,20.0,32.83,5.0,114,1717,2676,93,28.77,9.35,18.46,3/24,0,0,27.72,73,0,626,423,147.99,372,9.71,11,1411,1017,138.74,828,8.62,32,535,345,155.07,517,10.26,50
3b041a12,56194,Tamim Iqbal,Tamim Iqbal,Fortune Barishal,2013-01-19,2025-02-07,138,138,19,4416,3641,141*,37.11,121.29,2,35,471,134,16.62,40.81,1.1,0,0,0,0,,,,,0,0,,44,0,2194,2006,109.37,0,,0,1890,1447,130.62,0,,0,332,188,176.6,0,,0
45a7e761,1072470,Shaheen Shah Afridi,Shaheen Shah Afridi,Lahore Qalandars,2018-02-23,2026-08-05,136,73,19,631,481,55,11.69,131.19,0,2,34,50,17.46,46.99,8.1,135,3041,4180,188,22.23,8.25,16.18,6/19,5,3,40.12,36,0,8,11,72.73,1620,7.42,76,237,187,126.74,354,8.98,14,386,283,136.4,1067,9.26,98
df5a6881,379140,DP Conway,DP Conway,Wellington,2017-12-20,2026-05-01,124,121,23,4368,3217,105*,44.57,135.78,2,37,487,111,18.59,33.91,1.7,0,0,0,0,,,,,0,0,,48,2,1990,1581,125.87,0,,0,1893,1348,140.43,0,,0,485,288,168.4,0,,0
2be41edb,226492,MJ Guptill,MJ Guptill,Auckland,2012-12-08,2026-01-22,169,164,16,4358,3432,117,29.45,126.98,3,26,378,188,16.49,39.8,1.6,2,12,16,0,,8.0,,0/7,0,0,8.33,79,0,2357,1989,118.5,0,,0,1591,1241,128.2,12,8.0,0,410,202,202.97,0,,0
d014d5ac,914541,SE Rutherford,SE Rutherford,St Kitts and Nevis Patriots,2018-08-09,2026-09-16,219,200,45,4033,2861,86,26.02,140.96,0,18,268,262,18.52,39.88,5.3,29,294,468,16,29.25,9.55,18.38,4/24,1,0,30.27,66,0,167,170,98.24,18,7.33,1,2061,1666,123.71,198,8.97,8,1805,1025,176.1,78,11.54,7
9679838c,471202,BL D'Oliveira,BL D'Oliveira,Worcestershire,2014-05-23,2026-07-12,150,135,18,2753,2135,79,23.53,128.95,0,15,255,69,15.18,31.38,3.5,113,1801,2356,79,29.82,7.85,22.8,4/11,3,0,25.82,52,0,1086,857,126.72,18,9.33,0,1176,965,121.87,1687,7.82,76,491,313,156.87,96,8.06,3
e62dd25d,550215,K Rabada,K Rabada,Delhi Capitals,2016-06-30,2026-05-31,146,57,26,307,303,44,9.9,101.32,0,0,25,12,12.21,47.85,9.2,145,3245,4600,201,22.89,8.51,16.14,4/21,7,0,40.43,48,0,1,3,33.33,1554,8.21,81,78,84,92.86,703,7.31,33,228,216,105.56,988,9.81,87
1777c020,512191,Fakhar Zaman,Fakhar Zaman,Lahore Qalandars,2017-02-10,2026-04-25,147,146,3,4266,3100,115,29.83,137.61,3,31,414,172,18.9,36.29,1.4,10,99,91,3,30.33,5.52,33.0,1/3,0,0,42.42,48,0,2406,1851,129.98,36,7.67,1,1689,1145,147.51,57,4.53,2,171,104,164.42,6,2.0,0
24bb1c2f,1161606,Haris Rauf,Haris Rauf,Lahore Qalandars,2019-02-14,2026-07-16,156,53,18,246,261,19,7.03,94.25,0,0,18,13,11.88,56.32,9.8,155,3394,4961,202,24.56,8.77,16.8,5/27,4,1,35.24,39,0,0,0,,864,8.96,39,54,79,68.35,1311,7.5,61,192,182,105.49,1219,10.0,102
ad212f96,572199,RF Higgins,RF Higgins,Middlesex,2014-06-18,2026-06-07,139,125,30,2281,1699,77*,24.01,134.26,0,6,185,85,15.89,31.72,5.4,106,1727,2680,99,27.07,9.31,17.44,5/13,2,1,26.64,48,0,145,130,111.54,327,9.01,13,1235,1033,119.55,769,8.93,32,901,536,168.1,631,9.94,54
85ec8e33,642519,SS Iyer,SS Iyer,Delhi Daredevils,2015-04-09,2026-05-23,147,145,27,4229,3093,101*,35.84,136.73,1,32,353,182,17.3,33.43,3.4,1,6,7,0,,7.0,,0/7,0,0,66.67,64,0,1032,910,113.41,0,,0,2377,1740,136.61,0,,0,820,443,185.1,6,7.0,0
1cfac535,310525,CP Wood,CP Wood,Hampshire,2014-05-23,2026-07-18,161,67,27,503,449,31,12.57,112.03,0,0,46,11,12.69,38.98,8.8,161,3396,4630,186,24.89,8.18,18.26,5/32,3,1,36.6,31,0,0,0,,1986,7.1,78,117,136,86.03,354,8.9,20,386,313,123.32,1056,9.97,88
58c481c6,308408,JJ Cobb,JJ Cobb,Northamptonshire,2013-01-18,2024-07-18,141,134,10,3243,2450,103,26.15,132.37,1,21,292,142,17.71,37.92,2.9,104,1356,1731,49,35.33,7.66,27.67,5/25,0,1,27.73,66,0,1348,1102,122.32,402,6.72,9,1586,1135,139.74,804,8.1,28,309,213,145.07,150,7.84,12
bb345e0b,28763,G Gambhir,G Gambhir,Kolkata Knight Riders,2008-04-19,2018-04-23,154,152,16,4217,3404,93,31.01,123.88,0,36,492,59,16.19,36.34,1.9,0,0,0,0,,,,,0,0,,28,0,2277,1868,121.9,0,,0,1670,1350,123.7,0,,0,270,186,145.16,0,,0
b57f8a9a,5674,BJ Hodge,BJ Hodge,Rajasthan Royals,2008-05-01,2018-01-22,151,143,43,3796,2913,88,37.96,130.31,0,25,325,146,16.17,36.73,4.0,29,330,430,21,20.48,7.82,15.71,4/13,1,0,31.82,54,0,693,631,109.83,42,8.86,1,1902,1576,120.69,264,7.75,17,1201,706,170.11,24,6.75,3
25f7b7d6,877051,T Banton,T Banton,Somerset,2017-07-16,2026-07-18,158,156,11,4159,2902,107*,28.68,143.31,4,24,439,173,21.09,38.63,1.7,0,0,0,0,,,,,0,0,,100,8,2426,1804,134.48,0,,0,1489,978,152.25,0,,0,244,120,203.33,0,,0
2f26ac1a,323389,Mohammad Rizwan,Mohammad Rizwan,Multan Sultans,2016-02-05,2026-04-26,142,132,25,4141,3296,110*,38.7,125.64,2,30,378,114,14.93,33.95,2.6,0,0,0,0,,,,,0,0,,108,21,1785,1431,124.74,0,,0,1687,1446,116.67,0,,0,669,419,159.67,0,,0
65b6943c,573170,L Wood,L Wood,Lancashire,2016-08-08,2026-07-12,168,80,31,458,394,33*,9.35,116.24,0,0,28,16,11.17,35.53,8.5,167,3418,4770,184,25.92,8.37,18.58,5/50,1,1,37.07,55,0,0,0,,1986,7.81,87,85,95,89.47,565,8.57,29,373,299,124.75,867,9.54,68
1fc6ef83,581379,SD Hope,SD Hope,Guyana Amazon Warriors,2015-07-01,2026-09-13,151,150,19,4136,3257,118*,31.57,126.99,3,19,300,180,14.74,35.71,3.0,0,0,0,0,,,,,0,0,,71,14,1455,1188,122.47,0,,0,2144,1749,122.58,0,,0,537,320,167.81,0,,0
104e88a4,525992,AJ Hose,AJ Hose,Birmingham Bears,2015-07-23,2026-07-05,172,166,24,4135,2976,119,29.12,138.94,2,21,356,161,17.37,33.06,3.8,0,0,0,0,,,,,0,0,,87,0,896,747,119.95,0,,0,2438,1808,134.85,0,,0,801,421,190.26,0,,0
3c6ffae8,32498,YK Pathan,YK Pathan,Kolkata Knight Riders,2008-04-19,2023-02-09,184,161,47,3264,2295,100,28.63,142.22,1,13,266,161,18.61,35.16,4.9,84,1177,1467,43,34.12,7.48,27.37,3/20,0,0,34.15,45,0,343,241,142.32,360,6.62,15,1756,1319,133.13,732,7.5,25,1165,735,158.5,85,10.94,3
5b8c830e,471342,KH Pandya,KH Pandya,Mumbai Indians,2016-04-16,2026-05-31,158,127,42,1982,1481,86,23.32,133.83,0,3,173,76,16.81,36.46,5.9,147,2701,3410,107,31.87,7.57,25.24,4/45,1,0,31.28,54,0,86,80,107.5,558,7.88,17,1096,897,122.19,1926,7.36,72,800,504,158.73,217,8.65,18
05c2ca46,47850,RE van der Merwe,RE van der Merwe,Somerset,2009-04-29,2024-09-14,162,102,43,1197,867,59,20.29,138.06,0,1,94,49,16.49,30.57,7.2,156,3007,3841,146,26.31,7.66,20.6,6/20,2,2,29.1,78,0,64,62,103.23,354,8.34,18,457,351,130.2,2168,7.39,92,676,454,148.9,485,8.41,36
c0c411cb,793447,Naveen-ul-Haq,Naveen-ul-Haq,Leicestershire,2019-12-11,2025-12-17,156,61,32,299,285,30*,10.31,104.91,0,0,30,9,13.68,51.23,9.8,155,3323,4797,190,25.25,8.66,17.49,5/11,4,2,35.12,40,0,0,0,,1404,8.17,59,15,37,40.54,672,8.21,36,284,248,114.52,1247,9.46,95
64775749,961713,RP Meredith,RP Meredith,Hobart Hurricanes,2018-02-01,2026-07-18,149,30,17,78,97,19*,6.0,80.41,0,0,6,1,7.22,48.45,10.3,149,3222,4561,201,22.69,8.49,16.03,4/12,4,0,38.3,32,0,0,0,,1371,8.23,72,8,14,57.14,962,8.08,48,70,83,84.34,889,9.35,81
12b610c2,530011,TM Head,TM Head,Adelaide Strikers,2013-01-10,2026-05-27,136,132,13,3627,2441,102,30.48,148.59,2,23,340,173,21.02,36.67,2.6,42,425,610,22,27.73,8.61,19.32,3/16,0,0,27.76,35,0,1652,1088,151.84,144,8.88,7,1590,1132,140.46,232,8.38,12,385,221,174.21,49,8.94,3
3086f7a4,348148,Mohammad Nawaz (3),Mohammad Nawaz (3),Quetta Gladiators,2016-02-04,2026-08-08,152,117,33,1683,1364,55,20.04,123.39,0,3,129,80,15.32,40.1,6.3,146,2626,3407,119,28.63,7.78,22.07,4/13,1,0,36.21,72,0,81,74,109.46,732,7.77,34,723,706,102.41,1707,7.53,72,879,584,150.51,187,10.17,13
ab474682,11745,SJ Croft,SJ Croft,Lancashire,2014-05-16,2024-09-04,144,132,34,3048,2403,101,31.1,126.84,1,16,216,103,13.28,31.5,4.6,85,1123,1301,50,26.02,6.95,22.46,3/31,0,0,32.15,81,0,603,460,131.09,414,6.83,15,1581,1333,118.6,625,6.99,30,864,610,141.64,84,7.29,5
a12e1d51,49758,SL Malinga,SL Malinga,Mumbai Indians,2009-04-18,2019-05-12,145,31,15,110,113,17,6.88,97.35,0,0,8,6,12.39,52.21,9.6,145,3355,3971,196,20.26,7.1,17.12,6/7,6,2,40.06,24,0,0,0,,1278,6.27,41,2,3,66.67,744,7.18,35,108,110,98.18,1333,7.85,120
93b4fc78,290630,MK Pandey,MK Pandey,Kolkata Knight Riders,2008-04-29,2026-05-24,180,164,28,4012,3293,114*,29.5,121.83,1,22,348,117,14.12,35.74,3.4,0,0,0,0,,,,,0,0,,86,0,1153,1008,114.38,0,,0,2146,1814,118.3,0,,0,713,471,151.38,0,,0
abb83e27,297433,JM Bairstow,JM Bairstow,Yorkshire,2014-05-16,2026-07-15,133,131,15,3989,2745,116,34.39,145.32,5,21,386,178,20.55,36.9,2.6,0,0,0,0,,,,,0,0,,74,10,1740,1255,138.65,0,,0,1918,1299,147.65,0,,0,331,191,173.3,0,,0
c03c6200,53115,DJG Sammy,DJG Sammy,St Lucia Zouks,2013-04-25,2020-09-10,199,171,47,2669,1934,71*,21.52,138.0,0,5,162,169,17.11,38.68,6.4,111,1600,2307,66,34.95,8.65,24.24,4/22,1,0,28.38,70,0,8,8,100.0,246,7.8,9,806,785,102.68,1078,8.33,46,1855,1141,162.58,276,10.65,11
afa78c3a,322810,CS Delport,CS Delport,Leicestershire,2015-01-22,2022-02-01,147,144,12,3204,2363,129,24.27,135.59,3,15,305,146,19.09,39.78,2.5,63,847,1178,39,30.21,8.34,21.72,3/18,0,0,24.32,46,0,1601,1293,123.82,12,12.5,0,1314,914,143.76,689,7.95,27,289,156,185.26,146,9.86,12
bf1d7d3e,56025,Mahmudullah,Mahmudullah,Fortune Barishal,2012-02-12,2026-01-20,155,132,24,2844,2276,73,26.33,124.96,0,14,228,109,14.81,35.76,4.9,82,1167,1419,57,24.89,7.3,20.47,3/6,0,0,37.53,69,0,286,295,96.95,240,7.17,11,1757,1468,119.69,816,7.12,38,801,513,156.14,111,8.86,8
d027ba9f,277906,KS Williamson,KS Williamson,Sunrisers Hyderabad,2014-01-17,2026-01-23,143,139,28,3882,3092,89,34.97,125.55,0,28,346,114,14.88,34.18,3.0,6,78,93,4,23.25,7.15,19.5,2/26,0,0,39.74,63,0,1058,1024,103.32,42,6.43,2,2033,1611,126.19,24,8.0,1,791,457,173.09,12,8.0,1
e734d090,379774,CN Ackermann,CN Ackermann,Leicestershire,2017-07-09,2026-07-12,130,125,19,2815,2184,85,26.56,128.89,0,17,247,68,14.42,30.59,4.2,81,1147,1508,54,27.93,7.89,21.24,7/18,0,1,30.69,54,0,375,358,104.75,360,8.2,12,1826,1446,126.28,647,7.71,28,614,380,161.58,140,7.93,14
3a60e0b5,265564,WD Parnell,WD Parnell,Worcestershire,2011-04-10,2024-02-23,129,82,27,881,754,81*,16.02,116.84,0,1,70,29,13.13,37.14,6.8,127,2649,3659,150,24.39,8.29,17.66,5/20,2,1,39.71,39,0,90,91,98.9,1332,8.01,61,346,324,106.79,456,7.7,15,445,339,131.27,861,9.02,74
d2a6c0e6,24598,EJG Morgan,EJG Morgan,Middlesex,2010-03-14,2023-02-08,186,175,21,3876,3048,90,25.17,127.17,0,20,290,179,15.39,37.66,4.3,0,0,0,0,,,,,0,0,,89,0,542,565,95.93,0,,0,2341,1901,123.15,0,,0,993,582,170.62,0,,0
f3982af9,571761,DP Hughes,DP Hughes,Sydney Sixers,2012-12-26,2026-07-12,153,147,18,3871,2911,108*,30.01,132.98,1,23,411,102,17.62,35.55,2.4,0,0,0,0,,,,,0,0,,48,0,1885,1485,126.94,0,,0,1614,1193,135.29,0,,0,372,233,159.66,0,,0
59559bc2,510530,J Overton,J Overton,Surrey,2015-05-29,2026-05-10,152,105,31,1466,933,48,19.81,157.13,0,0,103,83,19.94,31.62,6.8,119,2194,3362,120,28.02,9.19,18.28,5/47,3,1,34.37,79,0,0,0,,654,9.32,27,443,335,132.24,978,9.04,48,1023,598,171.07,562,9.31,45
919a3be2,931581,RR Pant,RR Pant,Delhi Capitals,2016-04-27,2026-05-23,139,136,21,3865,2633,128*,33.61,146.79,2,20,349,181,20.13,34.03,4.1,0,0,0,0,,,,,0,0,,90,24,476,403,118.11,0,,0,2294,1690,135.74,0,,0,1095,540,202.78,0,,0
6b19d823,31107,A Mishra,A Mishra,Delhi Daredevils,2008-05-11,2024-04-27,162,57,25,381,419,31,11.91,90.93,0,0,31,5,8.59,42.48,8.5,162,3371,4145,174,23.82,7.38,19.37,5/17,4,1,35.15,23,0,1,5,20.0,138,7.48,6,120,164,73.17,2712,6.97,126,260,250,104.0,521,9.48,42
9ab63e7b,41434,Mohammad Hafeez,Mohammad Hafeez,Lahore Qalandars,2008-04-18,2023-03-11,149,140,16,2781,2475,98*,22.43,112.36,0,10,250,92,13.82,42.18,3.4,92,1480,1620,54,30.0,6.57,27.41,3/18,0,0,39.59,47,0,802,854,93.91,570,6.54,24,1460,1311,111.37,875,6.39,30,519,310,167.42,35,11.49,0
e4a0deae,502714,MJ Santner,MJ Santner,Northern Districts,2016-05-20,2026-04-23,114,94,30,1573,1178,92*,24.58,133.53,0,5,113,81,16.47,37.69,5.7,113,2352,2836,114,24.88,7.23,20.63,3/11,0,0,36.31,45,0,174,153,113.73,498,7.28,14,991,748,132.49,1550,7.14,80,408,277,147.29,304,7.66,20
efc04be7,1182529,Noor Ahmad,Noor Ahmad,Chennai Super Kings,2020-12-19,2026-05-21,152,47,19,184,195,23,6.57,94.36,0,0,9,9,9.23,51.28,9.6,150,3357,4174,183,22.81,7.46,18.34,5/11,4,1,38.43,35,0,2,4,50.0,306,8.06,17,59,63,93.65,2524,7.27,129,123,128,96.09,527,8.0,37
235c2bb6,436757,H Klaasen,H Klaasen,Sunrisers Hyderabad,2018-04-20,2026-05-27,133,124,21,3842,2344,110*,37.3,163.91,4,25,254,229,20.61,26.49,4.7,0,0,0,0,,,,,0,0,,74,13,166,142,116.9,0,,0,2360,1541,153.15,0,,0,1316,661,199.09,0,,0
23638956,432960,SR Harmer,SR Harmer,Essex,2017-07-07,2026-07-15,161,99,34,996,719,56*,15.32,138.53,0,2,77,40,16.27,31.29,7.8,153,2984,3964,142,27.92,7.97,21.01,4/18,5,0,29.93,97,0,0,2,0.0,277,8.66,11,246,241,102.07,2226,7.61,95,750,476,157.56,481,9.24,36
8b5b6769,29264,Harbhajan Singh,Harbhajan Singh,Mumbai Indians,2008-04-20,2021-04-18,163,90,37,833,604,64,15.72,137.91,0,1,79,42,20.03,41.89,7.3,160,3416,4030,150,26.87,7.08,22.77,5/18,1,1,36.97,49,0,62,51,121.57,773,7.1,30,147,141,104.26,2370,6.93,94,624,412,151.46,273,8.31,26
462411b3,625383,JJ Bumrah,JJ Bumrah,Mumbai Indians,2013-04-04,2026-05-20,158,33,25,75,86,16*,9.38,87.21,0,0,6,1,8.14,45.35,10.3,158,3631,4441,187,23.75,7.34,19.42,5/10,3,2,39.99,19,0,0,0,,1266,6.94,40,10,7,142.86,942,6.58,45,65,79,82.28,1423,8.19,102
4933f499,272477,JP Behrendorff,JP Behrendorff,Perth Scorchers,2012-12-29,2026-01-12,152,34,22,158,150,26,13.17,105.33,0,0,7,6,8.67,38.0,9.9,151,3278,4112,182,22.59,7.53,18.01,4/22,2,0,42.5,47,0,0,0,,2136,6.75,106,21,21,100.0,618,7.7,42,137,129,106.2,524,10.49,34
bf74b130,959759,FH Allen,FH Allen,San Francisco Unicorns,2020-12-24,2026-07-16,129,127,6,3780,2029,151,31.24,186.3,4,27,334,255,29.03,33.96,1.6,1,6,8,0,,8.0,,0/8,0,0,16.67,64,2,2513,1414,177.72,0,,0,1199,579,207.08,6,8.0,0,68,36,188.89,0,,0
782fb776,440522,LV van Beek,LV van Beek,Wellington,2014-01-17,2026-07-15,121,75,32,940,691,61*,21.86,136.03,0,2,73,38,16.06,32.42,7.9,120,2500,3565,141,25.28,8.56,17.73,4/15,2,0,35.44,67,0,0,5,0.0,1314,8.23,65,228,214,106.54,424,7.78,24,712,472,150.85,762,9.54,52
afa7e784,230193,MS Wade,MS Wade,Hobart Hurricanes,2011-04-17,2026-01-23,160,152,17,3744,2684,130*,27.73,139.49,1,22,341,124,17.32,32.53,2.8,0,0,0,0,,,,,0,0,,82,13,1680,1215,138.27,0,,0,1616,1191,135.68,0,,0,448,278,161.15,0,,0
cf494ffe,303427,PR Stirling,PR Stirling,Middlesex,2013-01-18,2025-01-17,136,135,1,3224,2180,119,24.06,147.89,2,21,362,147,23.35,40.83,1.5,56,631,919,26,35.35,8.74,24.27,3/26,0,0,23.45,36,0,2300,1521,151.22,120,9.0,1,896,641,139.78,431,8.49,21,28,18,155.56,80,9.68,4
90f47cf2,23508,MH Wessels,MH Wessels,Nottinghamshire,2013-01-18,2021-07-09,134,133,11,3742,2757,110,30.67,135.73,1,19,376,136,18.57,36.13,2.1,0,0,0,0,,,,,0,0,,65,2,1970,1414,139.32,0,,0,1544,1186,130.19,0,,0,228,157,145.22,0,,0
dfc4d8b5,272262,KW Richardson,KW Richardson,Melbourne Renegades,2011-12-18,2025-12-26,141,55,26,369,326,45,12.72,113.19,0,0,25,12,11.35,38.65,9.0,139,3037,4129,166,24.87,8.16,18.3,4/22,5,0,38.52,60,0,0,0,,1308,7.03,39,133,110,120.91,630,7.88,32,236,216,109.26,1099,9.66,95
4fd09cfc,470501,G Clark,G Clark,Durham,2015-06-05,2026-07-12,150,148,8,3657,2515,102*,26.12,145.41,2,19,389,130,20.64,35.59,2.0,5,26,66,0,,15.23,,0/8,0,0,3.85,56,0,2194,1532,143.21,0,,0,1296,869,149.14,12,18.5,0,167,114,146.49,14,12.43,0
1d2f290a,766809,JA Thompson,JA Thompson,Yorkshire,2018-07-15,2026-07-12,115,89,23,1212,776,74,18.36,156.19,0,5,63,87,19.33,31.83,6.9,109,2003,3179,122,26.06,9.52,16.42,5/21,4,1,27.01,39,0,52,35,148.57,288,11.4,10,423,302,140.07,1050,8.59,57,737,439,167.88,665,10.18,55
5f26f677,521637,BM Duckett,BM Duckett,Northamptonshire,2014-05-16,2026-05-22,144,138,19,3644,2615,96,30.62,139.35,0,25,434,72,19.35,32.85,3.4,0,0,0,0,,,,,0,0,,79,2,1281,899,142.49,0,,0,1917,1435,133.59,0,,0,446,281,158.72,0,,0
557153ca,371814,KK Cooper,KK Cooper,Trinidad & Tobago Red Steel,2012-02-12,2018-09-16,117,73,30,577,415,42*,13.42,139.04,0,0,36,34,16.87,37.83,7.6,114,2407,3016,153,19.71,7.52,15.73,5/15,3,1,35.69,49,0,7,2,350.0,552,7.09,23,73,75,97.33,932,6.56,57,497,338,147.04,923,8.74,73
3d0ed2f9,414990,JT Ball,JT Ball,Nottinghamshire,2014-07-25,2026-07-18,125,22,12,61,73,18*,6.1,83.56,0,0,4,3,9.59,60.27,9.9,122,2508,3783,178,21.25,9.05,14.09,4/11,4,0,31.82,33,0,0,0,,1099,8.72,69,13,20,65.0,502,8.71,26,48,53,90.57,907,9.63,83
b0946605,670031,AS Joseph,AS Joseph,St Lucia Kings,2016-07-13,2026-09-08,137,68,35,406,381,29*,12.3,106.56,0,0,26,20,12.07,46.46,8.8,135,2876,4182,160,26.14,8.72,17.98,6/12,4,1,42.0,49,0,15,10,150.0,1170,8.51,58,106,117,90.6,852,7.68,39,285,254,112.2,854,10.06,63
752f7486,720471,Ishan Kishan,Ishan Kishan,Mumbai Indians,2016-04-11,2026-05-27,134,127,9,3600,2508,106*,30.51,143.54,1,23,348,166,20.49,36.48,2.8,1,1,4,0,,24.0,,0/4,0,0,0.0,67,6,1524,1103,138.17,0,,0,1660,1185,140.08,0,,0,416,220,189.09,1,24.0,0
bd93fea4,7898,PM Siddle,PM Siddle,Adelaide Strikers,2014-01-22,2026-07-11,143,42,25,117,129,12*,6.88,90.7,0,0,9,3,9.3,50.39,10.0,141,2903,3818,174,21.94,7.89,16.68,5/16,2,2,36.41,24,0,0,0,,1038,7.03,38,5,11,45.45,944,7.51,45,112,118,94.92,921,9.25,91
11614d87,327830,D Pretorius,D Pretorius,Guyana Amazon Warriors,2019-07-19,2026-09-13,123,88,25,1115,840,53,17.7,132.74,0,2,81,52,15.83,36.55,6.9,114,2142,3098,124,24.98,8.68,17.27,4/23,2,0,35.39,22,0,20,21,95.24,930,7.51,46,356,369,96.48,600,8.01,30,739,450,164.22,612,11.11,48
fb66ce1f,439952,CH Morris,CH Morris,Delhi Daredevils,2013-04-10,2021-10-07,112,78,30,912,625,82*,19.0,145.92,0,2,58,47,16.8,29.92,6.6,112,2399,3198,134,23.87,8.0,17.9,4/23,4,0,38.06,55,0,24,10,240.0,948,7.67,28,263,228,115.35,612,7.79,27,625,387,161.5,839,8.52,79
9eb1455b,826915,NT Ellis,NT Ellis,Hobart Hurricanes,2019-12-20,2026-01-14,126,64,28,452,370,40,12.56,122.16,0,0,37,15,14.05,37.57,8.5,126,2732,3684,157,23.46,8.09,17.4,4/6,5,0,32.58,40,0,0,5,0.0,750,7.16,33,106,101,104.95,870,7.8,37,346,264,131.06,1112,8.95,87
ba9258a7,462727,TB Abell,TB Abell,Somerset,2016-07-29,2026-06-05,160,147,29,3523,2622,101*,29.86,134.36,1,18,338,77,15.83,27.99,4.1,8,60,100,2,50.0,10.0,30.0,1/11,0,0,20.0,92,0,676,600,112.67,0,,0,2335,1710,136.55,50,9.48,0,512,312,164.1,10,12.6,2
4ec07775,47660,RN ten Doeschate,RN ten Doeschate,Essex,2011-04-11,2021-07-16,162,141,36,3025,2282,95*,28.81,132.56,0,14,203,109,13.67,29.62,5.1,39,478,693,26,26.65,8.7,18.38,3/19,0,0,28.87,58,0,153,138,110.87,6,8.0,0,1532,1334,114.84,348,8.09,18,1340,810,165.43,124,10.45,8
c58b0108,629063,Mehedi Hasan Miraz,Mehedi Hasan Miraz,Rajshahi Kings,2016-11-09,2026-09-13,122,104,13,1676,1411,87*,18.42,118.78,0,6,147,65,15.02,42.03,4.9,110,1992,2543,93,27.34,7.66,21.42,4/16,2,0,39.66,49,0,672,513,130.99,762,7.38,36,668,660,101.21,1092,7.62,47,336,238,141.18,138,9.57,10
7e4c8ba3,246005,SA Northeast,SA Northeast,Kent,2014-05-23,2024-06-21,126,123,12,3531,2743,114,31.81,128.73,1,26,328,94,15.38,32.08,3.0,0,0,0,0,,,,,0,0,,39,0,1177,1011,116.42,0,,0,1882,1455,129.35,0,,0,472,277,170.4,0,,0
0164b064,376169,MG Neser,MG Neser,Adelaide Strikers,2011-12-20,2026-01-18,118,77,28,757,574,64*,15.45,131.88,0,1,64,25,15.51,36.59,7.4,116,2324,3297,136,24.24,8.51,17.09,4/25,3,0,35.71,61,0,18,8,225.0,1176,8.06,64,207,198,104.55,681,8.53,29,532,368,144.57,467,9.64,43
a94e08ea,56029,Mushfiqur Rahim,Mushfiqur Rahim,Fortune Barishal,2012-02-11,2026-01-23,148,135,36,3472,2680,98*,35.07,129.55,0,20,291,106,14.81,30.0,4.4,0,0,0,0,,,,,0,0,,95,17,346,325,106.46,0,,0,2168,1749,123.96,0,,0,958,606,158.09,0,,0
1c914163,36084,Yuvraj Singh,Yuvraj Singh,Kings XI Punjab,2008-04-19,2019-04-03,132,126,15,2750,2120,83,24.77,129.72,0,13,217,149,17.26,42.03,4.2,73,869,1077,36,29.92,7.44,24.14,4/29,2,0,29.69,31,0,189,184,102.72,0,,0,1655,1435,115.33,756,7.34,30,906,501,180.84,113,8.07,6
3ff033bb,437316,MD Shanaka,MD Shanaka,Dubai Capitals,2019-01-19,2026-09-10,136,124,37,2307,1506,121*,26.52,153.19,1,6,169,145,20.85,35.39,5.7,75,1012,1669,58,28.78,9.9,17.45,4/16,2,0,30.04,44,0,81,76,106.58,258,9.09,10,955,747,127.84,505,9.35,24,1271,683,186.09,249,11.83,24
39086549,1124282,JR Philippe,JR Philippe,Sydney Sixers,2017-12-23,2026-07-15,142,139,14,3464,2509,99*,27.71,138.06,0,23,343,99,17.62,33.08,2.1,0,0,0,0,,,,,0,0,,103,19,1740,1390,125.18,0,,0,1425,954,149.37,0,,0,299,165,181.21,0,,0
22ae3041,240609,Fawad Ahmed,Fawad Ahmed,Sydney Thunder,2014-01-14,2023-01-29,163,34,19,83,109,19,5.53,76.15,0,0,6,3,8.26,59.63,10.6,159,3536,4114,169,24.34,6.98,20.92,4/14,2,0,35.35,20,0,0,0,,372,6.97,14,17,25,68.0,2839,6.83,129,66,84,78.57,325,8.29,26
58043739,9310,TT Bresnan,TT Bresnan,Yorkshire,2014-05-16,2021-08-27,102,78,30,1080,779,51,22.5,138.64,0,1,75,50,16.05,31.58,6.8,99,1870,2712,118,22.98,8.7,15.85,6/19,1,1,35.29,38,0,0,0,,948,8.41,51,303,298,101.68,390,8.11,20,777,481,161.54,532,9.65,47
81c36ee9,696401,M Jansen,M Jansen,Sunrisers Eastern Cape,2021-04-09,2026-07-11,115,68,26,859,646,71*,20.45,132.97,0,3,52,49,15.63,37.31,7.2,112,2431,3448,129,26.73,8.51,18.84,5/30,2,1,41.46,63,0,0,0,,1332,7.63,59,288,255,112.94,570,8.88,23,571,391,146.04,529,10.32,47
aa1210d8,789729,CF Parkinson,CF Parkinson,Leicestershire,2017-07-09,2026-07-12,132,61,34,293,329,27*,10.85,89.06,0,0,20,0,6.08,37.08,9.4,129,2777,3497,157,22.27,7.56,17.69,4/20,3,0,32.08,22,0,0,0,,954,7.72,47,40,63,63.49,1622,7.17,94,253,266,95.11,201,9.91,16
6a26221c,600498,AK Markram,AK Markram,Sunrisers Hyderabad,2021-09-21,2026-05-15,113,107,17,2947,2171,108,32.74,135.74,2,16,231,111,15.75,29.62,3.6,53,589,793,24,33.04,8.08,24.54,2/7,0,0,30.22,63,0,682,565,120.71,132,7.14,3,1664,1284,129.6,414,8.23,15,601,322,186.65,43,9.49,6
75cbed9b,631668,SS Eskinazi,SS Eskinazi,Middlesex,2016-07-29,2026-07-12,126,121,10,3424,2502,102*,30.85,136.85,1,25,358,90,17.91,31.85,1.6,0,0,0,0,,,,,0,0,,49,0,1912,1361,140.48,0,,0,1284,982,130.75,0,,0,228,159,143.4,0,,0
39f01cdb,19296,KP Pietersen,KP Pietersen,Melbourne Stars,2009-04-18,2018-03-15,122,118,17,3244,2443,103*,32.12,132.79,1,20,275,127,16.46,35.16,3.1,15,186,235,7,33.57,7.58,26.57,2/31,0,0,29.57,38,0,1024,820,124.88,18,6.67,1,1847,1404,131.55,138,7.35,4,373,219,170.32,30,9.2,2
ee0c05c0,747315,NA Sowter,NA Sowter,Middlesex,2015-05-28,2026-07-12,146,48,23,239,220,37*,9.56,108.64,0,0,22,3,11.36,35.91,9.3,143,2954,3822,157,24.34,7.76,18.82,5/15,4,1,29.72,53,0,6,9,66.67,96,8.31,8,53,55,96.36,2524,7.61,123,180,156,115.38,334,8.78,26
e38bce7a,326968,MG Bracewell,MG Bracewell,Wellington,2013-01-20,2026-05-03,109,98,22,2165,1533,141*,28.49,141.23,1,12,171,102,17.81,34.57,4.3,68,1179,1723,60,28.72,8.77,19.65,4/28,2,0,31.13,70,0,454,325,139.69,216,10.08,11,1179,890,132.47,822,8.26,39,532,318,167.3,141,9.74,10
4e18e961,1099224,WCF Smeed,WCF Smeed,Somerset,2020-09-11,2026-07-18,118,117,4,3358,2262,99,29.72,148.45,0,25,348,159,22.41,39.57,1.9,0,0,0,0,,,,,0,0,,56,0,2000,1359,147.17,0,,0,1171,800,146.38,0,,0,187,103,181.55,0,,0
d346d939,288617,RA Whiteley,RA Whiteley,Worcestershire,2014-05-16,2026-07-12,197,176,40,3185,2279,91*,23.42,139.75,0,6,202,181,16.81,33.74,5.8,19,180,312,8,39.0,10.4,22.5,3/23,0,0,20.56,83,0,32,47,68.09,18,5.67,0,1520,1277,119.03,126,11.38,4,1633,955,170.99,36,9.33,4
fce581b5,716733,Khushdil Shah,Khushdil Shah,Multan Sultans,2017-03-03,2026-04-25,118,102,39,1886,1250,73*,29.94,150.88,0,5,135,111,19.68,32.4,5.7,80,1302,1597,72,22.18,7.36,18.08,4/35,1,0,36.1,44,0,22,25,88.0,168,8.75,8,626,576,108.68,997,7.11,51,1238,649,190.76,137,7.45,13
f986ca1a,390481,HV Patel,HV Patel,Royal Challengers Bangalore,2012-04-07,2026-05-22,123,49,17,280,238,36*,8.75,117.65,0,0,18,15,13.87,42.02,8.3,121,2506,3727,151,24.68,8.92,16.6,5/27,4,1,32.2,28,0,0,0,,390,9.32,14,67,76,88.16,1260,8.03,56,213,162,131.48,856,10.06,81
3feda4fa,391832,RL Chase,RL Chase,St Lucia Kings,2018-08-25,2026-09-09,92,83,20,1687,1320,90*,26.78,127.8,0,10,146,61,15.68,36.89,4.6,82,1545,1784,80,22.3,6.93,19.31,3/12,0,0,41.94,33,0,257,233,110.3,456,7.29,29,1027,812,126.48,948,6.58,43,403,275,146.55,141,8.13,8
2f9d0389,493773,LH Ferguson,LH Ferguson,Kolkata Knight Riders,2017-04-14,2026-07-18,129,40,24,225,186,30,14.06,120.97,0,0,16,10,13.98,41.94,9.5,128,2790,3723,153,24.33,8.01,18.24,4/14,6,0,41.11,35,0,0,0,,986,7.7,62,23,27,85.19,1008,7.4,37,202,159,127.04,796,9.16,54
fb2d1dda,604527,N Rana,N Rana,Kolkata Knight Riders,2016-05-11,2026-05-08,127,121,10,3078,2235,91,27.73,137.72,0,22,288,151,19.64,39.37,3.5,27,216,325,10,32.5,9.03,21.6,2/11,0,0,30.09,29,0,805,664,121.23,37,10.22,0,1827,1328,137.58,156,9.04,8,446,243,183.54,23,7.04,2
399b0b94,501011,CT Bancroft,CT Bancroft,Perth Scorchers,2015-12-21,2026-01-12,138,129,21,3248,2643,95*,30.07,122.89,0,21,266,73,12.83,31.74,2.9,0,0,0,0,,,,,0,0,,58,7,1255,1095,114.61,0,,0,1516,1232,123.05,0,,0,477,316,150.95,0,,0
38c276e1,785323,N McAndrew,N McAndrew,Sydney Thunder,2016-01-16,2026-07-12,119,78,34,702,437,36,15.95,160.64,0,0,54,39,21.28,33.87,8.0,118,2258,3482,127,27.42,9.25,17.78,6/21,2,3,34.23,39,0,0,0,,888,8.75,44,99,74,133.78,793,9.1,33,603,363,166.12,577,10.23,50
0e0d43b4,17986,SJ Mullaney,SJ Mullaney,Nottinghamshire,2014-05-16,2023-07-07,124,96,19,1342,945,79,17.43,142.01,0,2,119,59,18.84,34.6,5.9,116,1958,2590,95,27.26,7.94,20.61,4/25,1,0,25.13,67,0,221,154,143.51,24,9.25,0,521,368,141.58,1722,7.7,82,600,423,141.84,212,9.74,13
8db7f47f,461632,RJW Topley,RJW Topley,Surrey,2014-05-17,2026-07-15,127,33,21,92,109,14*,7.67,84.4,0,0,7,2,8.26,50.46,10.5,127,2650,3782,157,24.09,8.56,16.88,4/20,3,0,39.4,29,0,0,0,,1368,7.92,61,10,12,83.33,540,8.4,19,82,97,84.54,742,9.87,77
51a3c5ef,319439,MJ McClenaghan,MJ McClenaghan,Mumbai Indians,2014-07-18,2021-02-06,127,55,22,188,169,20,5.7,111.24,0,0,11,11,13.02,46.75,9.0,125,2770,4080,152,26.84,8.84,18.22,4/21,2,0,37.51,18,0,0,1,0.0,1398,8.26,64,47,34,138.24,620,8.22,32,141,134,105.22,752,10.43,56
56b93d46,381329,BJ Webster,BJ Webster,Melbourne Stars,2017-01-02,2026-07-12,113,97,15,2541,2025,112,30.99,125.48,1,17,193,85,13.73,33.43,4.4,64,978,1255,34,36.91,7.7,28.76,4/29,1,0,28.32,56,0,426,395,107.85,180,8.8,4,1452,1228,118.24,648,7.1,21,663,402,164.93,150,8.96,9
0bacade8,974087,Rahmanullah Gurbaz,Rahmanullah Gurbaz,Jaffna Kings,2019-12-12,2026-09-08,141,140,3,3217,2166,89,23.48,148.52,0,21,262,210,21.79,43.63,1.4,0,0,0,0,,,,,0,0,,76,10,2349,1577,148.95,0,,0,868,588,147.62,0,,0,0,1,0.0,0,,0
402f8494,473191,RJ Gleeson,RJ Gleeson,Northamptonshire,2016-06-10,2026-07-12,131,33,18,55,80,7*,3.67,68.75,0,0,5,0,6.25,60.0,10.5,130,2726,3559,158,22.53,7.83,17.25,5/33,2,1,40.98,23,0,0,0,,1466,7.43,70,10,14,71.43,465,7.79,24,45,66,68.18,795,8.6,64
e9987a94,464626,C Overton,C Overton,Somerset,2014-05-23,2026-07-18,128,68,28,691,496,79*,17.27,139.31,0,1,48,29,15.52,28.02,8.1,127,2551,3531,126,28.02,8.3,20.25,4/25,1,0,41.04,100,0,4,6,66.67,1818,7.87,80,134,142,94.37,548,8.59,34,553,348,158.91,185,11.68,12
542fd5a6,297498,IA Cockbain,IA Cockbain,Gloucestershire,2014-05-23,2022-07-01,117,114,22,3209,2380,123,34.88,134.83,1,18,275,110,16.18,31.01,3.2,0,0,0,0,,,,,0,0,,58,0,919,794,115.74,0,,0,1760,1277,137.82,0,,0,530,309,171.52,0,,0
fef92afc,539548,SC Kuggeleijn,SC Kuggeleijn,Northern Districts,2013-01-20,2026-01-31,99,65,29,738,498,41,20.5,148.19,0,0,50,39,17.87,30.72,7.1,96,1959,2824,123,22.96,8.65,15.93,4/17,5,0,39.46,39,0,42,25,168.0,1002,7.97,54,196,159,123.27,501,8.61,30,500,314,159.24,456,10.18,39
56ab442f,261354,NM Coulter-Nile,NM Coulter-Nile,Melbourne Stars,2011-12-29,2024-01-15,113,63,21,427,324,31*,10.17,131.79,0,0,28,27,16.98,45.37,7.1,112,2456,3089,138,22.38,7.55,17.8,4/10,3,0,38.6,35,0,41,21,195.24,900,6.89,42,88,81,108.64,915,7.15,46,298,222,134.23,641,9.03,50
7bcde3fe,457280,AM Rossington,AM Rossington,Northamptonshire,2014-05-23,2026-06-07,149,145,7,3160,2202,95,22.9,143.51,0,18,367,121,22.16,39.55,2.1,0,0,0,0,,,,,0,0,,60,28,2092,1448,144.48,0,,0,858,642,133.64,0,,0,210,112,187.5,0,,0
6e6fb538,595739,JL du Plooy,JL du Plooy,Derbyshire,2019-07-20,2026-07-12,138,131,24,3132,2238,92,29.27,139.95,0,22,270,110,16.98,30.83,3.7,7,39,82,1,82.0,12.62,39.0,1/17,0,0,30.77,79,0,792,552,143.48,0,,0,1637,1279,127.99,30,13.6,1,703,407,172.73,9,9.33,0
2e8994e7,44932,JP Duminy,JP Duminy,Delhi Daredevils,2009-04-18,2019-10-10,105,98,31,2571,2098,78*,38.37,122.55,0,17,165,102,12.73,32.7,4.2,58,802,997,28,35.61,7.46,28.64,4/17,1,0,34.91,47,0,373,372,100.27,198,7.7,3,1166,1130,103.19,534,7.15,20,1032,596,173.15,70,9.17,5
989889ff,662235,JP Inglis,JP Inglis,Perth Scorchers,2017-12-23,2026-05-23,123,116,18,3119,2077,118*,31.83,150.17,2,19,307,123,20.7,32.45,3.0,0,0,0,0,,,,,0,0,,97,20,1273,867,146.83,0,,0,1448,994,145.67,0,,0,398,216,184.26,0,,0
34b37279,755459,BGF Green,BGF Green,Somerset,2016-07-29,2026-07-12,96,67,20,909,678,47,19.34,134.07,0,0,63,41,15.34,31.27,6.8,90,1602,2551,110,23.19,9.55,14.56,5/29,5,2,23.53,25,0,94,59,159.32,126,9.81,6,286,278,102.88,986,9.06,51,529,341,155.13,490,10.48,53
0a12e736,243945,TMJ Smith,TMJ Smith,Gloucestershire,2014-05-23,2025-07-18,132,43,28,221,202,30*,14.73,109.41,0,0,15,2,8.42,28.71,9.4,126,2530,3154,144,21.9,7.48,17.57,5/16,0,2,27.71,41,0,0,0,,276,9.07,20,31,39,79.49,2007,7.14,98,190,163,116.56,247,8.43,26
876dbe2d,1172968,DR Mousley,DR Mousley,Birmingham Bears,2020-09-02,2026-07-12,81,75,16,1718,1241,72*,29.12,138.44,0,13,148,63,17.0,30.38,4.5,70,1207,1555,69,22.54,7.73,17.49,4/19,3,0,33.31,51,0,372,259,143.63,396,7.91,21,857,708,121.05,553,7.33,28,489,274,178.47,258,8.3,20
cc1e8c68,376116,UT Yadav,UT Yadav,Kolkata Knight Riders,2010-03-19,2024-05-10,148,52,31,208,201,24*,9.9,103.48,0,0,16,9,12.44,47.76,9.4,147,3050,4317,144,29.98,8.49,21.18,4/23,3,0,38.85,38,0,0,0,,1446,7.69,58,3,13,23.08,872,8.11,34,205,188,109.04,732,10.53,52
ce820073,438362,Sandeep Sharma,Sandeep Sharma,Kings XI Punjab,2013-05-11,2026-05-19,142,28,22,60,75,9,10.0,80.0,0,0,4,0,5.33,40.0,10.4,142,3159,4294,151,28.44,8.16,20.92,5/18,2,1,38.14,25,0,0,0,,1740,7.09,64,12,15,80.0,630,8.08,24,48,60,80.0,789,10.56,63
6843a783,233901,Shan Masood,Shan Masood,Multan Sultans,2019-02-15,2026-04-29,119,115,11,3077,2289,88,29.59,134.43,0,16,339,63,17.56,32.72,2.4,0,0,0,0,,,,,0,0,,58,0,1306,1049,124.5,0,,0,1440,1065,135.21,0,,0,331,175,189.14,0,,0
d285acaf,526021,CE McConchie,CE McConchie,Canterbury,2017-12-14,2026-04-23,100,88,12,1714,1374,84,22.55,124.75,0,9,138,51,13.76,34.57,4.4,86,1456,1853,68,27.25,7.64,21.41,4/31,1,0,30.43,44,0,215,223,96.41,360,8.53,18,1125,913,123.22,989,7.17,45,374,238,157.14,107,8.92,5
85dcb721,788101,TJ Moores,TJ Moores,Nottinghamshire,2016-06-24,2026-07-18,167,153,35,3048,2229,80*,25.83,136.74,0,14,252,139,17.54,35.62,4.8,0,0,0,0,,,,,0,0,,84,23,363,337,107.72,0,,0,1839,1381,133.16,0,,0,846,511,165.56,0,,0
ef18b66e,538506,Taskin Ahmed,Taskin Ahmed,Chittagong Vikings,2013-02-14,2026-01-18,102,43,13,227,222,27*,7.57,102.25,0,0,17,9,11.71,48.2,9.2,101,2176,2929,141,20.77,8.08,15.43,7/19,4,2,40.85,19,0,0,0,,918,7.1,45,48,66,72.73,593,7.92,37,179,156,114.74,665,9.55,59
aed5be04,297602,JMR Taylor,JMR Taylor,Gloucestershire,2014-06-06,2026-07-15,157,133,32,2462,1782,80*,24.38,138.16,0,6,205,98,17.0,31.09,5.8,50,761,1051,29,36.24,8.29,26.24,3/12,0,0,24.97,68,0,54,56,96.43,18,14.33,0,1272,1041,122.19,574,7.81,20,1136,685,165.84,169,9.27,9
d405c0d5,1124283,AM Hardie,AM Hardie,Perth Scorchers,2019-01-09,2026-07-16,98,87,19,1901,1412,94*,27.96,134.63,0,8,150,72,15.72,33.57,4.4,67,1037,1497,57,26.26,8.66,18.19,4/27,1,0,32.21,47,0,405,335,120.9,204,9.47,6,986,787,125.29,612,7.93,34,510,290,175.86,221,9.94,17
6dd8b88c,647667,Usama Mir,Usama Mir,Multan Sultans,2016-02-07,2026-08-09,109,55,10,397,291,39,8.82,136.43,0,0,27,28,18.9,46.74,8.2,109,2319,3075,132,23.3,7.96,17.57,6/40,1,1,33.03,42,0,0,0,,72,7.17,6,114,129,88.37,1967,7.96,105,283,162,174.69,280,8.14,21
d68e7f48,52912,R Rampaul,R Rampaul,Barbados Tridents,2013-04-13,2023-01-15,107,33,18,165,154,23*,11.0,107.14,0,0,9,8,11.04,45.45,9.8,107,2264,3065,143,21.43,8.12,15.83,4/18,5,0,39.36,17,0,0,0,,1152,7.55,59,25,18,138.89,417,7.09,20,140,136,102.94,695,9.69,64
8479a24a,440780,KK Jennings,KK Jennings,Lancashire,2014-06-07,2026-07-12,123,106,20,2580,1960,108,30.0,131.63,1,11,245,67,15.92,32.91,3.2,29,510,628,22,28.55,7.39,23.18,4/37,1,0,28.82,39,0,1235,900,137.22,30,8.2,0,1004,841,119.38,390,6.95,16,341,219,155.71,90,9.0,6
bbff906c,315586,CAK Walton,CAK Walton,Jamaica Tallawahs,2013-08-15,2023-09-24,147,143,20,3020,2397,97,24.55,125.99,0,13,255,145,16.69,42.39,2.6,1,6,7,0,,7.0,,0/7,0,0,16.67,70,8,1225,1135,107.93,0,,0,1329,990,134.24,0,,0,466,272,171.32,6,7.0,0
e871a7a1,297482,BW Sanderson,BW Sanderson,Northamptonshire,2016-06-10,2026-07-18,113,38,19,160,165,27,8.42,96.97,0,0,10,7,10.3,46.06,9.9,113,2297,3300,143,23.08,8.62,16.06,6/8,4,1,36.13,25,0,0,0,,1265,7.85,71,6,15,40.0,342,9.09,17,154,150,102.67,690,9.79,55
8cf9814c,481896,Mohammed Shami,Mohammed Shami,Gujarat Titans,2013-04-08,2026-05-23,132,36,17,115,111,21,6.05,103.6,0,0,9,5,12.61,48.65,9.4,132,2912,4208,145,29.02,8.67,20.08,4/11,2,0,39.97,24,0,0,0,,1650,7.75,60,16,15,106.67,534,8.6,17,99,96,103.12,728,10.82,68
270e4c23,772293,MS Pepper,MS Pepper,Essex,2018-08-03,2026-07-15,114,113,11,3014,1974,120*,29.55,152.68,2,19,324,127,22.85,36.58,2.9,0,0,0,0,,,,,0,0,,55,4,1388,944,147.03,0,,0,1452,922,157.48,0,,0,174,108,161.11,0,,0
f92c9151,707113,TC Bruce,TC Bruce,Central Districts,2017-12-13,2026-01-26,112,107,23,2697,1890,95,32.11,142.7,0,18,233,116,18.47,31.06,4.3,23,282,401,15,26.73,8.53,18.8,3/9,0,0,28.37,69,1,412,325,126.77,0,,0,1536,1165,131.85,222,8.32,10,749,400,187.25,60,9.3,5
8bdac857,233680,JW Wells,JW Wells,Adelaide Strikers,2011-12-21,2025-01-07,136,125,37,2996,2468,73,34.05,121.39,0,15,243,54,12.03,31.4,4.8,2,12,16,0,,8.0,,0/5,0,0,16.67,44,0,284,292,97.26,6,11.0,0,1589,1442,110.19,6,5.0,0,1123,734,153.0,0,,0
ff154ecd,1112537,JM Cox,JM Cox,Kent,2019-07-20,2026-07-15,145,136,25,2988,2195,139*,26.92,136.13,1,12,239,116,16.17,32.62,4.2,0,0,0,0,,,,,0,0,,93,7,709,554,127.98,0,,0,1547,1202,128.7,0,,0,732,439,166.74,0,,0
ded9240e,489889,PJ Cummins,PJ Cummins,Sunrisers Hyderabad,2014-01-16,2026-05-27,101,68,26,836,571,66*,19.9,146.41,0,3,51,55,18.56,38.53,7.8,101,2275,3376,107,31.55,8.9,21.26,4/34,1,0,35.69,29,0,0,1,0.0,996,8.77,39,242,185,130.81,653,8.31,32,594,385,154.29,626,9.75,36
29ede60b,516039,AL Davies,AL Davies,Lancashire,2014-05-17,2026-06-07,140,135,12,2970,2214,94*,24.15,134.15,0,17,330,78,18.43,36.18,2.3,0,0,0,0,,,,,0,0,,80,28,1707,1243,137.33,0,,0,960,777,123.55,0,,0,303,194,156.19,0,,0
8fd1a8f5,47492,DW Steyn,DW Steyn,Sunrisers Hyderabad,2008-04-28,2021-03-03,124,44,21,195,193,19*,8.48,101.04,0,0,17,3,10.36,43.52,9.2,123,2778,3209,138,23.25,6.93,20.13,4/18,2,0,47.26,30,0,0,0,,1446,6.46,48,4,9,44.44,546,6.35,26,191,184,103.8,786,8.21,64
3b53243a,1050545,XC Bartlett,XC Bartlett,Brisbane Heat,2020-12-11,2026-07-16,100,55,24,547,413,59*,17.65,132.45,0,1,42,24,15.98,36.8,8.3,99,2072,3088,120,25.73,8.94,17.27,4/10,4,0,36.53,50,0,0,0,,1072,8.26,42,194,167,116.17,403,9.47,22,353,246,143.5,597,9.82,56
fe11caa6,279810,WP Saha,WP Saha,Kings XI Punjab,2008-04-18,2024-05-04,169,145,24,2934,2300,115*,24.25,127.57,1,13,296,87,16.65,37.7,3.4,0,0,0,0,,,,,0,0,,92,26,1389,1047,132.66,0,,0,988,900,109.78,0,,0,557,353,157.79,0,,0
9a158001,39024,Azhar Mahmood,Azhar Mahmood,Surrey,2012-02-14,2016-07-29,74,64,15,1152,888,80,23.51,129.73,0,6,107,42,16.78,35.92,5.3,73,1610,2058,89,23.12,7.67,18.09,4/38,1,0,37.95,18,0,95,107,88.79,654,7.01,23,535,446,119.96,324,6.43,10,522,335,155.82,632,8.99,56
324a6ee1,417514,OB Cox,OB Cox,Worcestershire,2014-05-16,2026-07-12,175,156,50,2930,2285,70*,27.64,128.23,0,10,266,66,14.53,29.8,5.7,0,0,0,0,,,,,0,0,,86,35,135,135,100.0,0,,0,1562,1359,114.94,0,,0,1233,791,155.88,0,,0
272d796e,388678,BR Dunk,BR Dunk,Melbourne Stars,2011-12-17,2025-01-23,150,141,9,2868,2257,99*,21.73,127.07,0,14,235,104,15.02,37.0,2.9,7,76,118,3,39.33,9.32,25.33,1/19,0,0,31.58,81,6,1351,1129,119.66,36,9.17,2,1170,900,130.0,40,9.45,1,347,228,152.19,0,,0
a2421394,505120,AC Agar,AC Agar,Perth Scorchers,2013-12-22,2026-01-04,122,88,33,1070,851,68,19.45,125.73,0,2,57,53,12.93,35.72,6.5,116,2383,3013,92,32.75,7.59,25.9,3/17,0,0,30.97,59,0,41,27,151.85,354,7.68,7,337,327,103.06,1762,7.57,65,692,497,139.24,267,7.6,20
ee8f1a6d,1137262,Azam Khan,Azam Khan,Islamabad United,2019-03-05,2026-04-25,151,138,15,2909,2015,109*,23.65,144.37,1,14,250,172,20.94,38.96,4.6,0,0,0,0,,,,,0,0,,71,15,298,242,123.14,0,,0,1774,1329,133.48,0,,0,837,444,188.51,0,,0
8d5d991e,914171,Qais Ahmad,Qais Ahmad,Kent,2018-08-08,2025-12-26,113,55,17,424,338,50*,11.16,125.44,0,1,27,27,15.98,43.49,8.5,110,2413,3089,124,24.91,7.68,19.46,4/12,2,0,33.86,32,0,1,3,33.33,216,9.44,11,92,98,93.88,1938,7.33,92,331,237,139.66,259,8.87,21
249d60c9,244497,AU Rashid,AU Rashid,Yorkshire,2014-05-16,2025-12-26,105,51,25,420,329,29*,16.15,127.66,0,0,40,12,15.81,36.17,8.3,103,2272,2793,124,22.52,7.38,18.32,4/12,3,0,32.57,25,0,10,16,62.5,24,10.75,0,88,97,90.72,1940,7.29,98,322,216,149.07,308,7.66,26
bdc0670a,1096123,LBK Hollman,LBK Hollman,Middlesex,2020-09-01,2026-07-12,85,75,20,1118,847,51,20.33,132.0,0,1,96,36,15.58,30.7,6.6,78,1484,2104,88,23.91,8.51,16.86,5/16,2,1,28.17,38,0,1,2,50.0,12,6.5,4,525,413,127.12,1308,8.34,69,592,432,137.04,164,9.95,15
e5437608,481875,GF Linde,GF Linde,MI Cape Town,2022-05-25,2026-09-13,102,77,19,1175,832,63*,20.26,141.23,0,2,86,64,18.03,36.54,6.2,97,1867,2433,85,28.62,7.82,21.96,3/15,0,0,35.83,26,0,26,18,144.44,474,7.72,25,529,444,119.14,1251,7.53,53,620,370,167.57,142,10.65,7
b2a79f17,315623,B Laughlin,B Laughlin,Adelaide Strikers,2011-12-18,2021-02-04,117,38,15,143,165,22,6.22,86.67,0,0,9,4,7.88,49.7,9.7,116,2380,3256,136,23.94,8.21,17.5,4/26,2,0,32.61,40,0,0,0,,414,7.55,17,48,38,126.32,1006,7.11,48,95,127,74.8,960,9.64,71
c9c0fe50,460756,AZ Lees,AZ Lees,Durham,2014-05-30,2026-07-12,107,105,11,2862,2196,108,30.45,130.33,2,17,284,67,15.98,33.65,2.3,0,0,0,0,,,,,0,0,,38,0,1581,1203,131.42,0,,0,1067,838,127.33,0,,0,214,155,138.06,0,,0
f24c6701,1138316,M Theekshana,M Theekshana,Chennai Super Kings,2020-12-10,2026-09-09,129,44,22,193,242,16*,8.77,79.75,0,0,15,5,8.26,53.72,9.5,128,2973,3726,133,28.02,7.52,22.35,4/15,4,0,35.69,24,0,0,0,,1242,7.52,49,31,59,52.54,1178,6.89,49,162,183,88.52,553,8.85,35
fb0d68b4,333624,AI Ross,AI Ross,Sydney Thunder,2014-12-18,2025-12-23,146,131,29,2852,2256,89*,27.96,126.42,0,14,215,100,13.96,33.02,5.0,0,0,0,0,,,,,0,0,,55,0,201,236,85.17,0,,0,1694,1439,117.72,0,,0,957,581,164.72,0,,0
b5da6c24,32242,PA Patel,PA Patel,Mumbai Indians,2008-04-19,2019-05-04,139,137,11,2848,2358,81,22.6,120.78,0,13,365,49,17.56,42.28,1.8,0,0,0,0,,,,,0,0,,69,16,1904,1565,121.66,0,,0,849,722,117.59,0,,0,95,71,133.8,0,,0
8ba8195d,35263,V Sehwag,V Sehwag,Delhi Daredevils,2008-04-19,2015-05-03,104,104,5,2728,1755,122,27.56,155.44,2,16,334,106,25.07,37.55,1.9,15,136,235,6,39.17,10.37,22.67,2/18,0,0,32.35,34,0,1593,1105,144.16,12,23.5,0,1062,615,172.68,102,8.12,4,73,35,208.57,22,13.64,2
331ea488,215155,UT Khawaja,UT Khawaja,Sydney Thunder,2011-12-17,2026-04-26,97,97,8,2847,2138,105*,31.99,133.16,2,16,347,47,18.43,36.62,1.5,0,0,0,0,,,,,0,0,,21,0,1663,1239,134.22,0,,0,988,785,125.86,0,,0,196,114,171.93,0,,0
45a43fe2,1060380,RD Gaikwad,RD Gaikwad,Chennai Super Kings,2020-09-22,2026-05-21,85,84,10,2839,2093,108*,38.36,135.64,2,22,260,107,17.53,34.88,1.6,0,0,0,0,,,,,0,0,,44,0,1394,1088,128.12,0,,0,1149,836,137.44,0,,0,296,169,175.15,0,,0
5056011d,4451,GJ Bailey,GJ Bailey,Hobart Hurricanes,2009-05-07,2020-01-30,145,128,30,2839,2204,89*,28.97,128.81,0,16,245,76,14.56,32.35,4.5,0,0,0,0,,,,,0,0,,58,0,410,423,96.93,0,,0,1443,1230,117.32,0,,0,986,551,178.95,0,,0
f05fe9b1,21440,JA Simpson,JA Simpson,Middlesex,2014-05-17,2026-07-03,164,150,23,2839,2162,84*,22.35,131.31,0,11,194,111,14.11,30.62,5.0,0,0,0,0,,,,,0,0,,78,25,444,360,123.33,0,,0,1683,1286,130.87,0,,0,712,516,137.98,0,,0
29e253dd,480603,Iftikhar Ahmed,Iftikhar Ahmed,Karachi Kings,2016-02-05,2026-08-05,130,112,32,2074,1622,100*,25.93,127.87,1,9,153,99,15.54,36.37,5.3,72,844,1127,38,29.66,8.01,22.21,4/21,1,0,34.72,68,0,117,135,86.67,198,7.88,11,994,943,105.41,540,7.74,18,963,544,177.02,106,9.62,9
641ac5ff,559066,IS Sodhi,IS Sodhi,Northern Districts,2014-01-17,2026-01-14,123,45,18,193,182,23,7.15,106.04,0,0,10,8,9.89,40.11,9.3,120,2574,3376,131,25.77,7.87,19.65,6/11,2,1,30.3,28,0,4,2,200.0,78,11.31,5,14,23,60.87,2172,7.56,96,175,157,111.46,324,9.13,30
529eb9e0,906783,OC McCoy,OC McCoy,Barbados Royals,2017-08-04,2026-08-27,112,33,15,132,133,14*,7.33,99.25,0,0,9,10,14.29,60.15,10.1,112,2302,3431,134,25.6,8.94,17.18,5/33,3,1,37.62,28,0,0,0,,678,8.32,36,34,24,141.67,824,7.84,33,98,109,89.91,800,10.61,65
9dad0f2e,833087,Mahedi Hasan,Mahedi Hasan,Rangpur Riders,2016-11-08,2026-01-23,99,68,15,1092,855,74,20.6,127.72,0,6,95,55,17.54,42.46,5.6,97,1867,2272,86,26.42,7.3,21.71,4/22,3,0,44.72,31,0,222,219,101.37,978,6.88,42,534,413,129.3,726,7.43,32,336,223,150.67,163,9.28,12
759ac88f,537119,MM Sharma,MM Sharma,Chennai Super Kings,2013-04-13,2025-05-24,120,33,15,125,136,21*,6.94,91.91,0,0,8,4,8.82,49.26,9.4,119,2403,3513,134,26.22,8.77,17.93,5/10,3,1,33.83,29,0,0,0,,858,8.13,36,36,47,76.6,738,7.89,35,89,89,100.0,807,10.27,63
f846de6a,52983,MN Samuels,MN Samuels,Comilla Victorians,2012-02-11,2017-12-10,90,86,19,2096,1748,106*,31.28,119.91,1,14,171,86,14.7,40.22,3.8,47,883,1030,35,29.43,7.0,25.23,3/10,0,0,38.17,23,0,329,342,96.2,240,5.72,6,1188,1057,112.39,450,6.69,17,579,349,165.9,193,9.3,12
5fa06777,32685,IK Pathan,IK Pathan,Delhi Daredevils,2008-04-19,2020-12-10,107,85,30,1193,1007,60,21.69,118.47,0,1,93,37,12.91,36.15,5.9,104,2066,2688,80,33.6,7.81,25.82,3/24,0,0,40.76,31,0,81,65,124.62,929,7.15,28,428,474,90.3,648,7.71,24,684,468,146.15,489,9.18,28
f2ab7a69,517249,JA Leaning,JA Leaning,Kent,2014-05-30,2026-07-12,126,108,25,2233,1726,81*,26.9,129.37,0,8,150,83,13.5,31.17,5.5,43,540,708,28,25.29,7.87,19.29,3/15,0,0,30.37,72,0,64,83,77.11,126,9.0,5,1034,989,104.55,390,7.48,21,1135,654,173.55,24,8.25,2
ab965cad,557295,HWR Cartwright,HWR Cartwright,Melbourne Stars,2012-12-12,2026-07-18,141,129,39,2700,2017,79,30.0,133.86,0,10,209,115,16.06,35.25,5.0,9,86,176,4,44.0,12.28,21.5,2/34,0,0,22.09,79,0,323,314,102.87,0,,0,1387,1107,125.29,74,12.08,1,990,596,166.11,12,13.5,3
44afbf2d,333780,NJ Maddinson,NJ Maddinson,Sydney Sixers,2011-12-16,2026-01-16,134,127,10,2505,2013,87,21.41,124.44,0,12,220,108,16.29,43.22,2.9,22,216,277,13,21.31,7.69,16.62,3/20,0,0,23.61,58,0,1022,861,118.7,36,7.0,1,1145,936,122.33,132,7.41,9,338,216,156.48,48,9.0,3
350bb1b1,450860,AF Milne,AF Milne,Kent,2016-04-12,2026-07-11,107,50,22,281,243,22,10.04,115.64,0,0,20,10,12.35,39.92,8.8,106,2282,2983,124,24.06,7.84,18.4,5/11,3,2,41.15,28,0,0,0,,1209,7.32,49,24,28,85.71,400,7.89,21,257,215,119.53,673,8.76,54
c672e80e,301648,J Clark,J Clark,Surrey,2014-05-16,2026-07-12,122,84,33,1120,870,60,21.96,128.74,0,1,63,44,12.3,32.64,6.4,100,1556,2282,82,27.83,8.8,18.98,4/22,1,0,30.08,38,0,87,70,124.29,633,9.29,28,399,339,117.7,587,7.96,35,634,461,137.53,336,9.34,19
00ea847a,398438,MA Agarwal,MA Agarwal,Kings XI Punjab,2011-04-09,2025-06-03,130,125,5,2756,2064,106,22.97,133.53,1,13,273,100,18.07,37.4,2.4,0,0,0,0,,,,,0,0,,58,0,1410,1156,121.97,0,,0,1094,786,139.19,0,,0,252,122,206.56,0,,0
48fd7349,5939,MEK Hussey,MEK Hussey,Chennai Super Kings,2008-04-19,2016-08-04,92,89,12,2749,2228,116*,35.7,123.38,1,21,255,74,14.77,36.27,2.3,0,0,0,0,,,,,0,0,,41,0,969,906,106.95,0,,0,1326,1061,124.98,0,,0,454,261,173.95,0,,0
c3d35165,46248,JA Morkel,JA Morkel,Chennai Super Kings,2008-04-28,2016-04-29,96,74,30,982,704,73*,22.32,139.49,0,3,62,55,16.62,34.09,6.0,93,1804,2480,88,28.18,8.25,20.5,4/32,1,0,37.2,19,0,17,12,141.67,936,8.44,35,320,272,117.65,528,7.02,22,645,420,153.57,340,9.62,31
f0a0204e,660889,MS Crane,MS Crane,Hampshire,2015-07-10,2026-07-12,103,36,24,201,208,25,16.75,96.63,0,0,12,2,6.73,36.54,10.1,101,2139,2838,127,22.35,7.96,16.84,4/20,4,0,29.83,24,0,0,0,,18,11.0,1,58,54,107.41,1941,8.05,106,143,154,92.86,180,6.73,20
e087956b,311158,BA Stokes,BA Stokes,Rajasthan Royals,2014-05-29,2023-04-03,76,74,8,1733,1259,107*,26.26,137.65,2,6,157,69,17.95,36.3,3.7,58,1002,1467,50,29.34,8.78,20.04,4/16,2,0,34.03,40,0,535,423,126.48,300,9.7,12,907,668,135.78,407,7.72,13,291,168,173.21,295,9.32,25
b61a3e1a,38699,LRPL Taylor,LRPL Taylor,Sussex,2008-04-20,2023-02-03,136,132,36,2730,2308,93*,28.44,118.28,0,13,177,117,12.74,38.47,4.3,2,12,24,0,,12.0,,0/11,0,0,0.0,47,0,479,454,105.51,0,,0,1617,1448,111.67,12,12.0,0,634,406,156.16,0,,0
1abb78f8,475281,SN Thakur,SN Thakur,Chennai Super Kings,2015-05-01,2026-05-24,114,45,15,349,263,68,11.63,132.7,0,1,32,13,17.11,36.12,7.9,109,2202,3514,119,29.53,9.57,18.5,4/34,3,0,33.38,36,0,0,4,0.0,724,9.46,29,116,90,128.89,729,8.5,35,233,169,137.87,749,10.73,55
e84ac20c,506612,MJ Henry,MJ Henry,Canterbury,2014-01-17,2026-04-05,94,47,18,367,248,44,12.66,147.98,0,0,17,24,16.53,32.66,8.3,92,1975,2845,118,24.11,8.64,16.74,5/18,3,1,38.78,43,0,0,0,,1157,7.71,60,77,55,140.0,294,8.29,18,290,193,150.26,524,10.91,40
e412cb64,244639,HF Gurney,HF Gurney,Nottinghamshire,2014-05-16,2019-12-29,106,22,16,22,28,6,3.67,78.57,0,0,3,0,10.71,57.14,11.0,105,2292,3105,135,23.0,8.13,16.98,5/30,2,1,34.29,13,0,0,0,,1002,7.69,36,0,0,,342,7.51,14,22,28,78.57,948,8.82,85
03df7a25,885181,DA Douthwaite,DA Douthwaite,Glamorgan,2019-07-18,2026-07-12,83,69,17,939,675,56,18.06,139.11,0,4,47,66,16.74,37.63,6.6,79,1521,2341,89,26.3,9.23,17.09,4/22,3,0,30.57,22,0,47,38,123.68,366,10.3,11,347,322,107.76,718,8.19,41,545,315,173.02,437,10.06,37
896d78ad,49764,AD Mathews,AD Mathews,Pune Warriors,2009-05-12,2026-08-05,102,91,24,1852,1460,73*,27.64,126.85,0,4,140,70,14.38,33.15,5.2,73,1113,1481,43,34.44,7.98,25.88,4/19,1,0,33.24,33,0,133,152,87.5,399,7.94,19,823,774,106.33,529,7.88,13,896,534,167.79,185,8.37,11
d4eef961,393279,M de Lange,M de Lange,Glamorgan,2012-04-05,2026-07-15,111,47,16,303,236,28*,9.77,128.39,0,0,21,16,15.68,40.25,8.9,109,2219,3214,120,26.78,8.69,18.49,4/9,4,0,32.72,33,0,0,0,,633,8.64,27,58,58,100.0,903,7.95,42,245,178,137.64,683,9.72,51
19708692,653695,MW Parkinson,MW Parkinson,Lancashire,2017-07-16,2026-05-29,99,21,13,40,53,12*,5.0,75.47,0,0,3,0,5.66,45.28,10.6,98,2022,2602,133,19.56,7.72,15.2,5/23,4,1,27.99,13,0,0,0,,24,7.75,1,7,11,63.64,1654,7.33,106,33,42,78.57,344,9.61,26
0404d43c,536936,Liton Das,Liton Das,Comilla Victorians,2013-02-12,2026-01-20,121,117,4,2698,2103,125*,23.88,128.29,1,14,283,93,17.88,39.66,1.8,0,0,0,0,,,,,0,0,,66,22,1653,1308,126.38,0,,0,916,715,128.11,0,,0,129,80,161.25,0,,0
a03bba42,379145,T Shamsi,T Shamsi,St Kitts and Nevis Patriots,2015-06-24,2026-01-17,115,28,20,50,93,8*,6.25,53.76,0,0,3,0,3.23,58.06,10.5,112,2368,3021,132,22.89,7.65,17.94,4/10,5,0,35.22,14,0,0,0,,55,6.33,0,2,13,15.38,1971,7.42,106,48,80,60.0,342,9.19,26
a05d0552,748793,JJ Weatherley,JJ Weatherley,Hampshire,2016-06-24,2026-07-18,106,98,16,2690,2001,88*,32.8,134.43,0,13,228,83,15.54,30.13,4.1,1,6,9,0,,9.0,,0/9,0,0,16.67,37,0,428,369,115.99,6,9.0,0,1628,1243,130.97,0,,0,634,389,162.98,0,,0
a510bdd3,578769,EG Barnard,EG Barnard,Worcestershire,2015-05-22,2026-07-10,142,105,26,1359,978,67,17.2,138.96,0,3,128,41,17.28,32.72,6.7,115,1773,2683,66,40.65,9.08,26.86,3/29,0,0,25.89,67,0,98,65,150.77,342,8.98,13,499,389,128.28,1070,8.47,37,762,524,145.42,361,10.97,16
5da34add,275658,MG Hogan,MG Hogan,Glamorgan,2012-01-09,2023-07-02,103,22,14,78,77,17*,9.75,101.3,0,0,3,3,7.79,35.06,10.5,101,2151,2974,130,22.88,8.3,16.55,5/17,2,2,35.01,45,0,0,0,,1122,7.65,49,29,23,126.09,328,8.2,18,49,54,90.74,701,9.38,63
2f49c897,940973,Mohammed Siraj,Mohammed Siraj,Royal Challengers Bangalore,2017-04-19,2026-05-31,125,28,16,117,139,14*,9.75,84.17,0,0,11,4,10.79,58.27,10.1,125,2672,3911,128,30.55,8.78,20.88,4/17,3,0,41.58,38,0,0,0,,1464,8.25,60,5,10,50.0,468,7.82,21,112,129,86.82,740,10.44,47
ba5e1069,959767,R Ravindra,R Ravindra,Wellington,2019-01-27,2026-07-18,82,76,3,1457,1030,70,19.96,141.46,0,5,131,61,18.64,34.08,2.8,59,991,1251,61,20.51,7.57,16.25,4/11,3,0,33.4,37,0,865,585,147.86,84,8.71,2,475,378,125.66,748,7.38,38,117,67,174.63,159,7.89,21
75224f22,677081,KMA Paul,KMA Paul,Guyana Amazon Warriors,2017-08-05,2026-09-16,128,94,24,1149,901,65,16.41,127.52,0,3,70,70,15.54,42.29,6.6,97,1529,2445,76,32.17,9.59,20.12,4/19,1,0,32.57,58,0,63,61,103.28,325,10.32,16,398,388,102.58,779,8.97,33,688,452,152.21,425,10.19,27
1ee08e9a,774223,JA Richardson,JA Richardson,Perth Scorchers,2016-12-23,2026-01-25,85,43,20,333,284,33*,14.48,117.25,0,0,21,14,12.32,40.14,8.2,84,1873,2498,116,21.53,8.0,16.15,4/9,6,0,42.07,22,0,0,0,,859,7.34,38,78,95,82.11,516,7.67,38,255,189,134.92,498,9.48,40
0fa5042b,7502,L Ronchi,L Ronchi,Islamabad United,2008-04-20,2020-03-08,104,100,8,2653,1652,102,28.84,160.59,1,19,276,134,24.82,36.32,2.0,0,0,0,0,,,,,0,0,,55,15,1704,1011,168.55,0,,0,750,524,143.13,0,,0,199,117,170.09,0,,0
f5821615,38141,JS Patel,JS Patel,Warwickshire,2014-05-30,2020-09-20,110,51,17,233,196,23*,6.85,118.88,0,0,11,10,10.71,35.2,8.7,109,2490,2917,121,24.11,7.03,20.58,4/19,2,0,32.49,44,0,11,7,157.14,360,7.72,11,39,36,108.33,1656,6.45,86,183,153,119.61,474,8.54,24
1efd12d1,891517,PR Brown,PR Brown,Worcestershire,2017-07-26,2025-07-18,99,25,16,63,87,10*,7.0,72.41,0,0,1,0,1.15,43.68,10.5,98,1993,3146,129,24.39,9.47,15.45,4/21,3,0,30.41,38,0,0,0,,750,9.43,33,0,6,0.0,471,8.5,19,63,81,77.78,772,10.1,77
d34a2268,641387,MDE Holden,MDE Holden,Middlesex,2018-07-06,2026-07-12,103,101,12,2643,1878,121*,29.7,140.73,2,16,305,62,19.54,33.87,2.7,1,6,12,0,,12.0,,0/12,0,0,16.67,33,0,1182,883,133.86,0,,0,1129,810,139.38,6,12.0,0,332,185,179.46,0,,0
e7de4f6b,51784,RR Emrit,RR Emrit,Guyana Amazon Warriors,2013-07-30,2020-09-06,105,52,25,389,333,54*,14.41,116.82,0,1,22,19,12.31,39.64,8.1,103,2134,2725,112,24.33,7.66,19.05,4/35,1,0,36.04,25,0,2,12,16.67,366,7.69,14,59,85,69.41,1128,6.94,40,328,236,138.98,640,8.93,58
25a42048,214265,T Westley,T Westley,Essex,2014-05-23,2023-06-04,97,90,9,2488,1904,109*,30.72,130.67,2,10,271,54,17.07,33.88,3.2,18,216,264,7,37.71,7.33,30.86,2/27,0,0,25.0,34,0,1093,847,129.04,48,5.12,2,1130,877,128.85,156,7.85,5,265,180,147.22,12,9.5,0
b52ffbbd,670013,FA Allen,FA Allen,St Kitts and Nevis Patriots,2017-08-19,2026-09-08,120,100,31,1201,845,64*,17.41,142.13,0,3,80,74,18.22,38.93,6.6,89,1420,1910,71,26.9,8.07,20.0,4/24,2,0,35.92,43,0,4,4,100.0,312,8.29,14,334,319,104.7,941,7.77,40,863,522,165.33,167,9.38,17
7fca84b7,670035,BA King,BA King,Guyana Amazon Warriors,2017-08-05,2026-09-16,119,114,12,2621,2025,132*,25.7,129.43,2,14,252,136,19.16,45.33,1.9,0,0,0,0,,,,,0,0,,40,0,1308,1156,113.15,0,,0,960,685,140.15,0,,0,353,184,191.85,0,,0
4b57e452,237095,M Vijay,M Vijay,Chennai Super Kings,2009-05-02,2020-09-25,106,106,5,2619,2149,127,25.93,121.87,2,13,247,91,15.73,43.18,1.6,4,36,49,0,,8.17,,0/8,0,0,22.22,47,0,1574,1375,114.47,6,8.0,0,920,703,130.87,30,8.2,0,125,71,176.06,0,,0
74a274cc,512907,TG Helm,TG Helm,Middlesex,2016-06-10,2026-07-12,107,50,29,239,239,28*,11.38,100.0,0,0,19,2,8.79,36.82,9.0,105,2239,3352,119,28.17,8.98,18.82,5/11,1,1,35.06,24,0,0,0,,1167,8.34,49,46,57,80.7,330,8.87,11,193,182,106.04,742,10.04,59
72b245dd,380354,Anamul Haque,Anamul Haque,Chittagong Vikings,2012-02-14,2025-01-27,120,116,10,2607,2184,100*,24.59,119.37,1,14,233,97,15.11,40.84,2.6,0,0,0,0,,,,,0,0,,49,14,1135,1038,109.34,0,,0,1188,960,123.75,0,,0,284,186,152.69,0,,0
f29185a1,1070183,Abhishek Sharma,Abhishek Sharma,Sunrisers Hyderabad,2018-05-12,2026-05-27,92,89,8,2379,1389,141,29.37,171.27,2,13,224,144,26.49,35.06,2.5,36,365,550,11,50.0,9.04,33.18,2/4,0,0,26.58,35,0,1387,807,171.87,84,9.14,0,796,455,174.95,258,8.42,10,196,127,154.33,23,15.65,1
94d7f855,55395,C de Grandhomme,C de Grandhomme,Warwickshire,2014-01-03,2023-06-18,116,105,22,1897,1284,86,22.86,147.74,0,6,136,103,18.61,33.64,5.2,79,1044,1635,35,46.71,9.4,29.83,3/4,0,0,25.0,39,0,172,122,140.98,234,10.77,7,1132,781,144.94,649,8.69,18,593,381,155.64,161,10.25,10
6c19c6e5,1151278,YBK Jaiswal,YBK Jaiswal,Rajasthan Royals,2020-09-22,2026-05-29,82,82,5,2593,1697,124,33.68,152.8,2,18,310,110,24.75,39.3,1.1,1,1,6,0,,36.0,,0/6,0,0,0.0,32,0,1680,1057,158.94,0,,0,825,598,137.96,0,,0,88,42,209.52,1,36.0,0
51a60c16,326625,CJ Boyce,CJ Boyce,Hobart Hurricanes,2012-12-13,2026-01-13,104,49,17,370,315,51*,11.56,117.46,0,1,25,19,13.97,41.59,8.6,103,2199,2763,111,24.89,7.54,19.81,5/21,1,1,28.38,12,0,0,2,0.0,126,7.9,4,47,70,67.14,1761,7.34,81,323,243,132.92,312,8.54,26
fd835ab3,5766,DJ Hussey,DJ Hussey,Melbourne Stars,2008-04-18,2017-01-24,115,105,21,2208,1758,71,26.29,125.6,0,7,157,87,13.88,35.04,4.6,38,485,673,19,35.42,8.33,25.53,2/2,0,0,28.45,46,0,202,182,110.99,108,8.22,3,1378,1187,116.09,294,7.8,10,628,389,161.44,83,10.34,6
ff077124,41028,Kamran Akmal,Kamran Akmal,Peshawar Zalmi,2008-04-21,2022-02-24,105,101,5,2579,1890,107*,26.86,136.46,3,18,276,117,20.79,42.96,2.2,0,0,0,0,,,,,0,0,,66,18,1397,1093,127.81,0,,0,1069,725,147.45,0,,0,113,72,156.94,0,,0
9789e56e,347661,LM Reece,LM Reece,Derbyshire,2016-07-08,2024-07-19,96,94,4,1918,1484,80*,21.31,129.25,0,15,184,70,17.12,39.69,2.0,58,722,1049,33,31.79,8.72,21.88,3/33,0,0,23.27,42,0,1224,956,128.03,54,9.78,4,579,446,129.82,504,8.48,14,115,82,140.24,164,9.11,15
d18f9182,49289,DPMD Jayawardene,DPMD Jayawardene,Kings XI Punjab,2008-04-21,2017-02-25,119,115,16,2568,2079,110*,25.94,123.52,1,15,287,56,16.5,38.38,3.2,0,0,0,0,,,,,0,0,,39,0,948,768,123.44,0,,0,1211,1046,115.77,0,,0,409,265,154.34,0,,0
d0513f63,8291,CL White,CL White,Melbourne Renegades,2008-04-18,2020-01-05,119,115,21,2522,2112,88,26.83,119.41,0,17,187,91,13.16,36.46,3.6,8,60,109,2,54.5,10.9,30.0,1/12,0,0,18.33,49,0,557,593,93.93,0,,0,1359,1152,117.97,60,10.9,2,606,367,165.12,0,,0
8abdf100,277662,CJ Anderson,CJ Anderson,Somerset,2014-04-16,2026-07-10,112,105,25,2059,1581,95*,25.74,130.23,0,9,121,127,15.69,39.78,5.4,48,546,889,25,35.56,9.77,21.84,2/10,0,0,27.66,21,0,137,142,96.48,118,9.1,4,1213,994,122.03,290,9.12,13,709,445,159.33,138,11.7,8
a316d663,375126,GC Viljoen,GC Viljoen,Derbyshire,2017-07-07,2026-07-12,84,54,19,436,361,37,12.46,120.78,0,0,33,19,14.4,40.44,8.1,83,1711,2496,106,23.55,8.75,16.14,4/21,3,0,36.94,9,0,10,11,90.91,594,8.41,36,148,137,108.03,677,8.47,29,278,213,130.52,440,9.64,41
3f659464,457279,OP Stone,OP Stone,Nottinghamshire,2014-05-16,2026-07-18,119,42,20,174,193,22*,7.91,90.16,0,0,8,5,6.74,45.08,9.5,116,2276,3471,119,29.17,9.15,19.13,4/14,3,0,36.29,41,0,0,0,,1130,8.87,47,43,42,102.38,569,8.71,31,131,151,86.75,577,10.14,41
fa433be6,787987,M Labuschagne,M Labuschagne,Brisbane Heat,2017-01-17,2026-05-03,71,67,4,1723,1349,93*,27.35,127.72,0,10,177,31,15.42,32.99,3.6,47,604,903,41,22.02,8.97,14.73,5/11,0,1,29.14,52,0,591,503,117.5,18,13.33,1,859,672,127.83,483,8.71,32,273,174,156.9,103,9.44,8
c4d9634c,494581,RRS Cornwall,RRS Cornwall,Barbados Royals,2013-08-04,2026-09-02,93,88,5,1543,1030,102*,18.59,149.81,1,5,140,114,24.66,49.61,2.2,67,981,1287,50,25.74,7.87,19.62,5/16,0,1,40.98,8,0,1110,759,146.25,276,7.57,17,314,186,168.82,627,7.53,30,119,85,140.0,78,11.69,3
88a004e9,520551,AM Lilley,AM Lilley,Lancashire,2014-05-16,2023-06-06,115,92,10,1663,1128,99*,20.28,147.43,0,5,166,67,20.66,34.49,4.0,73,1070,1370,44,31.14,7.68,24.32,3/26,0,0,30.19,59,0,766,525,145.9,90,8.73,0,772,516,149.61,796,7.54,27,125,87,143.68,184,7.79,17
bca21d18,20367,DI Stevens,DI Stevens,Kent,2012-02-14,2022-07-03,93,77,9,1299,925,90,19.1,140.43,0,4,103,60,17.62,34.38,5.5,76,1222,1731,62,27.92,8.5,19.71,4/17,3,0,31.26,26,0,44,44,100.0,354,8.63,19,667,527,126.57,762,8.39,36,588,354,166.1,106,8.83,7
33609a8c,1161031,Saim Ayub,Saim Ayub,Peshawar Zalmi,2021-02-20,2026-09-16,81,81,5,2013,1468,102,26.49,137.13,1,13,182,102,19.35,41.21,1.8,43,689,915,26,35.19,7.97,26.5,2/15,0,0,35.27,31,0,1181,898,131.51,209,8.53,6,779,534,145.88,444,7.5,17,53,36,147.22,36,10.5,3
37138918,935995,Afif Hossain,Afif Hossain,Khulna Tigers,2016-12-03,2026-01-21,103,96,6,2090,1692,76,23.22,123.52,0,7,194,78,16.08,40.96,3.4,39,421,629,22,28.59,8.96,19.14,5/21,0,1,35.63,40,0,814,655,124.27,138,9.39,6,1081,891,121.32,277,8.79,15,195,146,133.56,6,7.0,1
d5130a30,1151288,B Sai Sudharsan,B Sai Sudharsan,Gujarat Titans,2022-04-08,2026-05-31,57,57,5,2515,1686,108*,48.37,149.17,3,20,258,82,20.17,29.18,1.8,0,0,0,0,,,,,0,0,,14,0,1021,737,138.53,0,,0,1186,800,148.25,0,,0,308,149,206.71,0,,0
7c503806,44149,J Botha,J Botha,Sydney Sixers,2009-05-14,2021-01-07,114,77,26,1029,885,67*,20.18,116.27,0,1,86,18,11.75,35.59,6.2,108,2063,2442,74,33.0,7.1,27.88,3/6,0,0,35.05,54,0,46,54,85.19,564,7.13,16,435,449,96.88,1200,6.72,40,548,382,143.46,299,8.57,18
9b4935c8,5236,CJ Ferguson,CJ Ferguson,Sydney Thunder,2011-05-08,2021-01-31,111,106,15,2499,2023,113*,27.46,123.53,2,10,217,50,13.2,30.75,3.5,0,0,0,0,,,,,0,0,,34,0,602,541,111.28,0,,0,1439,1176,122.36,0,,0,458,306,149.67,0,,0
486065b3,959789,Hassan Khan,Hassan Khan,San Francisco Unicorns,2017-02-10,2026-09-16,102,81,24,1266,871,62*,22.21,145.35,0,2,74,82,17.91,35.48,6.5,94,1581,2130,61,34.92,8.08,25.92,4/30,1,0,33.27,51,0,86,63,136.51,270,8.27,7,624,488,127.87,1129,7.74,42,556,320,173.75,182,9.92,12
1e66c162,390484,JD Unadkat,JD Unadkat,Rajasthan Royals,2010-04-04,2026-04-11,116,33,17,201,169,26,12.56,118.93,0,0,16,7,13.61,39.64,9.5,115,2351,3504,114,30.74,8.94,20.62,5/25,0,2,32.2,30,0,0,0,,852,7.88,28,23,28,82.14,834,8.42,30,178,141,126.24,665,10.95,56
6755cd5c,386774,CB Cooke,CB Cooke,Glamorgan,2014-05-16,2026-07-12,147,130,27,2472,1776,113*,24.0,139.19,1,5,175,110,16.05,29.17,5.0,0,0,0,0,,,,,0,0,,91,18,127,115,110.43,0,,0,1353,1147,117.96,0,,0,992,514,193.0,0,,0
cf73ad76,37004,JEC Franklin,JEC Franklin,Middlesex,2011-04-10,2018-08-17,97,88,26,1511,1265,79,24.37,119.45,0,3,87,60,11.62,34.31,5.2,71,902,1350,48,28.12,8.98,18.79,5/21,0,1,23.39,38,0,98,122,80.33,78,9.77,4,747,704,106.11,673,8.42,27,666,439,151.71,151,11.09,17
9c9af282,1158088,Naseem Shah,Naseem Shah,Quetta Gladiators,2020-02-23,2026-09-10,101,44,18,187,163,27,7.19,114.72,0,0,13,11,14.72,48.47,9.5,101,2214,2920,114,25.61,7.91,19.42,5/20,2,1,41.46,20,0,0,0,,1080,7.31,44,20,22,90.91,375,6.72,19,167,141,118.44,759,9.37,51
4c5d73db,247235,CR Woakes,CR Woakes,Warwickshire,2013-12-21,2026-07-12,88,59,27,526,426,62,16.44,123.47,0,2,48,15,14.79,35.21,7.5,87,1854,2607,97,26.88,8.44,19.11,3/6,0,0,37.86,32,0,0,0,,990,7.78,38,96,108,88.89,336,7.73,16,430,318,135.22,528,10.12,43
c88bc84a,460079,Miles Hammond,Miles Hammond,Gloucestershire,2015-07-24,2026-07-15,119,116,3,2463,1861,80,21.8,132.35,0,9,275,105,20.42,45.94,1.3,0,0,0,0,,,,,0,0,,78,0,1840,1393,132.09,0,,0,592,446,132.74,0,,0,31,22,140.91,0,,0
77191792,269237,Mohammad Mithun,Mohammad Mithun,Rangpur Riders,2012-02-11,2026-01-18,128,115,17,2462,2095,84*,25.12,117.52,0,12,171,95,12.7,37.04,4.0,0,0,0,0,,,,,0,0,,50,16,438,480,91.25,0,,0,1579,1307,120.81,0,,0,445,308,144.48,0,,0
e5218454,463668,JB Lintott,JB Lintott,Birmingham Bears,2017-08-18,2026-07-12,100,43,14,300,291,41,10.34,103.09,0,0,22,9,10.65,40.89,9.1,100,1981,2582,108,23.91,7.82,18.34,4/20,2,0,29.53,52,0,11,6,183.33,54,7.78,3,78,96,81.25,1613,7.6,80,211,189,111.64,314,8.94,25
e66732f8,605661,RD Rickelton,RD Rickelton,MI Cape Town,2023-01-10,2026-07-10,70,69,6,2456,1520,123*,38.98,161.58,4,14,220,150,24.34,36.91,1.6,0,0,0,0,,,,,0,0,,48,10,1440,943,152.7,0,,0,853,488,174.8,0,,0,163,89,183.15,0,,0
8d2c70ad,559235,Kuldeep Yadav,Kuldeep Yadav,Delhi Capitals,2016-04-13,2026-05-24,111,42,24,210,253,35*,11.67,83.0,0,0,18,3,8.3,49.8,9.5,107,2286,3159,112,28.21,8.29,20.41,4/14,4,0,29.92,22,0,0,0,,60,8.7,0,23,44,52.27,1856,8.19,82,187,209,89.47,370,8.74,30
012829ff,228622,JW Hastings,JW Hastings,Melbourne Stars,2012-12-27,2018-03-03,71,49,16,686,405,80*,20.79,169.38,0,3,54,43,23.95,36.05,6.9,70,1482,1973,88,22.42,7.99,16.84,4/26,2,0,38.8,15,0,130,70,185.71,600,7.44,32,115,77,149.35,393,6.6,18,441,258,170.93,489,9.78,38
a756e61a,772361,SB Harper,SB Harper,Melbourne Renegades,2016-12-26,2026-08-08,113,109,8,2437,1758,110*,24.13,138.62,1,15,222,88,17.63,35.15,2.5,0,0,0,0,,,,,0,0,,71,13,1309,940,139.26,0,,0,995,728,136.68,0,,0,133,90,147.78,0,,0
5d1e7582,629074,BKG Mendis,BKG Mendis,Galle Gladiators,2020-11-26,2026-07-19,77,74,7,2435,1666,109,36.34,146.16,2,15,233,98,19.87,32.89,2.3,1,1,0,0,,0.0,,0/0,0,0,100.0,40,7,1122,796,140.95,1,0.0,0,1103,740,149.05,0,,0,210,130,161.54,0,,0
45df0e72,379890,CJ Bowes,CJ Bowes,Canterbury,2017-12-14,2026-01-31,93,91,9,2433,1659,95,29.67,146.65,0,19,287,72,21.64,36.23,1.4,0,0,0,0,,,,,0,0,,47,1,1615,1096,147.35,0,,0,783,535,146.36,0,,0,35,28,125.0,0,,0
7a6dc294,437669,JC Silk,JC Silk,Sydney Sixers,2013-12-21,2026-01-08,139,113,35,2429,1949,78,31.14,124.63,0,8,179,44,11.44,28.17,5.1,0,0,0,0,,,,,0,0,,88,0,114,126,90.48,0,,0,1198,1121,106.87,0,,0,1117,702,159.12,0,,0
867a45a7,519544,TAI Taylor,TAI Taylor,Northamptonshire,2020-08-29,2026-07-12,83,55,25,565,475,50*,18.83,118.95,0,1,42,14,11.79,32.63,7.7,82,1577,2306,93,24.8,8.77,16.96,5/28,1,1,34.75,44,0,6,4,150.0,888,7.76,52,145,172,84.3,420,9.24,19,414,299,138.46,269,11.4,22
6eea0b32,300618,Nasir Hossain,Nasir Hossain,Dhaka Dynamites,2012-02-12,2026-01-17,81,69,10,1361,1197,90*,23.07,113.7,0,5,116,35,12.61,37.34,4.5,70,1118,1411,53,26.62,7.57,21.09,5/31,1,1,39.89,23,0,246,198,124.24,396,7.65,16,773,754,102.52,618,7.2,27,342,245,139.59,104,9.46,10
8f6dd463,819429,Azmatullah Omarzai,Azmatullah Omarzai,Rangpur Riders,2022-02-09,2026-05-23,75,57,16,915,623,50*,22.32,146.87,0,1,60,54,18.3,32.1,6.2,70,1360,2054,75,27.39,9.06,18.13,4/32,1,0,39.49,14,0,48,38,126.32,726,8.23,34,406,321,126.48,324,8.81,20,461,264,174.62,310,11.26,21
41eb4a4f,35731,R Vinay Kumar,R Vinay Kumar,Royal Challengers Bangalore,2008-04-20,2018-04-10,104,46,18,310,274,26*,11.07,113.14,0,0,21,9,10.95,37.59,8.5,104,2121,2966,105,28.25,8.39,20.2,4/40,1,0,35.97,35,0,0,0,,750,7.09,30,48,48,100.0,714,7.76,28,262,226,115.93,657,10.56,47
218d4d78,722303,MT Renshaw,MT Renshaw,Brisbane Heat,2018-01-27,2026-01-18,90,89,11,2124,1566,102,27.23,135.63,1,8,164,72,15.07,31.16,3.8,31,337,425,14,30.36,7.57,24.07,2/29,0,0,28.49,38,0,545,458,119.0,120,7.55,6,1256,903,139.09,175,7.3,7,323,205,157.56,42,8.71,1
acdc62f5,481979,A Nortje,A Nortje,Delhi Capitals,2020-09-20,2026-04-01,89,30,17,120,105,23*,9.23,114.29,0,0,13,2,14.29,43.81,10.0,89,2013,2803,114,24.59,8.35,17.66,4/13,1,0,40.29,20,0,0,0,,696,8.28,34,9,7,128.57,602,7.71,32,111,98,113.27,715,8.96,48
5bdcdb72,48472,TM Dilshan,TM Dilshan,Delhi Daredevils,2008-05-11,2015-12-09,87,86,9,1958,1659,76*,25.43,118.02,0,11,235,44,16.82,44.06,2.4,52,734,903,21,43.0,7.38,34.95,2/6,0,0,32.02,28,0,1044,847,123.26,204,7.38,7,692,679,101.91,468,7.4,12,222,133,166.92,62,7.26,2
b3a28446,629070,Mohammad Saifuddin,Mohammad Saifuddin,Comilla Victorians,2016-11-13,2026-01-18,75,40,15,478,358,58*,19.12,133.52,0,2,42,23,18.16,39.39,7.8,74,1519,2012,95,21.18,7.95,15.99,4/20,3,0,38.45,13,0,8,8,100.0,438,6.52,23,143,129,110.85,528,7.83,22,327,221,147.96,553,9.19,50
8108e2d2,17970,DKH Mitchell,DKH Mitchell,Worcestershire,2014-05-16,2021-07-18,93,73,17,1435,1172,68*,25.62,122.44,0,7,143,13,13.31,31.31,4.2,85,1250,1567,47,33.34,7.52,26.6,5/28,0,1,24.16,42,0,628,507,123.87,30,8.6,0,591,495,119.39,1100,7.37,38,216,170,127.06,120,8.6,9
9550470d,784369,WIA Fernando,WIA Fernando,Jaffna Kings,2019-12-11,2026-08-08,81,78,6,2370,1617,100,32.92,146.57,1,18,217,123,21.03,37.23,2.1,0,0,0,0,,,,,0,0,,27,0,1151,837,137.51,0,,0,972,660,147.27,0,,0,247,120,205.83,0,,0
7fa12533,438563,MS Chapman,MS Chapman,Auckland,2017-12-13,2026-07-04,96,85,12,2143,1508,101,29.36,142.11,1,13,187,86,18.1,32.1,3.8,20,263,359,11,32.64,8.19,23.91,2/15,0,0,29.28,47,0,410,351,116.81,12,12.5,0,1361,955,142.51,174,7.97,4,372,202,184.16,77,8.03,7
1b04e02b,627627,TS Rogers,TS Rogers,Melbourne Renegades,2017-12-30,2026-07-12,85,52,25,396,324,49*,14.67,122.22,0,0,25,19,13.58,39.81,8.0,84,1780,2575,98,26.28,8.68,18.16,5/16,2,1,36.85,36,0,0,0,,834,7.77,43,122,111,109.91,498,9.27,20,274,213,128.64,448,9.72,35
ccdd8308,210283,ST Finn,ST Finn,Middlesex,2014-05-23,2022-07-03,88,20,13,36,48,6*,5.14,75.0,0,0,2,0,4.17,41.67,10.2,86,1766,2515,116,21.68,8.54,15.22,5/16,3,1,35.84,30,0,0,0,,810,8.32,43,3,5,60.0,594,7.93,34,33,43,76.74,362,10.06,39
f2c936d7,1213979,MJ Owen,MJ Owen,Hobart Hurricanes,2021-01-12,2026-07-18,72,67,5,1553,816,155,25.05,190.32,3,4,128,117,30.02,36.64,2.5,50,664,1102,40,27.55,9.96,16.6,5/17,0,1,30.42,38,0,1046,539,194.06,72,13.75,3,405,205,197.56,462,9.13,21,102,72,141.67,130,10.8,16
961b8ff1,602155,TP Alsop,TP Alsop,Sussex,2016-06-19,2026-07-12,110,104,14,2352,1820,87*,26.13,129.23,0,13,199,73,14.95,34.29,4.1,1,6,9,0,,9.0,,0/9,0,0,16.67,44,4,607,491,123.63,0,,0,1162,1002,115.97,6,9.0,0,583,327,178.29,0,,0
c96f6ac5,698189,PWA Mulder,PWA Mulder,Durban's Super Giants,2022-06-10,2026-07-05,82,76,12,1522,1147,83*,23.78,132.69,0,5,121,58,15.61,32.43,5.1,57,880,1423,41,34.71,9.7,21.46,3/26,0,0,32.27,47,0,220,184,119.57,348,9.05,17,733,636,115.25,338,9.36,16,569,327,174.01,194,11.47,8
d99cc23a,333782,T van der Gugten,T van der Gugten,Glamorgan,2014-12-31,2026-07-08,88,52,20,480,337,48,15.0,142.43,0,0,29,25,16.02,28.49,8.9,86,1686,2461,93,26.46,8.76,18.13,4/14,3,0,37.37,29,0,0,0,,1020,8.47,42,109,85,128.24,318,7.96,20,371,252,147.22,348,10.33,31
e186f49c,56007,Mashrafe Mortaza,Mashrafe Mortaza,Rangpur Riders,2009-05-16,2024-01-30,99,57,15,578,461,56*,13.76,125.38,0,1,38,35,15.84,42.95,7.0,95,1970,2356,88,26.77,7.18,22.39,4/11,1,0,40.66,19,0,17,18,94.44,1044,7.32,40,224,200,112.0,679,6.42,34,337,243,138.68,247,8.65,14
d2c2b2d5,35320,SR Tendulkar,SR Tendulkar,Mumbai Indians,2008-05-14,2013-05-13,78,78,11,2334,1948,100*,34.84,119.82,1,13,295,29,16.63,39.94,2.1,4,36,58,0,,9.67,,0/7,0,0,11.11,23,0,1143,982,116.4,0,,0,967,829,116.65,30,7.8,0,224,137,163.5,6,19.0,0
be869ccf,643433,GHS Garton,GHS Garton,Sussex,2016-06-26,2025-12-13,98,67,22,730,532,46,16.22,137.22,0,0,65,30,17.86,36.47,7.1,89,1419,2111,80,26.39,8.93,17.74,4/16,4,0,38.13,36,0,4,2,200.0,744,8.54,36,278,249,111.65,402,8.54,24,448,281,159.43,273,10.55,20
edc7ddb6,781285,J Weatherald,J Weatherald,Adelaide Strikers,2016-12-21,2025-01-05,98,97,7,2324,1776,115,25.82,130.86,1,15,232,92,18.24,40.82,2.2,0,0,0,0,,,,,0,0,,35,0,1194,1006,118.69,0,,0,968,684,141.52,0,,0,162,86,188.37,0,,0
a1d053dd,495551,SS Cottrell,SS Cottrell,St Kitts and Nevis Patriots,2013-08-01,2024-01-21,95,33,10,182,140,26*,7.91,130.0,0,0,12,13,17.86,50.71,8.8,94,1942,2516,107,23.51,7.77,18.15,4/20,1,0,45.37,38,0,0,0,,1194,6.94,60,34,33,103.03,333,7.53,17,148,107,138.32,415,10.35,30
bafb9238,1123428,Usman Khan,Usman Khan (2),Multan Sultans,2021-03-03,2026-09-12,77,76,7,2321,1541,123,33.64,150.62,6,10,259,94,22.91,36.79,2.8,0,0,0,0,,,,,0,0,,43,3,1013,709,142.88,0,,0,1080,691,156.3,0,,0,228,141,161.7,0,,0
a386e91b,10772,PD Collingwood,PD Collingwood,Durham,2010-03-29,2018-08-24,70,65,11,1434,1165,108*,26.56,123.09,1,6,101,47,12.7,33.56,4.4,58,1100,1326,44,30.14,7.23,25.0,4/24,1,0,27.0,26,0,208,205,101.46,12,9.5,0,841,732,114.89,984,6.96,36,385,228,168.86,104,9.58,8
e9c7f0d0,974175,Fazalhaq Farooqi,Fazalhaq Farooqi,MI Emirates,2022-02-08,2026-07-25,84,14,9,27,40,16*,5.4,67.5,0,0,2,1,7.5,60.0,10.7,83,1867,2521,114,22.11,8.1,16.38,5/16,5,1,38.89,14,0,1,2,50.0,972,7.77,46,0,1,0.0,324,7.54,17,26,37,70.27,571,8.99,51
85b3fab2,595978,T Stubbs,T Stubbs,Sunrisers Eastern Cape,2022-05-12,2026-07-18,109,97,37,2224,1555,71*,37.07,143.02,0,10,137,102,15.37,25.85,5.4,9,87,128,4,32.0,8.83,21.75,2/11,0,0,31.03,68,4,60,66,90.91,3,0.0,0,968,850,113.88,78,9.46,4,1196,639,187.17,6,5.0,0
3540beff,7069,SNJ O'Keefe,SNJ O'Keefe,Sydney Sixers,2012-01-10,2024-01-24,100,39,16,317,293,48,13.78,108.19,0,0,29,5,11.6,41.98,7.9,95,2003,2201,99,22.23,6.59,20.23,4/10,3,0,35.5,30,0,43,41,104.88,636,6.42,33,125,122,102.46,1176,6.44,53,149,130,114.62,191,8.14,13
844e79d1,1070665,D Brevis,D Brevis,MI Cape Town,2022-04-06,2026-05-21,95,86,11,2193,1478,101,29.24,148.38,1,11,125,166,19.69,37.48,3.9,6,45,65,5,13.0,8.67,9.0,1/7,0,0,33.33,56,0,337,319,105.64,0,,0,1384,938,147.55,42,8.14,4,472,221,213.57,3,16.0,1
77255a9e,446763,RA Tripathi,RA Tripathi,Sunrisers Hyderabad,2017-04-11,2025-04-14,100,98,11,2291,1662,93,26.33,137.85,0,12,229,85,18.89,36.34,3.2,1,6,12,0,,12.0,,0/12,0,0,0.0,34,0,1013,726,139.53,0,,0,1059,785,134.9,6,12.0,0,219,151,145.03,0,,0
69d03465,326434,AT Carey,AT Carey,Adelaide Strikers,2017-01-18,2026-01-17,75,73,5,2282,1716,101,33.56,132.98,2,14,225,63,16.78,34.27,2.6,0,0,0,0,,,,,0,0,,61,7,856,673,127.19,0,,0,1127,857,131.51,0,,0,299,186,160.75,0,,0
903560ed,555853,MT Steketee,MT Steketee,Brisbane Heat,2014-01-02,2025-01-22,78,38,11,199,196,33,7.37,101.53,0,0,11,9,10.2,47.96,8.8,77,1608,2397,104,23.05,8.94,15.46,5/17,3,1,38.31,22,0,0,0,,768,7.87,40,63,80,78.75,400,8.91,20,136,116,117.24,440,10.85,44
f422728b,1163855,H Kerr,H Kerr,Sydney Sixers,2019-12-18,2026-01-05,78,46,13,634,497,98*,19.21,127.57,0,1,41,20,12.27,31.19,6.4,75,1426,1992,82,24.29,8.38,17.39,4/32,1,0,30.72,25,0,116,75,154.67,414,8.58,18,233,208,112.02,594,7.78,31,285,214,133.18,418,9.04,33
2c25d4f5,1119026,D Padikkal,D Padikkal,Royal Challengers Bangalore,2020-09-21,2026-05-31,90,89,4,2270,1705,101*,26.71,133.14,1,14,239,80,18.71,38.24,2.7,0,0,0,0,,,,,0,0,,41,0,1074,804,133.58,0,,0,1058,804,131.59,0,,0,138,97,142.27,0,,0
0605de92,331375,HD Rutherford,HD Rutherford,Otago,2013-01-20,2024-01-23,108,103,2,2229,1598,100,22.07,139.49,1,9,242,90,20.78,39.99,1.2,6,66,80,2,40.0,7.27,33.0,1/6,0,0,27.27,22,0,1643,1163,141.27,0,,0,541,406,133.25,54,7.0,2,45,29,155.17,12,8.5,0
4d9f9686,436677,Soumya Sarkar,Soumya Sarkar,Rangpur Riders,2012-02-27,2026-01-18,106,103,10,1761,1527,88*,18.94,115.32,0,8,178,63,15.78,43.81,2.7,38,529,820,25,32.8,9.3,21.16,2/12,0,0,27.03,42,0,890,815,109.2,0,,0,683,592,115.37,366,8.11,14,188,120,156.67,163,11.96,11
244048f6,1125976,Arshdeep Singh,Arshdeep Singh,Punjab Kings,2019-04-16,2026-05-23,97,15,9,32,47,10*,5.33,68.09,0,0,4,0,8.51,65.96,10.8,95,2032,3111,111,28.03,9.19,18.31,5/32,2,1,35.14,20,0,0,0,,996,8.73,43,4,3,133.33,360,9.08,15,28,44,63.64,676,9.91,53
5b7ab5a9,1108375,CV Varun,CV Varun,Kolkata Knight Riders,2019-03-27,2026-05-24,94,15,9,31,53,10*,5.17,58.49,0,0,3,0,5.66,60.38,10.6,94,2134,2745,111,24.73,7.72,19.23,5/20,1,1,36.22,18,0,0,0,,384,7.91,15,0,3,0.0,1422,7.44,77,31,50,62.0,328,8.71,19
a4e37e47,714451,S Dube,S Dube,Chennai Super Kings,2019-03-23,2026-05-21,92,87,19,2129,1464,95*,31.31,145.42,0,10,132,137,18.37,34.36,4.9,19,154,277,6,46.17,10.79,25.67,2/15,0,0,19.48,27,0,37,46,80.43,0,,0,1328,963,137.9,114,10.58,3,764,455,167.91,40,11.4,3
3fb19989,311592,MA Starc,MA Starc,Royal Challengers Bangalore,2011-12-16,2026-05-24,73,32,19,126,138,29,9.69,91.3,0,0,12,0,8.7,42.03,8.8,71,1536,2207,106,20.82,8.62,14.49,5/35,4,1,40.36,36,0,0,0,,843,8.63,39,38,37,102.7,234,7.97,18,88,101,87.13,459,8.93,49
1274d7ab,629058,Nazmul Hossain Shanto,Nazmul Hossain Shanto,Sylhet Strikers,2016-11-08,2026-01-23,99,95,9,2105,1793,115*,24.48,117.4,2,7,210,56,14.84,40.77,2.5,15,125,148,7,21.14,7.1,17.86,2/2,0,0,40.8,44,1,921,871,105.74,30,9.2,0,1001,790,126.71,78,6.23,5,183,132,138.64,17,7.41,2
5fbe14fc,280734,Imrul Kayes,Imrul Kayes,Comilla Victorians,2012-02-14,2025-01-22,107,105,11,2235,1889,81*,23.78,118.32,0,11,198,94,15.46,42.67,2.9,0,0,0,0,,,,,0,0,,46,0,758,715,106.01,0,,0,1303,1049,124.21,0,,0,174,125,139.2,0,,0
72918338,562281,AHT Donald,AHT Donald,Glamorgan,2015-07-10,2026-07-12,98,94,5,2231,1305,91,25.07,170.96,0,18,232,119,26.9,36.63,2.2,0,0,0,0,,,,,0,0,,55,2,1555,863,180.19,0,,0,601,390,154.1,0,,0,75,52,144.23,0,,0
b410bd3d,960361,S Lamichhane,S Lamichhane,Hobart Hurricanes,2018-05-12,2026-01-11,91,23,14,68,81,13*,7.56,83.95,0,0,2,1,3.7,44.44,10.1,90,2018,2364,108,21.89,7.03,18.69,4/10,1,0,37.51,11,0,0,0,,348,7.0,23,1,5,20.0,1422,6.61,72,67,76,88.16,248,9.48,13
531f0278,314622,K Santokie,K Santokie,Jamaica Tallawahs,2013-02-07,2020-01-03,74,30,14,167,175,21*,10.44,95.43,0,0,9,9,10.29,50.86,8.8,74,1660,2165,103,21.02,7.83,16.12,4/11,2,0,38.37,13,0,0,0,,786,6.67,30,32,52,61.54,282,7.19,15,135,123,109.76,592,9.66,58
0ecb4de6,1263691,Rehan Ahmed,Rehan Ahmed,Leicestershire,2022-05-26,2026-07-12,70,62,9,909,727,52*,17.15,125.03,0,2,91,38,17.74,43.74,5.1,66,1398,1913,65,29.43,8.21,21.51,4/22,1,0,27.83,18,0,282,248,113.71,12,7.0,0,435,346,125.72,1182,8.13,50,192,133,144.36,204,8.74,15
addfb70e,8076,SW Tait,SW Tait,Rajasthan Royals,2010-03-13,2017-01-08,86,27,14,51,62,12*,3.92,82.26,0,0,3,1,6.45,46.77,10.5,84,1843,2532,107,23.66,8.24,17.22,3/13,0,0,41.18,11,0,0,0,,672,8.23,27,24,19,126.32,635,7.92,31,27,43,62.79,536,8.64,49
f56cd097,300619,Rubel Hossain,Rubel Hossain,Rangpur Riders,2013-01-31,2025-01-19,84,23,12,66,69,12,6.0,95.65,0,0,4,3,10.14,52.17,9.9,84,1710,2288,106,21.58,8.03,16.13,4/23,4,0,38.89,19,0,0,0,,630,7.03,35,0,5,0.0,557,7.77,21,66,64,103.12,523,9.51,50
0184dc35,28114,R Dravid,R Dravid,Rajasthan Royals,2008-04-18,2013-05-24,89,82,5,2174,1882,75*,28.23,115.52,0,11,268,28,15.73,41.6,2.8,0,0,0,0,,,,,0,0,,18,0,905,832,108.77,0,,0,1069,931,114.82,0,,0,200,119,168.07,0,,0
71440756,517542,P Coughlin,P Coughlin,Durham,2014-07-24,2026-05-22,67,47,9,792,596,53,20.84,132.89,0,1,52,25,12.92,29.19,6.4,60,1081,1773,69,25.7,9.84,15.67,5/42,2,1,32.56,22,0,39,24,162.5,515,10.19,23,402,327,122.94,306,9.55,19,351,245,143.27,260,9.48,27
c5f40e35,1104697,SW Currie,SW Currie,Hampshire,2020-08-27,2026-07-18,67,25,13,111,109,20,9.25,101.83,0,0,6,4,9.17,40.37,9.2,66,1385,1917,103,18.61,8.3,13.45,4/18,5,0,32.56,27,0,0,0,,396,8.97,19,8,18,44.44,504,7.73,27,103,91,113.19,485,8.36,57
f8fd6e3f,259410,Ahmed Shehzad,Ahmed Shehzad,Quetta Gladiators,2012-02-11,2024-02-23,87,86,5,2105,1754,99,25.99,120.01,0,16,219,63,16.08,42.42,2.0,5,88,139,3,46.33,9.48,29.33,1/26,0,0,15.91,35,0,1135,984,115.35,0,,0,819,671,122.06,78,9.08,2,151,99,152.53,10,12.6,1
9e707e02,737833,KS Carlson,KS Carlson,Glamorgan,2017-07-07,2026-07-12,97,92,3,2125,1413,135,23.88,150.39,2,7,197,99,20.95,35.6,2.5,4,32,60,2,30.0,11.25,16.0,2/13,0,0,31.25,40,0,1222,792,154.29,6,12.0,0,830,565,146.9,26,11.08,2,73,56,130.36,0,,0
8728a058,11724,R Clarke,R Clarke,Warwickshire,2014-05-30,2021-07-16,73,57,15,902,721,70*,21.48,125.1,0,3,75,33,14.98,36.34,5.4,68,1248,1494,63,23.71,7.18,19.81,4/16,1,0,39.02,42,0,24,46,52.17,744,6.68,34,521,434,120.05,357,7.39,16,357,241,148.13,147,9.22,13
96fd40ae,31820,A Nehra,A Nehra,Delhi Daredevils,2008-04-20,2017-05-06,88,22,15,41,62,22*,5.86,66.13,0,0,3,1,6.45,58.06,10.2,88,1908,2495,106,23.54,7.85,18.0,4/10,1,0,41.82,19,0,0,0,,1093,7.5,40,0,0,,288,7.31,12,41,62,66.13,527,8.86,54
78cb83f3,450075,KOK Williams,KOK Williams,Jamaica Tallawahs,2016-07-02,2022-09-27,85,21,12,58,105,18*,6.44,55.24,0,0,2,2,3.81,65.71,9.8,82,1697,2434,105,23.18,8.61,16.16,4/11,3,0,34.41,19,0,0,0,,432,8.08,19,3,27,11.11,665,8.3,30,55,78,70.51,600,9.32,56
91a4a398,30102,Z Khan,Z Khan,Royal Challengers Bangalore,2008-04-18,2017-05-14,99,32,18,117,141,23*,8.36,82.98,0,0,11,2,9.22,52.48,9.1,99,2200,2782,102,27.27,7.59,21.57,4/17,1,0,39.68,21,0,0,3,0.0,1292,6.74,52,9,29,31.03,301,8.25,13,108,109,99.08,607,9.05,37
91ffa6c6,38373,JD Ryder,JD Ryder,Essex,2009-04-18,2018-01-20,83,82,3,1813,1270,107*,22.95,142.76,1,12,214,68,22.2,41.02,1.7,25,388,524,17,30.82,8.1,22.82,5/27,0,1,31.7,25,0,1315,882,149.09,6,7.0,0,407,334,121.86,330,7.53,14,91,54,168.52,52,11.88,3
b8cc58c9,269280,RR Hendricks,RR Hendricks,Joburg Super Kings,2023-01-11,2026-08-18,77,70,11,2113,1659,96,35.81,127.37,0,18,193,70,15.85,35.2,2.4,4,48,38,2,19.0,4.75,24.0,2/7,0,0,39.58,35,0,653,627,104.15,12,2.5,0,1016,801,126.84,36,5.5,2,444,231,192.21,0,,0
e938e1bc,30732,P Kumar,P Kumar,Kings XI Punjab,2008-04-18,2017-05-13,119,59,21,340,314,34,8.95,108.28,0,0,22,17,12.42,47.45,8.5,119,2524,3251,90,36.12,7.73,28.04,3/18,0,0,42.59,14,0,6,8,75.0,1572,6.69,40,40,45,88.89,360,7.75,14,294,261,112.64,592,10.46,36
01a95383,511247,MD Taylor,MD Taylor,Gloucestershire,2015-05-15,2026-07-15,88,45,17,239,220,27,8.54,108.64,0,0,17,8,11.36,40.0,8.8,88,1774,2560,95,26.95,8.66,18.67,4/22,1,0,33.71,23,0,0,0,,930,8.52,41,23,30,76.67,385,7.5,19,216,190,113.68,459,9.92,35
35f173a0,595267,MP Breetzke,MP Breetzke,Durban's Super Giants,2023-01-11,2026-08-26,77,72,6,2132,1555,94,32.3,137.11,0,16,188,95,18.2,36.59,2.4,0,0,0,0,,,,,0,0,,31,0,1078,779,138.38,0,,0,854,666,128.23,0,,0,200,110,181.82,0,,0
13c35c9e,232364,TG Southee,TG Southee,Sharjah Warriorz,2011-04-08,2025-12-24,94,45,17,309,253,64*,11.04,122.13,0,1,18,16,13.44,44.27,8.7,93,2060,2960,91,32.53,8.62,22.64,3/9,0,0,35.73,40,0,0,0,,1086,8.03,35,41,56,73.21,359,8.22,17,268,197,136.04,615,9.9,39
18c78b11,46148,RE Levi,RE Levi,Northamptonshire,2012-04-04,2021-06-20,87,84,4,2126,1491,95*,26.57,142.59,0,13,232,91,21.66,39.7,1.0,0,0,0,0,,,,,0,0,,25,0,1513,1056,143.28,0,,0,562,399,140.85,0,,0,51,36,141.67,0,,0
48ad3373,854909,BM Tickner,BM Tickner,Central Districts,2017-12-13,2026-01-26,74,13,8,41,34,22,8.2,120.59,0,0,3,2,14.71,38.24,10.5,71,1578,2305,104,22.16,8.76,15.17,4/23,4,0,39.73,17,0,0,0,,594,8.91,39,3,4,75.0,684,8.01,38,38,30,126.67,300,10.2,27
e824e6ee,388802,TWM Latham,TWM Latham,Canterbury,2014-01-17,2026-01-31,74,70,2,2120,1508,110,31.18,140.58,2,14,197,86,18.77,33.82,1.9,0,0,0,0,,,,,0,0,,35,1,1056,811,130.21,0,,0,964,635,151.81,0,,0,100,62,161.29,0,,0
0c7f11be,361700,DL Lloyd,DL Lloyd,Glamorgan,2014-05-23,2025-06-08,93,87,4,1979,1490,97*,23.84,132.82,0,12,213,60,18.32,36.78,2.4,17,150,214,7,30.57,8.56,21.43,2/13,0,0,30.0,22,0,1188,872,136.24,30,12.0,2,680,537,126.63,102,8.0,3,111,81,137.04,18,6.0,2
15de1f5d,959833,WA Agar,WA Agar,Adelaide Strikers,2017-01-10,2026-01-16,81,26,10,108,100,15,6.75,108.0,0,0,9,1,10.0,40.0,9.5,80,1594,2419,100,24.19,9.11,15.94,4/6,4,0,36.2,15,0,0,0,,540,9.36,24,16,14,114.29,570,8.06,38,92,86,106.98,484,10.05,38
ed90abe4,36948,AP Devcich,AP Devcich,Northern Districts,2014-01-17,2021-02-06,67,61,5,1447,998,102,25.84,144.99,1,9,161,57,21.84,37.37,2.8,39,690,864,33,26.18,7.51,20.91,4/12,2,0,35.36,21,0,694,479,144.89,336,7.27,10,554,414,133.82,258,7.16,11,199,105,189.52,96,9.31,12
95a06106,857979,GLS Scrimshaw,GLS Scrimshaw,Derbyshire,2017-08-05,2026-07-15,75,15,11,27,47,6*,6.75,57.45,0,0,1,0,2.13,53.19,10.9,74,1481,2218,104,21.33,8.99,14.24,4/19,1,0,33.56,12,0,0,0,,294,10.27,10,3,6,50.0,860,8.85,52,24,41,58.54,327,8.18,42
450f6fa6,22559,GG Wagg,GG Wagg,Glamorgan,2014-05-16,2020-09-20,77,53,20,723,589,53*,21.91,122.75,0,3,51,26,13.07,35.99,6.6,68,1299,1907,69,27.64,8.81,18.83,4/27,1,0,26.02,19,0,18,25,72.0,288,8.58,14,275,261,105.36,504,7.81,20,430,303,141.91,507,9.93,35
922e1b19,665053,Z Crawley,Z Crawley,Kent,2018-08-12,2026-07-12,87,86,6,2100,1512,108*,26.25,138.89,1,10,217,66,18.72,35.98,1.9,0,0,0,0,,,,,0,0,,39,0,1259,912,138.05,0,,0,677,529,127.98,0,,0,164,71,230.99,0,,0
2b6e6dec,5390,AC Gilchrist,AC Gilchrist,Deccan Chargers,2008-04-20,2013-05-18,80,80,4,2069,1495,109*,27.22,138.39,2,11,239,92,22.14,45.28,1.2,1,1,0,1,0.0,0.0,1.0,1/0,0,0,100.0,51,16,1385,1033,134.08,0,,0,621,430,144.42,0,,0,63,32,196.88,1,0.0,1
3f1066d0,1108490,Waqar Salamkheil,Waqar Salamkheil,MI Emirates,2019-02-02,2026-09-10,86,15,12,24,48,7,8.0,50.0,0,0,2,0,4.17,66.67,10.9,84,1757,2389,103,23.19,8.16,17.06,4/14,3,0,37.34,7,0,0,0,,78,7.15,6,5,12,41.67,1446,7.87,77,19,36,52.78,233,10.3,20
5bb5a915,46538,M Morkel,M Morkel,Delhi Daredevils,2009-05-07,2021-02-04,90,28,13,137,116,23*,9.13,118.1,0,0,11,5,13.79,43.1,9.2,90,2061,2728,97,28.12,7.94,21.25,4/20,1,0,41.1,11,0,0,0,,1080,7.41,43,10,9,111.11,507,7.76,17,127,107,118.69,474,9.35,37
e3a949be,440517,D Cleaver,D Cleaver,Central Districts,2017-12-13,2026-01-26,82,81,6,2075,1522,114*,27.67,136.33,1,9,220,57,18.2,34.23,3.2,0,0,0,0,,,,,0,0,,56,14,781,606,128.88,0,,0,1032,762,135.43,0,,0,262,154,170.13,0,,0
ed6894af,596099,D Foxcroft,D Foxcroft,Otago,2018-12-31,2026-01-26,56,52,10,1608,1259,82*,38.29,127.72,0,13,145,49,15.41,35.11,3.4,38,512,711,23,30.91,8.33,22.26,5/11,1,1,26.56,26,0,469,422,111.14,62,12.48,2,851,646,131.73,372,7.65,16,288,191,150.79,78,8.31,5
ada15e88,334337,PSP Handscomb,PSP Handscomb,Melbourne Stars,2012-12-12,2025-01-22,131,115,23,2067,1761,103*,22.47,117.38,1,7,158,43,11.41,32.2,4.1,0,0,0,0,,,,,0,0,,63,13,496,469,105.76,0,,0,1074,960,111.88,0,,0,497,332,149.7,0,,0
14b14cd8,277472,DM Bravo,DM Bravo,Trinbago Knight Riders,2013-07-31,2025-09-21,109,95,23,2066,1784,94*,28.69,115.81,0,11,116,125,13.51,43.78,4.3,0,0,0,0,,,,,0,0,,43,0,218,280,77.86,0,,0,1282,1176,109.01,0,,0,566,328,172.56,0,,0
23eeb873,447261,DL Chahar,DL Chahar,Chennai Super Kings,2016-05-17,2026-05-24,103,21,11,142,103,39,14.2,137.86,0,0,8,9,16.5,39.81,8.7,103,2068,2862,96,29.81,8.3,21.54,4/13,2,0,42.12,16,0,0,0,,1605,8.06,72,61,39,156.41,258,8.44,8,81,64,126.56,205,10.01,16
23cca426,820691,OF Smith,OF Smith,Guyana Amazon Warriors,2017-08-09,2026-09-12,84,57,22,642,509,44,18.34,126.13,0,0,41,47,17.29,49.12,6.9,76,1254,2114,71,29.77,10.11,17.66,4/30,1,0,34.77,25,0,59,63,93.65,150,10.52,3,183,151,121.19,744,9.38,36,400,295,135.59,360,11.47,32
d1305df0,485379,AGS Gous,AGS Gous,Washington Freedom,2023-07-14,2026-08-19,76,74,13,2061,1436,132,33.79,143.52,2,12,184,105,20.13,37.6,2.9,0,0,0,0,,,,,0,0,,36,7,831,645,128.84,0,,0,922,623,147.99,0,,0,308,168,183.33,0,,0
6042bf26,7443,NJ Rimmington,NJ Rimmington,Durham,2011-04-10,2020-09-20,89,34,17,179,176,26,10.53,101.7,0,0,7,5,6.82,38.07,9.2,89,1783,2469,94,26.27,8.31,18.97,4/26,2,0,32.7,19,0,0,0,,582,8.04,22,51,60,85.0,492,7.51,19,128,116,110.34,709,9.08,53
7147f314,373538,Sabbir Rahman,Sabbir Rahman,Sylhet Sixers,2012-02-11,2026-01-18,113,104,12,2018,1652,122,21.93,122.15,1,6,144,98,14.65,40.44,4.3,8,54,68,2,34.0,7.56,27.0,1/8,0,0,35.19,56,0,441,431,102.32,0,,0,1089,920,118.37,42,8.57,2,488,301,162.13,12,4.0,0
0f21680d,23513,GG White,GG White,Northamptonshire,2014-05-16,2023-05-31,103,49,23,398,285,37*,15.31,139.65,0,0,36,21,20.0,42.11,8.6,94,1791,2468,83,29.73,8.27,21.58,4/20,2,0,25.46,40,0,0,0,,108,8.11,7,69,69,100.0,1517,8.09,67,329,216,152.31,166,9.98,9
04a418e8,1079434,R Parag,R Parag,Rajasthan Royals,2019-04-11,2026-05-29,97,86,13,1875,1300,95,25.68,144.23,0,9,135,108,18.69,34.77,5.0,34,319,515,9,57.22,9.69,35.44,1/5,0,0,21.94,49,0,187,136,137.5,12,8.0,1,1117,808,138.24,294,9.55,8,571,356,160.39,13,14.31,0
ab01e323,663613,SA Zaib,SA Zaib,Northamptonshire,2017-07-27,2026-07-18,94,84,20,1633,1115,92,25.52,146.46,0,8,155,62,19.46,30.85,5.3,41,488,657,21,31.29,8.08,23.24,3/12,0,0,29.1,41,0,65,64,101.56,78,9.15,2,812,627,129.51,362,8.06,15,756,424,178.3,48,6.5,4
9a963804,19264,LE Plunkett,LE Plunkett,Yorkshire,2014-05-16,2025-07-09,78,44,17,356,255,36,13.19,139.61,0,0,28,11,15.29,27.84,7.7,78,1514,2131,84,25.37,8.45,18.02,4/36,1,0,32.5,23,0,0,0,,426,8.77,23,58,56,103.57,750,7.7,34,298,199,149.75,338,9.67,27
05b1aef8,959771,NG Smith,NG Smith,Wellington,2018-12-28,2025-07-11,70,47,11,548,425,51*,15.22,128.94,0,1,35,22,13.41,33.65,6.8,65,1291,1787,74,24.15,8.31,17.45,5/14,2,1,36.64,27,0,47,48,97.92,648,7.39,33,286,229,124.89,234,7.38,11,215,148,145.27,409,10.28,30
ac5ae4af,328026,I Udana,I Udana,Royal Challengers Bangalore,2013-02-11,2024-07-21,79,47,16,507,381,72,16.35,133.07,0,2,35,29,16.8,42.52,8.3,77,1520,2225,76,29.28,8.78,20.0,5/21,0,1,35.59,22,0,0,0,,582,8.68,21,132,125,105.6,402,8.03,21,375,256,146.48,536,9.46,34
f0af99a7,698315,D Ferreira,D Ferreira,Joburg Super Kings,2023-01-11,2026-07-12,90,78,17,1587,970,82*,26.02,163.61,0,7,105,112,22.37,34.74,5.8,33,474,587,22,26.68,7.43,21.55,3/14,0,0,32.91,61,8,63,37,170.27,90,7.87,2,710,513,138.4,348,7.05,17,814,420,193.81,36,10.0,3
f787e0eb,1088610,J Edwards,J Edwards,Sydney Sixers,2018-12-22,2026-07-09,80,60,5,860,713,47,15.64,120.62,0,0,81,22,14.45,38.43,4.0,50,981,1382,58,23.83,8.45,16.91,5/26,1,1,37.82,36,0,384,331,116.01,372,8.27,19,328,273,120.15,384,7.92,17,148,109,135.78,225,9.65,22
d7725664,450101,RA Reifer,RA Reifer,Barbados Tridents,2013-08-13,2024-10-06,79,65,19,879,799,65*,19.11,110.01,0,2,61,35,12.02,40.3,6.4,54,854,1267,57,22.23,8.9,14.98,5/20,1,1,33.37,21,0,57,91,62.64,149,8.34,10,413,417,99.04,420,7.99,20,409,291,140.55,285,10.55,27
bc2d4f2e,1076722,W Sutherland,W Sutherland,Melbourne Renegades,2018-12-20,2026-01-17,84,73,19,958,710,70,17.74,134.93,0,3,53,48,14.23,35.07,6.8,73,1293,1963,53,37.04,9.11,24.4,3/14,0,0,33.26,40,0,2,6,33.33,420,9.03,12,429,337,127.3,615,8.85,22,527,367,143.6,258,9.86,19
68ddabdb,41324,Mohammad Sami,Mohammad Sami,Islamabad United,2012-02-11,2019-03-15,84,32,12,158,146,20*,7.9,108.22,0,0,11,5,10.96,41.78,9.2,84,1837,2071,93,22.27,6.76,19.75,5/6,2,2,44.47,23,0,0,0,,882,6.05,28,17,28,60.71,300,6.1,17,141,118,119.49,655,8.03,48
1558d83b,499660,GS Sandhu,GS Sandhu,Sydney Thunder,2012-12-08,2026-01-15,84,33,20,157,153,20*,12.08,102.61,0,0,11,3,9.15,41.83,9.2,83,1621,2250,93,24.19,8.33,17.43,4/22,4,0,35.53,20,0,0,3,0.0,714,7.05,37,6,7,85.71,474,8.9,21,151,143,105.59,433,9.81,35
119678fd,30288,KV Sharma,KV Sharma,Sunrisers Hyderabad,2009-04-22,2025-05-21,90,41,15,352,295,39*,13.54,119.32,0,0,20,17,12.54,38.31,7.6,87,1585,2215,83,26.69,8.38,19.1,4/16,2,0,31.99,23,0,7,9,77.78,156,7.19,6,97,105,92.38,1308,8.31,67,248,181,137.02,121,10.76,10
9e52a414,990031,Towhid Hridoy,Towhid Hridoy,Fortune Barishal,2019-01-06,2026-08-08,78,74,12,2010,1471,109,32.42,136.64,2,13,181,80,17.74,35.21,3.2,2,18,15,0,,5.0,,0/4,0,0,44.44,30,0,641,524,122.33,6,8.0,0,968,730,132.6,12,3.5,0,401,217,184.79,0,,0
1f7adc8a,56268,Arafat Sunny,Arafat Sunny,Chittagong Kings,2012-02-12,2026-01-17,94,40,22,209,250,27*,11.61,83.6,0,0,14,3,6.8,46.4,9.4,91,1707,1985,90,22.06,6.98,18.97,4/14,2,0,42.41,23,0,0,0,,635,7.05,27,24,37,64.86,925,6.87,53,185,213,86.85,147,7.35,10
9c643d7b,1231590,JM Coles,JM Coles,Sussex,2023-05-26,2026-07-08,53,49,10,1182,804,77*,30.31,147.01,0,7,107,37,17.91,25.37,4.6,48,877,1252,41,30.54,8.57,21.39,4/12,2,0,30.9,30,0,171,124,137.9,168,8.89,5,748,520,143.85,600,8.15,29,263,160,164.38,109,10.35,7
1066a976,410316,AL Hughes,AL Hughes,Derbyshire,2014-05-23,2022-07-09,90,69,18,898,725,43*,17.61,123.86,0,0,66,27,12.83,33.38,6.6,86,1469,1995,55,36.27,8.15,26.71,4/42,1,0,24.57,34,0,18,29,62.07,48,8.88,2,382,360,106.11,1235,7.89,41,498,336,148.21,186,9.65,12
9948e262,337790,HE van der Dussen,HE van der Dussen,MI Cape Town,2018-09-01,2026-01-18,71,70,10,1995,1506,104*,33.25,132.47,2,8,142,91,15.47,34.66,2.5,0,0,0,0,,,,,0,0,,14,0,924,685,134.89,0,,0,847,691,122.58,0,,0,224,130,172.31,0,,0
97f437ed,559062,NF Kelly,NF Kelly,Wellington,2017-12-16,2026-07-05,88,82,8,1932,1512,95*,26.11,127.78,0,12,192,72,17.46,41.01,3.2,3,36,49,3,16.33,8.17,12.0,2/11,0,0,27.78,40,0,733,592,123.82,0,,0,968,770,125.71,30,8.4,3,231,150,154.0,6,7.0,0
8919756f,550133,Mosaddek Hossain,Mosaddek Hossain,Dhaka Dynamites,2015-11-22,2025-01-29,95,80,23,1323,1194,60*,23.21,110.8,0,2,112,39,12.65,39.45,5.7,61,857,1137,33,34.45,7.96,25.97,2/9,0,0,33.37,28,0,19,34,55.88,240,7.92,8,669,700,95.57,516,7.57,21,635,460,138.04,101,10.04,4
93e06301,21577,PD Trego,PD Trego,Somerset,2012-02-14,2021-07-18,80,77,9,1719,1301,94*,25.28,132.13,0,10,192,47,18.37,35.74,3.3,23,258,413,13,31.77,9.6,19.85,2/18,0,0,28.29,22,0,611,508,120.28,102,8.53,6,871,627,138.92,120,9.05,3,237,166,142.77,36,14.5,4
5bb1a1c4,236779,I Sharma,I Sharma,Delhi Capitals,2008-04-18,2025-05-02,117,28,22,57,69,10*,9.5,82.61,0,0,4,2,8.7,53.62,10.1,117,2419,3377,96,35.18,8.38,25.2,5/12,0,1,41.3,20,0,0,0,,1521,7.44,57,12,14,85.71,432,8.93,17,45,55,81.82,466,10.93,22
03806cf8,288284,JR Hazlewood,JR Hazlewood,Royal Challengers Bengaluru,2011-12-16,2026-05-31,70,12,10,36,45,12*,18.0,80.0,0,0,4,0,8.89,48.89,10.7,70,1578,2182,97,22.49,8.3,16.27,4/12,3,0,40.94,12,0,0,0,,804,7.84,37,2,11,18.18,331,7.34,19,34,34,100.0,443,9.85,41
94eac556,6903,CJ McKay,CJ McKay,Leicestershire,2011-12-17,2017-08-23,73,26,12,153,153,15*,10.93,100.0,0,0,8,3,7.19,35.29,9.1,73,1538,1956,91,21.49,7.63,16.9,5/11,2,1,37.19,15,0,0,0,,648,7.19,42,30,37,81.08,372,7.39,11,123,116,106.03,518,8.36,38
bb34fd31,990039,Shoriful Islam,Shoriful Islam,Chittagong Kings,2019-01-06,2026-04-13,71,34,15,106,112,14*,5.58,94.64,0,0,8,6,12.5,58.93,9.6,70,1452,2048,93,22.02,8.46,15.61,5/9,4,1,42.84,22,0,0,0,,774,7.45,38,5,14,35.71,197,8.38,14,101,98,103.06,481,10.13,41
f655d740,859899,CG Harrison,CG Harrison,Nottinghamshire,2020-09-10,2026-07-18,79,50,21,363,316,30,12.52,114.87,0,0,26,8,10.76,32.91,8.2,73,1416,1798,80,22.48,7.62,17.7,5/9,3,1,27.4,51,0,2,3,66.67,14,5.57,0,84,91,92.31,1220,7.44,65,277,222,124.77,182,8.97,15
d26e0405,641385,MK Andersson,MK Andersson,Middlesex,2018-08-17,2026-07-12,71,62,12,1060,812,81*,21.2,130.54,0,7,101,31,16.26,33.99,4.6,52,802,1372,45,30.49,10.26,17.82,6/23,0,1,26.31,38,0,428,307,139.41,168,10.21,8,393,334,117.66,476,9.54,23,239,171,139.77,158,12.49,14
c042b412,1104703,FJ Klaassen,FJ Klaassen,Kent,2019-07-20,2026-06-28,87,23,15,138,111,21*,17.25,124.32,0,0,9,3,10.81,25.23,10.0,85,1793,2615,91,28.74,8.75,19.7,4/17,2,0,35.19,30,0,0,0,,882,7.75,39,7,6,116.67,342,9.04,15,131,105,124.76,569,10.13,37
99d7d5b7,1203669,Akif Javed,Akif Javed,Rangpur Riders,2020-02-20,2026-08-08,69,16,9,55,51,32,7.86,107.84,0,0,7,2,17.65,54.9,10.4,68,1457,2136,95,22.48,8.8,15.34,4/23,5,0,39.46,18,0,0,0,,678,7.65,41,19,10,190.0,336,7.52,17,36,41,87.8,443,11.51,37
6f049d41,18048,CD Nash,CD Nash,Sussex,2014-01-03,2020-10-04,63,61,7,1752,1298,112*,32.44,134.98,1,15,197,51,19.11,36.67,1.2,20,264,351,10,35.1,7.98,26.4,2/19,0,0,22.73,20,0,1051,777,135.26,0,,0,591,456,129.61,234,7.79,9,110,65,169.23,30,9.4,1
a77472dc,1098186,G Stewart,G Stewart,Kent,2018-08-16,2026-07-12,78,54,20,431,335,37,12.68,128.66,0,0,26,23,14.63,37.31,7.5,74,1321,2142,76,28.18,9.73,17.38,4/32,2,0,26.72,16,0,3,5,60.0,402,9.49,16,80,84,95.24,561,8.88,26,348,246,141.46,358,11.33,34
0a4736eb,494230,Asif Ali,Asif Ali,Islamabad United,2016-02-12,2026-04-18,150,129,27,1909,1303,75,18.72,146.51,0,4,112,136,19.03,39.83,5.8,1,18,27,2,13.5,9.0,9.0,2/27,0,0,16.67,54,0,85,95,89.47,0,,0,938,725,129.38,18,9.0,2,886,483,183.44,0,,0
894b2d25,1027781,MJ Potts,MJ Potts,Durham,2019-07-19,2026-07-12,64,28,13,206,164,40*,13.73,125.61,0,0,15,7,13.41,31.71,9.3,63,1323,1870,87,21.49,8.48,15.21,5/17,0,1,35.3,23,0,0,0,,690,8.18,30,86,65,132.31,127,6.57,8,120,99,121.21,506,9.37,49
39a2dfa8,423838,R Tewatia,R Tewatia,Gujarat Titans,2014-05-05,2026-05-31,124,92,37,1302,943,68,23.67,138.07,0,2,110,62,18.24,35.95,6.3,52,843,1111,32,34.72,7.91,26.34,3/18,0,0,31.32,44,0,6,9,66.67,12,7.5,0,391,388,100.77,786,7.95,28,905,546,165.75,45,7.33,4
ed12fcd7,1093092,BWM Mike,BWM Mike,Leicestershire,2019-07-21,2026-06-28,74,59,20,719,493,39,18.44,145.84,0,0,53,32,17.24,29.41,7.3,65,1036,1740,61,28.52,10.08,16.98,4/22,1,0,30.41,33,0,25,18,138.89,342,10.18,12,229,200,114.5,426,9.3,24,465,275,169.09,268,11.19,25
54745c20,11770,V Chopra,V Chopra,Essex,2014-05-30,2021-07-16,64,64,5,1938,1505,116,32.85,128.77,2,14,163,68,15.35,33.95,1.7,0,0,0,0,,,,,0,0,,17,0,1092,854,127.87,0,,0,687,559,122.9,0,,0,159,92,172.83,0,,0
eef2536f,694211,Avesh Khan,Avesh Khan,Lucknow Super Giants,2017-05-14,2026-05-10,82,18,14,68,43,19*,17.0,158.14,0,0,7,4,25.58,44.19,9.8,82,1767,2734,93,29.4,9.28,19.0,4/24,1,0,34.52,15,0,0,0,,605,9.57,22,12,4,300.0,510,8.41,27,56,39,143.59,652,9.7,44
93f25f4f,547756,BR Hampton,BR Hampton,Northern Districts,2017-12-16,2026-04-21,75,68,7,1168,842,65,19.15,138.72,0,6,84,72,18.53,40.38,4.7,41,590,876,38,23.05,8.91,15.53,3/1,0,0,29.66,40,0,304,198,153.54,150,9.12,7,700,530,132.08,252,8.36,17,164,114,143.86,188,9.48,14
4ae1755b,911707,HC Brook,HC Brook,Yorkshire,2018-07-05,2023-05-21,77,74,16,1897,1292,102*,32.71,146.83,2,7,157,79,18.27,28.56,4.3,2,12,26,1,26.0,13.0,12.0,1/13,0,0,25.0,47,0,324,254,127.56,0,,0,945,703,134.42,12,13.0,1,628,335,187.46,0,,0
ea27a674,243944,AJ Blake,AJ Blake,Kent,2014-05-23,2023-07-02,120,108,25,1896,1364,71*,22.84,139.0,0,10,139,90,16.79,33.72,5.3,8,78,96,1,96.0,7.38,78.0,1/17,0,0,30.77,67,0,154,117,131.62,36,7.5,0,871,746,116.76,36,7.17,1,871,501,173.85,6,8.0,0
2b55c3b4,444970,JJ Peirson,JJ Peirson,Brisbane Heat,2014-12-21,2026-01-18,124,112,24,1914,1559,72*,21.75,122.77,0,7,162,48,13.47,34.57,4.5,0,0,0,0,,,,,0,0,,73,17,473,396,119.44,0,,0,808,767,105.35,0,,0,633,396,159.85,0,,0
b5781ac3,914623,L Trevaskis,L Trevaskis,Durham,2017-07-25,2026-07-08,87,59,23,473,399,31*,13.14,118.55,0,0,30,18,12.03,37.84,7.5,80,1642,2179,72,30.26,7.96,22.81,4/16,1,0,30.57,50,0,17,16,106.25,432,8.62,22,161,165,97.58,1063,7.55,38,295,218,135.32,147,8.98,12
4af9f5d4,547764,CD Fletcher,CD Fletcher,Canterbury,2017-12-14,2026-01-26,96,83,31,1911,1401,80*,36.75,136.4,0,11,127,85,15.13,30.41,5.6,0,0,0,0,,,,,0,0,,64,15,89,100,89.0,0,,0,990,801,123.6,0,,0,832,500,166.4,0,,0
68c56d09,625960,KA Jamieson,KA Jamieson,Canterbury,2018-01-07,2026-05-01,63,40,21,381,310,45*,20.05,122.9,0,0,27,12,12.58,35.81,8.0,62,1323,1769,76,23.28,8.02,17.41,6/7,2,1,43.01,14,0,0,0,,779,7.47,37,90,112,80.36,332,8.2,24,291,198,146.97,212,9.76,15
9e9af5f2,1185538,Mohammad Wasim,Mohammad Wasim,Islamabad United,2021-02-21,2026-07-26,71,40,16,278,212,26*,11.58,131.13,0,0,20,17,17.45,45.28,8.2,71,1562,2444,81,30.17,9.39,19.28,4/31,1,0,31.31,32,0,12,12,100.0,408,8.76,17,37,44,84.09,534,8.62,15,229,156,146.79,620,10.46,49
64839cb3,1194795,M Pathirana,M Pathirana,Chennai Super Kings,2022-05-15,2026-05-16,70,8,5,16,27,8,5.33,59.26,0,0,2,0,7.41,66.67,10.6,70,1491,2177,94,23.16,8.76,15.86,4/20,3,0,34.0,20,0,0,0,,98,7.78,5,1,7,14.29,639,8.55,30,15,20,75.0,754,9.06,59
8b3e9c7c,1070168,PP Shaw,PP Shaw,Delhi Capitals,2018-04-23,2024-04-29,79,79,0,1892,1283,99,23.95,147.47,0,14,238,61,23.3,37.72,1.1,0,0,0,0,,,,,0,0,,18,0,1347,919,146.57,0,,0,515,343,150.15,0,,0,30,21,142.86,0,,0
d3868bd0,407265,JH Davey,JH Davey,Somerset,2016-07-08,2026-07-12,61,27,22,231,168,37*,46.2,137.5,0,0,22,5,16.07,25.0,9.4,60,1136,1702,83,20.51,8.99,13.69,4/34,2,0,34.33,19,0,0,0,,540,8.86,31,25,22,113.64,228,8.84,19,206,146,141.1,368,9.28,33
086f5984,259551,Junaid Khan,Junaid Khan,Khulna Titans,2014-05-17,2020-11-15,69,27,16,27,65,9,2.45,41.54,0,0,1,0,1.54,67.69,10.0,68,1541,1940,93,20.86,7.55,16.57,4/12,5,0,39.78,18,0,0,0,,570,7.14,30,3,18,16.67,354,7.76,13,24,47,51.06,617,7.82,50
efe3fcc5,696241,R Vasconcelos,R Vasconcelos,Northamptonshire,2018-07-04,2026-07-18,75,74,2,1885,1435,88,26.18,131.36,0,8,259,35,20.49,40.77,1.6,0,0,0,0,,,,,0,0,,32,2,1358,965,140.73,0,,0,510,456,111.84,0,,0,17,14,121.43,0,,0
31803fac,550137,Abu Hider,Abu Hider,Comilla Victorians,2015-11-22,2026-01-17,78,39,17,258,240,28*,11.73,107.5,0,0,17,14,12.92,48.33,8.7,76,1447,1994,81,24.62,8.27,17.86,5/12,3,1,37.46,32,0,0,0,,570,7.49,29,48,68,70.59,551,7.51,29,210,172,122.09,326,10.9,23
2318ba22,219885,TLW Cooper,TLW Cooper,Melbourne Renegades,2011-12-28,2022-01-08,103,92,12,1677,1324,84*,20.96,126.66,0,7,144,57,15.18,38.29,4.5,28,270,351,10,35.1,7.8,27.0,2/12,0,0,38.15,51,0,305,223,136.77,198,8.15,7,903,814,110.93,72,6.83,3,469,287,163.41,0,,0
fe366f34,1210488,C Connolly,C Connolly,Perth Scorchers,2023-01-07,2026-05-23,55,51,11,1333,927,107*,33.33,143.8,1,6,98,75,18.66,37.65,3.8,28,432,493,27,18.26,6.85,16.0,3/23,0,0,36.81,23,0,359,312,115.06,108,6.94,6,649,453,143.27,263,6.57,17,325,162,200.62,61,7.87,4
a343262c,303669,JE Root,JE Root,Yorkshire,2014-05-16,2026-07-12,51,49,12,1452,1087,92*,39.24,133.58,0,12,148,27,16.1,28.89,3.0,26,402,519,21,24.71,7.75,19.14,2/7,0,0,28.36,25,0,538,398,135.18,102,8.06,5,709,556,127.52,204,7.47,8,205,133,154.14,96,8.0,8
f21043a5,300631,MDKJ Perera,MDKJ Perera,MI Emirates,2013-04-06,2026-08-23,81,79,8,1869,1311,102*,26.32,142.56,1,12,194,64,19.68,33.71,2.8,0,0,0,0,,,,,0,0,,20,5,763,535,142.62,0,,0,820,615,133.33,0,,0,286,161,177.64,0,,0
fe5b4367,865833,ZJ Chappell,ZJ Chappell,Derbyshire,2015-07-12,2025-07-18,59,33,17,269,201,34*,16.81,133.83,0,0,20,11,15.42,31.84,7.8,58,1165,1846,80,23.07,9.51,14.56,4/41,1,0,31.59,15,0,3,8,37.5,510,8.98,29,72,45,160.0,324,8.59,21,194,148,131.08,331,11.22,30
9418198b,1161024,P Simran Singh,P Simran Singh,Punjab Kings,2019-04-29,2026-05-23,66,65,2,1865,1189,103,29.6,156.85,1,14,196,94,24.39,37.59,1.9,0,0,0,0,,,,,0,0,,13,2,1152,753,152.99,0,,0,634,392,161.73,0,,0,79,44,179.55,0,,0
4ba44e19,49636,M Muralitharan,M Muralitharan,Chennai Super Kings,2008-04-19,2014-05-22,92,14,6,21,36,6,2.62,58.33,0,0,1,0,2.78,61.11,10.6,92,2112,2262,92,24.59,6.43,22.96,3/11,0,0,39.73,17,0,0,0,,186,6.06,4,0,0,,1531,6.07,62,21,36,58.33,395,7.99,26
b0eaaac6,927119,Ali Khan,Ali Khan,Trinbago Knight Riders,2016-07-15,2026-07-18,93,20,6,80,101,16*,5.71,79.21,0,0,5,3,7.92,54.46,10.3,92,1790,2755,89,30.96,9.23,20.11,4/6,2,0,34.36,17,0,0,0,,619,8.29,29,17,29,58.62,462,9.03,21,63,72,87.5,709,10.2,39
b0482a1d,1170265,Tilak Varma,Tilak Varma,Mumbai Indians,2022-03-27,2026-05-24,68,65,13,1858,1284,101*,35.73,144.7,1,10,143,91,18.22,31.39,4.5,4,22,28,0,,7.64,,0/6,0,0,36.36,44,0,192,164,117.07,6,7.0,0,1123,846,132.74,12,6.5,0,543,274,198.18,4,12.0,0
208f22ea,557298,DJ Worrall,DJ Worrall,Melbourne Stars,2014-01-27,2026-01-22,100,34,21,157,149,62*,12.08,105.37,0,1,12,4,10.74,39.6,9.4,98,2000,2628,85,30.92,7.88,23.53,4/23,1,0,43.3,22,0,0,0,,1320,7.23,47,42,32,131.25,354,7.24,13,115,117,98.29,326,11.23,25
30afc92b,781705,Salman Irshad,Salman Irshad,Peshawar Zalmi,2018-03-02,2026-04-26,73,22,13,36,53,8*,4.0,67.92,0,0,1,2,5.66,58.49,10.5,73,1535,2243,91,24.65,8.77,16.87,4/27,2,0,31.01,10,0,0,0,,360,7.77,13,3,6,50.0,552,8.59,22,33,47,70.21,623,9.51,56
c3d1402f,35280,RP Singh,RP Singh,Deccan Chargers,2008-04-20,2016-05-10,82,30,15,52,76,10,3.47,68.42,0,0,2,1,3.95,51.32,9.6,82,1775,2338,90,25.98,7.9,19.72,4/22,2,0,41.92,29,0,0,0,,1002,7.16,35,2,6,33.33,246,8.07,10,50,70,71.43,527,9.24,45
bc773eeb,215152,JM Bird,JM Bird,Sydney Sixers,2012-01-04,2025-01-01,91,26,15,91,106,13*,8.27,85.85,0,0,5,0,4.72,37.74,9.7,90,1821,2291,88,26.03,7.55,20.69,4/16,2,0,41.24,36,0,0,0,,1176,7.57,60,7,10,70.0,504,7.14,16,84,96,87.5,141,8.85,12
6c882e9a,342619,PBB Rajapaksa,PBB Rajapaksa,Galle Gladiators,2019-12-11,2026-08-08,101,95,10,1839,1327,96*,21.64,138.58,0,7,159,93,18.99,37.6,3.7,2,18,32,0,,10.67,,0/10,0,0,16.67,30,0,486,342,142.11,6,10.0,0,1001,768,130.34,12,11.0,0,352,217,162.21,0,,0
33155d1b,9062,IR Bell,IR Bell,Warwickshire,2014-08-23,2020-09-04,59,57,6,1837,1406,131,36.02,130.65,1,14,183,48,16.43,35.7,2.1,0,0,0,0,,,,,0,0,,20,0,853,668,127.69,0,,0,783,620,126.29,0,,0,201,118,170.34,0,,0
bed90114,928015,JA Clarkson,JA Clarkson,Central Districts,2017-12-13,2026-01-26,80,76,16,1574,1109,78,26.23,141.93,0,6,96,82,16.05,30.3,5.5,25,301,504,13,38.77,10.05,23.15,2/18,0,0,29.57,29,0,17,31,54.84,12,9.5,0,878,697,125.97,210,9.49,8,679,381,178.22,79,11.62,5
dadbdb68,547766,JA Duffy,JA Duffy,Otago,2013-01-20,2026-05-31,79,36,17,133,106,24,7.0,125.47,0,0,7,6,12.26,35.85,9.8,78,1688,2439,85,28.69,8.67,19.86,5/39,1,1,36.61,27,0,0,0,,870,8.18,36,13,14,92.86,294,7.84,14,120,92,130.43,524,9.95,35
d2a989fc,277955,DS Kulkarni,DS Kulkarni,Rajasthan Royals,2008-04-20,2021-05-01,92,23,14,104,108,28*,11.56,96.3,0,0,7,2,8.33,41.67,9.6,92,1787,2474,86,28.77,8.31,20.78,4/14,1,0,41.52,22,0,0,0,,1018,7.49,44,5,10,50.0,425,8.67,20,99,98,101.02,344,10.27,22
a2f46292,942645,KK Ahmed,KK Ahmed,Delhi Capitals,2018-05-25,2026-04-14,76,7,2,2,9,1*,0.4,22.22,0,0,0,0,0.0,77.78,10.9,76,1657,2474,91,27.19,8.96,18.21,3/21,0,0,41.22,5,0,0,0,,978,8.27,38,0,0,,264,8.41,16,2,9,22.22,415,10.93,37
1957c6b7,350126,LWP Wells,LWP Wells,Lancashire,2014-07-04,2025-09-13,67,62,6,1080,763,87,19.29,141.55,0,5,99,54,20.05,39.32,3.6,55,943,1224,37,33.08,7.79,25.49,2/19,0,0,23.97,30,0,549,386,142.23,0,,0,413,298,138.59,817,7.64,29,118,79,149.37,126,8.76,8
85e0cf10,917159,M Prasidh Krishna,M Prasidh Krishna,Kolkata Knight Riders,2018-05-06,2026-05-31,78,11,8,15,31,6*,5.0,48.39,0,0,1,0,3.23,61.29,10.4,78,1733,2598,90,28.87,8.99,19.26,4/28,3,0,39.64,19,0,0,0,,618,8.18,17,0,0,,555,8.24,31,15,31,48.39,560,10.64,42
d74d1090,297581,MTC Waller,MTC Waller,Somerset,2014-05-18,2021-07-09,95,24,14,90,111,17,9.0,81.08,0,0,6,0,5.41,41.44,10.5,94,1916,2383,86,27.71,7.46,22.28,4/25,2,0,26.83,65,0,0,0,,294,6.65,13,15,19,78.95,1475,7.54,62,75,92,81.52,147,8.29,11
2344bdd1,688141,SR Dickson,SR Dickson,Somerset,2018-07-06,2026-07-12,85,76,23,1809,1254,78,34.13,144.26,0,11,143,73,17.22,28.63,5.3,0,0,0,0,,,,,0,0,,49,0,79,78,101.28,0,,0,1148,826,138.98,0,,0,582,350,166.29,0,,0
4180d897,53191,JE Taylor,JE Taylor,Jamaica Tallawahs,2011-04-25,2019-09-27,71,26,16,127,114,19*,12.7,111.4,0,0,10,6,14.04,45.61,9.4,70,1515,2228,84,26.52,8.82,18.04,5/15,2,1,37.29,9,0,0,0,,714,7.71,34,9,13,69.23,257,7.63,9,118,101,116.83,544,10.85,41
27c5a793,637151,DJ Lamb,DJ Lamb,Lancashire,2017-07-09,2026-06-07,82,52,15,578,504,49,15.62,114.68,0,0,46,17,12.5,37.5,7.2,74,1310,2013,61,33.0,9.22,21.48,5/15,0,1,22.75,13,0,5,4,125.0,258,8.67,11,206,217,94.93,684,8.54,27,367,283,129.68,368,10.86,23
6c6591ab,32130,PP Ojha,PP Ojha,Deccan Chargers,2008-04-20,2015-04-08,92,23,11,16,45,3,1.33,35.56,0,0,0,0,0.0,66.67,10.3,90,1899,2332,89,26.2,7.37,21.34,3/11,0,0,35.12,14,0,0,0,,240,7.92,6,0,2,0.0,1373,6.85,63,16,43,37.21,286,9.4,20
f78e7113,268740,S Prasanna,S Prasanna,Northamptonshire,2015-11-23,2023-08-19,88,66,14,636,448,53,12.23,141.96,0,2,33,50,18.53,41.74,6.6,84,1477,1827,58,31.5,7.42,25.47,3/14,0,0,32.97,29,0,40,31,129.03,148,9.57,9,230,211,109.0,1164,6.97,47,366,206,177.67,165,8.65,2
f5180fe6,6033,MG Johnson,MG Johnson,Kings XI Punjab,2013-04-04,2018-05-06,73,31,18,171,170,16*,13.15,100.59,0,0,10,7,10.0,45.88,8.3,73,1676,2157,81,26.63,7.72,20.69,3/3,0,0,44.51,22,0,0,0,,852,7.16,37,10,20,50.0,456,7.64,13,161,150,107.33,368,9.11,31
28392e11,1272475,Zaman Khan,Zaman Khan,Lahore Qalandars,2022-01-29,2026-01-18,69,16,11,29,41,7*,5.8,70.73,0,0,3,1,9.76,63.41,10.9,69,1424,2021,88,22.97,8.52,16.18,4/16,3,0,33.92,15,0,0,0,,594,8.58,17,0,1,0.0,416,7.62,26,29,40,72.5,414,9.33,45
f32012f4,1088608,M Bryant,M Bryant,Brisbane Heat,2018-12-19,2026-01-18,86,86,11,1788,1263,81,23.84,141.57,0,7,181,72,20.03,39.51,3.0,0,0,0,0,,,,,0,0,,34,0,763,594,128.45,0,,0,596,444,134.23,0,,0,429,225,190.67,0,,0
e423d162,297592,LJ Fletcher,LJ Fletcher,Nottinghamshire,2014-05-23,2024-07-19,72,33,11,163,143,27,7.41,113.99,0,0,6,11,11.89,40.56,9.1,71,1419,2085,81,25.74,8.82,17.52,5/32,0,2,29.25,4,0,0,0,,654,8.32,24,30,34,88.24,194,9.99,7,133,109,122.02,571,8.98,50
7923a51d,990081,Mohammad Naim,Mohammad Naim,Khulna Tigers,2019-01-12,2026-01-23,76,74,7,1781,1485,111*,26.58,119.93,1,9,182,69,16.9,43.97,2.2,0,0,0,0,,,,,0,0,,36,0,1015,831,122.14,0,,0,617,540,114.26,0,,0,149,114,130.7,0,,0
172dff15,594322,C Bosch,C Bosch,MI Cape Town,2022-09-01,2026-07-05,58,41,12,572,499,81,19.72,114.63,0,2,45,18,12.63,37.47,6.4,47,852,1278,60,21.3,9.0,14.2,4/19,4,0,36.03,27,0,73,61,119.67,258,8.12,12,217,263,82.51,336,9.02,21,282,175,161.14,258,9.86,27
0f6db197,643885,S Mahmood,S Mahmood,Lancashire,2015-06-12,2026-07-12,59,14,7,32,50,11*,4.57,64.0,0,0,0,1,2.0,56.0,10.1,59,1213,1743,87,20.03,8.62,13.94,4/22,3,0,40.23,9,0,0,0,,672,7.83,36,11,23,47.83,168,8.5,12,21,27,77.78,373,10.1,39
087210b1,262456,DJ Vilas,DJ Vilas,Lancashire,2017-07-07,2024-02-07,101,92,16,1769,1326,63*,23.28,133.41,0,3,134,49,13.8,26.7,4.7,0,0,0,0,,,,,0,0,,47,12,134,122,109.84,0,,0,1203,910,132.2,0,,0,432,294,146.94,0,,0
e94bc520,887207,OJ Pope,OJ Pope,Surrey,2017-07-07,2026-07-15,80,74,12,1768,1319,99*,28.52,134.04,0,8,171,32,15.39,28.13,4.0,0,0,0,0,,,,,0,0,,37,3,310,249,124.5,0,,0,998,799,124.91,0,,0,460,271,169.74,0,,0
ff3f6fc1,1205559,Mohammad Haris,Mohammad Haris,Peshawar Zalmi,2022-02-13,2026-05-03,80,79,2,1766,1126,87,22.94,156.84,0,7,188,87,24.42,38.19,2.1,0,0,0,0,,,,,0,0,,63,2,1073,704,152.41,0,,0,621,383,162.14,0,,0,72,39,184.62,0,,0
33a364a6,26907,R Bhatia,R Bhatia,Kolkata Knight Riders,2008-04-19,2017-04-11,95,49,19,342,284,26*,11.4,120.42,0,0,24,13,13.03,36.62,7.5,91,1636,2020,71,28.45,7.41,23.04,4/15,1,0,26.65,25,0,0,0,,12,12.5,0,91,112,81.25,1393,7.16,52,251,172,145.93,231,8.65,19
c13e34f4,1168651,Haider Ali,Haider Ali,Peshawar Zalmi,2020-02-21,2026-05-01,106,98,15,1758,1313,74,21.18,133.89,0,6,142,87,17.44,38.46,4.3,0,0,0,0,,,,,0,0,,35,0,393,343,114.58,0,,0,887,693,127.99,0,,0,478,277,172.56,0,,0
34b332d3,906749,DC Drakes,DC Drakes,St Kitts and Nevis Patriots,2018-09-04,2026-08-31,72,43,19,476,372,48*,19.83,127.96,0,0,34,27,16.4,43.28,7.7,69,1294,2045,64,31.95,9.48,20.22,3/26,0,0,34.08,28,0,0,0,,390,8.38,13,103,107,96.26,498,9.14,21,373,265,140.75,406,10.95,30
782c0568,15348,JC Hildreth,JC Hildreth,Somerset,2014-05-18,2021-08-26,83,79,15,1754,1319,72*,27.41,132.98,0,8,160,49,15.85,30.93,4.1,0,0,0,0,,,,,0,0,,22,0,426,333,127.93,0,,0,1065,777,137.07,0,,0,263,209,125.84,0,,0
732c038e,784367,KIC Asalanka,KIC Asalanka,Jaffna Kings,2020-12-07,2026-09-09,77,75,7,1529,1160,74,22.49,131.81,0,9,127,72,17.16,37.67,3.7,25,278,345,11,31.36,7.45,25.27,3/20,0,0,35.97,20,0,523,422,123.93,78,7.62,4,751,591,127.07,180,5.97,7,255,147,173.47,20,20.1,0
f54dbda7,570421,WMH Rhodes,WMH Rhodes,Birmingham Bears,2015-06-26,2026-06-09,73,64,14,1025,831,79,20.5,123.35,0,3,82,24,12.76,29.96,5.2,40,480,719,36,19.97,8.99,13.33,4/34,1,0,27.08,24,0,131,126,103.97,30,8.4,3,599,494,121.26,306,8.67,18,295,211,139.81,144,9.79,15
11df3dc8,16406,MJ Lumb,MJ Lumb,Sydney Sixers,2010-03-18,2017-07-08,80,80,2,1743,1349,83,22.35,129.21,0,8,200,57,19.05,45.07,1.5,0,0,0,0,,,,,0,0,,28,0,1301,991,131.28,0,,0,417,338,123.37,0,,0,25,20,125.0,0,,0
42537f07,47015,JA Rudolph,JA Rudolph,Glamorgan,2013-08-02,2017-09-02,61,55,13,1683,1390,101*,40.07,121.08,1,13,186,16,14.53,33.02,2.3,15,144,185,3,61.67,7.71,48.0,2/8,0,0,20.14,21,0,594,584,101.71,12,4.5,1,909,682,133.28,120,8.1,1,180,124,145.16,12,7.0,1
c03449e0,44956,GD Elliott,GD Elliott,Warwickshire,2015-05-15,2018-08-17,59,48,11,798,660,59*,21.57,120.91,0,2,61,23,12.73,35.45,5.5,53,864,1184,47,25.19,8.22,18.38,4/15,3,0,23.38,24,0,46,38,121.05,0,,0,500,426,117.37,696,8.12,35,252,196,128.57,168,8.64,12
a24be938,851403,VR Iyer,VR Iyer,Kolkata Knight Riders,2021-09-20,2026-05-31,68,62,9,1677,1181,104,31.64,142.0,1,13,157,78,19.9,37.93,3.3,9,81,143,3,47.67,10.59,27.0,2/29,0,0,18.52,23,0,691,499,138.48,0,,0,769,547,140.59,48,11.0,1,217,135,160.74,33,10.0,2
9b6e1b3f,1168049,J Fraser-McGurk,J Fraser-McGurk,Melbourne Renegades,2020-12-12,2026-01-17,89,88,3,1737,1156,95,20.44,150.26,0,10,129,110,20.67,40.31,2.9,1,6,10,0,,10.0,,0/10,0,0,16.67,52,0,928,608,152.63,0,,0,712,473,150.53,6,10.0,0,97,75,129.33,0,,0
2e9fdf9b,362541,DAJ Bracewell,DAJ Bracewell,Central Districts,2012-04-07,2024-02-08,47,39,14,728,454,93*,29.12,160.35,0,3,53,42,20.93,27.75,6.5,44,945,1330,50,26.6,8.44,18.9,3/19,0,0,37.78,24,0,0,0,,432,7.32,22,192,177,108.47,294,8.35,14,536,277,193.5,219,10.79,14
8596fe80,1158100,Mohammad Hasnain,Mohammad Hasnain,Quetta Gladiators,2019-02-27,2026-04-23,69,24,13,67,93,22,6.09,72.04,0,0,9,1,10.75,66.67,10.1,67,1442,2134,83,25.71,8.88,17.37,4/25,2,0,38.28,9,0,0,0,,564,8.02,20,11,24,45.83,512,8.89,28,56,69,81.16,366,10.18,35
1a45b864,458895,AG Salter,AG Salter,Glamorgan,2014-05-16,2023-06-23,94,54,25,387,337,39*,13.34,114.84,0,0,26,13,11.57,37.69,8.3,76,1434,1992,67,29.73,8.33,21.4,4/12,3,0,26.36,26,0,0,0,,306,8.51,10,90,93,96.77,1044,8.21,49,297,244,121.72,84,9.21,8
ee1b6c27,955235,N Thushara,N Thushara,Galle Gladiators,2020-12-07,2026-08-05,64,18,12,26,37,7,4.33,70.27,0,0,2,1,8.11,62.16,10.9,64,1380,2009,85,23.64,8.73,16.24,5/13,2,1,35.29,9,0,0,0,,714,7.89,41,0,0,,162,7.96,5,26,37,70.27,504,10.18,39
786b7fe8,712219,Zahir Khan,Zahir Khan,Melbourne Renegades,2017-11-20,2026-08-05,82,27,13,57,77,19*,4.07,74.03,0,0,4,2,7.79,62.34,10.7,82,1782,2222,83,26.77,7.48,21.47,3/8,0,0,35.69,9,0,0,0,,318,7.58,16,7,17,41.18,1265,7.36,56,50,60,83.33,199,8.08,11
2cec2a92,1158538,Abbas Afridi,Abbas Afridi,Multan Sultans,2021-03-03,2026-04-25,56,28,9,257,162,34,13.53,158.64,0,0,20,18,23.46,44.44,8.3,55,1030,1666,73,22.82,9.7,14.11,5/47,3,1,32.23,14,0,0,0,,204,9.44,8,27,28,96.43,489,8.6,29,230,134,171.64,337,11.47,36
26e5cabf,35565,MK Tiwary,MK Tiwary,Kolkata Knight Riders,2008-04-19,2018-05-20,98,85,26,1695,1449,75*,28.73,116.98,0,7,156,40,13.53,36.65,4.6,6,42,83,1,83.0,11.86,42.0,1/11,0,0,21.43,46,0,224,230,97.39,0,,0,874,807,108.3,30,11.0,0,597,412,144.9,12,14.0,1
f708a0bc,5681,GB Hogg,GB Hogg,Perth Scorchers,2011-12-18,2018-01-22,87,22,13,75,83,13,8.33,90.36,0,0,3,1,4.82,34.94,9.8,85,1863,2178,82,26.56,7.01,22.72,4/29,2,0,33.92,20,0,0,0,,54,7.33,4,8,12,66.67,1488,6.98,50,67,71,94.37,321,7.1,28
fd2bf2a0,317273,Umar Akmal,Umar Akmal,Quetta Gladiators,2013-07-30,2023-03-11,91,82,15,1715,1307,93,25.6,131.22,0,12,127,89,16.53,37.8,4.6,0,0,0,0,,,,,0,0,,54,9,182,185,98.38,0,,0,975,822,118.61,0,,0,558,300,186.0,0,,0
944533a5,398439,KK Nair,KK Nair,Delhi Daredevils,2013-04-04,2026-05-05,86,78,5,1712,1304,89,23.45,131.29,0,11,188,49,18.17,38.42,3.4,0,0,0,0,,,,,0,0,,25,0,619,484,127.89,0,,0,818,665,123.01,0,,0,275,155,177.42,0,,0
c3a96caf,398506,Mandeep Singh,Mandeep Singh,Kings XI Punjab,2010-03-22,2023-04-20,111,98,16,1706,1388,77*,20.8,122.91,0,6,176,38,15.42,37.82,3.6,2,12,26,0,,13.0,,0/8,0,0,8.33,38,0,633,554,114.26,0,,0,663,560,118.39,12,13.0,0,410,274,149.64,0,,0
86b4bf88,590326,MJ Swepson,MJ Swepson,Brisbane Heat,2016-01-10,2026-01-21,98,33,11,106,101,11*,4.82,104.95,0,0,10,3,12.87,46.53,9.7,94,1958,2488,80,31.1,7.62,24.48,3/14,0,0,29.11,25,0,0,0,,228,7.58,3,3,7,42.86,1466,7.43,60,103,94,109.57,264,8.75,17
df064e1a,1175441,Ravi Bishnoi,Ravi Bishnoi,Lucknow Super Giants,2020-09-20,2026-05-01,86,20,8,45,69,13,3.75,65.22,0,0,2,2,5.8,63.77,9.1,85,1789,2494,83,30.05,8.36,21.55,4/41,1,0,33.48,29,0,0,0,,138,8.61,6,9,18,50.0,1386,8.17,56,36,51,70.59,265,9.24,21
97bdec3d,670045,G Motie,G Motie,Guyana Amazon Warriors,2021-09-02,2026-09-16,66,30,15,165,166,26*,11.0,99.4,0,0,9,8,10.24,50.6,7.8,64,1274,1599,77,20.77,7.53,16.55,5/21,2,1,39.4,23,0,18,25,72.0,270,7.44,12,45,67,67.16,825,7.27,45,102,74,137.84,179,8.85,20
4948a447,55894,Farhad Reza,Farhad Reza,Rajshahi Kings,2012-02-16,2023-01-20,79,41,10,404,328,44*,13.03,123.17,0,0,31,15,14.02,36.28,7.6,74,1340,1939,65,29.83,8.68,20.62,4/32,1,0,32.46,31,0,56,45,124.44,396,7.17,18,97,111,87.39,396,7.44,16,251,172,145.93,548,10.68,31
45c2196c,4508,DE Bollinger,DE Bollinger,Chennai Super Kings,2010-04-03,2017-12-23,75,15,7,37,45,16*,4.62,82.22,0,0,1,1,4.44,44.44,10.5,75,1546,2030,83,24.46,7.88,18.63,4/13,1,0,39.59,24,0,0,0,,774,7.49,25,3,7,42.86,306,7.98,17,34,38,89.47,466,8.46,41
5dbdecf1,927619,Khaled Ahmed,Khaled Ahmed,Fortune Barishal,2017-11-05,2026-01-21,64,18,7,117,90,25*,10.64,130.0,0,0,5,11,17.78,53.33,9.2,64,1298,1856,79,23.49,8.58,16.43,4/14,4,0,37.13,17,0,0,0,,414,7.54,27,0,8,0.0,570,8.16,33,117,82,142.68,314,10.72,19
73ad96ed,497121,DJ Hooda,DJ Hooda,Sunrisers Hyderabad,2015-04-10,2025-05-25,125,101,16,1496,1172,64,17.6,127.65,0,8,98,62,13.65,33.11,4.9,34,379,546,10,54.6,8.64,37.9,2/16,0,0,26.91,55,0,163,163,100.0,72,8.0,2,867,689,125.83,264,8.07,7,466,320,145.62,43,13.26,1
fe4ebca0,1110475,JA Haynes,JA Haynes,Nottinghamshire,2020-08-29,2026-07-18,73,72,4,1696,1218,89*,24.94,139.24,0,9,160,59,17.98,32.92,3.0,0,0,0,0,,,,,0,0,,28,0,770,578,133.22,0,,0,818,588,139.12,0,,0,108,52,207.69,0,,0
51a36d3e,277911,GH Worker,GH Worker,Central Districts,2014-01-17,2024-01-20,69,68,2,1551,1232,106,23.5,125.89,1,6,156,59,17.45,41.88,1.5,14,144,226,7,32.29,9.42,20.57,2/16,0,0,32.64,25,0,1044,818,127.63,30,9.8,2,458,384,119.27,80,8.93,2,49,30,163.33,34,10.24,3
8bd614b2,300617,Rony Talukdar,Rony Talukdar,Rangpur Riders,2015-11-23,2026-01-07,88,85,2,1689,1368,68,20.35,123.46,0,10,189,48,17.32,43.06,2.2,0,0,0,0,,,,,0,0,,28,3,993,861,115.33,0,,0,668,483,138.3,0,,0,28,24,116.67,0,,0
f19ccfad,719715,Washington Sundar,Washington Sundar,Royal Challengers Bangalore,2017-04-22,2026-05-31,83,61,18,888,656,55,20.65,135.37,0,3,82,28,16.77,31.86,5.9,68,1174,1520,40,38.0,7.77,29.35,3/16,0,0,32.79,21,0,60,47,127.66,384,8.45,13,348,301,115.61,702,7.12,22,480,308,155.84,88,9.95,5
219cc59e,1094569,DY Pennington,DY Pennington,Worcestershire,2018-07-08,2026-07-18,77,30,16,148,126,37*,10.57,117.46,0,0,9,5,11.11,34.92,9.9,77,1420,2187,77,28.4,9.24,18.44,4/9,2,0,38.73,20,0,0,0,,990,8.65,48,16,13,123.08,258,9.79,14,132,113,116.81,172,11.79,15
5ac8f17b,9042,GJ Batty,GJ Batty,Surrey,2014-05-30,2021-07-16,101,32,17,97,120,12,6.47,80.83,0,0,2,1,2.5,40.0,9.6,95,1826,2224,79,28.15,7.31,23.11,4/14,2,0,28.31,19,0,0,0,,36,5.67,2,0,0,,1669,7.28,69,97,120,80.83,121,8.13,8
b552a935,47569,AC Thomas,AC Thomas,Somerset,2011-04-10,2015-07-17,67,21,11,116,115,19*,11.6,100.87,0,0,11,1,10.43,39.13,9.3,67,1401,1833,78,23.5,7.85,17.96,4/8,2,0,37.12,19,0,0,0,,624,7.2,22,12,10,120.0,186,6.77,11,104,105,99.05,591,8.87,45
6b9eb501,535353,OEG Baartman,OEG Baartman,Sunrisers Eastern Cape,2023-01-12,2026-07-10,45,10,5,16,27,6*,3.2,59.26,0,0,1,0,3.7,55.56,10.5,44,912,1232,83,14.84,8.11,10.99,5/16,4,1,41.01,8,0,0,0,,276,7.5,20,1,2,50.0,309,7.5,26,15,25,60.0,327,9.19,37
6f02fe2a,1241277,Waseem Muhammad,Waseem Muhammad,MI Emirates,2023-01-14,2026-04-11,62,62,5,1674,1206,89*,29.37,138.81,0,9,135,91,18.74,40.3,1.6,2,12,30,0,,15.0,,0/15,0,0,16.67,37,0,1030,731,140.9,0,,0,607,447,135.79,6,15.0,0,37,28,132.14,6,15.0,0
c404f58a,6981,DP Nannes,DP Nannes,Delhi Daredevils,2009-04-19,2015-01-17,71,12,10,12,22,4*,6.0,54.55,0,0,0,0,0.0,50.0,10.8,71,1558,1875,83,22.59,7.22,18.77,5/31,1,1,42.94,16,0,0,0,,876,6.49,34,2,4,50.0,210,7.2,11,10,18,55.56,472,8.59,38
0f3ee070,527776,OE Robinson,OE Robinson,Sussex,2014-05-30,2026-06-26,74,37,15,231,203,31,10.5,113.79,0,0,22,1,11.33,32.51,8.6,72,1436,2014,72,27.97,8.42,19.94,4/15,1,0,36.42,33,0,0,0,,918,8.08,35,43,45,95.56,146,8.05,6,188,158,118.99,372,9.39,31
806c4e58,834741,CP Jewell,CP Jewell,Hobart Hurricanes,2019-01-18,2026-06-07,81,79,4,1669,1292,76,22.25,129.18,0,9,178,45,17.26,38.08,2.2,0,0,0,0,,,,,0,0,,31,0,1015,784,129.46,0,,0,531,450,118.0,0,,0,123,58,212.07,0,,0
ed47cb25,1094990,LP Goldsworthy,LP Goldsworthy,Somerset,2020-09-16,2026-07-15,65,39,11,566,477,67,20.21,118.66,0,1,50,13,13.21,35.01,6.5,63,1026,1397,55,25.4,8.17,18.65,4/13,1,0,25.54,20,0,53,67,79.1,6,21.0,1,295,258,114.34,948,7.97,50,218,152,143.42,72,9.75,4
327b58d3,552152,PVD Chameera,PVD Chameera,Dubai Capitals,2020-11-26,2026-08-02,71,26,15,125,132,18,11.36,94.7,0,0,12,4,12.12,53.03,9.2,69,1473,2224,77,28.88,9.06,19.13,5/55,2,1,38.49,17,0,0,0,,624,9.37,27,6,22,27.27,376,7.29,20,119,110,108.18,473,10.06,30
be768595,4818,MJ Cosgrove,MJ Cosgrove,Leicestershire,2012-01-18,2019-08-30,71,70,6,1624,1255,79,25.38,129.4,0,8,180,36,17.21,34.34,2.4,2,18,29,2,14.5,9.67,9.0,1/10,0,0,22.22,12,0,847,674,125.67,0,,0,671,507,132.35,18,9.67,2,106,74,143.24,0,,0
bb4b445b,628240,Hussain Talat,Hussain Talat,Islamabad United,2017-02-24,2026-01-01,75,62,12,1221,989,63,24.42,123.46,0,5,104,36,14.16,34.58,5.1,35,452,692,22,31.45,9.19,20.55,2/18,0,0,25.88,15,0,114,142,80.28,0,,0,812,646,125.7,330,8.69,13,295,201,146.77,122,10.52,9
3f5f39cd,511532,Al-Amin Hossain,Al-Amin Hossain,Barisal Bulls,2012-02-19,2025-01-20,82,24,12,54,95,14*,4.5,56.84,0,0,5,0,5.26,63.16,10.6,81,1632,2486,80,31.07,9.14,20.4,5/36,1,1,35.36,14,0,0,0,,690,8.57,32,5,5,100.0,480,7.76,25,49,90,54.44,462,11.43,23
4531f249,857653,RK Patel,RK Patel,Leicestershire,2021-06-10,2026-07-12,81,78,2,1628,1181,104,21.42,137.85,2,3,165,58,18.88,35.73,3.1,2,12,19,1,19.0,9.5,12.0,1/7,0,0,41.67,28,0,806,568,141.9,0,,0,694,521,133.21,12,9.5,1,128,92,139.13,0,,0
2742086d,562263,RR O'Donnell,RR O'Donnell,Auckland,2017-12-13,2026-01-31,73,67,18,1627,1215,73*,33.2,133.91,0,10,142,62,16.79,33.58,4.7,2,30,45,1,45.0,9.0,30.0,1/30,0,0,36.67,31,0,157,145,108.28,0,,0,991,788,125.76,24,7.25,1,479,282,169.86,6,16.0,0
2ed569a0,1064812,RD Chahar,RD Chahar,Mumbai Indians,2017-04-08,2026-04-03,80,24,8,129,124,25*,8.06,104.03,0,0,13,5,14.52,54.03,9.0,79,1694,2196,75,29.28,7.78,22.59,4/27,1,0,34.24,24,0,0,0,,72,7.75,3,4,16,25.0,1452,7.72,58,125,108,115.74,170,8.29,14
1aba45cd,647785,Sahibzada Farhan,Sahibzada Farhan,Islamabad United,2018-02-25,2026-08-02,60,59,4,1629,1172,106*,29.62,138.99,2,10,170,70,20.48,41.04,1.6,0,0,0,0,,,,,0,0,,23,2,1078,803,134.25,0,,0,493,334,147.6,0,,0,58,35,165.71,0,,0
8dd02a98,300628,LD Chandimal,LD Chandimal,Colombo Stars,2020-11-26,2026-08-02,63,62,10,1629,1163,89,31.33,140.07,0,7,167,60,19.52,35.25,3.0,0,0,0,0,,,,,0,0,,26,5,730,525,139.05,0,,0,623,490,127.14,0,,0,276,148,186.49,0,,0
7bf96684,20123,OA Shah,OA Shah,Hampshire,2010-03-12,2015-11-24,76,72,19,1625,1325,84,30.66,122.64,0,9,116,61,13.36,35.02,4.3,0,0,0,0,,,,,0,0,,22,0,85,105,80.95,0,,0,853,793,107.57,0,,0,687,427,160.89,0,,0
736123bb,1152427,DN Wellalage,DN Wellalage,Jaffna Kings,2022-12-06,2026-08-08,53,35,11,564,485,56,23.5,116.29,0,1,60,12,14.85,40.0,6.6,49,939,1077,53,20.32,6.88,17.72,4/10,2,0,39.3,20,0,50,39,128.21,192,6.0,12,258,265,97.36,678,6.83,36,256,181,141.44,69,9.83,5
8afe73e2,547749,WA Young,WA Young,Central Districts,2017-12-13,2026-01-26,57,57,2,1623,1144,101*,29.51,141.87,2,12,127,67,16.96,29.98,2.4,0,0,0,0,,,,,0,0,,27,0,649,504,128.77,0,,0,836,567,147.44,0,,0,138,73,189.04,0,,0
80ad39ac,926629,Hasan Mahmud,Hasan Mahmud,Rangpur Riders,2019-12-12,2026-07-22,69,27,18,39,61,12*,4.33,63.93,0,0,4,0,6.56,55.74,9.9,69,1445,1931,79,24.44,8.02,18.29,4/26,2,0,37.09,20,0,0,0,,468,7.6,28,4,8,50.0,474,7.59,19,35,53,66.04,503,8.8,32
c740ea83,823703,RM Patidar,RM Patidar,Royal Challengers Bengaluru,2021-04-09,2026-05-31,57,52,4,1612,980,112*,33.58,164.49,1,14,106,110,22.04,29.8,3.8,0,0,0,0,,,,,0,0,,20,0,243,215,113.02,0,,0,1102,641,171.92,0,,0,267,124,215.32,0,,0
8305580c,10656,MA Carberry,MA Carberry,Hampshire,2014-05-16,2017-09-02,58,56,6,1604,1197,87*,32.08,134.0,0,14,173,54,18.96,40.18,2.1,0,0,0,0,,,,,0,0,,12,0,750,602,124.58,0,,0,685,489,140.08,0,,0,169,106,159.43,0,,0
1a8eebbe,288305,Shafiul Islam,Shafiul Islam,Khulna Titans,2012-02-12,2025-01-23,74,26,13,123,139,25*,9.46,88.49,0,0,12,2,10.07,51.08,9.7,72,1414,2039,74,27.55,8.65,19.11,5/26,2,1,35.01,15,0,0,0,,456,8.34,20,4,19,21.05,487,7.63,24,119,120,99.17,471,10.01,30
e0ac7144,297483,OJ Hannon-Dalby,OJ Hannon-Dalby,Warwickshire,2014-07-03,2026-05-31,61,15,7,57,73,14*,7.12,78.08,0,0,3,2,6.85,54.79,10.5,61,1267,1896,77,24.62,8.98,16.45,4/20,2,0,32.44,12,0,0,0,,576,8.04,28,6,18,33.33,204,9.24,8,51,55,92.73,487,9.98,41
eaa76d3c,1076713,C Green,C Green,Mumbai Indians,2019-01-13,2026-05-24,56,51,17,1135,779,100*,33.38,145.7,1,4,91,49,17.97,29.4,4.5,40,583,919,23,39.96,9.46,25.35,2/12,0,0,33.28,22,0,269,190,141.58,156,9.88,5,570,418,136.36,318,8.43,13,296,171,173.1,109,11.83,5
2254ab79,227760,Sarfraz Ahmed,Sarfraz Ahmed,Quetta Gladiators,2016-02-04,2024-03-06,92,78,22,1594,1313,81,28.46,121.4,0,7,140,29,12.87,30.01,5.0,1,4,6,0,,9.0,,0/6,0,0,75.0,46,14,152,157,96.82,0,,0,956,809,118.17,0,,0,486,347,140.06,4,9.0,0
a8e3170f,429981,Mohammad Irfan,Mohammad Irfan,Multan Sultans,2015-12-06,2024-02-09,83,13,6,13,31,6,1.86,41.94,0,0,2,0,6.45,80.65,10.9,82,1882,2166,79,27.42,6.91,23.82,3/22,0,0,46.23,10,0,0,0,,1110,6.7,49,0,2,0.0,504,6.87,14,13,29,44.83,268,7.81,16
e798611a,43906,HM Amla,HM Amla,Kings XI Punjab,2014-05-30,2021-06-21,50,50,5,1590,1253,104*,35.33,126.9,2,12,155,41,15.64,33.92,1.6,0,0,0,0,,,,,0,0,,6,0,721,608,118.59,0,,0,624,525,118.86,0,,0,245,120,204.17,0,,0
d1523761,52917,D Ramdin,D Ramdin,Trinbago Knight Riders,2013-07-31,2021-09-14,98,81,24,1589,1398,84,27.88,113.66,0,9,107,59,11.87,36.34,4.7,0,0,0,0,,,,,0,0,,59,17,279,254,109.84,0,,0,882,846,104.26,0,,0,428,298,143.62,0,,0
98eacfe5,297626,WAT Beer,WAT Beer,Sussex,2014-05-17,2022-07-03,82,40,15,266,220,37,10.64,120.91,0,0,17,9,11.82,30.91,8.1,76,1380,1785,66,27.05,7.76,20.91,3/14,0,0,27.17,18,0,0,0,,24,9.75,1,51,56,91.07,1275,7.57,65,215,164,131.1,81,10.22,0
0994d0ae,477021,V Shankar,V Shankar,Sunrisers Hyderabad,2014-05-13,2026-08-05,87,74,22,1383,1053,69*,26.6,131.34,0,7,101,54,14.72,31.72,5.1,25,253,364,10,36.4,8.63,25.3,2/19,0,0,33.99,35,0,127,130,97.69,17,8.12,1,613,540,113.52,191,8.64,7,643,383,167.89,45,8.8,2
f0f628c7,32965,MM Patel,MM Patel,Mumbai Indians,2008-04-19,2020-12-05,67,17,10,40,49,23*,5.71,81.63,0,0,5,0,10.2,51.02,10.5,67,1433,1795,77,23.31,7.52,18.61,5/21,2,1,44.03,15,0,0,0,,726,7.09,32,0,3,0.0,402,5.94,22,40,46,86.96,305,10.6,23
b03db6fa,380956,MJG Rippon,MJG Rippon,Otago,2018-01-02,2026-01-19,64,52,15,738,609,58*,19.95,121.18,0,1,55,16,11.66,29.72,6.7,56,1144,1550,42,36.9,8.13,27.24,3/32,0,0,27.8,14,0,12,11,109.09,36,8.67,1,334,320,104.38,960,7.94,34,392,278,141.01,148,9.24,7
f834dcfc,542023,L Ngidi,L Ngidi,Paarl Royals,2018-04-30,2026-05-24,65,18,9,37,49,13*,4.11,75.51,0,0,1,2,6.12,55.1,10.1,63,1401,2008,77,26.08,8.6,18.19,4/10,2,0,40.4,8,0,0,0,,660,7.79,29,1,5,20.0,240,8.8,11,36,44,81.82,501,9.57,37
76388dc8,51433,S Badree,S Badree,Trinidad & Tobago Red Steel,2013-01-29,2018-09-12,85,26,16,94,114,29*,9.4,82.46,0,0,3,2,4.39,43.86,9.3,84,1734,1972,74,26.65,6.82,23.43,5/22,1,1,43.25,18,0,0,0,,900,7.04,42,6,14,42.86,774,6.38,29,88,100,88.0,60,9.3,3
dabbd0ae,629080,B Fernando,B Fernando,Rajshahi Warriors,2020-11-27,2026-08-05,55,14,10,68,61,21,17.0,111.48,0,0,5,2,11.48,36.07,10.1,55,1186,1422,75,18.96,7.19,15.81,4/9,4,0,43.76,5,0,0,0,,672,5.94,35,4,10,40.0,70,8.57,3,64,51,125.49,444,8.88,37
7d5e0b78,4068,J Allenby,J Allenby,Somerset,2014-05-16,2017-08-18,53,49,3,1286,1025,105,27.96,125.46,1,7,145,31,17.17,37.76,2.4,35,514,691,14,49.36,8.07,36.71,3/10,0,0,29.96,11,0,715,566,126.33,174,8.03,2,445,369,120.6,246,8.02,10,126,90,140.0,94,8.23,2
5fed6272,407875,CN Miles,CN Miles,Birmingham Bears,2015-06-14,2026-06-05,63,24,10,86,106,11*,6.14,81.13,0,0,5,1,5.66,45.28,9.9,62,1129,1620,74,21.89,8.61,15.26,4/29,1,0,34.01,34,0,0,0,,360,8.8,19,16,28,57.14,468,7.58,24,70,78,89.74,301,9.99,31
ad46c747,646847,DM Bess,DM Bess,Yorkshire,2016-07-29,2026-07-15,78,43,16,366,318,53,13.56,115.09,0,1,36,9,14.15,38.99,8.3,72,1314,1719,60,28.65,7.85,21.9,3/15,0,0,27.32,38,0,5,3,166.67,354,8.25,14,160,145,110.34,810,7.23,42,201,170,118.24,150,10.24,4
fd9f43bb,707109,SM Solia,SM Solia,Auckland,2018-01-01,2026-01-30,69,61,5,1026,883,75,18.32,116.19,0,4,86,35,13.7,41.22,3.7,46,665,1025,27,37.96,9.25,24.63,2/8,0,0,29.92,20,0,450,382,117.8,183,9.21,3,406,368,110.33,359,9.31,14,170,133,127.82,123,9.12,10
b2b50355,26829,L Balaji,L Balaji,Kolkata Knight Riders,2008-05-08,2014-06-01,73,15,7,36,49,15,4.5,73.47,0,0,2,1,6.12,57.14,9.8,73,1512,2028,76,26.68,8.05,19.89,5/24,3,1,35.52,11,0,0,0,,450,6.96,15,1,4,25.0,560,7.0,28,35,45,77.78,502,10.2,33
890946a0,32102,NV Ojha,NV Ojha,Sunrisers Hyderabad,2009-05-02,2018-05-05,113,94,19,1554,1313,94*,20.72,118.35,0,6,121,79,15.23,45.77,4.2,0,0,0,0,,,,,0,0,,65,10,494,482,102.49,0,,0,649,537,120.86,0,,0,411,294,139.8,0,,0
d167edd3,446548,SM Boland,SM Boland,Melbourne Stars,2014-01-21,2024-01-15,61,23,16,71,81,10,10.14,87.65,0,0,7,0,8.64,44.44,9.7,61,1347,1897,74,25.64,8.45,18.2,4/30,2,0,35.56,7,0,0,0,,462,7.4,24,4,5,80.0,492,7.98,26,67,76,88.16,393,10.27,24
a61bcb94,581160,K Pierre,K Pierre,Trinbago Knight Riders,2017-08-04,2026-09-09,78,20,14,111,94,50,18.5,118.09,0,1,9,6,15.96,45.74,9.4,76,1552,1815,72,25.21,7.02,21.56,4/20,1,0,45.3,39,0,0,0,,732,6.66,37,41,37,110.81,733,6.92,32,70,57,122.81,87,10.76,3
725529bc,28779,SC Ganguly,SC Ganguly,Kolkata Knight Riders,2008-04-18,2012-05-19,59,56,3,1349,1263,91,25.45,106.81,0,7,137,42,14.17,47.43,2.6,20,276,363,10,36.3,7.89,27.6,2/21,0,0,27.17,22,0,529,518,102.12,18,10.67,0,630,642,98.13,246,7.29,10,190,103,184.47,12,16.0,0
f1c61793,570854,JD Wildermuth,JD Wildermuth,Brisbane Heat,2016-12-21,2026-01-18,64,42,4,529,400,110*,13.92,132.25,1,0,27,31,14.5,37.25,5.8,62,1183,1693,51,33.2,8.59,23.2,3/16,0,0,33.39,13,0,142,107,132.71,474,7.65,15,144,125,115.2,522,8.85,20,243,168,144.64,187,10.24,16
243431b5,24605,KJ O'Brien,KJ O'Brien,Trinidad & Tobago Red Steel,2013-01-23,2016-07-29,51,45,9,848,655,90*,23.56,129.47,0,3,62,41,15.73,41.83,3.5,35,579,718,35,20.51,7.44,16.54,4/22,1,0,37.31,20,0,326,272,119.85,114,8.11,10,358,272,131.62,366,6.54,18,164,111,147.75,99,10.0,7
679cd31e,772061,SJ Cook,SJ Cook,Essex,2018-07-04,2026-07-15,72,24,15,65,70,18,7.22,92.86,0,0,3,1,5.71,34.29,10.5,70,1445,2064,74,27.89,8.57,19.53,4/7,5,0,35.92,17,0,0,0,,828,8.23,32,3,3,100.0,174,8.03,5,62,67,92.54,443,9.41,37
fbd4f01f,595783,AY Patel,AY Patel,Central Districts,2017-12-17,2026-01-26,68,29,15,123,130,13,8.79,94.62,0,0,5,3,6.15,41.54,9.0,66,1388,1861,71,26.21,8.04,19.55,4/21,2,0,34.08,18,0,0,0,,252,7.55,13,18,17,105.88,904,7.95,40,105,113,92.92,232,8.95,18
f3171936,5941,BW Hilfenhaus,BW Hilfenhaus,Chennai Super Kings,2011-12-18,2017-09-09,58,25,11,154,146,38*,11.0,105.48,0,0,9,6,10.27,45.89,8.7,58,1239,1691,69,24.51,8.19,17.96,4/27,1,0,38.42,12,0,0,0,,660,7.44,36,32,31,103.23,267,7.75,10,122,115,106.09,312,10.15,23
a9da7784,297583,KJ Abbott,KJ Abbott,Hampshire,2014-05-16,2021-06-15,69,29,13,194,157,29,12.12,123.57,0,0,13,7,12.74,35.67,9.1,68,1455,2159,67,32.22,8.9,21.72,5/14,0,1,32.85,10,0,0,0,,648,8.41,25,66,66,100.0,264,8.36,8,128,91,140.66,543,9.76,34
a7c226e1,51782,FH Edwards,FH Edwards,Jamaica Tallawahs,2009-04-19,2021-09-12,73,27,15,93,96,11*,7.75,96.88,0,0,5,4,9.38,47.92,10.2,72,1557,2096,72,29.11,8.08,21.62,5/22,2,1,41.3,8,0,0,0,,840,6.99,38,5,2,250.0,252,8.02,11,88,94,93.62,465,10.06,23
e9d5218e,297630,MT Coles,MT Coles,Kent,2014-05-16,2019-08-09,64,46,8,369,271,54,9.71,136.16,0,1,28,20,17.71,42.07,7.1,62,1276,1913,58,32.98,9.0,22.0,4/27,2,0,31.35,19,0,21,21,100.0,534,9.16,12,184,119,154.62,486,8.16,25,164,131,125.19,256,10.24,21
864c199e,8119,AC Voges,AC Voges,Perth Scorchers,2010-03-20,2018-02-01,77,70,19,1465,1192,58*,28.73,122.9,0,6,116,18,11.24,26.85,4.5,16,156,192,3,64.0,7.38,52.0,1/12,0,0,26.28,30,0,122,113,107.96,12,13.0,0,919,799,115.02,132,7.05,3,424,280,151.43,12,5.5,0
616a8149,1076721,L Pope,L Pope,Adelaide Strikers,2018-12-22,2026-07-10,67,14,6,18,45,5,2.25,40.0,0,0,1,0,2.22,66.67,10.4,67,1290,1834,75,24.45,8.53,17.2,4/22,3,0,29.61,9,0,0,0,,126,9.76,7,6,12,50.0,960,8.29,47,12,33,36.36,204,8.88,21
9bab2b81,39028,Ashar Zaidi,Ashar Zaidi,Essex,2014-05-17,2018-08-17,54,43,10,877,631,59*,26.58,138.99,0,4,59,44,16.32,31.85,5.4,43,666,790,32,24.69,7.12,20.81,4/11,1,0,34.68,12,0,1,4,25.0,108,8.28,3,488,391,124.81,516,6.73,26,388,236,164.41,42,8.86,3
22b98d7c,1150772,TW Hartley,TW Hartley,Lancashire,2020-08-27,2026-07-12,81,42,17,251,198,39,10.04,126.77,0,0,14,13,13.64,36.87,8.4,76,1400,1845,63,29.29,7.91,22.22,4/16,2,0,28.0,31,0,0,0,,359,9.13,15,105,72,145.83,834,7.37,38,146,126,115.87,207,7.97,10
d365d463,410765,Nurul Hasan,Nurul Hasan,Rangpur Riders,2013-01-24,2026-07-29,123,106,32,1508,1239,61,20.38,121.71,0,1,131,50,14.61,36.24,5.5,0,0,0,0,,,,,0,0,,86,35,267,215,124.19,0,,0,639,639,100.0,0,,0,602,385,156.36,0,,0
aa467af0,932665,Tanvir Islam,Tanvir Islam,Comilla Victorians,2017-11-24,2026-01-23,68,16,12,67,69,21*,16.75,97.1,0,0,3,4,10.14,47.83,9.8,65,1285,1541,72,21.4,7.2,17.85,4/13,2,0,41.63,18,0,0,0,,450,6.97,27,6,5,120.0,738,6.83,33,61,64,95.31,97,11.01,12
7671203a,596062,M Montgomery,M Montgomery,Nottinghamshire,2023-05-26,2026-07-12,54,48,6,906,670,74*,21.57,135.22,0,4,109,18,18.96,32.84,5.1,37,550,792,30,26.4,8.64,18.33,4/30,1,0,32.55,26,0,101,94,107.45,264,8.36,11,627,459,136.6,236,8.14,11,178,117,152.14,50,12.48,8
818c9e0d,211032,KR Brown,KR Brown,Lancashire,2014-05-16,2018-08-15,60,59,3,1502,1170,69,26.82,128.38,0,12,139,50,16.15,37.86,2.6,0,0,0,0,,,,,0,0,,22,0,719,587,122.49,0,,0,662,515,128.54,0,,0,121,68,177.94,0,,0
bb18be76,8166,SK Warne,SK Warne,Rajasthan Royals,2008-04-19,2013-01-16,67,30,10,198,214,34*,9.9,92.52,0,0,14,6,9.35,46.73,8.1,65,1428,1730,65,26.62,7.27,21.97,4/21,1,0,35.43,18,0,0,0,,36,9.67,1,61,82,74.39,1152,6.86,43,137,132,103.79,240,8.88,21
709b0bac,35390,SS Tiwary,SS Tiwary,Royal Challengers Bangalore,2008-04-25,2021-10-05,92,73,21,1494,1244,61,28.73,120.1,0,8,111,50,12.94,34.73,4.8,0,0,0,0,,,,,0,0,,25,0,169,161,104.97,0,,0,871,768,113.41,0,,0,454,315,144.13,0,,0
71647ced,297617,AJA Wheater,AJA Wheater,Essex,2014-05-23,2021-07-18,85,75,7,1487,1144,78,21.87,129.98,0,4,151,29,15.73,32.26,3.2,0,0,0,0,,,,,0,0,,39,21,698,510,136.86,0,,0,589,466,126.39,0,,0,200,168,119.05,0,,0
7a12be0a,1129634,KD Clarke,KD Clarke,Northern Districts,2020-12-30,2026-01-31,53,52,3,1485,1034,106,30.31,143.62,2,6,159,61,21.28,39.17,1.1,0,0,0,0,,,,,0,0,,26,0,925,651,142.09,0,,0,442,323,136.84,0,,0,118,60,196.67,0,,0
60f4c586,893955,OG Robinson,OG Robinson,Durham,2019-07-20,2026-07-12,89,76,12,1484,1149,70,23.19,129.16,0,8,135,37,14.97,32.72,4.1,0,0,0,0,,,,,0,0,,44,10,296,301,98.34,0,,0,866,659,131.41,0,,0,322,189,170.37,0,,0
e1d1b294,45224,HH Gibbs,HH Gibbs,Deccan Chargers,2008-05-01,2013-08-17,61,60,5,1479,1262,71,26.89,117.19,0,12,156,45,15.93,45.32,2.0,0,0,0,0,,,,,0,0,,30,0,796,668,119.16,0,,0,599,539,111.13,0,,0,84,55,152.73,0,,0
fc2fffb5,922941,Abdullah Shafique,Abdullah Shafique,Lahore Qalandars,2022-01-29,2026-04-25,53,53,3,1478,1042,75,29.56,141.84,0,11,134,58,18.43,32.05,2.9,0,0,0,0,,,,,0,0,,21,0,536,444,120.72,0,,0,815,514,158.56,0,,0,127,84,151.19,0,,0
ce794613,802575,T Natarajan,T Natarajan,Sunrisers Hyderabad,2017-04-08,2026-05-05,74,5,5,4,7,3*,,57.14,0,0,0,0,0.0,42.86,10.6,73,1553,2378,73,32.58,9.19,21.27,4/19,1,0,29.94,11,0,0,0,,390,8.38,15,0,0,,532,8.62,11,4,7,57.14,631,10.16,47
e94d1dcd,1333415,Usman Tariq,Usman Tariq,Quetta Gladiators,2024-02-25,2026-09-11,52,11,6,21,33,7,4.2,63.64,0,0,3,0,9.09,63.64,11.0,52,1210,1405,72,19.51,6.97,16.81,4/33,2,0,37.6,9,0,0,0,,72,5.92,2,1,6,16.67,931,6.65,53,20,27,74.07,207,8.75,17
6c6aca89,370535,TS Roland-Jones,TS Roland-Jones,Middlesex,2014-05-17,2023-06-02,47,30,10,301,241,40,15.05,124.9,0,0,21,11,13.28,32.78,7.8,47,948,1415,58,24.4,8.96,16.34,5/21,3,1,32.81,16,0,0,0,,504,8.76,18,82,84,97.62,195,9.2,12,219,157,139.49,249,9.16,28
88209c84,272385,JK Lalor,JK Lalor,Brisbane Heat,2012-01-18,2022-01-19,64,32,14,140,161,14,7.78,86.96,0,0,10,2,7.45,43.48,8.9,64,1308,1834,66,27.79,8.41,19.82,5/26,1,1,36.85,20,0,0,0,,654,7.25,33,38,55,69.09,252,8.29,6,102,106,96.23,402,10.39,27
97e434a6,519082,DP Sibley,DP Sibley,Surrey,2016-06-09,2025-07-09,57,54,4,1358,1105,74*,27.16,122.9,0,9,115,37,13.76,32.67,2.4,15,228,338,5,67.6,8.89,45.6,2/33,0,0,22.81,25,0,595,514,115.76,24,6.25,1,640,510,125.49,198,9.09,4,123,81,151.85,6,13.0,0
08548b13,784373,PHKD Mendis,PHKD Mendis,Kandy Falcons,2020-11-26,2026-08-07,57,51,7,1174,893,88*,26.68,131.47,0,7,107,36,16.01,35.16,4.2,33,432,626,14,44.71,8.69,30.86,3/21,0,0,24.54,22,0,264,221,119.46,36,7.0,2,665,537,123.84,348,8.98,11,245,135,181.48,48,7.88,1
83c3e8e3,1123718,SH Johnson,SH Johnson,Brisbane Heat,2023-01-11,2026-05-21,57,21,11,93,75,27,9.3,124.0,0,0,13,3,21.33,50.67,10.0,57,1240,1653,68,24.31,8.0,18.24,4/20,2,0,43.39,20,0,0,0,,594,7.58,24,20,19,105.26,366,8.48,22,73,56,130.36,280,8.27,22
519c30cb,326635,CJ Gannon,CJ Gannon,Seattle Orcas,2012-12-09,2026-07-11,56,24,8,173,175,23,10.81,98.86,0,0,11,6,9.71,46.86,8.7,55,1117,1680,64,26.25,9.02,17.45,4/10,3,0,31.24,21,0,0,0,,420,9.11,14,71,70,101.43,384,8.58,18,102,105,97.14,313,9.45,32
9d1d34bd,401057,Taijul Islam,Taijul Islam,Barisal Bulls,2012-02-26,2026-01-12,80,32,13,189,241,22*,9.95,78.42,0,0,14,2,6.64,50.21,9.4,78,1409,1711,63,27.16,7.29,22.37,3/10,0,0,40.24,20,0,0,0,,390,6.95,20,49,74,66.22,908,7.2,36,140,167,83.83,111,9.14,7
d6663a9a,760015,EJ Pollock,EJ Pollock,Worcestershire,2017-07-23,2025-06-15,89,85,10,1448,939,77,19.31,154.21,0,7,146,79,23.96,40.47,2.5,0,0,0,0,,,,,0,0,,21,0,1029,645,159.53,0,,0,251,181,138.67,0,,0,168,113,148.67,0,,0
ba377b40,381002,GL van Buuren,GL van Buuren,Gloucestershire,2016-06-02,2026-07-15,67,49,19,647,468,53,21.57,138.25,0,1,45,28,15.6,28.42,7.1,59,951,1241,40,31.02,7.83,23.77,3/15,0,0,27.55,22,0,12,22,54.55,294,8.0,12,184,178,103.37,600,7.74,24,451,268,168.28,57,7.89,4
37654b75,348049,Nasum Ahmed,Nasum Ahmed,Khulna Tigers,2015-11-26,2026-01-21,73,26,8,123,128,18,6.83,96.09,0,0,16,3,14.84,58.59,9.3,73,1524,1743,66,26.41,6.86,23.09,5/7,0,1,39.9,19,0,0,0,,648,6.56,17,22,26,84.62,780,7.25,39,101,102,99.02,96,5.75,10
c4450a69,4823,SP Crook,SP Crook,Northamptonshire,2014-05-16,2018-08-16,67,58,18,823,629,56*,20.57,130.84,0,2,69,29,15.58,33.55,5.7,47,726,1052,31,33.94,8.69,23.42,3/19,0,0,29.06,27,0,10,6,166.67,156,9.0,4,452,389,116.2,456,8.14,21,361,234,154.27,114,10.47,6
3576e47e,26806,S Badrinath,S Badrinath,Chennai Super Kings,2008-04-19,2013-05-26,94,67,20,1441,1212,71*,30.66,118.89,0,11,154,28,15.02,37.95,4.9,0,0,0,0,,,,,0,0,,16,0,182,237,76.79,0,,0,837,697,120.09,0,,0,422,278,151.8,0,,0
3cf5ae43,43654,Yasir Arafat,Yasir Arafat,Hampshire,2012-02-11,2016-06-17,53,24,10,139,123,36*,9.93,113.01,0,0,15,1,13.01,37.4,8.2,53,1139,1595,65,24.54,8.4,17.52,4/24,3,0,32.75,7,0,0,0,,330,7.49,14,32,24,133.33,319,7.49,16,107,99,108.08,490,9.61,35
7be8a0ed,12461,JW Dernbach,JW Dernbach,Surrey,2011-12-17,2021-07-09,64,18,10,86,82,24*,10.75,104.88,0,0,6,2,9.76,41.46,10.0,62,1327,1931,67,28.82,8.73,19.81,3/23,0,0,31.27,16,0,0,0,,624,8.09,29,1,1,100.0,145,9.23,4,85,81,104.94,558,9.32,34
eb2d5fe7,232491,Anwar Ali,Anwar Ali,Quetta Gladiators,2016-02-04,2024-03-11,66,46,16,406,295,28*,13.53,137.63,0,0,26,22,16.27,34.92,7.0,63,1126,1748,51,34.27,9.31,22.08,3/33,0,0,33.66,29,0,0,0,,552,7.6,17,77,81,95.06,246,9.9,5,329,214,153.74,328,11.76,29
15101f12,214974,ME Claydon,ME Claydon,Kent,2014-05-23,2021-07-16,67,24,16,64,87,15*,8.0,73.56,0,0,4,0,4.6,48.28,10.0,66,1435,2098,68,30.85,8.77,21.1,3/16,0,0,29.62,8,0,0,0,,588,8.68,19,3,9,33.33,234,8.08,4,61,78,78.21,613,9.12,45
a4b810d0,765879,MJ Waite,MJ Waite,Worcestershire,2015-07-17,2026-07-12,53,38,11,383,304,40,14.19,125.99,0,0,28,16,14.47,37.83,6.8,46,787,1198,52,23.04,9.13,15.13,5/21,1,1,31.0,10,0,89,75,118.67,270,9.0,11,63,78,80.77,286,8.41,11,231,151,152.98,231,10.18,30
b26b1e3d,13983,BA Godleman,BA Godleman,Derbyshire,2014-07-11,2021-06-22,67,65,7,1422,1215,92,24.52,117.04,0,9,121,39,13.17,35.8,2.4,0,0,0,0,,,,,0,0,,29,0,689,548,125.73,0,,0,574,541,106.1,0,,0,159,126,126.19,0,,0
51e1ed69,310519,SG Borthwick,SG Borthwick,Durham,2014-05-16,2022-07-03,75,36,13,356,351,33,15.48,101.42,0,0,20,3,6.55,32.76,7.3,63,1050,1434,53,27.06,8.19,19.81,4/18,1,0,28.48,45,0,50,53,94.34,6,15.0,0,153,134,114.18,957,8.14,47,153,164,93.29,87,8.28,6
e22d3b5c,408413,RI Keogh,RI Keogh,Northamptonshire,2014-06-13,2023-06-18,79,58,18,1094,923,59*,27.35,118.53,0,4,85,17,11.05,29.14,5.7,19,282,394,16,24.62,8.38,17.62,3/30,0,0,27.3,30,0,70,86,81.4,6,11.0,0,552,506,109.09,252,8.07,14,472,331,142.6,24,11.0,2
3dcd1e8d,639140,ME Milnes,ME Milnes,Kent,2019-08-23,2026-07-10,57,26,15,134,98,16*,12.18,136.73,0,0,11,5,16.33,31.63,9.4,57,1144,1683,64,26.3,8.83,17.88,5/22,1,1,33.57,13,0,0,0,,576,8.47,20,2,2,100.0,162,8.0,16,132,96,137.5,406,9.67,28
7a5f232a,326632,JA Burns,JA Burns,Brisbane Heat,2012-12-09,2023-12-07,75,70,12,1349,1144,69,23.26,117.92,0,5,91,49,12.24,38.2,4.0,7,48,59,3,19.67,7.38,16.0,1/8,0,0,41.67,25,0,280,302,92.72,48,7.38,3,858,695,123.45,0,,0,211,147,143.54,0,,0
66b30f71,227712,AB Dinda,AB Dinda,Kolkata Knight Riders,2008-04-18,2017-04-11,78,17,7,26,48,7,2.6,54.17,0,0,2,0,4.17,60.42,10.5,75,1516,2073,69,30.04,8.2,21.97,4/18,1,0,41.36,7,0,0,0,,810,7.34,33,6,8,75.0,294,6.55,10,20,40,50.0,412,11.08,26
70d57519,1039481,AAP Atkinson,AAP Atkinson,Surrey,2020-08-28,2025-09-03,56,26,15,99,90,14,9.0,110.0,0,0,6,3,10.0,38.89,9.0,55,1068,1517,65,23.34,8.52,16.43,4/36,2,0,38.3,16,0,0,0,,510,8.09,19,0,0,,305,8.3,19,99,90,110.0,253,9.65,27
de0a3209,373696,Mominul Haque,Mominul Haque,Rajshahi Kings,2012-02-11,2026-01-16,73,64,5,1318,1237,91,22.34,106.55,0,7,126,26,12.29,41.31,2.5,4,54,57,4,14.25,6.33,13.5,2/14,0,0,33.33,21,0,600,583,102.92,0,,0,585,573,102.09,42,7.0,3,133,81,164.2,12,4.0,1
0a509d6b,723105,RK Singh,RK Singh,Kolkata Knight Riders,2018-04-08,2026-05-24,72,62,21,1394,955,83*,34.0,145.97,0,6,114,67,18.95,32.46,5.8,0,0,0,0,,,,,0,0,,48,0,36,27,133.33,0,,0,567,511,110.96,0,,0,791,417,189.69,0,,0
a6c17509,1260388,TE Albert,TE Albert,Hampshire,2021-07-09,2026-07-18,70,63,11,1392,1037,98*,26.77,134.23,0,7,149,44,18.61,37.13,2.8,0,0,0,0,,,,,0,0,,22,1,663,516,128.49,0,,0,513,392,130.87,0,,0,216,129,167.44,0,,0
bb01f9e0,402992,Shuvagata Hom,Shuvagata Hom,Chattogram Challengers,2012-02-14,2024-02-26,86,65,13,790,626,54*,15.19,126.2,0,2,73,28,16.13,39.3,5.9,58,668,902,30,30.07,8.1,22.27,3/8,0,0,41.92,36,0,139,116,119.83,354,8.32,17,281,254,110.63,264,7.73,11,370,256,144.53,50,8.52,2
cad40f5e,596417,BA Carse,BA Carse,Durham,2017-08-05,2026-07-12,62,48,11,667,471,58,18.03,141.61,0,2,38,29,14.23,28.87,6.9,55,1002,1471,36,40.86,8.81,27.83,3/30,0,0,36.63,23,0,8,7,114.29,477,8.57,16,250,184,135.87,383,9.21,16,409,280,146.07,142,8.54,4
932d3cc9,571102,FJ Hudson-Prentice,FJ Hudson-Prentice,Derbyshire,2019-07-20,2026-05-30,59,46,10,583,480,49*,16.19,121.46,0,0,46,14,12.5,31.88,6.6,47,765,1265,40,31.62,9.92,19.12,3/36,0,0,28.1,25,0,38,44,86.36,396,9.91,21,291,264,110.23,150,9.28,7,254,172,147.67,219,10.38,12
6feb46a4,521170,LD McManus,LD McManus,Northamptonshire,2016-06-08,2026-07-18,130,108,30,1382,1003,76,17.72,137.79,0,3,89,63,15.15,30.71,6.5,0,0,0,0,,,,,0,0,,89,24,40,31,129.03,0,,0,504,433,116.4,0,,0,838,539,155.47,0,,0
a354c917,36581,NT Broom,NT Broom,Otago,2013-01-20,2022-01-23,55,54,1,1376,1096,93,25.96,125.55,0,9,120,45,15.05,36.04,2.3,0,0,0,0,,,,,0,0,,20,1,714,545,131.01,0,,0,553,475,116.42,0,,0,109,76,143.42,0,,0
bd77eb62,7702,A Symonds,A Symonds,Deccan Chargers,2008-04-20,2011-05-20,39,36,9,974,750,117*,36.07,129.87,1,5,74,41,15.33,36.93,4.7,30,527,674,20,33.7,7.67,26.35,3/21,0,0,36.05,21,0,72,82,87.8,114,5.58,4,609,484,125.83,330,7.69,11,293,184,159.24,83,10.48,5
c6097d68,914567,O Thomas,O Thomas,Jamaica Tallawahs,2016-08-05,2025-08-28,56,9,5,10,27,3*,2.5,37.04,0,0,0,0,0.0,62.96,10.8,55,1070,1627,68,23.93,9.12,15.74,4/53,1,0,42.99,7,0,0,0,,438,9.15,25,0,3,0.0,354,8.25,23,10,24,41.67,278,10.19,20
1b6fef02,17185,P Mustard,P Mustard,Durham,2012-02-19,2017-08-17,66,62,3,1368,1210,88*,23.19,113.06,0,6,156,29,15.29,43.47,2.0,0,0,0,0,,,,,0,0,,38,11,727,706,102.97,0,,0,577,462,124.89,0,,0,64,42,152.38,0,,0
a790df98,696143,S Snater,S Snater,Essex,2018-08-17,2026-07-15,65,33,16,208,165,33*,12.24,126.06,0,0,19,7,15.76,36.97,9.2,65,1073,1718,58,29.62,9.61,18.5,3/8,0,0,31.5,32,0,0,0,,594,9.46,27,14,22,63.64,333,8.67,14,194,143,135.66,146,12.33,17
f1eb3c73,630174,DMW Rawlins,DMW Rawlins,Sussex,2018-08-02,2022-07-03,56,51,8,947,657,69,22.02,144.14,0,3,70,52,18.57,32.12,4.6,25,426,534,21,25.43,7.52,20.29,3/21,0,0,32.16,25,0,119,96,123.96,120,7.95,2,627,451,139.02,300,7.26,19,201,110,182.73,6,12.0,0
dd09ff8e,6278,B Lee,B Lee,Sydney Sixers,2008-04-19,2015-01-28,72,33,15,206,166,25,11.44,124.1,0,0,14,11,15.06,42.77,8.4,72,1669,2044,58,35.24,7.35,28.78,4/28,1,0,42.6,17,0,0,1,0.0,888,6.45,25,20,17,117.65,186,6.84,9,186,148,125.68,595,8.85,24
a86a37ab,1158175,Mohammad Ali,Mohammad Ali (2),Multan Sultans,2024-02-18,2026-07-05,40,10,6,24,43,10,6.0,55.81,0,0,1,0,2.33,58.14,10.5,40,895,1241,67,18.52,8.32,13.36,5/24,0,1,38.44,9,0,0,0,,450,8.52,24,4,6,66.67,154,7.05,13,20,37,54.05,291,8.68,30
e1891e00,959769,BV Sears,BV Sears,Wellington,2018-12-31,2026-04-26,46,22,13,81,69,17*,9.0,117.39,0,0,1,3,5.8,33.33,10.0,46,943,1330,64,20.78,8.46,14.73,4/16,4,0,39.13,14,0,0,0,,282,9.49,14,16,12,133.33,534,7.83,41,65,57,114.04,127,8.83,9
1bb0993e,410763,Abu Jayed,Abu Jayed,Chittagong Vikings,2015-11-23,2026-01-11,63,16,12,37,32,10*,9.25,115.62,0,0,4,1,15.62,40.62,10.4,61,1080,1540,66,23.33,8.56,16.36,4/35,1,0,36.76,6,0,0,0,,487,7.86,27,1,1,100.0,288,7.94,17,36,31,116.13,305,10.25,22
3c77ca9d,11995,WJ Durston,WJ Durston,Derbyshire,2014-05-16,2016-07-29,33,33,1,932,662,89,29.12,140.79,0,6,100,32,19.94,36.56,2.0,29,486,622,21,29.62,7.68,23.14,3/14,0,0,32.51,9,0,592,381,155.38,126,6.29,5,303,250,121.2,330,7.96,14,37,31,119.35,30,10.4,2
730d120f,23506,AG Wakely,AG Wakely,Northamptonshire,2015-05-15,2020-09-18,74,66,16,1350,1149,64,27.0,117.49,0,7,93,35,11.14,29.85,4.5,0,0,0,0,,,,,0,0,,22,0,132,130,101.54,0,,0,819,747,109.64,0,,0,399,272,146.69,0,,0
28217d89,1150021,ML Revis,ML Revis,Yorkshire,2020-09-17,2026-07-15,62,43,10,664,504,69*,20.12,131.75,0,3,42,29,14.09,30.36,6.7,45,683,1129,34,33.21,9.92,20.09,2/10,0,0,29.14,26,0,27,25,108.0,210,11.09,13,316,277,114.08,306,9.59,11,321,202,158.91,167,9.05,10
5791b840,629059,Yasir Ali Chowdhury,Yasir Ali Chowdhury,Khulna Tigers,2015-11-24,2026-01-08,70,62,8,1343,1053,94*,24.87,127.54,0,7,96,70,15.76,38.65,4.5,2,12,23,0,,11.5,,0/8,0,0,16.67,36,0,235,242,97.11,0,,0,809,646,125.23,12,11.5,0,299,165,181.21,0,,0
3d7e087f,35353,SK Trivedi,SK Trivedi,Rajasthan Royals,2008-04-19,2013-05-24,76,15,8,42,59,9,6.0,71.19,0,0,3,1,6.78,59.32,10.5,75,1506,1904,65,29.29,7.59,23.17,4/25,1,0,32.67,14,0,0,0,,126,9.38,6,0,1,0.0,1074,6.98,39,42,58,72.41,306,8.96,20
6834d1f2,533042,B Stanlake,B Stanlake,Adelaide Strikers,2015-12-28,2026-01-23,70,16,13,33,49,7*,11.0,67.35,0,0,3,0,6.12,57.14,10.6,70,1423,1944,65,29.91,8.2,21.89,3/17,0,0,40.06,12,0,0,0,,720,7.96,25,4,11,36.36,576,8.24,28,29,38,76.32,127,9.35,12
52c952d9,1170471,T Sangha,T Sangha,Sydney Thunder,2020-12-12,2026-07-11,57,14,8,33,46,17*,5.5,71.74,0,0,2,0,4.35,50.0,10.6,56,1158,1475,65,22.69,7.64,17.82,4/14,1,0,30.83,17,0,0,0,,222,6.59,8,3,8,37.5,800,7.88,40,30,38,78.95,136,7.94,17
28d6c44d,698343,E Bosch,E Bosch,Pretoria Capitals,2023-01-12,2026-07-12,56,31,7,333,296,31,13.88,112.5,0,0,25,10,11.82,39.53,8.1,54,1032,1536,50,30.72,8.93,20.64,4/46,1,0,40.79,23,0,0,0,,664,8.04,25,109,112,97.32,188,8.78,6,224,184,121.74,180,12.37,19
8ee36b18,1028655,P Nissanka,P Nissanka,Jaffna Kings,2021-12-06,2026-05-08,48,48,0,1332,935,119,27.75,142.46,1,10,143,44,20.0,35.51,1.2,0,0,0,0,,,,,0,0,,12,0,839,605,138.68,0,,0,456,313,145.69,0,,0,37,17,217.65,0,,0
2085e1fa,1026379,HJH Brookes,HJH Brookes,Birmingham Bears,2018-07-04,2025-05-29,51,28,12,191,152,31*,11.94,125.66,0,0,17,7,15.79,40.13,8.7,50,1002,1580,57,27.72,9.46,17.58,4/32,1,0,34.83,9,0,0,0,,480,9.59,24,59,49,120.41,209,8.76,6,132,103,128.16,313,9.74,27
6f95e5fa,1191384,P Hatzoglou,P Hatzoglou,Perth Scorchers,2020-12-12,2025-05-18,67,19,13,85,81,15,14.17,104.94,0,0,6,1,8.64,38.27,9.8,66,1382,1832,62,29.55,7.95,22.29,3/14,0,0,31.77,19,0,0,0,,246,7.37,3,9,17,52.94,943,7.63,45,76,64,118.75,193,10.29,14
10b79140,1260386,TS Muyeye,TS Muyeye,Kent,2022-06-07,2026-07-12,56,55,0,1325,931,100,24.09,142.32,1,9,138,41,19.23,33.08,1.5,0,0,0,0,,,,,0,0,,23,0,891,601,148.25,0,,0,406,312,130.13,0,,0,28,18,155.56,0,,0
bd17b45f,27223,STR Binny,STR Binny,Rajasthan Royals,2010-04-19,2019-05-04,95,68,22,880,683,48*,19.13,128.84,0,0,66,35,14.79,36.75,5.7,63,594,758,22,34.45,7.66,27.0,2/14,0,0,33.5,19,0,18,25,72.0,156,7.42,5,465,395,117.72,378,7.43,14,397,263,150.95,60,9.7,3
7955eb15,45949,RK Kleinveldt,RK Kleinveldt,Northamptonshire,2015-05-15,2018-08-10,47,30,7,279,174,42,12.13,160.34,0,0,19,20,22.41,35.06,7.1,47,978,1356,52,26.08,8.32,18.81,3/14,0,0,37.42,10,0,2,4,50.0,564,7.62,20,32,34,94.12,150,8.88,10,245,136,180.15,264,9.5,22
79f5bc26,1125536,BG Lister,BG Lister,Auckland,2017-12-13,2026-01-22,61,21,13,72,71,17*,9.0,101.41,0,0,5,2,9.86,42.25,10.7,61,1213,1616,62,26.06,7.99,19.56,4/26,1,0,38.0,23,0,0,0,,678,7.84,25,3,5,60.0,148,6.85,8,69,66,104.55,387,8.7,29
1ca7c00f,631545,M Carter,M Carter,Nottinghamshire,2018-08-17,2023-07-02,63,23,11,131,126,23*,10.92,103.97,0,0,9,5,11.11,43.65,9.4,62,1248,1592,59,26.98,7.65,21.15,3/14,0,0,31.33,24,0,0,0,,588,7.91,29,23,25,92.0,546,7.18,26,108,101,106.93,114,8.63,4
c27518d2,56167,Ziaur Rahman,Ziaur Rahman,Chattogram Challengers,2012-02-12,2025-12-26,70,53,14,809,625,60,20.74,129.44,0,1,60,54,18.24,47.52,5.9,34,479,694,25,27.76,8.69,19.16,3/18,0,0,26.93,25,0,95,75,126.67,25,7.2,1,335,299,112.04,330,8.13,15,379,251,151.0,124,10.5,9
63a1874a,384355,AK Kitchen,AK Kitchen,Otago,2014-01-03,2022-01-23,46,42,4,805,603,57*,21.18,133.5,0,3,61,35,15.92,33.83,4.9,42,738,968,25,38.72,7.87,29.52,4/11,1,0,33.33,16,0,148,119,124.37,252,7.86,8,462,346,133.53,426,7.99,13,195,138,141.3,60,7.1,4
2498e163,5702,JR Hopes,JR Hopes,Brisbane Heat,2008-04-19,2016-01-14,49,42,9,624,496,71,18.91,125.81,0,4,73,11,16.94,37.7,4.8,48,913,1215,34,35.74,7.98,26.85,3/23,0,0,31.65,12,0,201,179,112.29,168,5.79,6,236,182,129.67,546,7.85,19,187,135,138.52,199,10.22,9
68e26ec9,638912,M Kelly,M Kelly,Perth Scorchers,2018-01-11,2025-01-07,42,16,7,104,86,23*,11.56,120.93,0,0,6,4,11.63,37.21,9.2,42,895,1251,60,20.85,8.39,14.92,4/25,3,0,36.09,13,0,0,0,,360,7.73,20,38,29,131.03,275,8.05,14,66,57,115.79,260,9.65,26
26a8b2fe,1398125,Hassan Nawaz,Hassan Nawaz,Quetta Gladiators,2023-02-16,2026-09-08,51,47,7,1200,901,100*,30.0,133.19,1,6,78,68,16.2,37.96,4.2,8,66,101,5,20.2,9.18,13.2,2/17,0,0,24.24,26,0,186,178,104.49,6,9.0,1,629,513,122.61,54,8.78,3,385,210,183.33,6,13.0,1
3581a798,1097408,RM Yates,RM Yates,Birmingham Bears,2020-09-13,2026-07-10,52,50,1,1192,860,72,24.33,138.6,0,9,130,44,20.23,38.49,2.2,6,90,124,5,24.8,8.27,18.0,4/22,1,0,22.22,25,0,799,545,146.61,42,7.86,1,351,283,124.03,42,8.86,4,42,32,131.25,6,7.0,0
30f92334,1202098,ZGF Foulkes,ZGF Foulkes,Canterbury,2023-01-08,2025-07-06,46,25,10,192,158,32,12.8,121.52,0,0,15,7,13.92,37.34,7.6,43,885,1132,55,20.58,7.67,16.09,4/23,1,0,39.1,9,0,0,0,,480,7.4,24,62,56,110.71,156,7.38,11,130,102,127.45,249,8.39,20
5a4c12ab,444135,Sohag Gazi,Sohag Gazi,Rangpur Riders,2012-02-16,2025-01-12,65,27,8,209,205,52,11.0,101.95,0,1,16,6,10.73,44.39,7.8,64,1216,1532,54,28.37,7.56,22.52,3/19,0,0,41.2,17,0,1,4,25.0,648,7.51,34,105,93,112.9,510,7.67,17,103,108,95.37,58,7.14,3
83d17bbc,1209190,MW Forde,MW Forde,St Lucia Kings,2022-09-01,2026-09-09,48,31,10,245,181,52,11.67,135.36,0,1,20,14,18.78,44.2,7.4,46,867,1159,52,22.29,8.02,16.67,5/23,3,1,44.87,14,0,30,22,136.36,558,7.16,28,104,84,123.81,120,8.25,6,111,75,148.0,189,10.41,18
5426de63,962831,HB Shipley,HB Shipley,Canterbury,2019-01-01,2025-02-02,40,28,5,421,299,40,18.3,140.8,0,0,29,21,16.72,33.44,7.3,36,621,835,43,19.42,8.07,14.44,5/19,1,1,35.59,14,0,0,0,,312,8.38,18,122,120,101.67,174,6.55,14,299,179,167.04,135,9.29,11
b82e3032,567645,J Shaw,J Shaw,Gloucestershire,2015-07-10,2026-07-08,56,17,11,70,55,14*,11.67,127.27,0,0,3,4,12.73,32.73,9.5,56,964,1406,60,23.43,8.75,16.07,3/27,0,0,37.03,10,0,0,0,,558,8.51,27,0,0,,198,9.03,9,70,55,127.27,208,9.14,24
149d0c18,707183,PF Younghusband,PF Younghusband,Wellington,2018-12-28,2026-01-23,62,31,14,170,159,23*,10.0,106.92,0,0,11,5,10.06,41.51,9.0,61,1169,1387,55,25.22,7.12,21.25,3/19,0,0,31.22,29,0,0,0,,30,3.8,1,14,30,46.67,972,7.19,46,156,129,120.93,167,7.29,8
e3bf8356,505110,KR Patterson,KR Patterson,Sydney Thunder,2012-12-26,2025-01-24,65,61,3,1264,1050,78,21.79,120.38,0,4,110,31,13.43,36.76,2.2,0,0,0,0,,,,,0,0,,33,0,776,630,123.17,0,,0,447,386,115.8,0,,0,41,34,120.59,0,,0
e94d2d50,1124290,NA McSweeney,NA McSweeney,Brisbane Heat,2020-01-25,2026-07-18,47,46,6,1141,925,84,28.52,123.35,0,6,107,23,14.05,33.62,3.1,10,97,126,6,21.0,7.79,16.17,3/3,0,0,28.87,25,0,417,355,117.46,24,7.25,0,586,501,116.97,60,8.2,3,138,69,200.0,13,6.92,3
6ce9f3eb,1150964,EA Brookes,EA Brookes,Worcestershire,2024-05-30,2026-06-09,44,43,7,840,553,57,23.33,151.9,0,3,85,32,21.16,30.74,5.4,29,390,549,21,26.14,8.45,18.57,4/41,1,0,26.41,18,0,64,56,114.29,0,,0,508,356,142.7,336,7.82,17,268,141,190.07,54,12.33,4
872b03f7,1151270,A Badoni,A Badoni,Lucknow Super Giants,2022-03-28,2026-05-23,66,56,10,1178,836,74,25.61,140.91,0,7,96,47,17.11,31.82,5.3,8,41,63,4,15.75,9.22,10.25,2/4,0,0,19.51,19,0,124,99,125.25,1,0.0,0,516,410,125.85,24,11.0,2,538,327,164.53,16,7.12,2
f0e722e0,697279,Usman Shinwari,Usman Shinwari,Karachi Kings,2017-02-16,2022-02-20,54,18,11,76,75,30,10.86,101.33,0,0,4,5,12.0,52.0,10.2,53,1098,1500,59,25.42,8.2,18.61,4/15,2,0,36.79,13,0,0,0,,516,7.5,18,8,8,100.0,297,8.18,13,68,67,101.49,285,9.47,28
647e7d44,1223047,J Brown,Josh Brown,Brisbane Heat,2022-12-15,2026-01-17,50,50,0,1256,842,140,25.12,149.17,1,5,111,85,23.28,47.51,1.4,1,16,48,0,,18.0,,0/48,0,0,0.0,14,0,882,642,137.38,0,,0,338,183,184.7,7,19.71,0,36,17,211.76,9,16.67,0
0b60eb09,267724,KA Maharaj,KA Maharaj,Durban's Super Giants,2019-08-11,2026-01-25,60,32,12,175,214,25*,8.75,81.78,0,0,13,6,8.88,50.93,8.3,58,1236,1480,54,27.41,7.18,22.89,3/15,0,0,36.17,19,0,0,0,,162,8.48,6,54,87,62.07,1032,7.08,45,121,127,95.28,42,4.86,3
1ad0b441,232361,K Noema-Barnett,K Noema-Barnett,Gloucestershire,2015-05-15,2021-01-23,63,51,12,694,515,58,17.79,134.76,0,3,42,44,16.7,37.09,5.7,48,642,958,28,34.21,8.95,22.93,3/10,0,0,22.27,9,0,30,21,142.86,48,10.5,4,403,322,125.16,450,8.23,17,261,172,151.74,144,10.71,7
1c06d60a,622772,MD Rae,MD Rae,Otago,2018-01-06,2026-01-31,48,14,9,54,39,16,10.8,138.46,0,0,10,0,25.64,41.03,10.0,46,912,1359,60,22.65,8.94,15.2,3/13,0,0,33.66,11,0,0,0,,312,9.63,22,8,6,133.33,422,8.25,22,46,33,139.39,178,9.37,16
1f84183a,1079380,Nikhil Chaudhary,Nikhil Chaudhary,Hobart Hurricanes,2023-12-20,2026-08-20,44,39,5,890,646,79,26.18,137.77,0,2,72,35,16.56,31.11,4.9,31,468,624,18,34.67,8.0,26.0,2/26,0,0,29.91,17,0,135,102,132.35,72,6.0,4,561,416,134.86,360,8.4,13,194,128,151.56,36,8.0,1
10435ca2,302269,CDJ Dent,CDJ Dent,Gloucestershire,2014-05-23,2023-05-30,57,53,6,1190,849,87,25.32,140.16,0,6,133,36,19.91,36.98,2.4,7,48,70,3,23.33,8.75,16.0,1/4,0,0,25.0,24,0,766,528,145.08,6,13.0,0,334,261,127.97,35,7.71,2,90,60,150.0,7,10.29,1
de6c2c6e,1029993,S Steel,S Steel,Durham,2019-07-19,2022-06-10,40,37,1,909,746,72,25.25,121.85,0,6,65,30,12.73,34.58,2.2,30,476,568,17,33.41,7.16,28.0,3/20,0,0,32.14,4,0,502,394,127.41,102,7.29,1,344,300,114.67,330,7.09,13,63,52,121.15,44,7.36,3
f7e9a562,375724,Kamrul Islam Rabbi,Kamrul Islam Rabbi,Rajshahi Royals,2015-12-07,2025-01-17,59,20,12,68,77,14*,8.5,88.31,0,0,4,3,9.09,49.35,9.8,57,997,1532,59,25.97,9.22,16.9,4/10,1,0,34.2,10,0,0,0,,252,8.31,11,7,10,70.0,396,8.61,22,61,67,91.04,349,10.57,26
07793daf,1206769,JR Lennox,JR Lennox,Central Districts,2021-01-04,2026-01-26,44,9,7,67,62,20*,33.5,108.06,0,0,5,2,11.29,41.94,9.8,42,888,1118,59,18.95,7.55,15.05,4/15,2,0,34.91,24,0,0,0,,90,7.27,3,0,0,,604,7.17,34,67,62,108.06,194,8.88,22
c8a3f688,398513,SN Netravalkar,SN Netravalkar,Washington Freedom,2023-07-14,2026-08-18,44,7,3,24,22,9,6.0,109.09,0,0,2,1,13.64,45.45,10.6,44,958,1344,61,22.03,8.42,15.7,6/9,1,1,38.73,8,0,0,0,,528,7.92,25,9,7,128.57,144,10.29,7,15,15,100.0,286,8.39,29
dd6e32da,1107568,JB Cracknell,JB Cracknell,Middlesex,2020-09-14,2026-07-12,65,64,6,1242,936,77,21.41,132.69,0,5,136,38,18.59,39.32,3.5,0,0,0,0,,,,,0,0,,34,4,621,471,131.85,0,,0,508,394,128.93,0,,0,113,71,159.15,0,,0
a8e54ef4,793441,Aamer Jamal,Aamer Jamal,Peshawar Zalmi,2023-03-01,2026-04-13,44,34,13,321,245,87,15.29,131.02,0,1,30,15,18.37,42.86,7.4,44,806,1308,46,28.43,9.74,17.52,5/23,1,1,34.49,24,0,0,2,0.0,102,10.82,5,103,99,104.04,456,8.72,22,218,144,151.39,248,11.15,19
e3e09091,697059,Zakir Hasan,Zakir Hasan,Sylhet Strikers,2016-11-08,2026-01-21,75,66,5,1238,1003,75*,20.3,123.43,0,7,119,48,16.65,41.08,3.7,0,0,0,0,,,,,0,0,,17,4,435,372,116.94,0,,0,671,530,126.6,0,,0,132,101,130.69,0,,0
80fe764d,990023,Tanzid Hasan,Tanzid Hasan,Rajshahi Warriors,2022-01-21,2026-01-23,39,39,1,1236,900,116,32.53,137.33,3,7,88,76,18.22,41.56,1.6,0,0,0,0,,,,,0,0,,26,0,643,494,130.16,0,,0,450,330,136.36,0,,0,143,76,188.16,0,,0
ad962377,21229,WR Smith,WR Smith,Hampshire,2014-05-16,2018-08-24,47,39,11,434,374,37*,15.5,116.04,0,0,30,10,10.7,32.09,6.0,44,786,952,40,23.8,7.27,19.65,3/15,0,0,31.17,12,0,33,31,106.45,228,6.13,7,183,203,90.15,516,7.86,28,218,140,155.71,42,6.14,5
6575e3bc,446810,Nazmul Islam,Nazmul Islam,Rangpur Riders,2012-02-11,2025-01-29,76,20,12,52,72,16,6.5,72.22,0,0,2,1,4.17,54.17,9.9,72,1278,1624,59,27.53,7.62,21.66,4/18,1,0,38.42,17,0,0,0,,294,7.84,9,13,15,86.67,879,7.43,44,39,57,68.42,105,8.63,6
90701232,599402,MB Bacon,MB Bacon,Otago,2018-01-02,2026-01-24,52,15,7,51,60,15*,6.38,85.0,0,0,1,3,6.67,55.0,10.4,52,1080,1554,59,26.34,8.63,18.31,5/28,2,1,33.8,14,0,0,0,,439,8.15,15,17,20,85.0,288,7.85,15,34,40,85.0,353,9.88,29
0d61d8f0,529045,JD Libby,JD Libby,Worcestershire,2018-07-13,2025-06-20,57,51,8,1209,995,78*,28.12,121.51,0,5,98,14,11.26,26.43,4.0,6,54,77,1,77.0,8.56,54.0,1/11,0,0,20.37,17,0,321,259,123.94,18,9.0,0,712,599,118.86,24,9.0,1,176,137,128.47,12,7.0,0
ad1730bc,270135,Ariful Haque,Ariful Haque,Khulna Titans,2013-02-07,2025-01-30,88,76,21,1147,951,57,20.85,120.61,0,1,75,44,12.51,35.54,6.4,19,210,409,4,102.25,11.69,52.5,1/18,0,0,20.48,55,0,16,25,64.0,30,10.0,0,437,469,93.18,138,10.57,2,694,457,151.86,42,16.57,2
58be5e46,1152986,JA Chohan,JA Chohan,Yorkshire,2023-05-20,2026-07-15,55,26,13,126,121,37,9.69,104.13,0,0,9,4,10.74,45.45,9.9,51,1031,1418,55,25.78,8.25,18.75,5/14,3,1,27.74,8,0,0,0,,30,8.0,1,15,19,78.95,903,8.19,46,111,102,108.82,98,8.94,8
d8699ab7,5616,ML Hayden,ML Hayden,Chennai Super Kings,2008-04-19,2012-01-17,37,37,2,1225,903,93,35.0,135.66,0,8,137,45,20.16,41.64,2.0,0,0,0,0,,,,,0,0,,15,0,686,523,131.17,0,,0,443,330,134.24,0,,0,96,50,192.0,0,,0
465aa633,971349,N Burger,N Burger,Joburg Super Kings,2023-01-18,2026-06-20,56,17,8,82,103,17*,9.11,79.61,0,0,6,2,7.77,52.43,10.1,54,1118,1670,57,29.3,8.96,19.61,3/10,0,0,38.64,12,0,0,0,,624,8.46,31,5,25,20.0,239,8.84,11,77,78,98.72,255,10.31,15
21e5f325,440516,TA Blundell,TA Blundell,Wellington,2017-12-24,2026-01-23,49,48,3,1222,874,79,27.16,139.82,0,9,111,41,17.39,32.27,3.0,0,0,0,0,,,,,0,0,,38,4,428,329,130.09,0,,0,638,461,138.39,0,,0,156,84,185.71,0,,0
45963d9e,429754,N Dickwella,N Dickwella,Sharjah Warriors,2020-11-28,2026-07-26,67,66,2,1221,852,65,19.08,143.31,0,6,158,31,22.18,38.5,1.7,0,0,0,0,,,,,0,0,,41,8,927,615,150.73,0,,0,290,234,123.93,0,,0,4,3,133.33,0,,0
7a8bd078,344580,S Gopal,S Gopal,Rajasthan Royals,2014-05-19,2024-04-18,52,22,8,180,169,24,12.86,106.51,0,0,19,2,12.43,39.64,8.2,51,991,1349,52,25.94,8.17,19.06,4/16,1,0,31.99,12,0,0,4,0.0,114,7.89,8,45,61,73.77,822,8.3,38,135,104,129.81,55,6.76,6
9f7932a7,901657,HD Ward,HD Ward,Sussex,2021-07-01,2026-07-12,57,57,4,1199,820,69,22.62,146.22,0,7,129,55,22.44,41.1,2.5,2,13,16,1,16.0,7.38,13.0,1/5,0,0,53.85,21,0,863,558,154.66,6,5.0,1,262,212,123.58,7,9.43,0,74,50,148.0,0,,0
dfb51f40,625956,LJ Carter,LJ Carter,Canterbury,2017-12-26,2026-01-31,74,63,14,1218,992,88*,24.86,122.78,0,6,95,38,13.41,33.27,4.6,0,0,0,0,,,,,0,0,,31,0,198,197,100.51,0,,0,700,600,116.67,0,,0,320,195,164.1,0,,0
eddf25bd,362565,CAJ Meschede,CAJ Meschede,Glamorgan,2014-06-06,2018-08-17,59,41,8,457,357,43,13.85,128.01,0,0,35,25,16.81,45.1,4.9,52,793,1134,38,29.84,8.58,20.87,3/17,0,0,28.63,10,0,185,143,129.37,126,10.48,3,148,124,119.35,606,7.93,30,124,90,137.78,61,11.11,5
99d63244,290716,KM Jadhav,KM Jadhav,Delhi Daredevils,2010-03-25,2023-05-09,95,81,27,1208,981,69,22.37,123.14,0,4,102,40,14.48,35.07,5.5,0,0,0,0,,,,,0,0,,31,7,67,81,82.72,0,,0,576,493,116.84,0,,0,565,407,138.82,0,,0
193ef196,227762,Sharjeel Khan,Sharjeel Khan,Karachi Kings,2016-02-04,2026-04-08,54,53,3,1204,866,117,24.08,139.03,2,5,107,79,21.48,46.54,1.6,0,0,0,0,,,,,0,0,,7,0,676,554,122.02,0,,0,427,264,161.74,0,,0,101,48,210.42,0,,0
60aa2db3,1385640,LG Pretorius,LG Pretorius,Paarl Royals,2025-01-11,2026-07-16,42,41,4,1203,772,102*,32.51,155.83,1,9,118,57,22.67,34.97,1.2,1,4,11,0,,16.5,,0/11,0,0,25.0,16,2,735,487,150.92,0,,0,386,245,157.55,4,16.5,0,82,40,205.0,0,,0
5bfdc77a,747031,James Bracey,James Bracey,Gloucestershire,2019-07-19,2026-07-15,85,75,8,1198,949,70,17.88,126.24,0,3,116,30,15.38,34.14,4.4,0,0,0,0,,,,,0,0,,52,16,360,304,118.42,0,,0,663,518,127.99,0,,0,175,127,137.8,0,,0
bcf325d2,1175488,Dhruv Jurel,Dhruv Jurel,Rajasthan Royals,2023-04-05,2026-05-29,57,51,13,1195,775,81*,31.45,154.19,0,10,98,62,20.65,30.32,4.9,0,0,0,0,,,,,0,0,,37,1,151,93,162.37,0,,0,559,403,138.71,0,,0,485,279,173.84,0,,0
a1b69936,498585,DG Bedingham,DG Bedingham,Durham,2020-08-27,2026-07-05,63,58,2,1194,887,78,21.32,134.61,0,5,99,42,15.9,31.34,2.7,0,0,0,0,,,,,0,0,,17,1,635,432,146.99,0,,0,485,409,118.58,0,,0,74,46,160.87,0,,0
27af6414,7547,BJ Rohrer,BJ Rohrer,Sydney Thunder,2011-12-27,2018-01-24,68,64,20,1190,896,64*,27.05,132.81,0,2,93,37,14.51,33.59,5.0,1,6,12,0,,12.0,,0/12,0,0,16.67,21,0,84,70,120.0,0,,0,671,552,121.56,6,12.0,0,435,274,158.76,0,,0
dcf81436,326017,S Kaul,S Kaul,Sunrisers Hyderabad,2013-04-12,2022-05-19,55,12,8,20,36,7*,5.0,55.56,0,0,1,0,2.78,63.89,10.2,55,1209,1739,58,29.98,8.63,20.84,4/29,1,0,32.01,8,0,0,0,,348,8.93,12,0,0,,444,8.31,16,20,36,55.56,417,8.72,30
08a4f9ad,248920,DC Thomas,DC Thomas,St Kitts and Nevis Patriots,2013-08-01,2022-09-30,84,67,9,1098,933,71,18.93,117.68,0,4,93,48,15.11,44.69,4.2,5,54,108,4,27.0,12.0,13.5,2/4,0,0,20.37,42,10,273,285,95.79,6,4.0,2,543,492,110.37,12,11.5,1,282,156,180.77,36,13.5,1
05f96194,1093091,MA Jones,MA Jones,Durham,2022-05-26,2026-07-10,60,55,7,1176,888,55,24.5,132.43,0,2,106,45,17.0,36.6,3.9,0,0,0,0,,,,,0,0,,13,0,579,405,142.96,0,,0,386,356,108.43,0,,0,211,127,166.14,0,,0
cd143bca,355092,J Leach,J Leach,Worcestershire,2014-07-18,2019-09-06,46,27,5,211,190,24,9.59,111.05,0,0,22,5,14.21,44.21,5.4,44,776,1232,48,25.67,9.53,16.17,5/33,0,1,31.83,10,0,99,73,135.62,306,9.63,13,30,51,58.82,156,8.35,10,82,66,124.24,314,10.01,25
dfc3f02d,1153276,OJ Price,OJ Price,Gloucestershire,2023-05-24,2026-06-07,44,40,6,591,474,51,17.38,124.68,0,1,45,20,13.71,34.6,4.9,32,389,587,29,20.24,9.05,13.41,3/21,0,0,29.31,30,0,71,69,102.9,60,9.7,5,343,284,120.77,294,8.71,19,177,121,146.28,35,10.8,5
9c376401,232435,CS MacLeod,CS MacLeod,Durham,2014-05-16,2021-07-18,48,47,4,1170,934,104,27.21,125.27,1,4,129,22,16.17,37.58,3.3,1,6,6,0,,6.0,,0/6,0,0,16.67,29,0,415,358,115.92,0,,0,634,502,126.29,6,6.0,0,121,74,163.51,0,,0
d7c6af50,38710,DL Vettori,DL Vettori,Royal Challengers Bangalore,2008-04-19,2015-07-19,67,34,14,207,203,40,10.35,101.97,0,0,16,5,10.34,40.39,7.6,67,1527,1666,48,34.71,6.55,31.81,3/13,0,0,37.52,17,0,0,0,,420,5.77,10,67,82,81.71,888,6.44,29,140,121,115.7,219,8.47,9
8c7b16c8,675945,Nahidul Islam,Nahidul Islam,Khulna Tigers,2016-11-08,2025-01-30,63,37,8,367,339,58,12.66,108.26,0,1,38,4,12.39,38.05,7.0,54,988,1099,40,27.48,6.67,24.7,4/6,2,0,44.94,27,0,3,4,75.0,528,6.33,24,192,196,97.96,405,7.04,14,172,139,123.74,55,7.31,2
12eddf28,5779,RJ Harris,RJ Harris,Kings XI Punjab,2009-05-04,2014-01-23,41,24,11,146,138,25*,11.23,105.8,0,0,8,3,7.97,39.86,8.3,41,924,1169,51,22.92,7.59,18.12,4/34,1,0,43.29,21,0,0,0,,468,6.58,14,22,28,78.57,150,7.68,8,124,110,112.73,306,9.1,29
3c55c703,1194959,JG Bethell,JG Bethell,Birmingham Bears,2021-06-20,2026-05-17,53,50,6,944,687,87,21.45,137.41,0,6,77,45,17.76,35.81,4.1,20,221,290,11,26.36,7.87,20.09,2/5,0,0,30.32,29,0,277,234,118.38,18,11.67,0,437,336,130.06,168,7.93,7,230,117,196.58,35,5.66,4
fdb8ed0d,215058,SD Parry,SD Parry,Lancashire,2014-05-16,2020-09-04,62,17,12,64,59,15,12.8,108.47,0,0,6,0,10.17,30.51,9.7,62,1230,1528,55,27.78,7.45,22.36,5/13,1,1,27.48,18,0,0,0,,66,8.55,2,0,0,,1092,7.39,45,64,59,108.47,72,7.42,8
607ed7c2,56125,Shohidul Islam,Shohidul Islam,Khulna Tigers,2016-11-21,2026-01-16,39,17,8,79,100,40,8.78,79.0,0,0,6,1,7.0,52.0,8.2,39,836,1164,54,21.56,8.35,15.48,4/23,1,0,36.48,5,0,0,0,,168,9.39,11,13,22,59.09,456,7.49,25,66,78,84.62,212,9.4,18
1212cbec,524049,Najibullah Zadran,Najibullah Zadran,St Lucia Zouks,2017-11-17,2025-01-28,76,69,11,1157,931,71*,19.95,124.27,0,4,80,61,15.15,42.86,5.2,0,0,0,0,,,,,0,0,,27,0,38,44,86.36,0,,0,710,644,110.25,0,,0,409,243,168.31,0,,0
46a9bea1,822553,TU Deshpande,TU Deshpande,Chennai Super Kings,2020-10-14,2026-05-29,53,10,6,54,36,25,13.5,150.0,0,0,2,4,16.67,36.11,10.1,53,1103,1858,55,33.78,10.11,20.05,4/27,1,0,34.18,10,0,0,0,,522,8.76,17,0,1,0.0,222,10.62,9,54,35,154.29,359,11.75,29
6ea2710f,949561,D Moriarty,D Moriarty,Surrey,2020-08-28,2026-07-10,61,15,11,50,56,9*,12.5,89.29,0,0,5,1,10.71,48.21,10.3,58,1200,1581,55,28.75,7.91,21.82,4/25,1,0,30.42,5,0,0,0,,420,8.66,15,0,0,,714,7.61,35,50,56,89.29,66,6.27,5
3204c99f,596010,G Coetzee,G Coetzee,Mumbai Indians,2023-01-14,2026-01-17,38,26,7,108,116,13*,5.68,93.1,0,0,4,8,10.34,53.45,8.3,38,752,1169,52,22.48,9.33,14.46,4/24,3,0,38.83,6,0,4,11,36.36,282,9.3,16,19,35,54.29,230,8.37,12,85,70,121.43,240,10.28,24
f9e6e7ef,1159711,Shahbaz Ahmed,Shahbaz Ahmed,Royal Challengers Bangalore,2020-10-17,2026-05-19,63,40,11,603,489,59*,20.79,123.31,0,1,33,28,12.47,34.56,6.2,50,655,1069,27,39.59,9.79,24.26,3/7,0,0,25.65,21,0,21,26,80.77,150,9.64,2,267,249,107.23,453,9.77,18,315,214,147.2,52,10.38,7
73f1f6b0,902907,TA Lammonby,TA Lammonby,Somerset,2019-07-20,2026-05-24,67,53,8,862,610,90,19.16,141.31,0,1,73,37,18.03,32.62,5.3,29,312,481,14,34.36,9.25,22.29,2/32,0,0,28.85,38,0,155,99,156.57,126,8.67,3,392,330,118.79,144,9.25,10,315,181,174.03,42,11.0,1
7b953689,774219,MP Kuhnemann,MP Kuhnemann,Brisbane Heat,2019-02-01,2026-01-18,64,23,14,79,90,31*,8.78,87.78,0,0,6,3,10.0,54.44,10.0,61,1223,1557,53,29.38,7.64,23.08,3/17,0,0,27.23,26,0,0,0,,282,7.6,9,5,13,38.46,738,7.24,28,74,77,96.1,203,9.13,16
f28c7456,1080812,DK Ferns,DK Ferns,Auckland,2020-12-24,2026-01-24,40,21,8,157,120,23,12.08,130.83,0,0,12,5,14.17,34.17,9.1,39,780,1200,49,24.49,9.23,15.92,4/16,1,0,32.82,10,0,0,0,,351,9.25,15,34,25,136.0,174,7.66,8,123,95,129.47,255,10.28,26
9fd3a210,348154,Zafar Gohar,Zafar Gohar,Middlesex,2016-02-05,2026-07-12,50,29,9,196,209,37*,9.8,93.78,0,0,11,4,7.18,42.58,8.1,49,955,1297,47,27.6,8.15,20.32,4/14,1,0,35.6,8,0,0,0,,228,9.16,10,83,89,93.26,653,7.53,29,113,120,94.17,74,10.46,8
35f9a295,459754,LJ Hill,LJ Hill,Leicestershire,2015-07-12,2025-06-08,86,72,12,1135,908,59,18.92,125.0,0,4,91,38,14.21,36.01,5.3,0,0,0,0,,,,,0,0,,34,3,200,141,141.84,0,,0,515,510,100.98,0,,0,420,257,163.42,0,,0
ffdba4e2,998369,BG Charlesworth,BG Charlesworth,Gloucestershire,2023-05-26,2026-07-15,51,46,9,994,680,68,26.86,146.18,0,4,81,49,19.12,32.21,4.9,11,141,235,7,33.57,10.0,20.14,2/5,0,0,21.99,15,0,161,116,138.79,9,20.0,0,481,366,131.42,114,8.16,6,352,198,177.78,18,16.67,1
d85b0f8b,1081730,M Gilkes,M Gilkes,Sydney Thunder,2019-01-24,2026-01-16,64,60,4,1131,915,93,20.2,123.61,0,6,111,33,15.74,42.51,2.4,0,0,0,0,,,,,0,0,,23,1,619,516,119.96,0,,0,383,304,125.99,0,,0,129,95,135.79,0,,0
9ca68676,1326798,AM Ghazanfar,AM Ghazanfar,MI Emirates,2025-01-11,2026-09-16,47,14,5,68,63,28,7.56,107.94,0,0,4,6,15.87,60.32,9.5,47,1012,1332,53,25.13,7.9,19.09,3/17,0,0,37.15,4,0,0,0,,432,7.54,24,36,25,144.0,442,7.75,16,32,38,84.21,138,9.48,13
c834c290,1096092,JL Smith,JL Smith,Surrey,2018-07-05,2024-09-14,73,59,13,1126,840,87,24.48,134.05,0,5,89,44,15.83,33.33,4.2,0,0,0,0,,,,,0,0,,41,7,368,292,126.03,0,,0,557,419,132.94,0,,0,201,129,155.81,0,,0
9d450c28,530811,C Hemraj,C Hemraj,Guyana Amazon Warriors,2018-08-16,2023-09-05,46,45,1,900,764,105*,20.45,117.8,1,2,84,43,16.62,48.04,2.0,24,229,269,11,24.45,7.05,20.82,3/15,0,0,50.66,10,0,613,543,112.89,152,7.66,7,287,220,130.45,72,5.67,4,0,1,0.0,5,8.4,0
5239d782,298241,NL Buck,NL Buck,Northamptonshire,2014-05-16,2022-06-24,49,18,10,99,89,26*,12.38,111.24,0,0,6,6,13.48,47.19,9.8,48,935,1406,51,27.57,9.02,18.33,4/26,2,0,33.26,10,0,0,0,,408,7.85,22,14,15,93.33,265,9.83,9,85,74,114.86,262,10.03,20
fb3e0d39,623695,C Karunaratne,C Karunaratne,Colombo Strikers,2021-12-06,2026-08-08,49,40,17,717,478,75*,31.17,150.0,0,3,56,34,18.83,32.85,6.8,39,572,952,20,47.6,9.99,28.6,4/11,1,0,30.24,26,0,16,14,114.29,222,9.03,7,243,198,122.73,224,9.75,4,458,266,172.18,126,12.1,9
5fcb6fb1,354259,Azeem Rafiq,Azeem Rafiq,Yorkshire,2014-06-06,2018-08-10,44,13,10,35,41,7*,11.67,85.37,0,0,2,0,4.88,41.46,9.5,44,893,1163,54,21.54,7.81,16.54,5/19,0,1,29.9,17,0,0,0,,132,7.68,10,2,4,50.0,683,7.89,35,33,37,89.19,78,7.38,9
1c790f4f,448243,Rumman Raees,Rumman Raees,Islamabad United,2016-02-04,2024-03-06,52,17,9,71,75,25*,8.88,94.67,0,0,8,1,12.0,53.33,9.8,52,1070,1397,52,26.87,7.83,20.58,4/25,1,0,36.17,13,0,0,0,,492,6.9,20,4,8,50.0,191,7.73,7,67,67,100.0,387,9.07,25
f69f1d8a,429122,Umaid Asif,Umaid Asif,Peshawar Zalmi,2018-02-24,2023-03-11,47,18,9,151,94,25,16.78,160.64,0,0,11,11,23.4,40.43,8.9,47,1040,1459,48,30.4,8.42,21.67,4/23,1,0,33.46,11,0,0,0,,306,8.27,13,31,25,124.0,432,6.74,16,120,69,173.91,302,10.97,19
54279e23,56251,Alok Kapali,Alok Kapali,Rajshahi Royals,2012-02-14,2022-02-07,65,43,12,451,474,39*,14.55,95.15,0,0,32,12,9.28,42.19,5.3,41,574,778,33,23.58,8.13,17.39,4/22,1,0,27.53,17,0,61,85,71.76,12,8.5,2,205,238,86.13,480,7.9,23,185,151,122.52,82,9.44,8
5750bcb4,1306214,E Malinga,E Malinga,Sunrisers Hyderabad,2024-07-14,2026-08-08,36,5,2,30,38,15,10.0,78.95,0,0,0,2,5.26,52.63,10.4,36,780,1205,54,22.31,9.27,14.44,4/26,2,0,33.97,12,0,0,0,,198,10.12,10,7,10,70.0,293,8.38,21,23,28,82.14,289,9.59,23
3f61a062,807535,BTJ Wheal,BTJ Wheal,Hampshire,2016-07-08,2025-09-05,42,9,3,30,35,16,5.0,85.71,0,0,4,0,11.43,48.57,10.4,42,842,1243,54,23.02,8.86,15.59,5/38,1,1,32.42,9,0,0,0,,444,8.49,17,0,0,,143,8.39,9,30,35,85.71,255,9.76,28
cb9b8664,1211825,W O'Rourke,W O'Rourke,Canterbury,2022-01-07,2025-07-06,46,10,8,49,50,21*,24.5,98.0,0,0,5,0,10.0,44.0,10.5,44,917,1315,53,24.81,8.6,17.3,5/22,1,1,38.06,13,0,0,0,,426,8.49,21,6,9,66.67,270,7.73,16,43,41,104.88,221,9.88,16
800d2d97,721867,JM Sharma,JM Sharma,Punjab Kings,2022-04-03,2026-05-31,71,59,11,1107,726,85*,23.06,152.48,0,1,86,68,21.21,36.78,5.5,0,0,0,0,,,,,0,0,,59,7,13,23,56.52,0,,0,615,440,139.77,0,,0,479,263,182.13,0,,0
47b4ad09,46270,JG Myburgh,JG Myburgh,Somerset,2014-06-06,2018-09-15,47,43,5,1087,737,103*,28.61,147.49,1,7,123,37,21.71,35.41,2.3,6,42,49,1,49.0,7.0,42.0,1/5,0,0,26.19,10,0,632,426,148.36,6,5.0,0,372,256,145.31,36,7.33,1,83,55,150.91,0,,0
fe763256,35805,Y Venugopal Rao,Y Venugopal Rao,Deccan Chargers,2008-04-20,2014-05-24,65,54,10,985,836,71*,22.39,117.82,0,3,77,37,13.64,39.0,5.4,20,216,337,6,56.17,9.36,36.0,2/23,0,0,27.31,13,0,76,97,78.35,42,9.57,1,522,488,106.97,150,8.68,4,387,251,154.18,24,13.25,1
003d49e6,709675,JJ Bazley,JJ Bazley,Brisbane Heat,2020-12-27,2025-01-05,47,41,11,442,341,49*,14.73,129.62,0,0,30,21,14.96,37.54,7.1,39,691,1008,33,30.55,8.75,20.94,4/22,1,0,31.26,9,0,1,6,16.67,144,7.25,6,162,118,137.29,401,8.41,14,279,217,128.57,146,11.18,13
b082d112,559065,MR Quinn,MR Quinn,Essex,2014-01-03,2023-07-02,50,7,5,20,21,8*,10.0,95.24,0,0,1,1,9.52,47.62,11.0,48,998,1460,54,27.04,8.78,18.48,4/20,2,0,33.17,9,0,0,0,,546,8.27,26,0,0,,126,8.9,5,20,21,95.24,326,9.57,23
79c7041c,514612,GT Griffiths,GT Griffiths,Leicestershire,2015-08-29,2021-07-18,58,19,16,55,61,12,18.33,90.16,0,0,3,2,8.2,42.62,10.5,56,968,1415,52,27.21,8.77,18.62,4/24,2,0,34.5,12,0,0,0,,383,8.29,20,0,0,,274,8.19,10,55,61,90.16,311,9.88,22
c9bb898a,547758,EJ Nuttall,EJ Nuttall,Canterbury,2017-12-22,2023-02-06,57,12,9,31,36,11,10.33,86.11,0,0,2,2,11.11,58.33,10.9,56,1077,1600,53,30.19,8.91,20.32,3/13,0,0,36.95,15,0,0,0,,540,8.67,25,0,0,,354,8.8,14,31,36,86.11,183,9.87,14
7d608e12,465793,DM de Silva,DM de Silva,Jaffna Kings,2020-11-27,2024-07-21,42,37,5,669,528,65,20.91,126.7,0,3,62,21,15.72,36.55,4.6,30,488,591,21,28.14,7.27,23.24,4/6,1,0,34.22,24,0,186,165,112.73,216,7.17,8,339,281,120.64,234,7.46,12,144,82,175.61,38,6.63,1
f233bbb4,49209,ST Jayasuriya,ST Jayasuriya,Mumbai Indians,2008-04-20,2012-02-26,33,33,2,787,550,114*,25.39,143.09,1,4,86,40,22.91,47.64,1.5,24,336,447,15,29.8,7.98,22.4,3/14,0,0,29.17,5,0,533,384,138.8,6,10.0,0,254,166,153.01,264,7.82,11,0,0,,66,8.45,4
556302a7,55414,SM Ervine,SM Ervine,Hampshire,2012-02-11,2017-08-18,61,56,9,867,682,56,18.45,127.13,0,1,64,32,14.08,31.82,5.2,23,292,478,11,43.45,9.82,26.55,3/19,0,0,27.4,14,0,58,78,74.36,36,9.33,1,508,409,124.21,186,9.03,7,301,195,154.36,70,12.17,3
b98b5e1c,43266,Sohaib Maqsood,Sohaib Maqsood,Multan Sultans,2016-02-05,2023-03-16,49,48,8,1086,855,85*,27.15,127.02,0,8,96,50,17.08,41.05,3.7,1,6,8,0,,8.0,,0/8,0,0,33.33,12,0,297,226,131.42,0,,0,600,519,115.61,6,8.0,0,189,110,171.82,0,,0
c03e2850,532856,M Vohra,M Vohra,Kings XI Punjab,2013-04-07,2023-05-03,56,51,2,1083,829,95,22.1,130.64,0,3,104,43,17.73,43.31,2.4,0,0,0,0,,,,,0,0,,13,0,691,540,127.96,0,,0,330,261,126.44,0,,0,62,28,221.43,0,,0
7c8f533d,501012,JS Paris,JS Paris,Perth Scorchers,2015-12-21,2026-01-07,51,22,8,102,104,20*,7.29,98.08,0,0,4,5,8.65,44.23,8.9,51,993,1425,49,29.08,8.61,20.27,3/13,0,0,38.37,13,0,0,0,,454,8.35,13,43,42,102.38,300,8.26,19,59,62,95.16,239,9.54,17
ec02b798,24611,WTS Porterfield,WTS Porterfield,Warwickshire,2014-05-30,2017-07-23,39,39,7,1082,856,81*,33.81,126.4,0,6,103,28,15.3,35.4,2.5,0,0,0,0,,,,,0,0,,20,0,473,354,133.62,0,,0,458,408,112.25,0,,0,151,94,160.64,0,,0
711249d1,1161044,Shamim Hossain,Shamim Hossain,Rangpur Riders,2022-01-21,2026-01-18,60,52,9,1038,730,81*,24.14,142.19,0,6,93,47,19.18,34.38,5.8,10,80,124,2,62.0,9.3,40.0,1/8,0,0,32.5,24,0,79,69,114.49,0,,0,445,366,121.58,71,8.45,2,514,295,174.24,9,16.0,0
055be93a,837611,HTRY Thornton,HTRY Thornton,Adelaide Strikers,2017-01-03,2026-01-17,35,12,8,56,61,28*,14.0,91.8,0,0,2,2,6.56,44.26,9.0,35,712,1030,51,20.2,8.68,13.96,5/3,2,1,37.5,7,0,0,0,,299,8.09,24,9,15,60.0,258,7.81,14,47,46,102.17,155,11.26,13
1b77f62b,229954,MD Stoneman,MD Stoneman,Durham,2014-05-16,2024-07-12,63,57,4,1072,895,89*,20.23,119.78,0,7,129,13,15.87,41.12,1.7,0,0,0,0,,,,,0,0,,23,0,734,603,121.72,0,,0,294,266,110.53,0,,0,44,26,169.23,0,,0
02bce9a8,533870,NCR Larkin,NCR Larkin,Melbourne Stars,2016-01-10,2023-12-13,58,51,16,1069,888,83*,30.54,120.38,0,6,107,17,13.96,36.26,4.2,0,0,0,0,,,,,0,0,,23,0,181,222,81.53,0,,0,607,477,127.25,0,,0,281,189,148.68,0,,0
4175d211,820689,SK Springer,SK Springer,Antigua and Barbuda Falcons,2017-08-12,2026-09-02,42,31,11,288,274,38,14.4,105.11,0,0,18,11,10.58,41.97,6.9,37,612,968,39,24.82,9.49,15.69,4/29,1,0,31.37,15,0,2,7,28.57,108,10.78,5,125,157,79.62,269,7.72,17,161,110,146.36,235,10.93,17
02b93a83,473004,U Arshad,U Arshad,Durham,2014-05-16,2017-08-18,45,23,10,208,180,43,16.0,115.56,0,0,16,3,10.56,31.11,8.0,43,785,1143,43,26.58,8.74,18.26,3/18,0,0,30.7,9,0,25,16,156.25,360,7.77,16,53,65,81.54,114,9.53,5,130,99,131.31,311,9.57,22
f752db61,272465,JL Pattinson,JL Pattinson,Melbourne Renegades,2013-12-30,2022-06-05,43,20,4,102,94,27*,6.38,108.51,0,0,5,5,10.64,40.43,8.2,43,880,1297,48,27.02,8.84,18.33,5/33,1,1,36.36,8,0,0,0,,498,8.29,25,14,23,60.87,267,8.81,10,88,71,123.94,115,11.32,13
eafe8a94,1200126,BI Kellaway,BI Kellaway,Glamorgan,2023-05-26,2026-07-12,36,36,3,560,406,53,16.97,137.93,0,1,66,12,19.21,33.25,4.1,28,400,535,25,21.4,8.03,16.0,3/22,0,0,28.25,18,0,265,178,148.88,132,7.86,8,244,197,123.86,240,8.12,14,51,31,164.52,28,7.93,3
5d664346,1290929,TB Robinson,TB Robinson,Wellington,2021-11-26,2026-08-14,45,44,2,1059,751,139,25.21,141.01,1,7,99,40,18.51,36.35,2.5,0,0,0,0,,,,,0,0,,12,0,523,376,139.1,0,,0,415,297,139.73,0,,0,121,78,155.13,0,,0
abb7c76c,734459,Abrar Ahmed,Abrar Ahmed,Quetta Gladiators,2017-02-10,2026-04-25,42,18,6,76,71,24*,6.33,107.04,0,0,10,2,16.9,52.11,10.1,42,957,1247,49,25.45,7.82,19.53,4/42,1,0,34.69,8,0,0,0,,300,8.04,15,7,7,100.0,525,7.13,24,69,64,107.81,132,10.05,10
0b7363da,878465,Mehedi Hasan Rana,Mehedi Hasan Rana,Chattogram Challengers,2017-12-05,2026-01-18,43,18,9,56,65,13,6.22,86.15,0,0,7,1,12.31,61.54,9.5,42,828,1180,50,23.6,8.55,16.56,4/17,4,0,35.75,12,0,0,0,,270,8.58,15,6,10,60.0,318,7.94,11,50,55,90.91,240,9.32,24
f3b26fe4,1095900,Kashif Ali,Kashif Ali,Worcestershire,2022-06-10,2026-07-12,49,49,5,1054,773,88,23.95,136.35,0,4,76,55,16.95,36.22,3.9,0,0,0,0,,,,,0,0,,18,0,382,253,150.99,0,,0,488,411,118.73,0,,0,184,109,168.81,0,,0
eba62359,18657,ML Pettini,ML Pettini,Essex,2014-05-17,2017-07-30,38,38,4,1052,808,95*,30.94,130.2,0,8,128,19,18.19,36.76,1.3,0,0,0,0,,,,,0,0,,11,0,625,460,135.87,0,,0,380,320,118.75,0,,0,47,28,167.86,0,,0
9e85455c,434813,MS Harris,MS Harris,Melbourne Renegades,2014-12-22,2026-06-09,57,55,1,1051,879,85,19.46,119.57,0,4,113,28,16.04,43.0,1.7,0,0,0,0,,,,,0,0,,20,0,756,638,118.5,0,,0,288,237,121.52,0,,0,7,4,175.0,0,,0
7ccbb09f,1203995,Shahnawaz Dhani,Shahnawaz Dhani,Multan Sultans,2021-02-23,2026-08-07,38,7,5,8,14,6*,4.0,57.14,0,0,1,0,7.14,64.29,11.0,38,777,1185,52,22.79,9.15,14.94,4/5,2,0,39.51,10,0,0,0,,306,8.18,12,0,0,,193,8.11,17,8,14,57.14,278,10.94,23
aad0c365,1175496,Nithish Kumar Reddy,Nithish Kumar Reddy,Sunrisers Hyderabad,2023-05-18,2026-05-27,42,35,8,787,541,76*,29.15,145.47,0,3,50,46,17.74,31.79,5.1,26,325,577,13,44.38,10.65,25.0,2/17,0,0,28.31,23,0,75,84,89.29,84,10.0,3,476,337,141.25,198,10.36,6,236,120,196.67,43,13.26,4
f62772e5,530773,P Negi,P Negi,Royal Challengers Bangalore,2012-04-21,2019-04-30,50,35,9,365,289,36,14.04,126.3,0,0,27,16,14.88,38.75,6.7,42,716,939,34,27.62,7.87,21.06,4/18,1,0,33.1,15,0,4,6,66.67,42,9.14,2,104,101,102.97,594,7.33,24,257,182,141.21,80,11.18,8
e87aeca2,1255248,J Hermann,J Hermann,Sunrisers Eastern Cape,2023-01-19,2026-06-07,44,42,6,1044,854,106*,29.0,122.25,1,5,102,34,15.93,41.22,2.7,0,0,0,0,,,,,0,0,,16,0,369,378,97.62,0,,0,490,376,130.32,0,,0,185,100,185.0,0,,0
78dfe704,274921,V Permaul,V Permaul,Guyana Amazon Warriors,2013-07-31,2026-09-13,71,28,14,102,115,18,7.29,88.7,0,0,6,4,8.7,52.17,9.1,68,1383,1565,47,33.3,6.79,29.43,3/32,0,0,41.72,18,0,0,0,,562,6.12,23,8,15,53.33,755,7.09,22,94,100,94.0,66,9.09,2
4167f30b,334340,IG Holland,IG Holland,Washington Freedom,2017-08-03,2026-07-18,53,27,13,261,209,65,18.64,124.88,0,1,16,8,11.48,31.1,7.7,46,700,936,39,24.0,8.02,17.95,4/19,1,0,31.57,18,0,7,12,58.33,156,6.92,10,127,91,139.56,402,7.61,21,127,106,119.81,142,10.39,8
d07c1b2f,652687,Saud Shakeel,Saud Shakeel,Quetta Gladiators,2024-02-18,2026-04-25,32,31,3,840,642,88*,30.0,130.84,0,5,90,27,18.22,38.94,1.6,15,144,191,10,19.1,7.96,14.4,2/4,0,0,26.39,8,0,551,396,139.14,0,,0,246,212,116.04,138,7.91,9,43,34,126.47,6,9.0,1
0b0cc297,1139520,Tanzim Hasan Sakib,Tanzim Hasan Sakib,Sylhet Strikers,2023-01-24,2026-01-23,34,20,7,120,121,41,9.23,99.17,0,0,11,4,12.4,49.59,8.5,34,741,1095,46,23.8,8.87,16.11,4/17,1,0,36.84,13,0,0,0,,324,8.22,20,34,55,61.82,213,8.65,9,86,66,130.3,204,10.12,17
be69e09d,1219972,BL Couch,BL Couch,San Francisco Unicorns,2021-12-05,2026-07-16,51,21,12,119,116,26*,13.22,102.59,0,0,9,7,13.79,55.17,9.5,51,935,1409,46,30.63,9.04,20.33,3/30,0,0,32.3,13,0,0,0,,330,8.91,16,38,36,105.56,410,8.58,14,81,80,101.25,195,10.25,16
2af838ee,324358,N Pradeep,N Pradeep,Kandy Tuskers,2020-11-26,2024-07-16,34,15,8,19,47,10,2.71,40.43,0,0,0,1,2.13,72.34,10.1,33,682,1066,51,20.9,9.38,13.37,3/20,0,0,35.63,10,0,0,0,,192,8.88,9,4,12,33.33,205,9.25,14,15,35,42.86,285,9.81,28
53597be1,55814,BRM Taylor,BRM Taylor,Nottinghamshire,2012-02-25,2020-12-10,57,53,7,1037,832,67*,22.54,124.64,0,5,111,26,16.47,36.42,3.7,0,0,0,0,,,,,0,0,,21,3,415,296,140.2,0,,0,492,449,109.58,0,,0,130,87,149.43,0,,0
470f446b,1408688,V Suryavanshi,V Suryavanshi,Rajasthan Royals,2025-04-19,2026-05-29,23,23,0,1028,449,103,44.7,228.95,2,6,81,96,39.42,34.3,2.0,0,0,0,0,,,,,0,0,,2,0,665,293,226.96,0,,0,334,146,228.77,0,,0,29,10,290.0,0,,0
dbeb6733,707193,BG Randell,BG Randell,Central Districts,2017-12-30,2026-01-26,44,13,7,66,74,12*,11.0,89.19,0,0,6,0,8.11,44.59,8.8,43,865,1319,48,27.48,9.15,18.02,3/25,0,0,35.61,19,0,0,0,,498,8.93,24,9,11,81.82,168,8.64,5,57,63,90.48,199,10.13,19
611926bc,17991,GR Napier,GR Napier,Essex,2009-05-01,2016-08-08,35,18,5,180,114,27,13.85,157.89,0,0,8,14,19.3,35.09,7.7,35,779,1161,42,27.64,8.94,18.55,3/28,0,0,33.5,13,0,0,0,,306,8.78,10,24,23,104.35,216,7.22,14,156,91,171.43,257,10.58,18
6752c57b,55944,Jahurul Islam,Jahurul Islam,Chittagong Vikings,2012-02-12,2022-02-11,72,66,15,1010,912,62*,19.8,110.75,0,4,84,26,12.06,39.36,4.5,0,0,0,0,,,,,0,0,,26,11,308,270,114.07,0,,0,446,443,100.68,0,,0,256,199,128.64,0,,0
26989d80,377534,Shashank Singh,Shashank Singh,Punjab Kings,2022-04-09,2026-05-23,54,42,17,905,560,68*,36.2,161.61,0,6,67,51,21.07,27.68,6.0,8,90,140,5,28.0,9.33,18.0,2/20,0,0,23.33,18,0,34,25,136.0,0,,0,359,273,131.5,72,8.08,4,512,262,195.42,18,14.33,1
89c16049,623977,Agha Salman,Agha Salman,Islamabad United,2018-02-26,2026-04-25,47,45,3,842,683,64*,20.05,123.28,0,3,76,30,15.52,39.82,3.8,21,223,301,8,37.62,8.1,27.88,1/7,0,0,30.04,10,0,258,217,118.89,48,8.0,0,486,406,119.7,169,8.02,8,98,60,163.33,6,11.0,0
af294a6c,355266,Craig Cachopa,Craig Cachopa,Auckland,2014-01-03,2020-01-19,56,47,9,1001,734,89*,26.34,136.38,0,4,76,48,16.89,32.83,4.6,0,0,0,0,,,,,0,0,,32,0,115,105,109.52,0,,0,600,461,130.15,0,,0,286,168,170.24,0,,0
99464591,6943,MJ North,MJ North,Perth Scorchers,2011-12-18,2014-07-25,37,32,4,800,691,90,28.57,115.77,0,4,67,20,12.59,36.47,3.6,15,192,256,10,25.6,8.0,19.2,2/25,0,0,26.56,8,0,216,209,103.35,6,5.0,1,406,378,107.41,174,8.14,8,178,104,171.15,12,7.5,1
7183799b,848623,M Deyal,M Deyal,St Lucia Kings,2015-07-09,2025-01-20,47,42,3,700,539,78,17.95,129.87,0,2,69,32,18.74,44.34,3.4,27,305,432,15,28.8,8.5,20.33,3/19,0,0,33.44,16,0,414,279,148.39,48,9.5,1,271,237,114.35,228,7.74,12,15,23,65.22,29,12.83,2
9d80c5e1,31872,S Nadeem,S Nadeem,Delhi Daredevils,2011-04-12,2021-04-14,72,22,8,39,87,6*,2.79,44.83,0,0,2,0,2.3,65.52,9.3,70,1415,1784,48,37.17,7.56,29.48,3/16,0,0,32.01,16,0,0,0,,300,8.22,8,9,21,42.86,1001,7.14,34,30,66,45.45,114,9.53,6
f7b3d625,914625,JCT Boyle,JCT Boyle,Canterbury,2019-12-15,2026-01-24,43,43,2,979,821,82*,23.88,119.24,0,6,91,22,13.76,36.18,2.4,1,12,18,1,18.0,9.0,12.0,1/18,0,0,41.67,19,0,477,398,119.85,0,,0,450,390,115.38,6,5.0,1,52,33,157.58,6,13.0,0
9f812582,868843,LPJ Kimber,LPJ Kimber,Leicestershire,2021-06-13,2026-07-18,60,50,5,838,534,59*,18.62,156.93,0,5,66,46,20.97,31.84,5.4,18,216,323,8,40.38,8.97,27.0,2/14,0,0,28.24,31,0,119,83,143.37,54,7.78,2,502,326,153.99,132,8.91,3,217,125,173.6,30,11.4,3
449f4e3c,827051,B Muzarabani,B Muzarabani,Gulf Giants,2019-08-23,2026-04-02,41,6,1,10,26,9,2.0,38.46,0,0,1,0,3.85,76.92,10.2,40,830,1088,49,22.2,7.87,16.94,4/41,1,0,41.08,5,0,0,0,,330,7.49,10,1,1,100.0,270,7.0,19,9,25,36.0,230,9.42,20
c05edf8e,1168641,Harpreet Brar,Harpreet Brar,Punjab Kings,2019-04-20,2026-05-17,51,27,15,249,206,29,20.75,120.87,0,0,20,10,14.56,40.29,8.2,48,859,1145,37,30.95,8.0,23.22,4/30,1,0,33.18,15,0,0,0,,156,9.77,3,40,54,74.07,648,7.34,31,209,152,137.5,55,10.69,3
0c94f480,446499,UBT Chand,UBT Chand,Los Angeles Knight Riders,2011-04-10,2026-07-04,57,54,1,989,906,86*,18.66,109.16,0,6,95,30,13.8,44.37,2.9,0,0,0,0,,,,,0,0,,32,0,390,393,99.24,0,,0,492,433,113.63,0,,0,107,80,133.75,0,,0
8fc65c2b,12450,SM Davies,SM Davies,Somerset,2014-05-18,2021-07-18,60,58,0,986,717,62,17.0,137.52,0,6,118,23,19.67,37.52,2.0,0,0,0,0,,,,,0,0,,19,5,686,492,139.43,0,,0,300,224,133.93,0,,0,0,1,0.0,0,,0
5935d694,1139523,Rishad Hossain,Rishad Hossain,Hobart Hurricanes,2019-12-14,2026-04-06,39,17,6,123,90,39,11.18,136.67,0,0,10,6,17.78,36.67,8.2,36,690,1015,43,23.6,8.83,16.05,4/22,1,0,33.19,14,0,0,0,,72,7.42,2,35,32,109.38,534,8.73,36,88,58,151.72,84,10.64,5
8e3cb0e9,959827,JJS Sangha,JJS Sangha,Sydney Thunder,2018-12-21,2026-01-17,42,38,6,882,743,91*,27.56,118.71,0,6,70,21,12.25,35.94,3.4,12,89,129,5,25.8,8.7,17.8,2/16,0,0,23.6,23,0,256,220,116.36,6,12.0,0,500,446,112.11,83,8.46,5,126,77,163.64,0,,0
1ac2a995,443263,HR Walsh,HR Walsh,Barbados Tridents,2018-08-28,2024-09-21,51,18,7,142,116,30,12.91,122.41,0,0,6,9,12.93,39.66,9.4,48,862,1110,42,26.43,7.73,20.52,5/19,1,1,37.01,19,0,0,0,,24,6.75,1,10,10,100.0,758,7.52,32,132,106,124.53,80,9.97,9
898e628d,931603,B Doggett,B Doggett,Sydney Thunder,2017-12-20,2026-01-17,51,19,10,100,106,47*,11.11,94.34,0,0,10,2,11.32,53.77,9.5,51,944,1346,44,30.59,8.56,21.45,5/35,2,1,36.23,16,0,4,2,200.0,414,8.14,15,20,29,68.97,372,8.79,15,76,75,101.33,158,9.08,14
03a83c50,1153149,V Viyaskanth,V Viyaskanth,Jaffna Kings,2020-12-04,2026-07-25,46,19,12,99,118,25*,14.14,83.9,0,0,4,1,4.24,36.44,9.2,45,887,1150,44,26.14,7.78,20.16,3/22,0,0,33.71,16,0,0,0,,36,6.67,2,16,30,53.33,762,7.76,36,83,88,94.32,89,8.36,6
c654af19,46393,R McLaren,R McLaren,Mumbai Indians,2010-03-13,2017-08-18,31,25,11,419,337,77,29.93,124.33,0,2,39,10,14.54,33.83,6.6,31,610,937,28,33.46,9.22,21.79,2/14,0,0,32.95,8,0,12,20,60.0,306,8.51,16,163,161,101.24,150,9.24,3,244,156,156.41,154,10.6,9
94238673,226493,HK Bennett,HK Bennett,Wellington,2014-01-17,2022-01-27,43,6,5,19,17,12*,19.0,111.76,0,0,2,0,11.76,35.29,11.0,43,921,1223,48,25.48,7.97,19.19,3/15,0,0,39.63,12,0,0,0,,504,7.17,18,0,0,,150,7.4,9,19,17,111.76,267,9.8,21
7081848a,436686,GH Roderick,GH Roderick,Worcestershire,2016-06-02,2026-07-12,70,54,11,978,741,71,22.74,131.98,0,2,90,27,15.79,32.79,5.7,0,0,0,0,,,,,0,0,,53,4,187,147,127.21,0,,0,534,427,125.06,0,,0,257,167,153.89,0,,0
e737a5fe,20032,C Rushworth,C Rushworth,Durham,2014-05-16,2019-07-26,53,10,5,17,34,5,3.4,50.0,0,0,1,0,2.94,61.76,10.6,52,1047,1351,48,28.15,7.74,21.81,3/14,0,0,39.64,14,0,0,0,,798,6.92,32,2,3,66.67,94,10.91,4,15,31,48.39,155,10.03,12
9a2fc964,553249,BC Fortuin,BC Fortuin,Paarl Royals,2023-01-10,2026-01-23,51,22,7,155,169,35*,10.33,91.72,0,0,14,1,8.88,43.79,8.3,50,1137,1302,41,31.76,6.87,27.73,3/14,0,0,36.94,14,0,0,0,,648,6.41,30,22,36,61.11,450,7.41,11,133,133,100.0,39,8.31,0
5c756df3,373439,Abul Hasan,Abul Hasan,Rajshahi Kings,2012-02-19,2017-12-03,39,24,9,155,169,30*,10.33,91.72,0,0,12,4,9.47,47.34,7.3,38,700,1031,41,25.15,8.84,17.07,5/28,0,1,31.71,12,0,11,17,64.71,186,9.52,9,38,48,79.17,300,8.1,17,106,104,101.92,214,9.28,15
977b841a,230555,SSJ Brooks,SSJ Brooks,Jamaica Tallawahs,2016-07-16,2025-09-17,50,46,6,973,766,109*,24.32,127.02,1,2,71,41,14.62,36.42,4.2,0,0,0,0,,,,,0,0,,33,0,146,163,89.57,0,,0,641,503,127.44,0,,0,186,100,186.0,0,,0
a1d95bd8,379887,LB Williams,LB Williams,Joburg Super Kings,2023-01-13,2026-08-08,31,11,5,32,44,17*,5.33,72.73,0,0,3,1,9.09,61.36,9.4,30,596,936,47,19.91,9.42,12.68,4/26,2,0,35.57,4,0,0,0,,246,8.12,22,22,26,84.62,144,9.54,6,10,18,55.56,206,10.89,19
70542bef,37696,HJH Marshall,HJH Marshall,Gloucestershire,2014-05-23,2018-01-14,42,40,2,972,697,93,25.58,139.45,0,5,111,15,18.08,29.41,2.4,0,0,0,0,,,,,0,0,,15,0,554,372,148.92,0,,0,335,260,128.85,0,,0,83,65,127.69,0,,0
dc670143,216184,NJ Dexter,NJ Dexter,Leicestershire,2014-05-23,2019-07-26,46,36,6,510,430,56,17.0,118.6,0,1,52,15,15.58,41.4,4.2,36,558,676,23,29.39,7.27,24.26,3/12,0,0,27.06,11,0,242,190,127.37,12,11.0,0,163,160,101.88,474,7.39,17,105,80,131.25,72,5.83,6
56ef4f99,1148589,FJ Heldreich,FJ Heldreich,Northamptonshire,2021-06-23,2024-09-05,43,4,2,30,48,21*,15.0,62.5,0,0,1,0,2.08,50.0,10.5,41,717,1097,47,23.34,9.18,15.26,4/27,1,0,24.55,5,0,0,0,,6,19.0,0,12,20,60.0,621,8.87,41,18,28,64.29,90,10.67,6
5748e866,7252,TD Paine,TD Paine,Hobart Hurricanes,2011-04-20,2022-12-24,42,41,1,969,805,91,24.23,120.37,0,7,96,22,14.66,38.63,2.0,0,0,0,0,,,,,0,0,,28,8,524,462,113.42,0,,0,361,297,121.55,0,,0,84,46,182.61,0,,0
c8179c68,29655,SB Jakati,SB Jakati,Chennai Super Kings,2009-04-30,2017-04-14,59,8,7,28,29,13,28.0,96.55,0,0,3,0,10.34,37.93,9.4,57,1085,1451,47,30.87,8.02,23.09,4/22,2,0,31.06,21,0,0,0,,96,8.62,0,0,0,,858,7.76,37,28,29,96.55,131,9.34,10
ded9ff1e,1199304,JNT Seales,JNT Seales,Trinbago Knight Riders,2020-08-18,2026-09-08,50,12,10,24,29,16*,12.0,82.76,0,0,1,1,6.9,44.83,10.2,48,867,1289,47,27.43,8.92,18.45,4/13,2,0,41.29,26,0,0,0,,468,8.31,12,7,8,87.5,192,9.09,13,17,21,80.95,207,10.14,22
be0c9f5b,902447,DN Phillips,DN Phillips,Otago,2019-12-30,2026-08-05,58,54,8,943,718,77,20.5,131.34,0,4,98,34,18.38,40.25,3.2,6,40,84,1,84.0,12.6,40.0,1/12,0,0,22.5,42,1,527,394,133.76,12,12.0,1,297,249,119.28,24,14.5,0,119,75,158.67,4,3.0,0
f2800ef3,43685,Yasir Shah,Yasir Shah,Lahore Qalandars,2015-11-22,2021-09-11,48,23,6,102,117,22,6.0,87.18,0,0,9,3,10.26,52.14,8.4,48,1012,1174,43,27.3,6.96,23.53,4/7,1,0,37.65,10,0,18,27,66.67,174,7.97,4,10,15,66.67,756,6.65,30,74,75,98.67,82,7.68,9
b9c225c2,56153,Shahriar Nafees,Shahriar Nafees,Barisal Bulls,2012-02-11,2019-01-30,42,41,5,961,890,102*,26.69,107.98,1,6,105,18,13.82,42.7,3.3,0,0,0,0,,,,,0,0,,12,0,239,301,79.4,0,,0,580,488,118.85,0,,0,142,101,140.59,0,,0
b40ee8a8,345825,PC de Silva,PC de Silva,Jaffna Kings,2016-11-12,2025-01-16,49,39,6,341,296,36,10.33,115.2,0,0,29,15,14.86,44.93,6.4,44,704,849,31,27.39,7.24,22.71,4/16,1,0,39.63,18,0,84,73,115.07,156,8.58,8,171,139,123.02,474,6.73,18,86,84,102.38,74,7.62,5
8f2dfebf,639080,MD Fisher,MD Fisher,Yorkshire,2015-05-15,2023-06-23,42,11,5,61,46,19,10.17,132.61,0,0,3,5,17.39,45.65,8.5,41,794,1197,45,26.6,9.05,17.64,5/22,0,1,35.64,12,0,0,0,,384,8.34,15,9,11,81.82,186,8.68,13,52,35,148.57,224,10.55,17
78adc879,233713,N Wagner,N Wagner,Northern Districts,2014-01-03,2025-02-01,36,23,9,181,135,36,12.93,134.07,0,0,16,8,17.78,42.96,9.0,35,742,1122,39,28.77,9.07,19.03,3/17,0,0,34.37,5,0,0,0,,348,8.1,21,39,43,90.7,180,9.47,7,142,92,154.35,214,10.32,11
96824e68,553800,CP Tremain,CP Tremain,Sydney Thunder,2012-12-08,2021-01-04,51,16,10,80,68,37*,13.33,117.65,0,0,6,3,13.24,44.12,9.0,51,1057,1426,44,32.41,8.09,24.02,3/9,0,0,37.46,12,0,0,0,,444,7.46,23,10,11,90.91,450,8.07,13,70,57,122.81,163,9.9,8
957532de,290632,S Aravind,S Aravind,Royal Challengers Bangalore,2011-04-14,2017-05-07,38,12,8,59,57,14*,14.75,103.51,0,0,7,0,12.28,42.11,9.5,38,760,1039,45,23.09,8.2,16.89,4/14,2,0,38.16,8,0,0,0,,426,7.55,20,10,12,83.33,186,8.55,10,49,45,108.89,148,9.65,15
69c994e4,395057,SHA Rance,SHA Rance,Central Districts,2017-12-13,2022-01-22,35,13,4,119,93,42,13.22,127.96,0,0,11,6,18.28,46.24,9.4,34,705,990,42,23.57,8.43,16.79,5/19,0,1,39.29,10,0,0,0,,390,6.94,20,4,12,33.33,106,8.83,8,115,81,141.98,209,11.0,14
8eb611d0,56017,Mosharraf Hossain,Mosharraf Hossain,Khulna Titans,2012-02-14,2019-02-01,40,15,9,58,91,17,9.67,63.74,0,0,2,0,2.2,53.85,9.6,39,745,810,45,18.0,6.52,16.56,4/9,2,0,37.85,3,0,0,0,,72,5.75,4,15,34,44.12,603,6.3,36,43,57,75.44,70,9.26,5
d48c0f40,1023361,LA Patterson-White,LA Patterson-White,Nottinghamshire,2024-06-09,2026-07-18,34,24,7,278,206,44*,16.35,134.95,0,0,18,13,15.05,33.5,7.6,30,536,685,34,20.15,7.67,15.76,3/13,0,0,28.92,10,0,0,0,,18,12.67,2,58,71,81.69,450,7.08,27,220,135,162.96,68,10.24,5
5af743d0,317252,Sohail Khan,Sohail Khan,Karachi Kings,2015-12-06,2024-03-10,45,25,8,152,154,32,8.94,98.7,0,0,8,9,11.04,48.7,8.0,44,962,1422,40,35.55,8.87,24.05,3/23,0,0,36.28,4,0,0,0,,480,8.6,17,44,49,89.8,204,9.0,9,108,105,102.86,278,9.24,14
9f77963a,352048,Gulbadin Naib,Gulbadin Naib,Dubai Capitals,2023-02-08,2026-08-02,30,29,7,631,440,80,28.68,143.41,0,4,41,34,17.05,33.86,5.0,24,307,458,16,28.62,8.95,19.19,3/13,0,0,29.97,12,0,45,50,90.0,30,10.0,0,336,256,131.25,210,8.77,9,250,134,186.57,67,9.04,7
0bf15e52,422847,Harmeet Singh,Harmeet Singh (2),Seattle Orcas,2013-04-11,2026-07-05,42,25,4,191,192,25,9.1,99.48,0,0,13,6,9.9,49.48,8.1,38,740,920,38,24.21,7.46,19.47,3/22,0,0,34.19,14,0,0,0,,126,7.38,4,108,109,99.08,512,7.29,28,83,83,100.0,102,8.41,6
0f348f58,380974,Sunzamul Islam,Sunzamul Islam,Chittagong Vikings,2012-02-18,2025-01-27,70,30,16,131,147,28*,9.36,89.12,0,0,12,0,8.16,42.18,9.0,65,1106,1437,41,35.05,7.8,26.98,3/25,0,0,35.99,27,0,0,0,,300,8.48,12,44,47,93.62,733,7.45,24,87,100,87.0,73,8.47,5
7c3b3b78,1209292,VG Arora,VG Arora,Kolkata Knight Riders,2022-04-03,2026-05-13,43,12,8,10,27,2*,2.5,37.04,0,0,0,0,0.0,66.67,10.3,42,866,1406,47,29.91,9.74,18.43,3/27,0,0,35.33,11,0,0,0,,540,9.06,22,0,7,0.0,102,11.65,6,10,20,50.0,224,10.53,19
571e1d2a,647771,Shayan Jahangir,Shayan Jahangir,Seattle Orcas,2020-09-05,2026-08-15,45,44,0,945,747,99,21.48,126.51,0,4,87,43,17.4,43.37,1.8,0,0,0,0,,,,,0,0,,17,2,562,493,114.0,0,,0,358,238,150.42,0,,0,25,16,156.25,0,,0
4a745f65,315594,AR Nurse,AR Nurse,Barbados Tridents,2013-07-30,2021-09-07,61,46,21,444,383,40,17.76,115.93,0,0,27,23,13.05,43.86,7.6,44,672,874,25,34.96,7.8,26.88,4/28,1,0,39.43,21,0,17,14,121.43,132,9.18,4,126,110,114.55,468,7.12,11,301,259,116.22,72,9.75,10
39180894,1111984,BC Cullen,BC Cullen,Middlesex,2021-06-10,2024-07-19,33,14,6,78,71,20*,9.75,109.86,0,0,7,1,11.27,33.8,9.6,33,662,1022,43,23.77,9.26,15.4,4/32,2,0,33.23,7,0,0,0,,276,9.28,11,24,21,114.29,270,8.51,15,54,50,108.0,116,10.97,17
0c2730df,30176,A Kumble,A Kumble,Royal Challengers Bangalore,2008-04-26,2010-04-24,42,17,14,35,47,8,11.67,74.47,0,0,3,0,6.38,46.81,10.4,42,965,1058,45,23.51,6.58,21.44,5/5,2,1,38.76,10,0,0,0,,108,4.89,3,1,5,20.0,690,6.59,25,34,42,80.95,167,7.62,17
74a1c1e3,38607,WER Somerville,WER Somerville,Auckland,2016-01-02,2022-01-22,41,17,9,193,139,37*,24.12,138.85,0,0,9,12,15.11,30.22,8.4,40,785,1069,37,28.89,8.17,21.22,3/18,0,0,32.36,7,0,0,0,,258,8.02,9,39,38,102.63,445,8.04,23,154,101,152.48,82,9.37,5
0a3d54b9,360911,VR Aaron,VR Aaron,Royal Challengers Bangalore,2011-04-23,2022-04-02,52,13,8,50,72,17*,10.0,69.44,0,0,2,2,5.56,58.33,9.8,50,994,1481,44,33.66,8.94,22.59,3/16,0,0,38.93,3,0,0,0,,384,8.67,14,0,1,0.0,402,7.99,15,50,71,70.42,208,11.28,15
8b248d88,45204,R Frylinck,R Frylinck,Khulna Tigers,2017-08-09,2020-01-17,28,16,5,270,195,44*,24.55,138.46,0,0,16,16,16.41,32.31,6.9,25,498,638,33,19.33,7.69,15.09,5/16,1,1,42.37,4,0,0,0,,264,6.32,17,74,61,121.31,114,7.32,8,196,134,146.27,120,11.05,8
02789d88,56154,Shamsur Rahman,Shamsur Rahman,Khulna Tigers,2012-02-18,2024-02-03,47,41,4,908,761,98*,24.54,119.32,0,7,78,30,14.19,38.76,3.2,2,18,31,1,31.0,10.33,18.0,1/17,0,0,27.78,14,0,306,303,100.99,6,9.0,0,474,372,127.42,12,11.0,1,128,86,148.84,0,,0
6f4c73ce,1065662,RS Primus,RS Primus,St Lucia Kings,2017-08-11,2024-09-15,43,33,12,426,349,38,20.29,122.06,0,0,26,23,14.04,39.83,6.5,30,401,605,25,24.2,9.05,16.04,2/11,0,0,34.41,12,0,6,10,60.0,54,8.56,5,83,98,84.69,228,8.11,12,337,241,139.83,119,11.09,8
509a7ca1,345821,MD Gunathilaka,MD Gunathilaka,Galle Gladiators,2017-11-07,2024-07-06,32,32,4,906,688,94*,32.36,131.69,0,6,111,25,19.77,40.41,1.5,8,78,115,1,115.0,8.85,78.0,1/25,0,0,32.05,12,0,532,386,137.82,24,10.0,0,314,261,120.31,48,8.5,0,60,41,146.34,6,7.0,1
c3f7898b,233482,TP Ludeman,TP Ludeman,Adelaide Strikers,2012-12-09,2018-12-29,49,41,7,924,750,92*,27.18,123.2,0,5,87,29,15.47,40.4,2.7,0,0,0,0,,,,,0,0,,28,4,536,436,122.94,0,,0,323,262,123.28,0,,0,65,52,125.0,0,,0
fc63d916,1026317,AW Finch,AW Finch,Worcestershire,2020-09-03,2026-07-12,39,17,7,63,73,30*,6.3,86.3,0,0,5,3,10.96,56.16,10.0,39,794,1229,43,28.58,9.29,18.47,3/28,0,0,32.87,5,0,0,0,,342,8.72,20,7,12,58.33,222,8.43,13,56,61,91.8,230,10.96,10
489aaf0a,1139511,Parvez Hossain Emon,Parvez Hossain Emon,Chittagong Kings,2022-02-12,2026-04-03,36,36,3,922,709,78*,27.94,130.04,0,5,63,58,17.07,43.72,2.4,0,0,0,0,,,,,0,0,,14,1,444,359,123.68,0,,0,405,312,129.81,0,,0,73,38,192.11,0,,0
05d74535,42699,Saeed Ajmal,Saeed Ajmal,Worcestershire,2012-02-29,2017-02-26,36,7,4,41,30,16,13.67,136.67,0,0,3,2,16.67,30.0,10.3,36,814,950,44,21.59,7.0,18.5,3/13,0,0,37.71,4,0,0,0,,168,6.43,6,0,0,,430,6.82,22,41,30,136.67,216,7.81,16
972f217b,1410577,BJ Jacobs,BJ Jacobs,Auckland,2023-12-19,2026-04-21,37,32,8,921,618,90*,38.38,149.03,0,7,62,58,19.42,34.47,5.0,0,0,0,0,,,,,0,0,,11,0,56,48,116.67,0,,0,521,392,132.91,0,,0,344,178,193.26,0,,0
383dd431,213674,TD Astle,TD Astle,Canterbury,2017-12-14,2023-02-11,44,18,9,192,161,36,21.33,119.25,0,0,17,1,11.18,30.43,8.7,44,964,1125,36,31.25,7.0,26.78,3/18,0,0,32.99,16,0,0,0,,78,7.46,2,69,60,115.0,760,6.9,28,123,101,121.78,126,7.33,6
8159d5fc,959825,BD Guest,BD Guest,Derbyshire,2020-08-30,2025-07-05,63,57,24,911,717,54,27.61,127.06,0,1,65,24,12.41,29.15,6.3,0,0,0,0,,,,,0,0,,37,8,18,18,100.0,0,,0,360,344,104.65,0,,0,533,355,150.14,0,,0
4277234d,1329697,Sufiyan Muqeem,Sufiyan Muqeem,Peshawar Zalmi,2023-02-14,2026-09-08,31,11,6,30,40,7,6.0,75.0,0,0,1,0,2.5,37.5,9.5,31,684,868,44,19.73,7.61,15.55,4/32,1,0,36.55,11,0,0,0,,6,10.0,0,6,9,66.67,576,7.31,31,24,31,77.42,102,9.18,13
b5797845,1175456,Priyansh Arya,Priyansh Arya,Punjab Kings,2025-03-25,2026-05-23,31,31,0,909,471,103,29.32,192.99,1,6,87,63,31.85,35.03,1.0,0,0,0,0,,,,,0,0,,10,0,678,355,190.99,0,,0,231,116,199.14,0,,0,0,0,,0,,0
aa8914ad,1129638,BNJ Lockrose,BNJ Lockrose,Otago,2017-12-31,2026-01-24,40,26,7,228,162,58*,12.0,140.74,0,1,18,11,17.9,37.04,8.0,37,797,1054,34,31.0,7.93,23.44,3/42,0,0,30.74,12,0,0,0,,186,7.97,10,64,66,96.97,500,7.86,16,164,96,170.83,111,8.22,8
125fa4de,559059,JF Carter,JF Carter,Northern Districts,2019-01-12,2026-01-31,50,47,7,907,746,83,22.68,121.58,0,5,92,25,15.68,39.14,3.7,0,0,0,0,,,,,0,0,,17,0,244,233,104.72,0,,0,518,430,120.47,0,,0,145,83,174.7,0,,0
29e8a62e,398778,RJ Burns,RJ Burns,Surrey,2014-07-24,2024-09-14,72,61,10,906,742,62,17.76,122.1,0,3,93,17,14.82,34.23,4.3,0,0,0,0,,,,,0,0,,30,1,269,226,119.03,0,,0,506,415,121.93,0,,0,131,101,129.7,0,,0
b08252b8,495964,RP Burl,RP Burl,Sylhet Strikers,2019-12-11,2026-04-25,40,36,15,643,517,55*,30.62,124.37,0,1,59,26,16.44,40.62,5.7,25,278,365,13,28.08,7.88,21.38,4/22,1,0,34.17,22,0,8,5,160.0,0,,0,397,336,118.15,224,7.77,7,238,176,135.23,54,8.33,6
c2e5539b,1262575,LM Benkenstein,LM Benkenstein,Essex,2024-05-30,2026-07-15,38,31,4,583,420,67,21.59,138.81,0,3,51,27,18.57,35.24,5.8,28,340,569,16,35.56,10.04,21.25,2/23,0,0,22.06,19,0,19,27,70.37,6,5.0,1,374,274,136.5,300,9.78,13,190,119,159.66,34,13.24,2
96a6a7ad,272279,NM Lyon,NM Lyon,Sydney Sixers,2011-12-18,2023-01-15,37,14,5,40,48,9*,4.44,83.33,0,0,2,0,4.17,39.58,9.6,36,766,918,43,21.35,7.19,17.81,5/23,1,1,34.46,12,0,0,0,,210,7.31,11,8,11,72.73,474,6.99,25,32,37,86.49,82,8.05,7
8e514b4c,1175485,Abdul Samad,Abdul Samad,Sunrisers Hyderabad,2020-09-29,2026-05-23,71,60,16,857,576,45,19.48,148.78,0,0,55,55,19.1,34.38,6.3,7,57,125,2,62.5,13.16,28.5,1/9,0,0,21.05,33,0,0,0,,0,,0,305,251,121.51,48,11.62,2,552,325,169.85,9,21.33,0
2e966563,232356,RM Hira,RM Hira,Auckland,2014-01-17,2020-01-19,28,12,3,177,122,43,19.67,145.08,0,0,13,10,18.85,38.52,7.6,27,570,760,36,21.11,8.0,15.83,4/26,1,0,28.6,16,0,0,0,,114,8.32,8,68,54,125.93,342,7.58,19,109,68,160.29,114,8.95,9
ff014c34,671805,HG Munsey,HG Munsey,Nottinghamshire,2020-08-27,2026-07-18,35,35,3,896,686,88*,28.0,130.61,0,9,82,41,17.93,39.8,1.9,0,0,0,0,,,,,0,0,,7,0,492,388,126.8,0,,0,367,270,135.93,0,,0,37,28,132.14,0,,0
b0c772ee,5560,BJ Haddin,BJ Haddin,Sydney Sixers,2011-04-22,2017-03-01,42,41,6,895,675,76,25.57,132.59,0,8,75,38,16.74,38.81,3.5,0,0,0,0,,,,,0,0,,24,6,259,228,113.6,0,,0,524,366,143.17,0,,0,112,81,138.27,0,,0
d510d457,300073,EJH Eckersley,EJH Eckersley,Leicestershire,2014-05-16,2022-07-03,69,60,12,890,741,50*,18.54,120.11,0,1,68,19,11.74,31.71,4.8,0,0,0,0,,,,,0,0,,26,5,187,188,99.47,0,,0,460,397,115.87,0,,0,243,156,155.77,0,,0
b0081e62,537319,K Lewis,K Lewis,Jamaica Tallawahs,2014-07-20,2024-02-23,50,49,0,889,710,89,18.14,125.21,0,4,67,61,18.03,51.13,1.7,0,0,0,0,,,,,0,0,,23,7,604,484,124.79,0,,0,245,206,118.93,0,,0,40,20,200.0,0,,0
85aae393,277237,Iqbal Abdulla,Iqbal Abdulla,Kolkata Knight Riders,2008-05-13,2017-04-10,49,13,11,88,84,33*,44.0,104.76,0,0,9,1,11.9,40.48,9.2,48,920,1109,40,27.73,7.23,23.0,3/24,0,0,35.98,14,0,0,0,,276,6.33,14,18,25,72.0,525,7.38,20,70,59,118.64,119,8.67,6
d7017798,1292495,A Raghuvanshi,A Raghuvanshi,Kolkata Knight Riders,2024-03-29,2026-05-20,35,30,4,885,608,82*,34.04,145.56,0,7,86,35,19.9,31.58,3.7,0,0,0,0,,,,,0,0,,11,1,283,194,145.88,0,,0,465,330,140.91,0,,0,137,84,163.1,0,,0
7eae4418,41378,Misbah-ul-Haq,Misbah-ul-Haq,Islamabad United,2008-05-03,2019-03-13,55,47,10,881,826,61*,23.81,106.66,0,2,62,31,11.26,40.44,4.5,0,0,0,0,,,,,0,0,,18,0,79,93,84.95,0,,0,515,542,95.02,0,,0,287,191,150.26,0,,0
cd56a813,824541,Jaker Ali,Jaker Ali,Comilla Victorians,2019-01-16,2026-01-18,66,55,19,881,692,57*,24.47,127.31,0,1,50,49,14.31,37.14,5.6,0,0,0,0,,,,,0,0,,24,3,66,76,86.84,0,,0,364,356,102.25,0,,0,451,260,173.46,0,,0
2a0d5d4a,39947,Azharullah,Azharullah,Northamptonshire,2014-05-16,2017-08-18,44,7,7,17,24,6*,,70.83,0,0,2,0,8.33,54.17,10.7,43,827,1229,43,28.58,8.92,19.23,3/28,0,0,26.48,8,0,0,0,,205,8.9,10,3,6,50.0,295,8.54,13,14,18,77.78,327,9.27,20
97da28bd,1158596,WT Smale,WT Smale,Glamorgan,2023-06-20,2026-07-12,37,36,0,874,616,65,24.28,141.88,0,5,100,35,21.92,39.12,2.1,0,0,0,0,,,,,0,0,,23,0,630,434,145.16,0,,0,244,181,134.81,0,,0,0,1,0.0,0,,0
9f701298,570241,MH McKiernan,MH McKiernan,Derbyshire,2018-07-14,2023-07-02,40,29,10,253,176,26,13.32,143.75,0,0,23,11,19.32,34.66,7.1,38,702,1004,31,32.39,8.58,22.65,3/9,0,0,27.78,15,0,15,7,214.29,138,8.43,3,51,42,121.43,486,8.64,25,187,127,147.24,78,8.46,3
8e9a5d20,326973,A Verma,A Verma,Northern Districts,2017-12-20,2022-01-29,29,15,6,92,101,22,10.22,91.09,0,0,7,1,7.92,44.55,8.6,28,580,809,39,20.74,8.37,14.87,3/14,0,0,32.76,8,0,0,0,,258,7.98,12,7,17,41.18,126,8.43,8,85,84,101.19,196,8.85,19
5d9a1a73,272994,R Sharma,R Sharma,Pune Warriors,2010-03-21,2014-05-03,44,20,6,66,75,14*,4.71,88.0,0,0,5,3,10.67,61.33,9.3,44,928,1086,40,27.15,7.02,23.2,3/13,0,0,35.99,12,0,0,0,,90,6.6,2,1,2,50.0,684,6.66,30,65,73,89.04,154,8.88,8
05de1a5a,24609,GC Wilson,GC Wilson,Surrey,2014-05-18,2018-08-11,52,48,11,865,737,63*,23.38,117.37,0,2,82,14,13.03,34.33,4.6,0,0,0,0,,,,,0,0,,36,4,43,47,91.49,0,,0,566,514,110.12,0,,0,256,176,145.45,0,,0
dd9de7ad,1094992,P Sisodiya,P Sisodiya,Glamorgan,2019-08-26,2023-07-02,40,13,7,64,43,23,10.67,148.84,0,0,10,1,25.58,39.53,9.3,40,894,1223,40,30.57,8.21,22.35,3/26,0,0,30.54,9,0,1,4,25.0,306,7.71,12,16,9,177.78,480,7.84,22,47,30,156.67,108,11.28,6
35c08a29,1009835,JM Blatherwick,JM Blatherwick,Lancashire,2023-06-04,2026-07-10,34,21,8,204,123,34*,15.69,165.85,0,0,7,17,19.51,30.89,8.2,33,512,830,33,25.15,9.73,15.52,3/14,0,0,28.91,29,0,0,0,,55,11.56,4,42,31,135.48,318,8.51,18,162,92,176.09,139,11.78,11
5f966ec0,277914,JA Raval,JA Raval,Northern Districts,2014-01-03,2026-01-04,44,43,4,864,735,70,22.15,117.55,0,6,85,23,14.69,38.5,3.3,0,0,0,0,,,,,0,0,,33,0,232,250,92.8,0,,0,492,391,125.83,0,,0,140,94,148.94,0,,0
95a15317,1149157,CG Benjamin,CG Benjamin,Birmingham Bears,2021-07-18,2026-07-03,62,54,11,862,634,68*,20.05,135.96,0,3,75,34,17.19,34.07,5.4,0,0,0,0,,,,,0,0,,28,1,93,81,114.81,0,,0,550,420,130.95,0,,0,219,133,164.66,0,,0
0207ff32,1181700,TJ Prest,TJ Prest,Hampshire,2021-06-25,2026-06-02,46,44,2,822,671,64,19.57,122.5,0,5,82,22,15.5,38.75,3.2,5,36,43,2,21.5,7.17,18.0,1/8,0,0,36.11,15,0,334,299,111.71,18,5.0,1,404,320,126.25,18,9.33,1,84,52,161.54,0,,0
54c2b697,605683,M Pretorius,M Pretorius,Jamaica Tallawahs,2021-08-27,2025-09-13,36,22,9,100,82,15,7.69,121.95,0,0,5,7,14.63,46.34,8.7,35,701,1109,38,29.18,9.49,18.45,4/32,2,0,33.52,7,0,0,0,,222,9.68,11,11,14,78.57,264,7.3,10,89,68,130.88,215,12.0,17
ed8faea2,1107572,TGR Clark,TGR Clark,Sussex,2023-05-26,2026-05-30,39,37,4,860,586,79,26.06,146.76,0,2,98,32,22.18,37.54,2.7,1,1,4,0,,24.0,,0/4,0,0,0.0,23,0,526,331,158.91,1,24.0,0,255,199,128.14,0,,0,79,56,141.07,0,,0
ae78bc32,317293,MS Gony,MS Gony,Chennai Super Kings,2008-04-19,2020-11-26,45,18,8,99,71,42,9.9,139.44,0,0,6,8,19.72,47.89,7.8,45,912,1329,38,34.97,8.74,24.0,3/31,0,0,39.04,6,0,0,0,,492,8.82,18,11,17,64.71,294,7.88,13,88,54,162.96,126,10.48,7
77b1aa15,1312645,Harshit Rana,Harshit Rana,Kolkata Knight Riders,2022-04-28,2025-05-25,33,10,4,59,56,34,9.83,105.36,0,0,5,3,14.29,57.14,9.8,32,649,1029,40,25.73,9.51,16.23,3/24,0,0,38.06,12,0,0,0,,294,9.55,16,29,22,131.82,198,9.3,10,30,34,88.24,157,9.71,14
62e203d4,55946,Junaid Siddique,Junaid Siddique,Khulna Titans,2012-02-11,2020-01-11,40,40,3,857,685,89*,23.16,125.11,0,3,88,30,17.23,41.02,2.0,0,0,0,0,,,,,0,0,,8,0,625,472,132.42,0,,0,219,204,107.35,0,,0,13,9,144.44,0,,0
21b97584,1012137,Mrittunjoy Chowdhury,Mrittunjoy Chowdhury,Chattogram Challengers,2022-01-29,2026-01-09,27,15,7,117,113,17*,14.62,103.54,0,0,8,5,11.5,43.36,8.1,27,555,823,37,22.24,8.9,15.0,4/12,2,0,40.0,7,0,6,7,85.71,198,7.85,13,30,33,90.91,171,7.09,8,81,73,110.96,186,11.68,16
9ab2914d,629076,S Samarawickrama,S Samarawickrama,Dambulla Aura,2020-12-07,2026-08-07,40,39,6,855,671,62*,25.91,127.42,0,3,99,10,16.24,33.68,3.3,0,0,0,0,,,,,0,0,,23,6,320,243,131.69,0,,0,435,368,118.21,0,,0,100,60,166.67,0,,0
a45a5e8d,32091,AM Nayar,AM Nayar,Mumbai Indians,2008-04-20,2014-05-25,60,50,12,672,577,45*,17.68,116.46,0,0,55,20,13.0,38.65,5.2,19,229,322,9,35.78,8.44,25.44,3/13,0,0,30.13,13,0,65,73,89.04,6,10.0,0,297,307,96.74,217,8.38,8,310,197,157.36,6,9.0,1
23ac69e6,211854,RJ Quiney,RJ Quiney,Melbourne Stars,2009-04-23,2018-01-27,42,39,3,851,657,97,23.64,129.53,0,5,79,34,17.2,41.7,2.5,0,0,0,0,,,,,0,0,,21,0,408,344,118.6,0,,0,338,242,139.67,0,,0,105,71,147.89,0,,0
e5652e3d,637158,Imran Qayyum,Imran Qayyum,Kent,2017-07-13,2020-10-01,43,9,6,51,39,21*,17.0,130.77,0,0,5,1,15.38,35.9,9.9,41,824,1125,40,28.12,8.19,20.6,5/21,0,1,25.12,8,0,0,0,,66,10.82,0,0,0,,690,7.64,37,51,39,130.77,68,11.21,3
2cffab74,926851,Mukesh Kumar,Mukesh Kumar,Delhi Capitals,2023-04-01,2026-05-17,42,5,4,10,18,6*,10.0,55.56,0,0,0,0,0.0,44.44,10.6,42,824,1455,42,34.64,10.59,19.62,4/33,1,0,32.77,12,0,0,0,,366,9.56,11,0,0,,176,9.65,12,10,18,55.56,282,12.53,19
6c7a68d0,554701,Shubham Ranjane,Shubham Ranjane,Texas Super Kings,2023-07-14,2026-07-12,43,35,12,788,619,70,34.26,127.3,0,4,61,27,14.22,31.18,5.2,6,78,156,3,52.0,12.0,26.0,2/47,0,0,20.51,10,0,85,71,119.72,18,11.0,1,369,364,101.37,54,11.11,2,334,184,181.52,6,23.0,0
ab89348d,49638,MF Maharoof,MF Maharoof,Delhi Daredevils,2008-04-19,2013-02-14,23,16,5,226,173,39,20.55,130.64,0,0,13,11,13.87,34.68,6.8,23,474,597,31,19.26,7.56,15.29,3/34,0,0,38.4,5,0,0,0,,174,7.59,8,70,69,101.45,174,6.38,10,156,104,150.0,126,9.14,13
25d7f1ac,1159641,MD Patel,MD Patel,MI New York,2023-07-14,2026-07-15,39,39,0,846,674,93,21.69,125.52,0,5,87,26,16.77,40.95,2.1,0,0,0,0,,,,,0,0,,8,0,444,388,114.43,0,,0,364,258,141.09,0,,0,38,28,135.71,0,,0
d6dcb0c9,419873,Mohammad Shahzad,Mohammad Shahzad,Rangpur Riders,2016-11-09,2022-02-08,33,33,2,841,658,80*,27.13,127.81,0,4,95,33,19.45,43.92,1.2,0,0,0,0,,,,,0,0,,24,9,606,454,133.48,0,,0,217,191,113.61,0,,0,18,13,138.46,0,,0
62175638,793467,Karim Janat,Karim Janat,Fortune Barishal,2021-12-19,2026-01-12,35,29,8,420,280,33*,20.0,150.0,0,0,28,29,20.36,39.64,6.5,27,390,593,21,28.24,9.12,18.57,4/29,1,0,28.97,13,0,0,6,0.0,24,8.0,1,110,88,125.0,221,8.58,10,310,186,166.67,145,10.14,10
e00a9155,826679,SD Heazlett,SD Heazlett,Brisbane Heat,2015-12-29,2023-02-04,50,50,3,840,678,74*,17.87,123.89,0,2,68,33,14.9,38.64,3.2,1,6,15,0,,15.0,,0/15,0,0,16.67,22,0,388,325,119.38,0,,0,361,308,117.21,6,15.0,0,91,45,202.22,0,,0
8d1dad51,395086,A Javid,A Javid,Warwickshire,2014-05-30,2018-08-17,46,34,16,459,391,51*,25.5,117.39,0,1,34,7,10.49,28.39,6.6,40,537,651,19,34.26,7.27,28.26,2/13,0,0,28.68,11,0,11,16,68.75,60,8.2,1,141,157,89.81,417,7.09,15,307,218,140.83,60,7.6,3
97b0e4ff,334621,SC van Schalkwyk,SC van Schalkwyk,Los Angeles Knight Riders,2023-07-23,2026-08-21,33,20,11,137,122,27,15.22,112.3,0,0,11,5,13.11,41.8,8.9,32,623,1024,35,29.26,9.86,17.8,3/17,0,0,30.66,7,0,0,0,,168,10.14,8,62,45,137.78,258,8.91,12,75,77,97.4,197,10.87,15
0ea54eca,1076377,O Davies,O Davies,Sydney Thunder,2020-12-22,2025-12-16,49,45,3,836,645,65,19.9,129.61,0,3,53,38,14.11,35.81,4.4,4,25,32,0,,7.68,,0/2,0,0,16.0,16,0,122,115,106.09,0,,0,581,449,129.4,19,6.95,0,133,81,164.2,6,10.0,0
fd770945,364788,BT Foakes,BT Foakes,Surrey,2014-05-17,2025-07-13,74,50,11,835,671,75*,21.41,124.44,0,4,71,14,12.67,28.17,5.1,0,0,0,0,,,,,0,0,,37,10,171,129,132.56,0,,0,468,394,118.78,0,,0,196,148,132.43,0,,0
6b8eb6e5,34274,S Sreesanth,S Sreesanth,Kings XI Punjab,2008-04-19,2013-05-09,44,14,10,34,55,15*,8.5,61.82,0,0,6,0,10.91,74.55,9.6,44,880,1194,40,29.85,8.14,22.0,3/29,0,0,45.34,3,0,0,0,,570,7.67,27,0,0,,174,7.62,5,34,55,61.82,136,10.76,8
4e520f6c,547763,OR Newton,OR Newton,Wellington,2017-12-24,2023-02-05,34,17,5,74,81,17,6.17,91.36,0,0,6,1,8.64,45.68,9.0,34,659,942,38,24.79,8.58,17.34,5/45,0,1,32.47,13,0,0,0,,318,7.85,13,23,22,104.55,168,8.54,7,51,59,86.44,173,9.95,18
cdd875d9,1261866,JA Turner,JA Turner,Hampshire,2023-06-06,2025-06-17,28,6,5,11,18,4,11.0,61.11,0,0,0,0,0.0,50.0,11.0,27,542,761,41,18.56,8.42,13.22,4/23,1,0,39.85,5,0,0,0,,252,7.79,15,0,0,,174,8.1,11,11,18,61.11,116,10.29,15
035cb925,46788,AG Prince,AG Prince,Lancashire,2014-06-13,2015-08-29,25,25,2,827,611,78,35.96,135.35,0,7,87,15,16.69,30.93,1.5,0,0,0,0,,,,,0,0,,16,0,448,328,136.59,0,,0,319,237,134.6,0,,0,60,46,130.43,0,,0
f60dc2a5,307495,MA Beer,MA Beer,Melbourne Stars,2011-12-18,2019-01-09,54,12,9,25,32,7*,8.33,78.12,0,0,1,0,3.12,43.75,10.6,52,1113,1245,40,31.12,6.71,27.82,3/32,0,0,37.38,7,0,0,0,,498,6.19,20,7,12,58.33,490,7.05,14,18,20,90.0,125,7.44,6
7210d461,1159720,Yash Dayal,Yash Dayal,Royal Challengers Bengaluru,2022-04-14,2025-06-03,43,4,1,4,9,3,1.33,44.44,0,0,0,0,0.0,66.67,10.0,43,871,1390,41,33.9,9.58,21.24,3/20,0,0,35.25,8,0,0,0,,438,9.42,16,0,1,0.0,205,8.4,9,4,8,50.0,228,10.92,16
3b8679bf,1331347,Hunain Shah,Hunain Shah,Islamabad United,2024-02-22,2026-09-16,32,11,4,24,39,9,3.43,61.54,0,0,1,1,5.13,66.67,9.8,31,603,849,40,21.23,8.45,15.07,4/22,1,0,35.16,6,0,0,0,,180,7.43,15,10,15,66.67,204,7.56,7,14,24,58.33,219,10.11,18
42151725,44394,GK Berg,GK Berg,Hampshire,2015-06-19,2020-09-13,38,29,11,223,193,31,12.39,115.54,0,0,17,4,10.88,34.72,7.9,38,644,956,30,31.87,8.91,21.47,3/34,0,0,28.88,10,0,0,0,,348,8.31,11,43,44,97.73,144,9.21,10,180,149,120.81,152,9.99,9
7b1e20ea,349853,ZS Ansari,ZS Ansari,Surrey,2014-05-18,2016-07-15,36,24,12,343,247,67*,28.58,138.87,0,1,20,12,12.96,25.1,6.8,29,468,615,24,25.62,7.88,19.5,3/17,0,0,25.21,12,0,3,7,42.86,12,7.0,1,136,112,121.43,420,7.91,19,204,128,159.38,36,7.83,4
757502b5,409957,RD Pringle,RD Pringle,Durham,2014-05-16,2018-08-10,58,43,5,441,364,35,11.61,121.15,0,0,42,8,13.74,36.26,6.5,40,552,816,19,42.95,8.87,29.05,3/30,0,0,24.09,22,0,10,10,100.0,66,11.55,1,238,196,121.43,414,8.38,16,193,158,122.15,72,9.25,2
b42d5053,1305863,MWT Boyle,MWT Boyle,Canterbury,2022-12-23,2026-07-12,34,31,2,761,514,81*,26.24,148.05,0,4,82,28,21.4,33.66,2.9,9,96,131,3,43.67,8.19,32.0,2/16,0,0,30.21,22,0,353,257,137.35,0,,0,345,219,157.53,66,7.45,3,63,38,165.79,30,9.8,0
a699488a,990165,Mukidul Islam,Mukidul Islam,Comilla Victorians,2019-12-18,2026-01-23,39,13,7,39,58,18,6.5,67.24,0,0,5,1,10.34,68.97,9.9,39,728,1060,39,27.18,8.74,18.67,5/23,0,1,36.95,10,0,0,0,,152,9.59,7,5,8,62.5,374,7.7,17,34,50,68.0,202,10.01,15
7f232d46,1137283,TF Rogers,TF Rogers,Melbourne Stars,2022-01-02,2026-08-08,48,46,3,818,673,53,19.02,121.55,0,2,93,17,16.34,40.42,1.9,0,0,0,0,,,,,0,0,,27,0,639,512,124.8,0,,0,179,161,111.18,0,,0,0,0,,0,,0
397f4d3a,440523,BM Wheeler,BM Wheeler,Central Districts,2017-12-13,2021-12-10,32,23,9,236,176,47,16.86,134.09,0,0,12,14,14.77,35.23,7.5,32,705,1016,29,35.03,8.65,24.31,4/26,1,0,37.73,10,0,0,0,,348,7.97,11,63,65,96.92,216,8.19,10,173,111,155.86,141,11.02,8
45d38a84,1171289,Al Islam,Al Islam,Chittagong Kings,2019-01-11,2026-01-20,35,9,4,35,51,17*,7.0,68.63,0,0,3,1,7.84,60.78,9.4,35,786,877,39,22.49,6.69,20.15,4/17,2,0,44.91,10,0,0,3,0.0,282,7.4,13,3,15,20.0,438,6.11,19,32,33,96.97,66,7.55,7
e3aa97a2,1206406,JM Gibson,JM Gibson,Otago,2021-11-28,2026-01-24,34,28,3,455,319,96,18.2,142.63,0,3,34,18,16.3,32.6,5.1,22,396,562,18,31.22,8.52,22.0,3/19,0,0,29.29,24,0,146,92,158.7,36,8.17,2,154,124,124.19,244,7.87,7,155,103,150.49,116,9.98,9
773cec26,230549,JN Mohammed,JN Mohammed,Guyana Amazon Warriors,2014-07-20,2021-09-07,48,42,11,811,774,66,26.16,104.78,0,3,54,28,10.59,42.51,4.7,3,42,64,0,,9.14,,0/10,0,0,33.33,20,0,78,94,82.98,0,,0,480,493,97.36,36,7.67,0,253,187,135.29,6,18.0,0
1ff2f550,532424,Sohail Akhtar,Sohail Akhtar,Lahore Qalandars,2018-02-23,2022-02-21,44,42,9,808,656,75,24.48,123.17,0,3,79,32,16.92,42.53,3.9,1,1,0,0,,0.0,,0/0,0,0,100.0,16,0,306,257,119.07,0,,0,321,274,117.15,1,0.0,0,181,125,144.8,0,,0
f987245c,36993,AM Ellis,AM Ellis,Canterbury,2014-01-17,2020-01-14,28,19,4,266,249,40,17.73,106.83,0,0,20,7,10.84,37.35,6.1,25,445,680,27,25.19,9.17,16.48,5/16,0,1,26.29,14,0,34,34,100.0,48,8.62,2,106,114,92.98,264,8.23,11,126,101,124.75,133,11.23,14
0a9d8b61,314615,JL Carter,JL Carter,Barbados Tridents,2013-07-30,2021-09-12,57,46,7,725,680,51,18.59,106.62,0,2,49,31,11.76,47.06,4.8,12,143,229,4,57.25,9.61,35.75,2/28,0,0,20.98,21,1,127,144,88.19,2,36.0,0,395,406,97.29,126,8.81,4,203,130,156.15,15,12.8,0
b08e58e2,1125317,LR Morris,LR Morris,Perth Scorchers,2020-01-10,2025-01-18,35,5,2,3,11,2,1.0,27.27,0,0,0,0,0.0,72.73,10.4,35,665,918,40,22.95,8.28,16.62,5/24,0,1,39.85,7,0,0,0,,234,8.15,16,0,0,,291,8.16,10,3,11,27.27,140,8.74,14
00cada13,1115852,JDM Evison,JDM Evison,Kent,2022-07-03,2026-07-12,39,27,9,382,322,48*,21.22,118.63,0,0,27,12,12.11,35.71,6.5,29,460,659,21,31.38,8.6,21.9,3/25,0,0,21.3,8,0,14,16,87.5,12,10.5,0,185,152,121.71,376,8.36,17,183,154,118.83,72,9.5,4
10f68de1,571151,WJ Weighell,WJ Weighell,Durham,2017-07-07,2022-07-03,43,27,10,239,174,51,14.06,137.36,0,1,11,17,16.09,41.38,7.2,42,699,1111,28,39.68,9.54,24.96,3/28,0,0,32.19,20,0,0,0,,366,8.52,12,60,54,111.11,138,10.26,4,179,120,149.17,195,10.92,12
70fdd428,297936,JD Shantry,JD Shantry,Worcestershire,2014-05-16,2017-07-27,44,13,5,59,56,12*,7.38,105.36,0,0,3,3,10.71,44.64,10.0,43,936,1353,37,36.57,8.67,25.3,3/25,0,0,34.94,11,0,0,0,,617,8.17,20,2,5,40.0,72,7.83,1,57,51,111.76,247,10.18,16
5afd4539,27280,MS Bisla,MS Bisla,Kolkata Knight Riders,2010-03-13,2015-04-22,39,39,1,798,702,92,21.0,113.68,0,4,93,23,16.52,48.43,1.8,0,0,0,0,,,,,0,0,,20,7,474,434,109.22,0,,0,272,235,115.74,0,,0,52,33,157.58,0,,0
aaa1b522,34281,TL Suman,TL Suman,Deccan Chargers,2009-04-30,2013-05-02,43,40,8,676,575,78*,21.12,117.57,0,2,55,26,14.09,42.26,4.0,11,150,197,6,32.83,7.88,25.0,2/14,0,0,28.67,10,0,185,181,102.21,6,5.0,0,347,286,121.33,120,7.2,5,144,108,133.33,24,12.0,1
7dcb9bc9,719719,M Shahrukh Khan,M Shahrukh Khan,Punjab Kings,2021-04-12,2026-04-30,64,54,16,775,524,58,20.39,147.9,0,2,49,52,19.27,35.31,6.1,3,18,28,1,28.0,9.33,18.0,1/13,0,0,22.22,28,0,23,21,109.52,0,,0,354,263,134.6,12,10.5,1,398,240,165.83,6,7.0,0
d2d4bb0a,4292,TR Birt,TR Birt,Hobart Hurricanes,2011-04-28,2015-01-15,36,34,3,793,563,94*,25.58,140.85,0,4,65,39,18.47,38.37,3.9,0,0,0,0,,,,,0,0,,14,0,174,136,127.94,0,,0,433,317,136.59,0,,0,186,110,169.09,0,,0
33742f04,348152,Usman Qadir,Usman Qadir,Sydney Thunder,2018-12-20,2024-02-07,40,17,10,72,83,12,10.29,86.75,0,0,3,2,6.02,42.17,9.8,39,816,1144,36,31.78,8.41,22.67,3/24,0,0,32.23,6,0,0,0,,90,10.2,4,17,24,70.83,606,8.26,23,55,59,93.22,120,7.85,9
ec5160d7,948595,J Broad,J Broad,Northamptonshire,2023-06-16,2026-07-01,30,28,6,672,472,67,30.55,142.37,0,3,66,19,18.01,31.14,4.8,11,114,170,6,28.33,8.95,19.0,2/11,0,0,34.21,9,0,45,45,100.0,24,10.75,0,409,305,134.1,78,8.54,4,218,122,178.69,12,8.0,2
a9fd84fb,1081442,M Markande,M Markande,Mumbai Indians,2018-04-07,2026-04-12,40,11,8,48,42,18*,16.0,114.29,0,0,5,1,14.29,42.86,9.5,40,750,1145,37,30.95,9.16,20.27,4/15,2,0,28.67,9,0,0,0,,0,,0,0,1,0.0,654,8.88,34,48,41,117.07,96,11.06,3
42a5c1c7,1147613,JH Wharton,JH Wharton,Yorkshire,2020-09-14,2026-06-07,35,34,2,788,571,111*,24.62,138.0,1,5,83,28,19.44,36.6,4.0,0,0,0,0,,,,,0,0,,14,0,255,182,140.11,0,,0,395,309,127.83,0,,0,138,80,172.5,0,,0
9fc0ef64,279545,PJ Sangwan,PJ Sangwan,Delhi Daredevils,2008-05-02,2022-05-06,42,15,7,26,44,6*,3.25,59.09,0,0,1,0,2.27,54.55,8.7,42,856,1240,38,32.63,8.69,22.53,3/18,0,0,37.27,7,0,0,0,,354,8.63,13,4,9,44.44,366,8.39,19,22,35,62.86,136,9.66,6
f0e293b0,384525,Zahoor Khan,Zahoor Khan,MI Emirates,2021-06-15,2026-08-08,41,6,4,6,11,2*,3.0,54.55,0,0,0,0,0.0,54.55,10.5,41,774,1139,39,29.21,8.83,19.85,3/16,0,0,30.23,7,0,0,0,,156,7.46,9,0,0,,324,8.89,9,6,11,54.55,294,9.49,21
c33d8116,1132005,Mohsin Khan,Mohsin Khan (2),Lucknow Super Giants,2022-03-28,2026-05-23,31,7,2,25,28,13*,5.0,89.29,0,0,2,1,10.71,57.14,9.9,30,654,917,38,24.13,8.41,17.21,5/23,1,1,41.59,4,0,0,0,,318,7.91,15,1,3,33.33,168,7.93,11,24,25,96.0,168,9.86,12
1a0c3177,323131,P Awana,P Awana,Kings XI Punjab,2012-04-12,2014-06-01,33,7,5,5,14,4*,2.5,35.71,0,0,0,0,0.0,64.29,10.6,33,747,1029,39,26.38,8.27,19.15,4/34,1,0,39.22,4,0,0,0,,270,7.93,13,0,0,,306,7.16,12,5,14,35.71,171,10.77,14
d1a60072,1151273,N Wadhera,N Wadhera,Punjab Kings,2023-04-02,2026-05-03,45,37,4,784,560,70,23.76,140.0,0,4,64,43,19.11,37.68,5.1,2,17,22,0,,7.76,,0/9,0,0,17.65,14,0,53,50,106.0,0,,0,577,420,137.38,12,6.5,0,154,90,171.11,5,10.8,0
1179469b,422592,FK Cowdrey,FK Cowdrey,Kent,2014-07-02,2016-07-08,29,27,2,404,335,71,16.16,120.6,0,2,42,5,14.03,32.24,5.6,26,401,549,19,28.89,8.21,21.11,3/18,0,0,26.18,12,0,79,68,116.18,12,12.0,0,221,176,125.57,336,8.12,13,104,91,114.29,53,7.92,6
dddc811c,45390,TD Groenewald,TD Groenewald,Somerset,2014-05-16,2020-10-01,40,19,7,103,83,27*,8.58,124.1,0,0,12,4,19.28,46.99,8.4,40,770,1109,34,32.62,8.64,22.65,3/27,0,0,27.53,9,0,0,0,,384,9.05,17,3,10,30.0,216,7.97,8,100,73,136.99,170,8.58,9
6b16f8ba,512627,HZ Finch,HZ Finch,Kent,2014-06-20,2026-07-12,49,41,8,781,654,64*,23.67,119.42,0,3,73,15,13.46,34.56,4.0,0,0,0,0,,,,,0,0,,28,0,291,218,133.49,0,,0,365,329,110.94,0,,0,125,107,116.82,0,,0
39e2c0fd,1098405,BMJ Allison,BMJ Allison,Essex,2020-09-20,2026-07-12,34,13,7,60,59,17,10.0,101.69,0,0,2,3,8.47,44.07,9.9,34,568,966,36,26.83,10.2,15.78,3/33,0,0,29.23,20,0,0,0,,288,10.33,17,0,0,,162,9.85,6,60,59,101.69,118,10.37,13
dec8e038,223642,J Theron,J Theron,Jamaica Tallawahs,2010-03-21,2023-07-28,36,17,7,79,74,18*,7.9,106.76,0,0,4,4,10.81,41.89,8.8,36,740,992,35,28.34,8.04,21.14,4/35,1,0,33.24,8,0,0,0,,198,7.76,7,7,14,50.0,323,7.39,12,72,60,120.0,219,9.26,16
6daf5e8c,458897,RAJ Smith,RAJ Smith,Glamorgan,2014-05-16,2023-07-02,38,24,11,98,95,22*,7.54,103.16,0,0,7,5,12.63,46.32,9.0,37,730,1050,34,30.88,8.63,21.47,4/6,1,0,35.89,12,0,0,0,,372,7.53,15,3,8,37.5,192,9.38,11,95,87,109.2,166,10.23,8
fdedb37c,6128,SM Katich,SM Katich,Perth Scorchers,2008-04-19,2014-02-07,43,36,5,777,599,75,25.06,129.72,0,5,86,15,16.86,35.89,3.2,1,6,15,0,,15.0,,0/15,0,0,16.67,14,0,348,260,133.85,0,,0,305,248,122.98,6,15.0,0,124,91,136.26,0,,0
35f4cf7e,623636,Kamran Ghulam,Kamran Ghulam,Lahore Qalandars,2016-02-10,2026-04-26,35,34,4,752,594,55*,25.07,126.6,0,3,66,28,15.82,35.69,3.7,7,60,86,1,86.0,8.6,60.0,1/15,0,0,36.67,6,0,216,191,113.09,6,3.0,1,436,341,127.86,54,9.22,0,100,62,161.29,0,,0
60dd8960,8476,Kabir Ali,Kabir Ali,Barisal Burners,2012-02-14,2014-08-23,22,15,7,170,119,50,21.25,142.86,0,1,13,8,17.65,33.61,7.9,22,432,620,30,20.67,8.61,14.4,3/19,0,0,32.64,2,0,0,0,,204,7.71,10,19,17,111.76,66,10.45,2,151,102,148.04,162,9.0,18
ad3b6e95,1277545,Abishek Porel,Abishek Porel,Delhi Capitals,2023-04-04,2026-05-24,36,33,3,769,529,65,25.63,145.37,0,4,80,28,20.42,33.46,3.5,0,0,0,0,,,,,0,0,,9,0,382,259,147.49,0,,0,325,234,138.89,0,,0,62,36,172.22,0,,0
dac6aabc,995037,Mahidul Islam Ankon,Mahidul Islam Ankon,Comilla Victorians,2019-01-12,2026-01-18,50,40,9,767,590,63,24.74,130.0,0,3,33,46,13.39,35.25,6.0,0,0,0,0,,,,,0,0,,24,6,37,61,60.66,0,,0,292,278,105.04,0,,0,438,251,174.5,0,,0
8dc152d1,595954,D Jansen,Duan Jansen,St Kitts and Nevis Patriots,2022-08-31,2026-07-15,24,16,6,125,99,23*,12.5,126.26,0,0,10,6,16.16,37.37,8.2,24,489,688,32,21.5,8.44,15.28,4/23,3,0,41.72,10,0,0,0,,216,7.17,16,17,24,70.83,150,8.32,5,108,75,144.0,123,10.83,11
47dc9794,1076382,MW Harvey,MW Harvey,Melbourne Renegades,2018-12-29,2026-01-11,50,47,6,765,659,71*,18.66,116.08,0,2,70,18,13.35,40.67,3.8,0,0,0,0,,,,,0,0,,32,0,293,255,114.9,0,,0,321,312,102.88,0,,0,151,92,164.13,0,,0
0ebb3444,1076376,L Scott,L Scott,Adelaide Strikers,2020-12-20,2026-07-12,25,24,7,503,389,91*,29.59,129.31,0,3,40,16,14.4,32.65,5.2,18,253,412,13,31.69,9.77,19.46,2/12,0,0,30.43,4,0,66,52,126.92,132,8.55,8,321,267,120.22,78,11.08,1,116,70,165.71,43,11.16,4
9c821d2e,596097,RA Herman,RA Herman,Paarl Royals,2025-01-18,2026-08-07,33,31,2,762,639,81*,26.28,119.25,0,5,76,25,15.81,43.82,2.5,0,0,0,0,,,,,0,0,,15,0,355,331,107.25,0,,0,355,271,131.0,0,,0,52,37,140.54,0,,0
684a56df,498440,RR Beaton,RR Beaton,Trinbago Knight Riders,2014-07-11,2025-01-29,44,7,4,42,42,13*,14.0,100.0,0,0,5,1,14.29,52.38,10.4,44,881,1295,36,35.97,8.82,24.47,4/9,1,0,39.27,15,0,0,0,,366,7.89,5,10,12,83.33,204,8.12,8,32,30,106.67,311,10.38,23
57efa3be,38407,SB Styris,SB Styris,Deccan Chargers,2008-04-20,2014-07-25,30,25,5,441,379,63*,22.05,116.36,0,1,32,16,12.66,36.15,5.1,25,458,525,16,32.81,6.88,28.62,3/32,0,0,37.12,5,0,11,18,61.11,54,5.22,2,204,229,89.08,296,6.65,5,226,132,171.21,108,8.33,9
fa463154,26184,AB Agarkar,AB Agarkar,Kolkata Knight Riders,2008-04-18,2013-05-07,42,22,12,179,154,39,17.9,116.23,0,0,13,5,11.69,35.06,7.9,42,782,1151,29,39.69,8.83,26.97,3/25,0,0,32.48,5,0,20,13,153.85,180,9.5,6,34,47,72.34,420,8.0,16,125,94,132.98,182,10.09,7
72861603,47270,GC Smith,GC Smith,Rajasthan Royals,2008-04-24,2014-05-18,30,30,3,759,683,91,28.11,111.13,0,4,96,10,15.52,44.66,1.4,0,0,0,0,,,,,0,0,,7,0,394,402,98.01,0,,0,299,241,124.07,0,,0,66,40,165.0,0,,0
151d88b3,517946,RO Gordon,RO Gordon,Warwickshire,2014-06-13,2016-07-29,25,8,3,39,28,18,7.8,139.29,0,0,1,3,14.29,39.29,9.0,25,534,761,36,21.14,8.55,14.83,4/20,1,0,33.52,0,0,0,0,,174,8.31,15,0,0,,114,7.16,6,39,28,139.29,246,9.37,15
a573ad7a,1131181,LC Johnson,LC Johnson,Otago,2018-01-02,2026-01-15,52,46,2,758,624,72,17.23,121.47,0,3,50,35,13.62,38.78,4.6,0,0,0,0,,,,,0,0,,17,0,151,140,107.86,0,,0,453,381,118.9,0,,0,154,103,149.51,0,,0
2baad3bd,1046871,LW James,LW James,Nottinghamshire,2021-06-13,2026-05-22,42,37,5,537,467,51,16.78,114.99,0,2,51,12,13.49,35.12,4.9,23,249,412,11,37.45,9.93,22.64,3/31,0,0,18.07,13,0,169,134,126.12,27,16.44,0,270,255,105.88,180,8.83,5,98,78,125.64,42,10.43,6
bfc60227,1030753,SG Budinger,SG Budinger,Leicestershire,2021-06-18,2026-05-29,41,38,1,717,496,56,19.38,144.56,0,4,83,28,22.38,40.32,2.5,1,24,21,2,10.5,5.25,12.0,2/21,0,0,29.17,13,0,572,384,148.96,0,,0,135,107,126.17,18,3.67,2,10,5,200.0,6,10.0,0
b63ab531,232284,LA Pomersbach,LA Pomersbach,Brisbane Heat,2008-05-12,2014-01-23,33,32,6,755,601,112*,29.04,125.62,1,3,77,26,17.14,43.09,2.6,0,0,0,0,,,,,0,0,,11,0,370,294,125.85,0,,0,286,242,118.18,0,,0,99,65,152.31,0,,0
02e83ac5,56054,Naeem Islam,Naeem Islam,Chittagong Kings,2012-02-14,2025-02-07,39,31,7,534,512,56,22.25,104.3,0,2,43,16,11.52,41.41,4.6,11,119,120,11,10.91,6.05,10.82,3/7,0,0,46.22,12,0,115,133,86.47,24,9.0,1,276,267,103.37,84,5.29,8,143,112,127.68,11,5.45,2
715941c3,517549,MGK Burgess,MGK Burgess,Birmingham Bears,2016-07-15,2023-07-01,63,52,11,754,627,64*,18.39,120.26,0,2,59,24,13.24,33.01,5.3,0,0,0,0,,,,,0,0,,25,12,84,93,90.32,0,,0,450,341,131.96,0,,0,220,193,113.99,0,,0
2c1438ef,794311,L Delport,L Delport,Auckland,2020-01-01,2025-01-13,31,14,2,54,55,11,4.5,98.18,0,0,4,2,10.91,52.73,8.9,31,595,774,35,22.11,7.81,17.0,3/16,0,0,33.61,5,0,0,0,,126,8.76,10,13,9,144.44,432,7.54,19,41,46,89.13,37,7.62,6
42172c3c,280490,JT Smuts,JT Smuts,Durban's Super Giants,2016-07-13,2025-01-27,27,26,2,593,445,75,24.71,133.26,0,5,61,26,19.55,40.67,3.7,17,222,281,8,35.12,7.59,27.75,2/36,0,0,36.49,5,0,207,164,126.22,90,6.8,1,279,218,127.98,106,7.75,6,107,63,169.84,26,9.69,1
5a22d91c,304735,EMDY Munaweera,EMDY Munaweera,Barbados Tridents,2013-02-01,2023-01-16,37,37,0,572,557,39,15.46,102.69,0,0,65,17,14.72,50.63,2.1,21,336,362,9,40.22,6.46,37.33,2/17,0,0,38.1,5,0,426,397,107.3,114,7.05,2,145,157,92.36,186,5.97,5,1,3,33.33,36,7.17,2
cb1a782a,556684,Mir Hamza,Mir Hamza,Karachi Kings,2016-02-12,2026-04-19,35,12,10,29,35,12*,14.5,82.86,0,0,3,1,11.43,60.0,10.1,34,689,998,36,27.72,8.69,19.14,4/27,1,0,38.17,8,0,0,0,,384,8.34,14,4,4,100.0,120,7.45,6,25,31,80.65,185,10.22,16
f088b960,642525,SN Khan,SN Khan,Royal Challengers Bangalore,2015-04-22,2026-04-26,58,44,11,746,543,67,22.61,137.38,0,2,86,20,19.52,34.99,5.0,1,2,6,0,,18.0,,0/6,0,0,0.0,14,0,172,113,152.21,0,,0,267,249,107.23,0,,0,307,181,169.61,2,18.0,0
b21ed464,19274,SA Patterson,SA Patterson,Yorkshire,2014-06-13,2019-08-02,35,4,1,4,11,3,1.33,36.36,0,0,0,0,0.0,63.64,10.2,34,721,978,37,26.43,8.14,19.49,3/23,0,0,27.05,6,0,0,0,,210,7.31,11,0,2,0.0,227,7.96,9,4,9,44.44,284,8.89,17
7517d134,288285,CA Rose,CA Rose,Hobart Hurricanes,2012-12-27,2020-01-30,57,24,12,183,132,32*,15.25,138.64,0,0,15,7,16.67,34.09,8.3,56,947,1304,28,46.57,8.26,33.82,2/14,0,0,32.84,17,0,0,0,,486,8.02,12,34,30,113.33,342,8.32,7,149,102,146.08,119,9.08,9
0c5bb005,739603,AD Thomason,AD Thomason,Warwickshire,2016-06-17,2021-07-02,36,25,7,321,255,47,17.83,125.88,0,0,16,14,11.76,31.37,6.0,20,348,637,21,30.33,10.98,16.57,3/55,0,0,24.14,15,0,38,41,92.68,90,11.2,5,118,90,131.11,138,10.35,7,165,124,133.06,120,11.55,9
6a2fadd0,429897,MW Pillans,MW Pillans,Leicestershire,2016-05-20,2020-09-14,35,16,8,120,117,15*,15.0,102.56,0,0,11,2,11.11,41.88,8.1,33,632,984,31,31.74,9.34,20.39,3/20,0,0,31.49,6,0,0,0,,192,8.69,7,14,21,66.67,223,9.9,9,106,96,110.42,217,9.35,15
0a7c6649,1042145,HRC Came,HRC Came,Derbyshire,2021-06-11,2026-07-12,34,32,3,740,561,56,25.52,131.91,0,2,69,21,16.04,34.58,2.5,0,0,0,0,,,,,0,0,,15,0,437,332,131.63,0,,0,240,196,122.45,0,,0,63,33,190.91,0,,0
1be67d37,629084,RTM Mendis,RTM Mendis,Dambulla Giants,2020-11-28,2026-07-29,35,25,11,336,228,41,24.0,147.37,0,0,29,14,18.86,32.89,7.5,26,406,558,20,27.9,8.25,20.3,3/21,0,0,32.27,6,0,9,11,81.82,90,9.2,4,43,52,82.69,272,7.79,15,284,165,172.12,44,9.14,1
e2db2409,528067,M Ashwin,M Ashwin,Kings XI Punjab,2016-04-09,2023-05-07,44,13,4,35,50,9,3.89,70.0,0,0,2,1,6.0,54.0,8.4,44,870,1162,35,33.2,8.01,24.86,3/21,0,0,32.53,8,0,0,0,,90,9.27,2,5,13,38.46,654,7.65,26,30,37,81.08,126,9.0,7
abfeb126,30049,M Kartik,M Kartik,Kolkata Knight Riders,2008-04-18,2014-05-07,56,16,9,113,108,21,16.14,104.63,0,0,7,1,7.41,28.7,9.1,55,1149,1388,31,44.77,7.25,37.06,3/17,0,0,33.25,20,0,0,0,,179,6.97,7,35,32,109.38,816,7.16,18,78,76,102.63,154,8.03,6
ede05b97,45955,HG Kuhn,HG Kuhn,Kent,2018-07-06,2021-07-18,34,33,8,733,557,67*,29.32,131.6,0,3,63,14,13.82,27.11,3.5,0,0,0,0,,,,,0,0,,20,0,194,155,125.16,0,,0,397,314,126.43,0,,0,142,88,161.36,0,,0
521595e7,1184436,JEK Rew,JEK Rew,Somerset,2024-09-14,2026-07-18,25,25,5,731,527,116*,36.55,138.71,1,2,69,21,17.08,29.79,4.0,0,0,0,0,,,,,0,0,,10,0,91,88,103.41,0,,0,479,336,142.56,0,,0,161,103,156.31,0,,0
bb95564b,821749,Saif Hassan,Saif Hassan,Rangpur Riders,2019-12-21,2026-01-18,35,35,1,670,574,80,19.71,116.72,0,4,57,32,15.51,46.34,2.8,7,78,102,3,34.0,7.85,26.0,1/13,0,0,37.18,8,0,341,322,105.9,6,7.0,0,303,233,130.04,72,7.92,3,26,19,136.84,0,,0
8ce2080b,1193548,TJG Pringle,TJG Pringle,Northern Districts,2022-12-23,2026-01-31,28,14,5,149,122,38*,16.56,122.13,0,0,8,8,13.11,37.7,8.1,26,543,709,29,24.45,7.83,18.72,3/14,0,0,32.04,5,0,0,0,,90,7.67,5,44,55,80.0,375,7.44,20,105,67,156.72,78,9.92,4
f6c84b9f,353429,SJ Thakor,SJ Thakor,Derbyshire,2015-05-15,2016-07-29,26,21,4,208,161,30,12.24,129.19,0,0,19,6,15.53,33.54,6.0,25,483,653,26,25.12,8.11,18.58,3/17,0,0,34.78,5,0,37,27,137.04,240,8.15,10,86,75,114.67,120,8.15,8,85,59,144.07,123,8.0,8
de7d833e,793007,D Madushanka,D Madushanka,Jaffna Kings,2020-12-09,2026-08-05,36,7,3,26,51,12,6.5,50.98,0,0,2,1,5.88,70.59,9.7,36,748,1148,35,32.8,9.21,21.37,3/30,0,0,36.5,7,0,0,0,,330,9.64,8,7,18,38.89,228,8.24,13,19,33,57.58,190,9.63,14
6020a3c6,820677,KU Carty,KU Carty,Trinbago Knight Riders,2022-09-21,2026-09-16,38,33,4,726,620,83,25.03,117.1,0,4,49,27,12.26,38.23,4.0,0,0,0,0,,,,,0,0,,12,0,118,146,80.82,0,,0,425,365,116.44,0,,0,183,109,167.89,0,,0
26ff4c29,46750,RJ Peterson,RJ Peterson,Surrey,2012-04-25,2016-07-17,33,20,7,165,151,24*,12.69,109.27,0,0,14,6,13.25,43.71,6.8,32,574,668,28,23.86,6.98,20.5,3/13,0,0,40.07,6,0,0,0,,150,5.8,7,52,65,80.0,318,6.92,14,113,86,131.4,106,8.83,7
07c8a2f4,294062,LA Procter,LA Procter,Northamptonshire,2015-07-17,2026-07-18,35,26,11,284,232,33*,18.93,122.41,0,0,28,2,12.93,27.16,7.4,29,453,701,22,31.86,9.28,20.59,2/20,0,0,30.46,11,0,12,12,100.0,102,9.76,7,104,89,116.85,216,8.17,7,168,131,128.24,135,10.71,8
3edb58fc,16932,AD Mascarenhas,AD Mascarenhas,Rajasthan Royals,2008-05-11,2014-02-07,21,16,3,123,118,27,9.46,104.24,0,0,5,4,7.63,36.44,7.1,21,494,604,30,20.13,7.34,16.47,5/25,0,1,39.47,7,0,4,2,200.0,276,7.24,20,44,52,84.62,168,6.5,6,75,64,117.19,50,10.68,4
6d9560f3,1244154,Maaz Sadaqat,Maaz Sadaqat,Hyderabad Kingsmen,2025-05-02,2026-09-16,26,25,2,640,405,112,27.83,158.02,1,3,56,35,22.47,36.3,1.9,10,114,131,4,32.75,6.89,28.5,2/12,0,0,35.09,13,0,362,210,172.38,12,14.5,0,259,185,140.0,102,6.0,4,19,10,190.0,0,,0
4b51bd51,1161381,Mahmudul Hasan Joy,Mahmudul Hasan Joy,Khulna Tigers,2022-01-25,2026-01-23,42,35,2,698,616,65,21.15,113.31,0,3,62,21,13.47,38.8,3.3,2,18,41,1,41.0,13.67,18.0,1/30,0,0,27.78,18,0,254,221,114.93,0,,0,350,333,105.11,18,13.67,1,94,62,151.61,0,,0
ad286dcc,645319,AT Thomson,AT Thomson,Derbyshire,2018-08-10,2025-07-18,39,21,9,198,152,28,16.5,130.26,0,0,13,8,13.82,34.87,8.1,38,678,985,26,37.88,8.72,26.08,4/35,1,0,30.68,6,0,0,0,,234,7.97,12,45,44,102.27,402,8.94,14,153,108,141.67,42,10.71,0
c7bdb5b5,7529,NJ Reardon,NJ Reardon,Brisbane Heat,2011-12-18,2018-02-01,41,35,5,717,576,52*,23.9,124.48,0,1,45,32,13.37,37.5,4.8,2,12,29,0,,14.5,,0/12,0,0,16.67,13,0,15,29,51.72,0,,0,366,342,107.02,6,12.0,0,336,205,163.9,6,17.0,0
7f3f108f,252833,CF Hughes,CF Hughes,Derbyshire,2014-05-16,2016-07-29,35,34,2,616,494,59,19.25,124.7,0,2,62,20,16.6,39.27,2.9,13,156,249,5,49.8,9.58,31.2,1/17,0,0,21.79,10,0,267,243,109.88,18,7.0,1,289,214,135.05,132,10.05,4,60,37,162.16,6,7.0,0
d86f6c69,308338,GP Smith,GP Smith,Nottinghamshire,2014-05-16,2016-08-08,31,28,3,714,580,102,28.56,123.1,1,5,74,13,15.0,35.0,3.6,0,0,0,0,,,,,0,0,,14,0,206,195,105.64,0,,0,397,318,124.84,0,,0,111,67,165.67,0,,0
80e44dc5,741831,JP McIlroy,JP McIlroy,Glamorgan,2022-07-02,2025-07-11,30,9,5,11,18,7*,2.75,61.11,0,0,1,0,5.56,61.11,10.8,30,632,1004,35,28.69,9.53,18.06,4/36,1,0,31.96,8,0,0,0,,366,8.44,17,1,3,33.33,62,10.26,4,10,15,66.67,204,11.26,14
26a85969,290727,R Dhawan,R Dhawan,Kings XI Punjab,2013-04-09,2024-05-19,39,24,13,210,187,25*,19.09,112.3,0,0,18,7,13.37,44.92,7.7,36,662,891,25,35.64,8.08,26.48,2/14,0,0,30.97,9,0,0,0,,156,7.85,5,42,55,76.36,414,7.64,16,168,132,127.27,92,10.43,4
fffa744b,1287032,Naman Dhir,Naman Dhir,Mumbai Indians,2024-03-24,2026-05-24,37,33,7,710,433,62*,27.31,163.97,0,3,67,36,23.79,30.72,5.0,5,52,76,0,,8.77,,0/9,0,0,21.15,24,0,165,116,142.24,6,6.0,0,249,164,151.83,34,10.94,0,296,153,193.46,12,4.0,0
5b3acc53,16851,CJ Liddle,CJ Liddle,Sussex,2013-01-18,2019-09-07,41,6,2,9,14,4*,2.25,64.29,0,0,1,0,7.14,57.14,10.3,40,756,1111,35,31.74,8.82,21.6,3/25,0,0,30.42,9,0,0,0,,276,7.74,11,4,4,100.0,288,9.12,14,5,10,50.0,192,9.91,10
60fbf53a,596442,D Potgieter,D Potgieter,MI Cape Town,2023-01-10,2026-07-15,44,30,14,387,292,44*,24.19,132.53,0,0,26,20,15.75,37.67,6.6,18,212,332,16,20.75,9.4,13.25,5/10,0,1,29.72,11,0,0,0,,18,10.33,1,62,74,83.78,144,7.38,12,325,218,149.08,50,14.88,3
49b6c09f,21646,JC Tredwell,JC Tredwell,Kent,2014-06-05,2017-08-04,43,22,11,106,112,31*,9.64,94.64,0,0,7,1,7.14,37.5,8.9,43,909,1186,30,39.53,7.83,30.3,3/32,0,0,25.19,13,0,0,0,,24,9.75,1,17,23,73.91,765,7.68,20,89,89,100.0,120,8.4,9
b1451597,34019,LR Shukla,LR Shukla,Kolkata Knight Riders,2008-04-18,2014-05-10,47,34,7,405,350,48*,15.0,115.71,0,0,33,15,13.71,41.14,6.3,27,314,447,15,29.8,8.54,20.93,3/6,0,0,34.71,14,0,2,5,40.0,26,11.54,0,184,181,101.66,210,7.86,6,219,164,133.54,78,9.38,9
ef9f75f8,1129633,MW Chu,MW Chu,Otago,2019-12-14,2026-01-24,54,38,6,705,492,82,22.03,143.29,0,2,69,20,18.09,30.49,5.3,0,0,0,0,,,,,0,0,,15,9,193,122,158.2,0,,0,341,255,133.73,0,,0,171,115,148.7,0,,0
4f1bb625,1278029,Yasir Khan,Yasir Khan,Multan Sultans,2022-01-28,2026-04-21,29,28,0,702,494,87,25.07,142.11,0,4,75,31,21.46,40.28,1.8,0,0,0,0,,,,,0,0,,7,0,484,333,145.35,0,,0,218,161,135.4,0,,0,0,0,,0,,0
7ed9fd56,50747,WU Tharanga,WU Tharanga,Dambulla Viiking,2017-11-04,2021-12-16,28,27,2,698,587,77,27.92,118.91,0,5,86,13,16.87,42.08,2.0,0,0,0,0,,,,,0,0,,5,2,382,328,116.46,0,,0,285,242,117.77,0,,0,31,17,182.35,0,,0
f4427cc6,334394,SM Whiteman,SM Whiteman,Perth Scorchers,2013-12-22,2026-07-05,53,47,2,695,608,68,15.44,114.31,0,2,64,17,13.32,39.97,3.5,0,0,0,0,,,,,0,0,,25,6,367,309,118.77,0,,0,253,240,105.42,0,,0,75,59,127.12,0,,0
06cad4f0,1161038,A Sharafu,A Sharafu,Abu Dhabi Knight Riders,2023-01-17,2026-01-02,34,32,5,695,570,82*,25.74,121.93,0,3,65,26,15.96,40.88,4.4,0,0,0,0,,,,,0,0,,13,0,134,136,98.53,0,,0,437,348,125.57,0,,0,124,86,144.19,0,,0
27fc5808,1143809,HT Crocombe,HT Crocombe,Sussex,2021-06-11,2026-07-03,33,18,13,55,46,16,11.0,119.57,0,0,3,3,13.04,36.96,10.3,33,564,969,32,30.28,10.31,17.62,3/31,0,0,28.01,9,0,0,0,,168,10.14,8,2,2,100.0,240,9.45,12,53,44,120.45,156,11.81,12
fcc21ace,1175428,A Kamboj,A Kamboj,Chennai Super Kings,2024-05-06,2026-05-21,25,10,7,74,52,19*,24.67,142.31,0,0,5,4,17.31,30.77,9.4,25,491,816,31,26.32,9.97,15.84,3/13,0,0,37.88,6,0,0,0,,282,9.53,13,19,8,237.5,78,10.0,4,55,44,125.0,131,10.9,14
03521fd3,539511,HM Nicholls,HM Nicholls,Canterbury,2016-01-16,2026-01-31,27,24,5,694,506,76*,36.53,137.15,0,3,77,15,18.18,33.6,2.8,0,0,0,0,,,,,0,0,,12,0,286,215,133.02,0,,0,347,252,137.7,0,,0,61,39,156.41,0,,0
1efb8a28,4498,AC Blizzard,AC Blizzard,Sydney Thunder,2011-05-04,2018-01-24,35,32,5,692,541,80*,25.63,127.91,0,3,72,17,16.45,39.0,3.3,0,0,0,0,,,,,0,0,,9,0,289,256,112.89,0,,0,245,186,131.72,0,,0,158,99,159.6,0,,0
8c7d6cbe,297488,MW Machan,MW Machan,Sussex,2014-05-17,2016-07-28,35,33,7,650,526,52*,25.0,123.57,0,1,45,20,12.36,30.04,4.2,4,36,52,2,26.0,8.67,18.0,1/9,0,0,19.44,23,0,137,107,128.04,0,,0,312,285,109.47,36,8.67,2,201,134,150.0,0,,0
94734e80,509461,JG Walker,JG Walker,Northern Districts,2017-12-27,2023-02-11,30,7,2,27,34,16,5.4,79.41,0,0,1,1,5.88,52.94,10.3,28,528,631,33,19.12,7.17,16.0,4/31,1,0,31.44,11,0,0,0,,6,5.0,0,5,5,100.0,474,7.23,30,22,29,75.86,48,6.88,3
cb5100f1,932355,Ebadat Hossain,Ebadat Hossain,Sylhet Thunder,2017-12-06,2026-01-02,34,6,6,6,7,3*,,85.71,0,0,0,0,0.0,28.57,10.7,34,702,941,34,27.68,8.04,20.65,4/17,1,0,39.74,2,0,0,0,,246,6.8,8,0,0,,258,7.81,15,6,7,85.71,198,9.88,11
7dfb8890,535393,S Muthusamy,S Muthusamy,Pretoria Capitals,2023-01-12,2026-01-25,32,16,3,145,132,38*,11.15,109.85,0,0,7,7,10.61,40.15,7.2,26,473,585,27,21.67,7.42,17.52,3/12,0,0,29.6,16,0,4,4,100.0,36,12.0,1,54,65,83.08,402,6.91,24,87,63,138.1,35,8.57,2
1cc0a83d,1330163,J Hull,J Hull,Leicestershire,2023-06-02,2026-07-12,31,11,7,45,51,12*,11.25,88.24,0,0,4,1,9.8,45.1,10.7,31,613,949,32,29.66,9.29,19.16,3/28,0,0,37.36,5,0,0,0,,324,8.76,12,8,8,100.0,126,9.05,7,37,43,86.05,163,10.53,13
5d2eea49,1122918,Kartik Tyagi,Kartik Tyagi,Rajasthan Royals,2020-10-06,2026-05-24,34,10,3,24,26,7,3.43,92.31,0,0,2,1,11.54,53.85,9.6,33,728,1211,33,36.7,9.98,22.06,3/22,0,0,35.03,7,0,0,0,,216,11.08,9,4,2,200.0,270,8.49,8,20,24,83.33,242,10.66,16
a63775d6,323244,Rahat Ali,Rahat Ali,Quetta Gladiators,2018-02-23,2020-11-14,28,4,2,3,11,1*,1.5,27.27,0,0,0,0,0.0,72.73,11.0,28,614,800,34,23.53,7.82,18.06,4/16,2,0,39.58,3,0,0,0,,294,7.49,14,1,2,50.0,186,8.55,8,2,9,22.22,134,7.52,12
27c5715d,1159495,Khurram Shahzad,Khurram Shahzad (2),Quetta Gladiators,2021-06-11,2026-04-28,22,9,5,21,39,11,5.25,53.85,0,0,1,0,2.56,53.85,9.4,22,467,625,33,18.94,8.03,14.15,4/22,2,0,44.75,6,0,0,0,,210,8.34,11,7,15,46.67,108,6.0,10,14,24,58.33,149,9.06,12
76dc16d4,1095879,JLB Davies,JLB Davies,Middlesex,2020-09-05,2025-06-19,44,40,5,681,558,53,19.46,122.04,0,2,58,20,13.98,34.41,5.2,0,0,0,0,,,,,0,0,,12,8,64,57,112.28,0,,0,452,388,116.49,0,,0,165,113,146.02,0,,0
321be7e3,1193546,A Ashok,A Ashok,Auckland,2021-12-17,2026-01-30,33,18,9,61,63,9*,6.78,96.83,0,0,4,1,7.94,44.44,9.6,31,632,836,31,26.97,7.94,20.39,3/8,0,0,34.81,7,0,0,0,,30,7.2,0,7,17,41.18,512,7.51,25,54,46,117.39,90,10.6,6
861eed37,590913,WSA Williams,WSA Williams,Canterbury,2017-12-14,2026-07-01,39,14,11,80,63,29*,26.67,126.98,0,0,6,2,12.7,28.57,9.6,37,537,858,30,28.6,9.59,17.9,5/12,0,1,25.14,26,0,0,0,,114,9.53,3,0,1,0.0,116,8.79,6,80,62,129.03,307,9.91,21
c7a995d3,1048739,R Sai Kishore,R Sai Kishore,Gujarat Titans,2022-05-10,2026-05-29,28,5,1,18,16,13,4.5,112.5,0,0,0,2,12.5,50.0,9.4,27,465,697,33,21.12,8.99,14.09,4/33,1,0,29.25,10,0,0,0,,18,11.0,1,0,0,,366,8.54,23,18,16,112.5,81,10.59,9
4ba2c04d,901157,AJ Nair,AJ Nair,Sydney Thunder,2016-12-22,2022-01-02,35,23,11,238,201,45,19.83,118.41,0,0,14,7,10.45,34.33,6.7,30,462,591,22,26.86,7.68,21.0,3/12,0,0,27.92,9,0,0,0,,48,11.12,1,139,113,123.01,360,7.38,14,99,88,112.5,54,6.56,7
c05f9d20,693975,SSD Arachchige,SSD Arachchige,Galle Gallants,2020-12-07,2026-08-08,35,28,7,458,373,63,21.81,122.79,0,2,41,15,15.01,37.0,5.5,12,168,222,11,20.18,7.93,15.27,2/21,0,0,31.55,15,0,19,32,59.38,6,20.0,0,261,244,106.97,138,6.7,9,178,97,183.51,24,12.0,2
8bf61e65,10622,JA Brooks,JA Brooks,Somerset,2014-05-16,2023-07-07,34,4,2,18,23,10*,9.0,78.26,0,0,1,0,4.35,43.48,10.0,34,664,943,33,28.58,8.52,20.12,4/51,1,0,35.54,11,0,0,0,,432,8.01,19,4,7,57.14,96,7.81,4,14,16,87.5,136,10.63,10
e43aa7ed,637163,ASS Nijjar,ASS Nijjar,Essex,2018-08-17,2023-06-22,37,19,8,97,84,27*,8.82,115.48,0,0,8,3,13.1,40.48,9.1,37,741,1033,29,35.62,8.36,25.55,3/22,0,0,32.39,12,0,0,0,,192,7.53,5,19,19,100.0,498,8.59,22,78,65,120.0,51,9.29,2
730b57de,1163453,WT O'Donnell,WT O'Donnell,Auckland,2020-12-24,2025-01-29,34,30,3,594,476,50*,22.0,124.79,0,1,32,35,14.08,38.45,3.8,8,108,153,4,38.25,8.5,27.0,1/17,0,0,30.56,21,0,184,151,121.85,48,8.75,2,302,255,118.43,60,8.3,2,108,70,154.29,0,,0
917f66da,1169695,TM Johnson,TM Johnson,Wellington,2019-01-12,2026-01-24,44,39,8,612,538,66,19.74,113.75,0,4,54,18,13.38,40.15,4.7,6,66,76,3,25.33,6.91,22.0,2/20,0,0,27.27,21,0,165,156,105.77,0,,0,326,311,104.82,48,7.12,1,121,71,170.42,18,6.33,2
aac9f784,10820,DA Cosker,DA Cosker,Glamorgan,2014-05-16,2016-07-10,37,8,6,30,35,6*,15.0,85.71,0,0,1,0,2.86,34.29,9.8,36,739,984,32,30.75,7.99,23.09,4/25,2,0,23.27,12,0,0,0,,54,10.11,0,0,0,,581,7.75,22,30,35,85.71,104,8.25,10
5ea51c25,793457,Hazratullah,Hazratullah,Peshawar Zalmi,2019-01-05,2026-01-04,32,32,1,669,512,78,21.58,130.66,0,7,67,36,20.12,47.66,1.4,0,0,0,0,,,,,0,0,,13,0,393,308,127.6,0,,0,262,195,134.36,0,,0,14,9,155.56,0,,0
3361993b,228210,Mehedi Maruf,Mehedi Maruf,Dhaka Dynamites,2015-11-30,2023-02-08,43,42,3,668,641,75*,17.13,104.21,0,3,64,30,14.66,52.73,1.9,0,0,0,0,,,,,0,0,,13,0,394,401,98.25,0,,0,235,207,113.53,0,,0,39,33,118.18,0,,0
90de905a,424377,K Gowtham,K Gowtham,Rajasthan Royals,2018-04-09,2024-05-08,36,27,9,247,148,33*,13.72,166.89,0,0,15,17,21.62,34.46,7.0,35,588,808,21,38.48,8.24,28.0,2/12,0,0,35.03,17,0,8,5,160.0,270,8.58,10,75,55,136.36,294,7.59,11,164,88,186.36,24,12.5,0
b8d18afc,56058,Nabil Samad,Nabil Samad,Comilla Victorians,2012-02-14,2025-01-13,44,7,5,6,12,3*,3.0,50.0,0,0,0,0,0.0,50.0,10.6,42,840,948,33,28.73,6.77,25.45,3/7,0,0,41.9,7,0,0,0,,342,7.19,12,0,3,0.0,456,6.09,19,6,9,66.67,42,10.71,2
16043342,6553,AB McDonald,AB McDonald,Delhi Daredevils,2009-05-19,2016-01-07,22,20,5,342,294,60*,22.8,116.33,0,2,19,14,11.22,37.07,4.8,19,264,388,16,24.25,8.82,16.5,3/20,0,0,26.52,1,0,93,77,120.78,42,9.14,3,134,135,99.26,180,8.47,8,115,82,140.24,42,10.0,5
8012d0b8,499594,CAK Rajitha,CAK Rajitha,Galle Titans,2020-12-01,2024-07-10,27,12,7,22,49,10*,4.4,44.9,0,0,1,0,2.04,63.27,10.0,26,493,666,32,20.81,8.11,15.41,5/22,2,1,43.2,10,0,0,0,,306,7.33,17,0,0,,54,7.44,3,22,49,44.9,133,10.15,12
c6a1b1bb,717373,Amad Butt,Amad Butt,Islamabad United,2017-02-09,2026-04-26,29,17,5,141,106,27*,11.75,133.02,0,0,9,9,16.98,42.45,7.8,27,512,830,26,31.92,9.73,19.69,4/27,1,0,30.08,11,0,0,0,,36,8.83,3,39,42,92.86,354,8.78,15,102,64,159.38,122,12.74,8
4751caa3,784375,CBRLS Kumara,CBRLS Kumara,Abu Dhabi Knight Riders,2020-11-28,2026-09-11,25,11,8,21,31,10*,7.0,67.74,0,0,1,1,6.45,58.06,10.5,25,490,763,32,23.84,9.34,15.31,4/36,1,0,38.57,2,0,0,0,,240,8.47,12,1,7,14.29,126,9.29,10,20,24,83.33,124,11.08,10
5db1c288,522898,CAJ Morris,CAJ Morris,Worcestershire,2014-05-16,2022-06-10,30,9,7,21,24,7*,10.5,87.5,0,0,1,0,4.17,33.33,10.9,30,582,933,32,29.16,9.62,18.19,3/21,0,0,30.07,9,0,0,0,,306,8.51,17,0,0,,60,9.5,2,21,24,87.5,216,11.22,13
e01aafc1,46934,AN Petersen,AN Petersen,Lancashire,2014-05-18,2016-07-29,22,22,5,659,502,103*,38.76,131.27,1,2,42,16,11.55,23.71,2.9,0,0,0,0,,,,,0,0,,7,0,274,191,143.46,0,,0,250,215,116.28,0,,0,135,96,140.62,0,,0
eb1a5b03,467656,TJ Wells,TJ Wells,Leicestershire,2014-05-16,2018-07-31,59,45,13,598,473,64*,18.69,126.43,0,2,28,31,12.47,34.88,6.6,15,136,235,3,78.33,10.37,45.33,1/5,0,0,23.53,30,0,10,11,90.91,24,8.0,1,168,178,94.38,100,11.16,2,420,284,147.89,12,8.5,0
c285c86e,537154,Mohammad Shahid,Mohammad Shahid,Dhaka Dynamites,2015-11-24,2019-01-28,26,8,3,17,36,6,3.4,47.22,0,0,1,0,2.78,63.89,10.0,26,484,560,32,17.5,6.94,15.12,4/12,1,0,41.74,1,0,0,0,,198,6.79,9,6,14,42.86,114,6.37,5,11,22,50.0,172,7.5,18
b1b7b7de,440520,BJ Small,BJ Small,Central Districts,2017-12-17,2024-01-19,23,16,8,116,102,21*,14.5,113.73,0,0,5,3,7.84,28.43,7.5,21,410,567,27,21.0,8.3,15.19,4/22,1,0,37.56,6,0,1,3,33.33,126,7.81,8,21,21,100.0,228,8.32,13,94,78,120.51,56,9.32,6
33085ffb,230852,D Elgar,D Elgar,Essex,2015-06-26,2025-07-04,25,25,1,635,493,77,26.46,128.8,0,5,70,13,16.84,33.47,2.1,1,18,22,1,22.0,7.33,18.0,1/22,0,0,22.22,10,0,380,292,130.14,0,,0,220,177,124.29,18,7.33,1,35,24,145.83,0,,0
8f08313a,1263747,NB Cornwell,NB Cornwell,Middlesex,2024-05-31,2026-07-10,31,11,7,55,50,15*,13.75,110.0,0,0,3,4,14.0,56.0,10.5,30,577,858,30,28.6,8.92,19.23,3/34,0,0,39.34,4,0,0,0,,330,8.38,12,14,12,116.67,130,9.28,7,41,38,107.89,117,10.05,11
22bd731a,4493,DG Brownlie,DG Brownlie,Northern Districts,2014-01-17,2021-01-04,33,31,2,655,457,99,22.59,143.33,0,3,73,20,20.35,33.92,3.0,0,0,0,0,,,,,0,0,,22,0,279,216,129.17,0,,0,332,219,151.6,0,,0,44,22,200.0,0,,0
c38d3503,1079848,Shivam Mavi,Shivam Mavi,Kolkata Knight Riders,2018-04-14,2022-05-07,32,12,3,51,56,20,5.67,91.07,0,0,4,2,10.71,53.57,9.0,32,649,942,30,31.4,8.71,21.63,4/21,1,0,39.14,16,0,0,0,,300,8.14,9,3,5,60.0,162,6.85,9,48,51,94.12,187,11.23,12
40e4cf47,1269385,MF Hurst,MF Hurst,Lancashire,2024-05-30,2026-07-12,37,35,2,649,521,59,19.67,124.57,0,2,47,26,14.01,36.08,4.0,0,0,0,0,,,,,0,0,,24,3,209,169,123.67,0,,0,345,283,121.91,0,,0,95,69,137.68,0,,0
9395f98e,413099,CJ Haggett,CJ Haggett,Kent,2015-05-28,2020-09-12,30,13,9,109,87,20,27.25,125.29,0,0,8,2,11.49,26.44,8.5,29,540,846,27,31.33,9.4,20.0,2/12,0,0,27.22,4,0,0,0,,60,12.2,2,22,21,104.76,360,8.45,14,87,66,131.82,120,10.85,11
07b6c3c1,704693,LU Igalagamage,LU Igalagamage,Kandy Royals,2020-12-11,2026-08-05,26,25,3,647,467,132*,29.41,138.54,1,4,73,22,20.34,36.4,2.6,0,0,0,0,,,,,0,0,,9,2,311,227,137.0,0,,0,269,208,129.33,0,,0,67,32,209.38,0,,0
b9877635,473193,TE Bailey,TE Bailey,Lancashire,2015-05-15,2023-07-07,35,9,3,27,29,10,4.5,93.1,0,0,0,1,3.45,31.03,9.3,34,528,811,31,26.16,9.22,17.03,5/17,0,1,35.23,10,0,0,0,,342,9.61,16,0,0,,60,6.6,2,27,29,93.1,126,9.38,13
5318ee68,1210511,Nahid Rana,Nahid Rana,Rangpur Riders,2023-01-24,2026-05-03,30,8,5,6,31,2*,2.0,19.35,0,0,0,0,0.0,80.65,11.0,30,637,801,32,25.03,7.54,19.91,4/27,1,0,43.96,7,0,0,0,,138,8.83,7,0,6,0.0,354,7.1,14,6,25,24.0,145,7.41,11
0d51e658,330408,CD Barnwell,CD Barnwell,Guyana Amazon Warriors,2013-07-31,2019-09-29,51,43,12,506,421,37,16.32,120.19,0,0,25,28,12.59,38.48,5.8,15,162,294,7,42.0,10.89,23.14,2/4,0,0,29.63,18,0,1,9,11.11,36,9.0,0,175,200,87.5,96,10.5,4,330,212,155.66,30,14.4,3
31b01074,1173045,Kasey Aldridge,Kasey Aldridge,Durham,2023-06-21,2026-07-12,24,18,5,226,179,44*,17.38,126.26,0,0,16,4,11.17,29.05,7.3,21,299,534,21,25.43,10.72,14.24,5/29,0,1,21.74,24,0,0,0,,60,11.5,3,68,57,119.3,174,10.86,11,158,122,129.51,65,9.6,7
7cc15633,8491,JHK Adams,JHK Adams,Hampshire,2014-05-16,2016-07-29,32,31,2,646,462,69*,22.28,139.83,0,5,65,21,18.61,33.98,2.9,0,0,0,0,,,,,0,0,,11,0,282,204,138.24,0,,0,322,229,140.61,0,,0,42,29,144.83,0,,0
25eeb281,35630,PC Valthaty,PC Valthaty,Kings XI Punjab,2009-04-23,2013-04-19,23,23,1,505,418,120*,22.95,120.81,1,2,60,20,19.14,51.67,1.9,10,151,205,7,29.29,8.15,21.57,4/29,1,0,29.14,3,0,312,278,112.23,0,,0,147,118,124.58,132,7.95,5,46,22,209.09,19,9.47,2
7cb2d9d2,501907,DM Dupavillon,DM Dupavillon,Pretoria Capitals,2022-09-10,2025-01-14,25,10,7,25,33,7*,8.33,75.76,0,0,1,0,3.03,33.33,10.3,25,484,746,31,24.06,9.25,15.61,3/15,0,0,42.15,6,0,0,0,,276,8.07,16,5,8,62.5,89,9.3,5,20,25,80.0,119,11.95,10
c15fb753,1263698,W Luxton,W Luxton,Yorkshire,2023-05-30,2026-07-15,32,32,1,645,433,90*,20.81,148.96,0,3,58,33,21.02,35.57,2.8,0,0,0,0,,,,,0,0,,14,0,325,207,157.0,0,,0,295,213,138.5,0,,0,25,13,192.31,0,,0
d12143bf,8608,JM Anderson,JM Anderson,Lancashire,2014-05-16,2026-07-10,20,6,3,4,10,2*,1.33,40.0,0,0,0,0,0.0,60.0,11.0,20,438,591,32,18.47,8.1,13.69,3/17,0,0,36.53,7,0,0,0,,318,7.94,21,0,0,,48,6.5,5,4,10,40.0,72,9.83,6
78c12883,1191192,S Baker,S Baker,Hampshire,2024-06-07,2026-07-18,17,2,1,3,4,3*,3.0,75.0,0,0,0,0,0.0,25.0,11.0,17,393,557,32,17.41,8.5,12.28,5/21,2,2,39.69,4,0,0,0,,198,8.48,11,2,2,100.0,78,7.77,7,1,2,50.0,117,9.03,14
1c2a64cd,389605,A Ashish Reddy,A Ashish Reddy,Sunrisers Hyderabad,2012-04-26,2016-04-30,31,23,8,280,193,36*,18.67,145.08,0,0,16,15,16.06,30.05,7.0,20,262,396,18,22.0,9.07,14.56,3/25,0,0,30.15,9,0,5,6,83.33,6,20.0,0,61,41,148.78,155,8.09,7,214,146,146.58,101,9.92,11
6aed7e79,587152,PV Tambe,PV Tambe,Rajasthan Royals,2013-05-07,2020-09-06,36,6,4,18,39,7*,9.0,46.15,0,0,1,0,2.56,61.54,10.7,36,714,889,31,28.68,7.47,23.03,4/20,1,0,33.19,7,0,0,0,,78,8.62,3,6,9,66.67,558,6.82,23,12,30,40.0,78,11.0,5
3b8e7647,1277627,SP Krishnamurthi,SP Krishnamurthi,San Francisco Unicorns,2024-07-07,2026-07-16,39,33,6,638,469,92,23.63,136.03,0,3,43,39,17.48,39.87,4.1,1,6,9,0,,9.0,,0/9,0,0,50.0,14,0,167,142,117.61,0,,0,383,271,141.33,6,9.0,0,88,56,157.14,0,,0
8d92a2c3,351588,MA Wood,MA Wood,Durham,2014-05-16,2023-04-15,17,10,5,77,74,17*,15.4,104.05,0,0,6,1,9.46,36.49,9.0,17,384,463,28,16.54,7.23,13.71,5/14,1,1,44.01,6,0,0,0,,162,5.96,12,12,19,63.16,120,6.65,6,65,55,118.18,102,9.94,10
42ee1d76,1318254,CWJ Allison,CWJ Allison,Essex,2024-06-20,2026-07-15,31,29,8,636,484,74,30.29,131.4,0,4,48,29,15.91,35.33,4.8,0,0,0,0,,,,,0,0,,16,0,112,92,121.74,0,,0,346,284,121.83,0,,0,178,108,164.81,0,,0
1e960f2a,230855,C Kieswetter,C Kieswetter,Somerset,2013-12-22,2014-07-11,17,17,0,634,513,74,37.29,123.59,0,7,60,17,15.01,34.89,1.9,0,0,0,0,,,,,0,0,,10,4,324,243,133.33,0,,0,273,244,111.89,0,,0,37,26,142.31,0,,0
72898514,425692,WT Root,WT Root,Glamorgan,2017-07-30,2023-06-21,50,39,9,634,567,41*,21.13,111.82,0,0,48,15,11.11,35.45,5.2,3,18,37,0,,12.33,,0/6,0,0,22.22,18,0,74,94,78.72,6,17.0,0,319,307,103.91,6,14.0,0,241,166,145.18,6,6.0,0
907d6e58,434429,Aamer Yamin,Aamer Yamin,Karachi Kings,2016-02-17,2023-03-06,34,17,3,153,116,35*,10.93,131.9,0,0,8,11,16.38,44.83,7.4,33,584,862,24,35.92,8.86,24.33,3/17,0,0,35.96,10,0,1,1,100.0,355,8.03,14,63,52,121.15,126,8.9,5,89,63,141.27,103,11.65,5
9c7d7cda,18240,JKH Naik,JKH Naik,Leicestershire,2014-05-16,2016-06-26,33,8,5,52,56,16*,17.33,92.86,0,0,2,1,5.36,35.71,9.8,31,612,724,29,24.97,7.1,21.1,3/23,0,0,28.43,10,0,0,0,,48,7.88,0,2,8,25.0,528,6.92,25,50,48,104.17,36,8.67,4
57a76baa,414108,MP Dunn,MP Dunn,Surrey,2014-07-04,2024-07-19,24,5,2,10,12,6,3.33,83.33,0,0,1,0,8.33,58.33,10.2,24,428,658,31,21.23,9.22,13.81,3/8,0,0,36.68,5,0,0,0,,240,9.18,17,0,0,,96,9.5,6,10,12,83.33,92,9.07,8
c3576908,1360563,MA Abbas,MA Abbas,Wellington,2023-12-21,2026-01-23,28,26,2,590,448,72,24.58,131.7,0,3,30,25,12.28,30.58,4.3,8,114,172,2,86.0,9.05,57.0,1/19,0,0,27.19,7,0,126,100,126.0,18,10.67,0,341,276,123.55,66,8.0,2,123,72,170.83,30,10.4,0
86f84b37,1195664,AM Tribe,AM Tribe,Glamorgan,2025-06-01,2026-07-12,32,31,7,627,458,63*,26.12,136.9,0,3,51,24,16.38,31.44,4.6,8,66,83,0,,7.55,,0/1,0,0,22.73,21,0,116,91,127.47,6,14.0,0,336,274,122.63,60,6.9,0,175,93,188.17,0,,0
bbce4647,381183,EP Gulbis,EP Gulbis,Melbourne Stars,2012-12-09,2019-02-14,39,28,7,386,301,61*,18.38,128.24,0,1,35,11,15.28,36.88,6.0,28,344,495,12,41.25,8.63,28.67,3/29,0,0,28.2,13,0,73,56,130.36,36,13.33,1,126,109,115.6,234,7.36,8,187,136,137.5,74,10.38,3
888e32bf,56283,Abdur Razzak,Abdur Razzak,Rangpur Riders,2008-05-17,2017-12-06,28,14,4,65,91,15,6.5,71.43,0,0,5,1,6.59,56.04,8.9,26,515,628,28,22.43,7.32,18.39,4/33,1,0,40.39,4,0,0,0,,192,6.62,13,11,23,47.83,228,6.68,9,54,68,79.41,95,10.23,6
b8527c3d,1161489,Rasikh Salam,Rasikh Salam,Royal Challengers Bengaluru,2019-03-24,2026-05-31,25,8,3,43,42,10,8.6,102.38,0,0,5,0,11.9,45.24,9.1,25,488,814,29,28.07,10.01,16.83,4/24,1,0,30.94,6,0,0,0,,156,9.19,5,11,15,73.33,186,10.32,11,32,27,118.52,146,10.48,13
2ae01eb0,52334,I Khan,I Khan (2),Barbados Tridents,2015-07-18,2021-08-28,31,13,5,83,87,20,10.38,95.4,0,0,7,1,9.2,40.23,8.1,26,465,473,27,17.52,6.1,17.22,3/7,0,0,44.3,5,0,1,5,20.0,84,6.5,6,48,49,97.96,330,6.04,14,34,33,103.03,51,5.88,7
8cbcff3b,1115195,JM De Caires,JM De Caires,Middlesex,2021-07-09,2026-07-12,31,26,3,339,266,80*,14.74,127.44,0,1,33,12,16.92,38.72,5.6,17,260,421,14,30.07,9.72,18.57,2/34,0,0,25.77,12,0,67,57,117.54,102,10.0,4,150,124,120.97,138,9.65,8,122,85,143.53,20,8.7,2
755a77c6,232438,GS Ballance,GS Ballance,Yorkshire,2014-05-16,2021-08-24,41,36,2,616,486,79,18.12,126.75,0,2,49,23,14.81,32.3,4.8,0,0,0,0,,,,,0,0,,17,0,57,55,103.64,0,,0,412,320,128.75,0,,0,147,111,132.43,0,,0
a15347c2,17171,GJ Muchall,GJ Muchall,Durham,2014-05-16,2016-08-10,33,30,14,615,512,43,38.44,120.12,0,0,38,9,9.18,26.56,5.2,0,0,0,0,,,,,0,0,,10,0,20,24,83.33,0,,0,281,274,102.55,0,,0,314,214,146.73,0,,0
10f42013,429886,WJ Lubbe,WJ Lubbe,Paarl Royals,2023-01-10,2026-01-15,36,33,3,533,453,60,17.77,117.66,0,3,46,21,14.79,43.49,3.8,15,162,213,4,53.25,7.89,40.5,1/6,0,0,36.42,11,0,190,184,103.26,54,7.11,1,275,229,120.09,96,8.0,3,68,40,170.0,12,10.5,0
5ec41cd7,772471,Jasdeep Singh,Jasdeep Singh,Seattle Orcas,2023-07-30,2026-07-11,22,11,6,73,86,16*,14.6,84.88,0,0,6,2,9.3,50.0,9.7,22,452,688,27,25.48,9.13,16.74,5/24,0,1,37.17,5,0,0,0,,168,9.25,11,17,35,48.57,150,9.4,6,56,51,109.8,134,8.69,10
9061a703,928067,J Little,J Little,Gujarat Titans,2021-12-13,2025-07-13,35,9,8,12,24,5*,12.0,50.0,0,0,2,0,8.33,79.17,10.9,35,690,1085,30,36.17,9.43,23.0,4/45,1,0,35.51,15,0,0,0,,306,9.82,13,5,8,62.5,234,8.51,13,7,16,43.75,150,10.08,4
b53136ce,1129664,AW McKenzie,AW McKenzie,Canterbury,2021-12-12,2025-01-03,26,14,6,52,55,12,6.5,94.55,0,0,3,2,9.09,43.64,8.5,25,437,610,28,21.79,8.38,15.61,4/15,1,0,32.27,9,0,0,0,,120,7.4,4,1,2,50.0,151,7.43,7,51,53,96.23,166,9.94,17
6eb146d2,537124,Gurkeerat Singh,Gurkeerat Singh,Kings XI Punjab,2012-05-05,2020-10-31,41,32,8,511,422,65,21.29,121.09,0,2,55,11,15.64,36.97,5.8,6,78,97,5,19.4,7.46,15.6,2/15,0,0,33.33,19,1,35,37,94.59,12,9.5,0,225,223,100.9,66,7.09,5,251,162,154.94,0,,0
23393635,696471,D Forrester,Dian Forrester,Joburg Super Kings,2025-12-27,2026-07-12,23,20,10,428,271,80*,42.8,157.93,0,1,33,25,21.4,35.06,5.8,12,148,205,9,22.78,8.31,16.44,3/25,0,0,32.43,13,0,20,10,200.0,6,8.0,0,177,147,120.41,92,7.11,6,231,114,202.63,50,10.56,3
93cad673,982597,NN Gilchrist,NN Gilchrist,Kent,2024-06-14,2025-09-06,21,8,2,25,33,10*,4.17,75.76,0,0,0,2,6.06,57.58,10.1,20,338,586,29,20.21,10.4,11.66,4/42,1,0,31.95,4,0,0,0,,132,9.91,9,0,3,0.0,126,10.05,14,25,30,83.33,80,11.78,6
81c08fa3,1246528,Umran Malik,Umran Malik,Sunrisers Hyderabad,2021-10-03,2024-03-27,26,6,4,23,16,19*,11.5,143.75,0,0,1,2,18.75,50.0,9.8,26,493,772,29,26.62,9.4,17.0,5/25,1,1,41.58,6,0,0,0,,30,19.0,0,0,0,,390,8.48,23,23,16,143.75,73,10.36,6
1ccf9e7e,707177,JL Finnie,JL Finnie,Otago,2017-12-14,2023-02-09,42,38,3,541,401,71*,15.46,134.91,0,1,51,22,18.2,37.41,5.2,12,108,165,3,55.0,9.17,36.0,2/22,0,0,25.93,17,0,83,74,112.16,30,11.0,0,293,219,133.79,72,8.67,3,165,108,152.78,6,6.0,0
bbfa0b42,1159371,Mohammad Ilyas,Mohammad Ilyas,Multan Sultans,2019-02-15,2023-03-07,28,11,5,39,45,9,6.5,86.67,0,0,2,0,4.44,37.78,8.9,26,458,711,28,25.39,9.31,16.36,3/27,0,0,35.81,8,0,0,0,,228,7.87,14,7,8,87.5,90,9.87,2,32,37,86.49,140,11.31,12
e6e154e3,1077662,FL Walker,FL Walker,Northern Districts,2021-01-01,2025-02-01,27,14,5,137,117,27*,15.22,117.09,0,0,12,6,15.38,43.59,8.9,25,511,631,23,27.43,7.41,22.22,3/10,0,0,33.46,4,0,0,0,,36,5.67,2,8,16,50.0,372,6.92,12,129,101,127.72,103,9.79,9
721032ec,410768,Alauddin Babu,Alauddin Babu,Dhaka Dynamites,2012-02-14,2025-01-07,31,24,7,156,152,33*,9.18,102.63,0,0,7,8,9.87,40.79,7.4,23,355,578,22,26.27,9.77,16.14,3/24,0,0,36.62,8,0,0,0,,77,11.92,1,56,75,74.67,180,8.2,9,100,77,129.87,98,10.96,12
1670dcfd,932635,Nayeem Hasan,Nayeem Hasan,Chittagong Vikings,2017-11-29,2026-01-12,31,23,7,96,139,12,6.0,69.06,0,0,6,2,5.76,58.27,8.4,31,618,761,25,30.44,7.39,24.72,3/21,0,0,42.56,13,0,0,0,,288,7.69,10,41,64,64.06,276,6.52,12,55,75,73.33,54,10.22,3
29b89ae8,24599,WB Rankin,WB Rankin,Warwickshire,2014-05-30,2019-08-23,30,5,3,16,16,12,8.0,100.0,0,0,1,1,12.5,50.0,10.4,30,594,876,29,30.21,8.85,20.48,3/26,0,0,35.35,4,0,0,0,,180,9.7,7,0,0,,306,8.29,12,16,16,100.0,108,9.0,10
bf814547,595004,K Verreynne,K Verreynne,Pretoria Capitals,2023-01-11,2026-01-23,28,26,6,591,438,116*,29.55,134.93,1,2,54,21,17.12,35.39,3.7,0,0,0,0,,,,,0,0,,11,1,255,197,129.44,0,,0,195,168,116.07,0,,0,141,73,193.15,0,,0
8f3fde65,901155,LC Hatcher,LC Hatcher,Melbourne Stars,2020-12-12,2026-01-08,25,9,3,46,47,20,7.67,97.87,0,0,2,3,10.64,55.32,9.3,24,509,737,27,27.3,8.69,18.85,3/25,0,0,35.36,2,0,0,0,,162,8.04,7,6,3,200.0,186,9.42,7,40,44,90.91,161,8.5,13
dc2abe5e,348146,Ahsan Ali,Ahsan Ali,Quetta Gladiators,2019-02-20,2026-04-15,27,26,2,565,434,73,23.54,130.18,0,4,68,14,18.89,38.02,2.1,1,6,9,1,9.0,9.0,6.0,1/9,0,0,33.33,9,0,352,264,133.33,0,,0,212,165,128.48,6,9.0,1,1,5,20.0,0,,0
a63dfe8a,1259996,JJG Sales,JJG Sales,Northamptonshire,2022-05-26,2026-07-18,23,13,7,64,61,11*,10.67,104.92,0,0,3,2,8.2,37.7,9.2,21,387,568,26,21.85,8.81,14.88,5/21,0,1,35.4,6,0,0,0,,90,8.67,7,21,18,116.67,222,8.05,13,43,43,100.0,75,11.2,6
39f82db3,5583,DJ Harris,DJ Harris,Melbourne Renegades,2011-12-18,2014-01-22,25,24,2,462,458,49,21.0,100.87,0,0,39,12,11.14,46.51,2.1,11,150,184,6,30.67,7.36,25.0,3/22,0,0,36.0,8,0,280,281,99.64,0,,0,139,148,93.92,138,7.13,6,43,29,148.28,12,10.0,0
3cf54e77,1329699,Khawaja Nafay,Khawaja Nafay,Quetta Gladiators,2023-01-20,2026-08-08,31,30,2,579,434,66,20.68,133.41,0,6,45,31,17.51,38.94,3.2,0,0,0,0,,,,,0,0,,13,0,220,168,130.95,0,,0,302,230,131.3,0,,0,57,36,158.33,0,,0
ee95065d,1199426,Irfan Khan,Irfan Khan,Karachi Kings,2023-02-16,2026-05-03,40,35,13,577,434,48*,26.23,132.95,0,0,41,27,15.67,31.8,6.1,0,0,0,0,,,,,0,0,,24,0,2,4,50.0,0,,0,330,267,123.6,0,,0,245,163,150.31,0,,0
0085a7ce,1193544,JFA Field,JFA Field,Central Districts,2020-12-27,2026-01-26,27,10,4,35,32,9,5.83,109.38,0,0,4,0,12.5,37.5,8.5,27,451,712,27,26.37,9.47,16.7,3/25,0,0,33.04,19,0,0,0,,162,9.41,10,0,1,0.0,240,9.2,11,35,31,112.9,49,11.02,6
5e3054d0,1089962,PG Dooley,PG Dooley,Hobart Hurricanes,2022-01-08,2025-12-15,21,12,8,54,66,19,13.5,81.82,0,0,6,1,10.61,57.58,9.4,21,455,577,26,22.19,7.61,17.5,4/16,1,0,33.85,4,0,0,0,,180,6.9,6,0,3,0.0,234,7.67,14,54,63,85.71,41,10.39,6
22d73540,1402359,Jahandad Khan,Jahandad Khan,Lahore Qalandars,2024-02-17,2026-04-25,23,16,7,154,86,45*,17.11,179.07,0,0,11,11,25.58,29.07,6.8,23,416,651,21,31.0,9.39,19.81,3/18,0,0,34.86,5,0,0,0,,162,9.96,7,27,24,112.5,144,8.79,5,127,62,204.84,110,9.33,9
d2d15439,1241265,Aayan Afzal Khan,Aayan Afzal Khan,Gulf Giants,2023-01-15,2025-12-28,35,14,7,94,101,15,13.43,93.07,0,0,3,4,6.93,41.58,8.5,22,335,368,24,15.33,6.59,13.96,4/16,1,0,37.61,5,0,1,6,16.67,54,8.44,3,31,47,65.96,234,5.54,19,62,48,129.17,47,9.7,2
a3690f55,1460551,Khuzaima Tanveer,Khuzaima Tanveer,Desert Vipers,2025-01-25,2026-01-04,18,7,3,94,49,31*,23.5,191.84,0,0,7,6,26.53,28.57,8.6,18,366,477,24,19.88,7.82,15.25,4/10,2,0,38.25,3,0,0,0,,138,5.83,9,6,8,75.0,156,8.31,8,88,41,214.63,72,10.58,7
3a3e7d82,1150956,BW Aitchison,BW Aitchison,Derbyshire,2022-07-03,2026-07-01,20,10,1,52,46,25*,5.78,113.04,0,0,1,4,10.87,45.65,9.3,20,398,741,26,28.5,11.17,15.31,5/29,1,1,29.15,4,0,0,0,,198,10.09,7,11,7,157.14,54,9.78,1,41,39,105.13,146,13.15,18
fcf6b0f6,1209197,RR Simmonds,RR Simmonds,Barbados Royals,2022-09-01,2026-09-01,26,6,5,30,14,13*,30.0,214.29,0,0,3,2,35.71,28.57,10.8,26,515,773,27,28.63,9.01,19.07,3/17,0,0,29.9,4,0,0,0,,150,8.04,9,0,2,0.0,236,8.64,8,30,12,250.0,129,10.79,10
f9d99806,1079860,Tajinder Singh,Tajinder Singh,MI New York,2023-07-14,2026-08-14,38,31,4,529,353,95,19.59,149.86,0,3,50,25,21.25,33.71,5.5,13,138,191,2,95.5,8.3,69.0,1/7,0,0,33.33,14,0,71,62,114.52,18,8.33,0,259,179,144.69,114,8.32,1,199,112,177.68,6,8.0,1
7068c81e,1129635,MJ Fisher,MJ Fisher,Northern Districts,2019-12-13,2026-01-18,34,11,10,26,44,8*,26.0,59.09,0,0,1,0,2.27,54.55,10.9,32,660,1002,27,37.11,9.11,24.44,3/19,0,0,37.27,12,0,0,0,,294,7.94,14,2,7,28.57,282,9.0,9,24,37,64.86,84,13.57,4
84d9c311,1131978,Ashutosh Sharma,Ashutosh Sharma,Delhi Capitals,2024-04-04,2026-05-24,32,26,7,564,334,66*,29.68,168.86,0,2,39,40,23.65,32.34,7.1,0,0,0,0,,,,,0,0,,6,0,0,0,,0,,0,147,117,125.64,0,,0,417,217,192.17,0,,0
1252f71a,659081,MRJ Watt,MRJ Watt,Derbyshire,2018-08-03,2024-02-11,38,13,3,83,86,17*,8.3,96.51,0,0,6,3,10.47,46.51,9.2,38,805,1173,24,48.88,8.74,33.54,4/19,1,0,28.7,6,0,0,0,,270,9.36,8,17,27,62.96,415,7.82,12,66,59,111.86,120,10.55,4
5b040b81,26789,A Singh,A Singh,Rajasthan Royals,2009-05-05,2012-05-01,23,5,1,2,10,1*,0.5,20.0,0,0,0,0,0.0,80.0,9.6,23,473,620,28,22.14,7.86,16.89,4/19,1,0,39.96,1,0,0,0,,264,6.7,11,0,2,0.0,48,7.12,1,2,8,25.0,161,9.99,16
0095ce38,7887,CJ Simmons,CJ Simmons,Adelaide Strikers,2014-01-03,2015-12-31,20,20,0,501,351,112,25.05,142.74,2,0,43,30,20.8,45.87,1.4,6,84,88,3,29.33,6.29,28.0,2/26,0,0,39.29,4,0,275,232,118.53,48,7.25,0,170,100,170.0,30,5.0,3,56,19,294.74,6,5.0,0
f59b3bd1,533561,Waqas Maqsood,Waqas Maqsood,Islamabad United,2019-02-14,2022-02-25,20,5,1,21,25,12,5.25,84.0,0,0,2,1,12.0,64.0,9.6,20,421,605,27,22.41,8.62,15.59,4/35,1,0,31.12,4,0,0,0,,168,7.64,7,0,0,,102,7.82,6,21,25,84.0,151,10.25,14
fc55ec67,526441,MR Adair,MR Adair,Gulf Giants,2016-05-27,2025-12-28,25,14,4,101,92,20*,10.1,109.78,0,0,9,2,11.96,39.13,7.9,24,473,591,23,25.7,7.5,20.57,2/12,0,0,39.96,11,0,0,0,,276,6.57,11,10,18,55.56,126,7.48,5,91,74,122.97,71,11.15,7
ab21795b,1065115,BAD Manenti,BAD Manenti,Sydney Sixers,2018-12-29,2026-01-25,42,19,6,120,127,23,9.23,94.49,0,0,4,3,5.51,38.58,8.3,37,597,728,22,33.09,7.32,27.14,2/13,0,0,30.49,8,0,0,0,,204,7.65,4,55,67,82.09,363,6.94,16,65,60,108.33,30,9.6,2
7d7233a9,737377,AW Gorvin,AW Gorvin,Glamorgan,2023-06-20,2026-07-12,26,13,7,100,94,14*,16.67,106.38,0,0,5,2,7.45,34.04,9.2,24,463,670,23,29.13,8.68,20.13,4/17,1,0,22.03,11,0,0,0,,6,6.0,0,43,42,102.38,342,8.47,18,57,52,109.62,115,9.44,5
9868bc75,49700,BMAJ Mendis,BMAJ Mendis,Barbados Tridents,2012-12-08,2020-01-07,31,26,0,279,274,57,10.73,101.82,0,1,19,11,10.95,46.35,4.5,19,282,315,14,22.5,6.7,20.14,3/33,0,0,38.3,8,0,114,107,106.54,6,5.0,0,92,116,79.31,228,6.42,13,73,51,143.14,48,8.25,1
4a491652,269332,Muktar Ali,Muktar Ali,Rangpur Riders,2012-02-18,2023-02-03,44,22,10,237,231,41*,19.75,102.6,0,0,14,11,10.82,46.32,7.5,34,495,756,16,47.25,9.16,30.94,3/25,0,0,26.06,15,0,6,5,120.0,30,11.8,1,78,103,75.73,366,8.64,12,153,123,124.39,99,10.3,3
eab74985,894103,Aaron Beard,AP Beard,Essex,2019-08-02,2024-07-07,29,10,7,56,46,13,18.67,121.74,0,0,3,2,10.87,30.43,9.7,28,438,693,25,27.72,9.49,17.52,4/29,1,0,36.3,6,0,0,0,,252,8.88,14,13,6,216.67,126,8.95,6,43,40,107.5,60,13.2,5
4312e0fd,779929,NR Hobson,NR Hobson,Perth Scorchers,2019-01-24,2026-01-15,46,35,11,554,417,48*,23.08,132.85,0,0,44,22,15.83,34.77,5.7,0,0,0,0,,,,,0,0,,24,0,64,71,90.14,0,,0,245,198,123.74,0,,0,245,148,165.54,0,,0
97290faf,1356971,S Joseph,S Joseph,Guyana Amazon Warriors,2023-09-17,2026-09-11,25,6,4,13,16,6*,6.5,81.25,0,0,1,1,12.5,68.75,9.5,25,489,697,27,25.81,8.55,18.11,3/9,0,0,38.65,5,0,0,0,,120,9.85,3,5,6,83.33,234,8.51,8,8,10,80.0,135,7.47,16
16dfcc19,43524,Umar Gul,Umar Gul,Quetta Gladiators,2008-05-01,2018-03-13,16,8,1,51,31,24,7.29,164.52,0,0,1,6,22.58,41.94,9.2,15,333,447,25,17.88,8.05,13.32,6/24,1,1,39.04,1,0,0,0,,78,6.62,4,0,2,0.0,156,6.69,11,51,29,175.86,99,11.33,10
fbfea9c2,605681,E Jones,Evan Jones,Paarl Royals,2023-01-13,2026-01-17,27,19,8,170,139,43,15.45,122.3,0,0,12,7,13.67,38.13,6.7,16,290,455,19,23.95,9.41,15.26,4/32,1,0,32.07,11,0,0,0,,54,8.11,4,63,58,108.62,168,9.61,9,107,81,132.1,68,9.97,6
c1a89821,572198,NRT Gubbins,NRT Gubbins,Middlesex,2015-06-14,2024-06-09,42,39,0,530,457,53,13.59,115.97,0,1,54,15,15.1,41.36,2.9,2,30,30,1,30.0,6.0,30.0,1/22,0,0,33.33,15,0,329,264,124.62,0,,0,186,180,103.33,18,5.33,1,15,13,115.38,12,7.0,0
f1ba9ed7,212739,JAR Harris,JAR Harris,Middlesex,2014-05-17,2022-06-10,32,14,6,68,78,18,8.5,87.18,0,0,6,0,7.69,44.87,8.4,31,566,929,24,38.71,9.85,23.58,3/32,0,0,30.92,5,0,2,2,100.0,288,9.19,10,5,14,35.71,114,8.89,5,61,62,98.39,164,11.67,9
da934ee8,853265,MK Lomror,MK Lomror,Royal Challengers Bangalore,2018-04-29,2024-05-22,40,35,6,527,373,54*,18.17,141.29,0,1,33,30,16.89,32.17,5.4,11,90,127,1,127.0,8.47,90.0,1/22,0,0,24.44,10,0,31,38,81.58,12,5.5,1,266,193,137.82,78,8.92,0,230,142,161.97,0,,0
5d99a16a,559061,BJ Horne,BJ Horne,Auckland,2017-12-13,2023-02-05,39,37,6,507,379,63,16.35,133.77,0,2,39,24,16.62,37.47,6.1,1,24,46,2,23.0,11.5,12.0,2/46,0,0,20.83,29,6,24,26,92.31,12,11.5,0,192,186,103.23,6,6.0,0,291,167,174.25,6,17.0,2
025a092b,360320,RH Patel,RH Patel,Middlesex,2014-05-17,2018-08-12,29,5,3,25,27,12,12.5,92.59,0,0,2,0,7.41,37.04,10.6,29,630,816,26,31.38,7.77,24.23,3/36,0,0,27.78,7,0,0,0,,42,10.0,1,0,0,,546,7.65,23,25,27,92.59,42,7.14,2
d1988788,307808,Rohan Mustafa,Rohan Mustafa,Desert Vipers,2023-01-15,2025-02-07,34,30,6,403,335,50,16.79,120.3,0,1,51,12,18.81,50.45,3.3,17,180,225,7,32.14,7.5,25.71,2/12,0,0,29.44,11,0,269,212,126.89,6,7.0,0,106,89,119.1,162,7.52,6,28,34,82.35,12,7.5,1
45966141,403666,GA Edwards,GA Edwards,Lancashire,2014-07-25,2016-07-15,18,2,2,3,5,2*,,60.0,0,0,0,0,0.0,40.0,10.0,17,344,509,27,18.85,8.88,12.74,4/20,1,0,32.56,3,0,0,0,,144,9.08,6,0,0,,88,8.59,6,3,5,60.0,112,8.84,15
40c041ea,568276,Imam-ul-Haq,Imam-ul-Haq,Peshawar Zalmi,2019-02-17,2021-06-21,22,22,0,542,436,59,24.64,124.31,0,5,50,13,14.45,30.96,1.9,0,0,0,0,,,,,0,0,,8,0,258,206,125.24,0,,0,249,208,119.71,0,,0,35,22,159.09,0,,0
4557dc54,348109,PA van Meekeren,PA van Meekeren,St Kitts and Nevis Patriots,2016-07-15,2024-01-20,33,16,8,62,70,16*,7.75,88.57,0,0,5,2,10.0,50.0,9.9,33,616,949,24,39.54,9.24,25.67,3/32,0,0,34.25,9,0,0,1,0.0,312,9.85,8,14,22,63.64,174,8.28,7,48,47,102.13,130,9.09,9
793977d8,517247,JA Tattersall,JA Tattersall,Yorkshire,2018-07-05,2026-06-07,54,36,10,542,440,53*,20.85,123.18,0,1,45,6,11.59,28.18,5.5,0,0,0,0,,,,,0,0,,36,4,89,79,112.66,0,,0,217,208,104.33,0,,0,236,153,154.25,0,,0
1e1a8922,1193549,KDC Clarke,KDC Clarke,Northern Districts,2022-12-23,2026-01-31,22,12,5,61,54,14*,8.71,112.96,0,0,4,2,11.11,40.74,8.2,22,453,694,24,28.92,9.19,18.88,3/32,0,0,34.44,2,0,0,0,,186,7.9,10,12,17,70.59,114,7.79,2,49,37,132.43,153,11.8,12
4b31f3a3,1070196,Yash Thakur,Yash Thakur,Lucknow Super Giants,2023-04-03,2026-05-11,22,0,0,0,0,0,,,0,0,0,0,,,,22,467,825,27,30.56,10.6,17.3,5/30,1,1,31.26,2,0,0,0,,120,10.25,8,0,0,,160,9.56,5,0,0,,187,11.71,14
9440ef41,1350792,Suyash Sharma,Suyash Sharma,Royal Challengers Bengaluru,2023-04-06,2026-05-22,39,0,0,0,0,0,,,0,0,0,0,,,,39,803,1190,27,44.07,8.89,29.74,3/17,0,0,31.01,2,0,0,0,,18,7.33,3,0,0,,690,8.89,20,0,0,,95,9.22,4
c290033d,1283740,Ihsanullah,Ihsanullah (2),Multan Sultans,2022-01-27,2026-04-11,18,3,1,0,8,0*,0.0,0.0,0,0,0,0,0.0,100.0,11.0,18,372,493,27,18.26,7.95,13.78,5/12,0,1,43.28,0,0,0,0,,108,6.72,9,0,0,,146,7.07,8,0,8,0.0,118,10.17,10
344c6d55,1145101,JJ Carson,JJ Carson,Sussex,2024-05-31,2026-07-12,25,15,5,140,122,26,14.0,114.75,0,0,5,8,10.66,37.7,7.7,23,281,458,20,22.9,9.78,14.05,3/43,0,0,24.56,7,0,0,0,,18,9.33,2,50,52,96.15,226,10.04,14,90,70,128.57,37,8.43,4
492ff0c2,1276980,R Mondol,R Mondol,Rajshahi Warriors,2023-02-08,2026-08-01,19,9,2,39,33,10,5.57,118.18,0,0,5,1,18.18,45.45,9.7,19,405,622,25,24.88,9.21,16.2,4/13,2,0,36.79,4,0,0,0,,126,7.38,7,5,4,125.0,150,8.88,2,34,29,117.24,129,11.4,16
2a72fd4f,391128,Harmeet Singh,Harmeet Singh,Deccan Chargers,2009-04-19,2013-05-11,27,6,2,18,12,14,4.5,150.0,0,0,3,0,25.0,41.67,9.8,27,525,697,26,26.81,7.97,20.19,3/24,0,0,36.0,5,0,0,0,,84,8.86,6,0,0,,312,7.67,10,18,12,150.0,129,8.09,10
54e52590,777815,Vijaykumar Vyshak,Vijaykumar Vyshak,Punjab Kings,2023-04-15,2026-05-23,26,6,4,16,16,13*,8.0,100.0,0,0,0,1,6.25,37.5,9.5,25,519,906,26,34.85,10.47,19.96,3/20,0,0,27.36,6,0,0,0,,78,11.31,2,0,0,,318,9.53,13,16,16,100.0,123,12.39,11
c78a879c,1046777,RI Walker,RI Walker,Leicestershire,2019-08-24,2025-06-14,20,11,4,54,56,19*,7.71,96.43,0,0,3,2,8.93,42.86,9.8,20,373,580,24,24.17,9.33,15.54,3/15,0,0,31.37,6,0,0,0,,132,10.55,8,6,14,42.86,156,7.69,6,48,42,114.29,85,10.45,10
58431ca0,721041,MADI Hemantha,MADI Hemantha,Kandy Royals,2022-12-11,2026-07-30,22,11,3,72,59,17,9.0,122.03,0,0,3,5,13.56,38.98,8.5,19,334,409,23,17.78,7.35,14.52,3/14,0,0,34.13,7,0,0,0,,0,,0,7,11,63.64,312,7.54,21,65,48,135.42,22,4.64,2
502b2c81,5017,XJ Doherty,XJ Doherty,Hobart Hurricanes,2011-12-18,2017-01-12,29,7,4,31,31,10*,10.33,100.0,0,0,1,0,3.23,32.26,10.0,29,606,781,25,31.24,7.73,24.24,4/17,1,0,31.35,7,0,0,0,,186,7.71,5,0,2,0.0,348,7.93,11,31,29,106.9,72,6.83,9
3be224b0,922947,Sameen Gul,Sameen Gul,Peshawar Zalmi,2018-03-01,2023-03-04,23,4,4,10,17,7*,,58.82,0,0,1,0,5.88,64.71,10.8,23,492,711,26,27.35,8.67,18.92,3/29,0,0,39.23,4,0,0,0,,276,8.11,11,0,0,,156,8.96,8,10,17,58.82,60,10.5,7
0a2184d9,792519,D Lakshan,D Lakshan,Galle Gladiators,2020-11-28,2026-07-21,19,15,4,150,132,31*,13.64,113.64,0,0,14,3,12.88,39.39,6.7,15,258,395,19,20.79,9.19,13.58,3/36,0,0,34.5,9,0,1,4,25.0,90,8.13,5,50,56,89.29,84,9.21,4,99,72,137.5,84,10.29,10
c18496e1,35928,Bipul Sharma,Bipul Sharma,Sunrisers Hyderabad,2010-03-16,2017-05-17,33,17,9,187,123,35*,23.38,152.03,0,0,11,9,16.26,26.83,7.5,28,426,572,17,33.65,8.06,25.06,2/13,0,0,30.75,7,0,0,0,,74,6.16,5,15,14,107.14,318,7.77,11,172,109,157.8,34,14.82,1
2f28dc94,49619,RAS Lakmal,RAS Lakmal,Jaffna Kings,2020-12-01,2022-12-23,24,11,4,67,68,17*,9.57,98.53,0,0,7,1,11.76,42.65,9.2,24,422,584,23,25.39,8.3,18.35,3/23,0,0,38.15,8,0,0,0,,252,8.4,13,21,31,67.74,86,7.95,5,46,37,124.32,84,8.36,5
c374f37f,297635,JWA Taylor,JWA Taylor,Nottinghamshire,2014-05-16,2015-07-17,25,23,7,525,426,52*,32.81,123.24,0,1,46,10,13.15,30.05,4.7,0,0,0,0,,,,,0,0,,12,0,78,55,141.82,0,,0,241,238,101.26,0,,0,206,133,154.89,0,,0
33ad0ad9,1030549,ATE Hazeldine,ATE Hazeldine,Otago,2017-12-17,2026-01-06,27,15,4,65,60,12*,5.91,108.33,0,0,3,3,10.0,45.0,9.1,26,486,690,23,30.0,8.52,21.13,3/20,0,0,41.15,5,0,0,0,,303,8.22,19,7,12,58.33,150,8.6,2,58,48,120.83,33,10.91,2
364ee2cf,51248,SJ Benn,SJ Benn,Trinidad & Tobago Red Steel,2013-02-13,2016-07-18,35,9,4,20,35,8*,4.0,57.14,0,0,2,0,5.71,62.86,10.2,35,679,810,25,32.4,7.16,27.16,3/27,0,0,40.5,10,0,0,0,,132,8.05,6,7,10,70.0,499,6.76,16,13,25,52.0,48,8.88,3
c42aaf71,31001,M Manhas,M Manhas,Pune Warriors,2008-04-19,2014-05-24,55,38,15,514,470,42*,22.35,109.36,0,0,43,10,11.28,38.51,5.8,3,42,42,0,,6.0,,0/9,0,0,35.71,20,0,46,53,86.79,0,,0,224,232,96.55,36,5.67,0,244,185,131.89,6,8.0,0
bab08c8b,764311,NJ Selman,NJ Selman,Glamorgan,2016-07-29,2021-06-24,23,20,0,514,398,78,25.7,129.15,0,3,53,13,16.58,33.67,2.1,0,0,0,0,,,,,0,0,,9,0,366,257,142.41,0,,0,123,121,101.65,0,,0,25,20,125.0,0,,0
95fd757d,882319,HJ Swindells,HJ Swindells,Leicestershire,2018-08-03,2024-06-16,35,30,4,514,454,63,19.77,113.22,0,3,45,6,11.23,32.16,3.7,0,0,0,0,,,,,0,0,,15,3,184,178,103.37,0,,0,226,191,118.32,0,,0,104,85,122.35,0,,0
479f9b04,326639,S Milenko,S Milenko,Hobart Hurricanes,2014-12-21,2020-12-30,42,33,11,333,276,66*,15.14,120.65,0,1,24,13,13.41,39.86,5.4,12,123,207,9,23.0,10.1,13.67,3/25,0,0,26.83,13,0,31,42,73.81,36,11.67,3,113,105,107.62,56,10.07,4,189,129,146.51,31,8.32,2
a73321d3,21431,A Shahzad,A Shahzad,Nottinghamshire,2014-05-16,2016-07-15,21,6,2,32,42,11*,8.0,76.19,0,0,0,1,2.38,45.24,8.8,21,444,579,24,24.12,7.82,18.5,3/26,0,0,35.14,1,0,0,0,,222,7.73,10,0,0,,114,7.53,7,32,42,76.19,108,8.33,7
4f034a50,866505,FIN Khushi,FIN Khushi,Essex,2020-09-20,2024-07-12,25,25,1,509,396,67,21.21,128.54,0,4,44,18,15.66,37.37,2.5,0,0,0,0,,,,,0,0,,3,0,272,215,126.51,0,,0,200,158,126.58,0,,0,37,23,160.87,0,,0
765a4731,1125688,Mukesh Choudhary,Mukesh Choudhary,Chennai Super Kings,2022-03-31,2026-05-21,24,3,2,8,8,4,8.0,100.0,0,0,1,0,12.5,50.0,10.7,24,483,771,25,30.84,9.58,19.32,4/46,1,0,40.99,6,0,0,0,,330,9.02,17,6,6,100.0,72,8.83,4,2,2,100.0,81,12.52,4
74c6c6e0,696145,NR Welch,NR Welch,Leicestershire,2020-09-13,2023-07-02,24,24,1,508,392,46,22.09,129.59,0,0,48,24,18.37,42.09,1.7,0,0,0,0,,,,,0,0,,6,0,383,283,135.34,0,,0,125,109,114.68,0,,0,0,0,,0,,0
12314277,1244751,Arshad Khan,Arshad Khan (2),Gujarat Titans,2023-04-02,2026-05-31,27,14,7,147,99,58*,21.0,148.48,0,1,7,11,18.18,37.37,7.7,25,376,693,18,38.5,11.06,20.89,3/22,0,0,36.44,9,0,0,0,,186,10.39,7,54,36,150.0,96,10.38,5,93,63,147.62,94,13.09,6
db31895a,591650,AS Rajpoot,AS Rajpoot,Kings XI Punjab,2013-04-06,2020-10-25,29,7,2,26,41,8,5.2,63.41,0,0,2,1,7.32,65.85,10.6,29,529,814,24,33.92,9.23,22.04,5/14,0,1,36.29,4,0,0,0,,270,8.89,9,1,5,20.0,157,8.18,6,25,36,69.44,102,11.76,9
99ed60f8,230554,JPR Scantlebury-Searles,JPR Scantlebury-Searles,Trinbago Knight Riders,2014-07-26,2019-10-10,46,29,10,186,173,29,9.79,107.51,0,0,16,9,14.45,49.71,7.0,22,294,508,16,31.75,10.37,18.38,3/27,0,0,32.65,30,0,13,21,61.9,102,8.47,4,23,48,47.92,120,10.8,6,150,104,144.23,72,12.33,6
afe7d695,1193539,JM Tashkoff,JM Tashkoff,Wellington,2023-12-21,2026-01-23,23,22,3,426,310,83,22.42,137.42,0,2,28,17,14.52,29.03,4.8,10,144,227,4,56.75,9.46,36.0,2/44,0,0,21.53,8,0,40,40,100.0,18,9.0,0,274,190,144.21,108,8.33,4,112,80,140.0,18,16.67,0
ad427b5c,930189,Lalit Yadav,Lalit Yadav,Delhi Capitals,2021-04-15,2024-04-20,27,21,5,305,290,48*,19.06,105.17,0,0,27,7,11.72,40.69,6.0,19,288,425,10,42.5,8.85,28.8,2/11,0,0,28.47,16,0,25,32,78.12,96,9.56,2,186,178,104.49,168,8.07,7,94,80,117.5,24,11.5,1
ed031922,1130463,Arshad Iqbal,Arshad Iqbal,Karachi Kings,2020-02-21,2023-03-10,24,4,3,5,11,2*,5.0,45.45,0,0,0,0,0.0,54.55,10.5,24,500,769,25,30.76,9.23,20.0,3/16,0,0,32.2,1,0,0,0,,138,8.52,5,0,0,,269,8.63,14,5,11,45.45,93,12.0,6
eca6dcb2,629065,Nihaduzzaman,Nihaduzzaman,Chattogram Challengers,2017-11-04,2025-01-23,30,12,4,45,90,10,5.62,50.0,0,0,3,0,3.33,61.11,8.9,30,588,718,23,31.22,7.33,25.57,4/17,1,0,33.33,12,0,0,0,,71,5.66,1,13,27,48.15,473,7.34,19,32,63,50.79,44,9.82,3
96ce6752,1331512,Mirza Baig,Mirza Tahir Baig,Lahore Qalandars,2023-02-13,2026-01-23,18,16,0,444,387,80,27.75,114.73,0,2,45,13,14.99,41.86,1.4,5,52,66,3,22.0,7.62,17.33,2/24,0,0,40.38,4,0,260,221,117.65,4,7.5,2,163,148,110.14,42,6.86,0,21,18,116.67,6,13.0,1
d76b0d2d,52997,S Shillingford,S Shillingford,St Lucia Zouks,2013-07-30,2017-08-31,30,13,5,44,40,16*,5.5,110.0,0,0,2,3,12.5,47.5,8.8,26,546,659,23,28.65,7.24,23.74,4/22,1,0,39.93,5,0,0,0,,102,6.18,7,1,5,20.0,366,6.67,12,43,35,122.86,78,11.31,4
c163432a,21447,TC Smith,TC Smith,Lancashire,2014-05-16,2016-07-29,17,17,1,363,273,74,22.69,132.97,0,3,43,9,19.05,40.66,1.3,11,149,207,7,29.57,8.34,21.29,2/28,0,0,31.54,7,0,271,191,141.88,77,8.18,1,65,55,118.18,60,7.1,4,27,27,100.0,12,15.5,2
732f711b,1243738,MJ Hay,MJ Hay,Canterbury,2021-12-10,2026-01-31,42,31,6,502,340,73*,20.08,147.65,0,2,28,26,15.88,29.71,5.5,0,0,0,0,,,,,0,0,,26,2,17,16,106.25,0,,0,256,196,130.61,0,,0,229,128,178.91,0,,0
45f56920,1137279,JD Cook,JD Cook,Sydney Thunder,2018-12-24,2021-01-13,24,6,4,21,22,12*,10.5,95.45,0,0,1,0,4.55,40.91,9.5,24,474,600,24,25.0,7.59,19.75,4/21,1,0,34.18,6,0,0,0,,210,7.46,9,5,3,166.67,216,7.42,12,16,19,84.21,48,9.0,3
8af86756,259517,BC Brown,BC Brown,Sussex,2014-05-17,2020-09-14,44,35,4,501,413,49,16.16,121.31,0,0,42,10,12.59,31.23,5.1,0,0,0,0,,,,,0,0,,26,2,79,67,117.91,0,,0,314,260,120.77,0,,0,108,86,125.58,0,,0
bd920a2c,816627,M Wright,M Wright,Hobart Hurricanes,2019-12-22,2026-01-09,22,21,3,500,408,70*,27.78,122.55,0,4,36,20,13.73,37.99,4.1,0,0,0,0,,,,,0,0,,12,0,118,109,108.26,0,,0,283,220,128.64,0,,0,99,79,125.32,0,,0
9b8a3c39,1072472,Muhammad Musa,Muhammad Musa,Islamabad United,2019-02-22,2023-03-06,22,8,6,59,51,26*,29.5,115.69,0,0,6,3,17.65,54.9,10.0,20,400,642,22,29.18,9.63,18.18,3/18,0,0,37.0,4,0,0,0,,198,9.45,10,0,6,0.0,124,9.05,5,59,45,131.11,78,11.0,7
22176fe7,353899,MJ Richardson,MJ Richardson,Durham,2014-05-29,2017-08-18,35,30,7,499,430,53,21.7,116.05,0,1,38,9,10.93,36.28,4.5,0,0,0,0,,,,,0,0,,19,0,89,105,84.76,0,,0,268,230,116.52,0,,0,142,95,149.47,0,,0
b58b7db6,422965,GSNFG Jayasuriya,GSNFG Jayasuriya,Seattle Orcas,2013-02-19,2026-07-11,26,22,3,417,401,60*,21.95,103.99,0,2,39,11,12.47,44.14,4.3,10,109,166,4,41.5,9.14,27.25,1/0,0,0,25.69,14,0,140,155,90.32,30,10.0,2,201,191,105.24,54,7.56,0,76,55,138.18,25,11.52,2
43205dad,514398,HW Podmore,HW Podmore,Middlesex,2014-06-20,2023-05-31,24,10,3,37,64,9,5.29,57.81,0,0,0,0,0.0,46.88,9.4,24,433,665,23,28.91,9.21,18.83,3/13,0,0,34.18,9,0,0,0,,240,10.25,5,3,4,75.0,72,7.25,6,34,60,56.67,121,8.33,12
267be846,1163488,Rejaur Rahman,Rejaur Rahman,Sylhet Strikers,2022-01-24,2026-01-07,23,10,6,35,42,12,8.75,83.33,0,0,1,1,4.76,40.48,9.3,23,455,690,23,30.0,9.1,19.78,4/14,1,0,34.73,5,0,0,0,,114,8.26,1,5,8,62.5,199,9.8,9,30,34,88.24,142,8.79,13
ba603555,1074333,MNK Fernando,MNK Fernando,Galle Gladiators,2021-12-06,2026-07-17,27,25,2,495,421,63*,21.52,117.58,0,3,39,20,14.01,43.47,4.4,3,18,25,0,,8.33,,0/5,0,0,22.22,18,0,128,107,119.63,0,,0,239,232,103.02,12,6.0,0,128,82,156.1,6,13.0,0
1f572ee8,13981,DA Griffiths,DA Griffiths,Kent,2014-05-23,2016-07-29,22,6,3,34,30,18*,11.33,113.33,0,0,1,2,10.0,40.0,10.8,22,436,684,23,29.74,9.41,18.96,4/22,1,0,28.44,5,0,0,0,,156,9.27,5,0,0,,90,8.73,4,34,30,113.33,190,9.85,14
21d4e29b,700167,Navdeep Saini,NA Saini,Royal Challengers Bangalore,2019-03-23,2026-04-09,34,7,3,33,37,12*,8.25,89.19,0,0,3,0,8.11,43.24,8.6,33,676,1011,23,43.96,8.97,29.39,3/40,0,0,40.98,8,0,0,1,0.0,282,8.55,8,5,9,55.56,210,8.86,4,28,27,103.7,184,9.75,11
d3b84c59,388794,MA Pollard,MA Pollard,Wellington,2013-01-20,2020-01-19,26,25,2,493,394,70,21.43,125.13,0,3,39,23,15.74,41.37,2.4,0,0,0,0,,,,,0,0,,10,0,328,260,126.15,0,,0,144,115,125.22,0,,0,21,19,110.53,0,,0
00b195ae,1260230,TH Aspinwall,TH Aspinwall,Lancashire,2024-05-30,2026-07-03,21,11,6,32,33,14*,6.4,96.97,0,0,2,1,9.09,45.45,9.6,21,362,544,23,23.65,9.02,15.74,4/18,1,0,32.04,3,0,0,0,,114,9.84,5,6,6,100.0,120,8.45,9,26,27,96.3,128,8.81,9
660538af,1144683,EO Leonard,EO Leonard,Glamorgan,2025-06-12,2026-06-04,14,7,4,12,21,7*,4.0,57.14,0,0,0,0,0.0,52.38,10.0,14,300,419,24,17.46,8.38,12.5,5/25,1,1,34.67,3,0,0,0,,126,8.62,10,0,2,0.0,102,8.53,8,12,19,63.16,72,7.75,6
ac3c3cab,906053,TAR Scriven,TAR Scriven,Leicestershire,2018-08-17,2026-06-05,23,12,1,110,107,23,10.0,102.8,0,0,8,3,10.28,42.99,8.1,19,348,487,19,25.63,8.4,18.32,4/21,1,0,29.6,6,0,0,0,,18,13.0,1,70,68,102.94,258,7.37,10,40,39,102.56,72,10.92,8
5f317fd4,977451,JA Prestwidge,JA Prestwidge,Melbourne Renegades,2019-01-17,2023-01-22,24,14,4,149,124,33,14.9,120.16,0,0,11,8,15.32,45.16,6.9,23,356,494,17,29.06,8.33,20.94,2/15,0,0,34.55,6,0,1,2,50.0,35,10.63,2,87,75,116.0,210,7.17,5,61,47,129.79,111,9.78,10
5cdf8304,1295851,JA Davies,JA Davies,Sydney Sixers,2023-01-04,2026-01-25,23,14,3,189,121,35*,17.18,156.2,0,0,19,8,22.31,28.93,6.7,17,270,314,15,20.93,6.98,18.0,3/24,0,0,26.67,12,0,0,0,,36,6.83,2,86,64,134.38,204,6.65,12,103,57,180.7,30,9.4,1
d29be810,7025,AW O'Brien,AW O'Brien,Melbourne Renegades,2011-12-18,2014-01-22,22,12,7,68,68,14*,13.6,100.0,0,0,3,2,7.35,44.12,8.5,22,468,566,21,26.95,7.26,22.29,3/15,0,0,32.91,9,0,0,0,,162,7.41,6,6,10,60.0,258,6.86,12,62,58,106.9,48,8.88,3
9489623e,385065,Asif Afridi,Asif Afridi,Lahore Qalandars,2022-02-16,2026-04-26,22,10,5,48,52,15*,9.6,92.31,0,0,5,2,13.46,55.77,9.2,21,411,511,22,23.23,7.46,18.68,3/19,0,0,40.63,3,0,0,0,,246,7.05,11,8,7,114.29,156,7.73,10,40,45,88.89,9,14.0,1
647a48da,328160,AJ Pienaar,AJ Pienaar,Washington Freedom,2023-07-14,2026-09-09,44,31,18,488,346,53,37.54,141.04,0,1,35,24,17.05,32.37,6.5,1,6,22,0,,22.0,,0/22,0,0,16.67,23,0,15,8,187.5,0,,0,107,110,97.27,6,22.0,0,366,228,160.53,0,,0
95a5e066,519070,MG Erasmus,MG Erasmus,Gulf Giants,2023-01-15,2025-12-12,26,25,4,428,388,52,20.38,110.31,0,2,35,11,11.86,39.18,4.5,10,126,146,3,48.67,6.95,42.0,1/1,0,0,37.3,14,0,54,68,79.41,30,9.4,1,296,266,111.28,90,5.73,2,78,54,144.44,6,13.0,0
88626ed2,820681,AA Jangoo,AA Jangoo,Jamaica Tallawahs,2020-09-02,2026-09-08,24,23,2,486,508,56,23.14,95.67,0,3,31,20,10.04,47.64,2.5,0,0,0,0,,,,,0,0,,16,5,219,234,93.59,0,,0,228,243,93.83,0,,0,39,31,125.81,0,,0
4b167ede,1275056,AWJ Auguste,AWJ Auguste,St Lucia Kings,2022-09-01,2026-08-19,30,26,3,485,360,73,21.09,134.72,0,3,42,22,17.78,38.89,3.5,0,0,0,0,,,,,0,0,,13,0,207,151,137.09,0,,0,248,190,130.53,0,,0,30,19,157.89,0,,0
a5c48ed1,1186658,C Wickramasinghe,C Wickramasinghe,Jaffna Kings,2022-12-17,2026-08-08,20,15,4,345,232,62*,31.36,148.71,0,2,26,18,18.97,32.76,6.5,10,106,188,7,26.86,10.64,15.14,2/1,0,0,31.13,10,0,9,8,112.5,30,7.4,2,139,119,116.81,54,11.56,1,197,105,187.62,22,12.82,4
903c1d37,19127,RM Pyrah,RM Pyrah,Yorkshire,2014-05-16,2015-07-24,21,12,4,83,78,16*,10.38,106.41,0,0,6,3,11.54,38.46,7.9,21,402,503,20,25.15,7.51,20.1,3/19,0,0,34.33,9,0,0,0,,84,7.5,4,20,26,76.92,264,7.0,11,63,52,121.15,54,10.0,5
a1ad8978,1193533,J McKenzie,J McKenzie,Auckland,2024-01-14,2025-01-29,13,9,4,142,114,35*,28.4,124.56,0,0,12,5,14.91,33.33,6.8,12,222,345,17,20.29,9.32,13.06,3/31,0,0,28.38,10,0,0,0,,18,9.33,0,56,52,107.69,144,8.88,7,86,62,138.71,60,10.4,10
d4550956,921509,Ibrahim Zadran,Ibrahim Zadran,Fortune Barishal,2023-01-10,2026-07-30,25,24,0,481,424,95,20.04,113.44,0,2,49,13,14.62,41.27,3.3,0,0,0,0,,,,,0,0,,14,0,156,162,96.3,0,,0,267,225,118.67,0,,0,58,37,156.76,0,,0
884f72a1,566805,TA Wood,TA Wood,Derbyshire,2017-08-03,2023-07-02,14,14,2,460,327,110*,38.33,140.67,1,2,52,10,18.96,28.75,3.1,4,36,56,1,56.0,9.33,36.0,1/17,0,0,27.78,7,0,156,121,128.93,0,,0,201,150,134.0,36,9.33,1,103,56,183.93,0,,0
66162077,1078693,J Bishop,J Bishop,Barbados Royals,2019-09-20,2026-09-09,24,14,8,99,81,18*,16.5,122.22,0,0,7,7,17.28,50.62,8.9,24,449,548,19,28.84,7.32,23.63,3/20,0,0,43.21,7,0,0,3,0.0,162,6.96,5,34,31,109.68,270,7.6,13,65,47,138.3,17,6.35,1
bab78fa2,1168667,J Da Silva,J Da Silva,St Kitts and Nevis Patriots,2020-08-18,2026-09-11,29,22,5,479,436,59,28.18,109.86,0,3,38,14,11.93,39.22,4.1,0,0,0,0,,,,,0,0,,9,3,134,136,98.53,0,,0,245,231,106.06,0,,0,100,69,144.93,0,,0
288dd46e,314743,Shykat Ali,Shykat Ali,Chattogram Challengers,2013-01-31,2025-12-27,27,26,0,419,360,63,16.12,116.39,0,2,40,20,16.67,49.44,3.1,8,104,152,3,50.67,8.77,34.67,1/23,0,0,20.19,7,0,236,226,104.42,0,,0,142,112,126.79,104,8.77,3,41,22,186.36,0,,0
8891669e,774217,CD Hinchliffe,CD Hinchliffe,Melbourne Stars,2019-02-01,2023-01-16,27,17,6,98,121,25*,8.91,80.99,0,0,5,1,4.96,42.15,7.3,26,360,483,19,25.42,8.05,18.95,3/19,0,0,26.67,9,0,2,6,33.33,66,6.55,3,29,41,70.73,258,8.51,14,67,74,90.54,36,7.5,2
56c205b7,232285,PJ Forrest,PJ Forrest,Brisbane Heat,2011-12-16,2015-12-26,24,24,4,478,458,62*,23.9,104.37,0,3,36,10,10.04,40.61,4.2,0,0,0,0,,,,,0,0,,12,0,160,164,97.56,0,,0,252,238,105.88,0,,0,66,56,117.86,0,,0
d2babdd5,55343,E Chigumbura,E Chigumbura,Sylhet Royals,2013-01-18,2016-02-14,16,13,7,217,138,43*,36.17,157.25,0,0,12,15,19.57,31.88,6.6,10,186,309,13,23.77,9.97,14.31,3/21,0,0,36.02,7,0,0,0,,48,6.12,3,47,42,111.9,84,9.21,3,170,96,177.08,54,14.56,7
58c2fac4,1078692,A Athanaze,A Athanaze,Barbados Royals,2023-08-26,2026-09-10,29,24,3,477,441,76,22.71,108.16,0,2,33,21,12.24,43.76,4.0,0,0,0,0,,,,,0,0,,11,0,115,119,96.64,0,,0,295,273,108.06,0,,0,67,49,136.73,0,,0
84212ffb,681681,J Liyanage,J Liyanage,Galle Marvels,2021-12-14,2026-08-07,25,23,3,457,323,56*,22.85,141.49,0,5,44,15,18.27,31.27,5.3,11,83,171,1,171.0,12.36,83.0,1/26,0,0,20.48,8,0,75,54,138.89,24,11.75,1,268,190,141.05,54,11.56,0,114,79,144.3,5,24.0,0
9e1b7792,596371,EJ Byrom,EJ Byrom,Glamorgan,2019-08-02,2024-06-16,37,33,2,475,333,54*,15.32,142.64,0,1,47,23,21.02,41.74,3.9,0,0,0,0,,,,,0,0,,11,0,156,120,130.0,0,,0,156,129,120.93,0,,0,163,84,194.05,0,,0
ac688e55,699723,G Roelofsen,G Roelofsen,Gloucestershire,2023-01-10,2023-07-02,23,21,0,473,377,56,22.52,125.46,0,3,44,16,15.92,41.11,2.2,0,0,0,0,,,,,0,0,,13,1,301,237,127.0,0,,0,170,137,124.09,0,,0,2,3,66.67,0,,0
84826f48,24289,NJ O'Brien,NJ O'Brien,Leicestershire,2012-02-19,2016-07-29,35,29,4,473,406,47*,18.92,116.5,0,0,40,9,12.07,37.19,4.1,0,0,0,0,,,,,0,0,,27,6,147,120,122.5,0,,0,200,200,100.0,0,,0,126,86,146.51,0,,0
bbbb7f1e,464110,JE Poysden,JE Poysden,Warwickshire,2014-07-25,2021-07-09,30,11,9,13,11,9*,6.5,118.18,0,0,1,0,9.09,27.27,10.5,29,550,721,23,31.35,7.87,23.91,4/51,1,0,26.91,7,0,0,0,,28,11.14,0,0,0,,474,7.8,20,13,11,118.18,48,6.62,3
cabf72cc,22280,MA Wallace,MA Wallace,Glamorgan,2014-05-16,2016-08-11,36,28,1,473,414,69*,17.52,114.25,0,1,47,7,13.04,38.41,3.3,0,0,0,0,,,,,0,0,,15,6,205,188,109.04,0,,0,249,210,118.57,0,,0,19,16,118.75,0,,0
4c895bc1,625962,KJ McClure,KJ McClure,Canterbury,2020-12-29,2023-12-30,27,27,1,473,338,68,18.19,139.94,0,1,55,18,21.6,42.6,1.8,0,0,0,0,,,,,0,0,,3,0,382,264,144.7,0,,0,91,74,122.97,0,,0,0,0,,0,,0
871e9faf,732291,Basil Thampi,Basil Thampi,Gujarat Lions,2017-04-09,2022-04-13,25,8,7,32,35,13*,32.0,91.43,0,0,1,1,5.71,40.0,9.4,25,521,846,22,38.45,9.74,23.68,3/29,0,0,29.17,5,0,0,0,,162,9.37,2,3,5,60.0,186,8.52,7,29,30,96.67,173,11.41,13
8d14b938,354165,RK Oliver,RK Oliver,Worcestershire,2014-05-16,2015-07-17,23,22,1,472,373,77,22.48,126.54,0,2,57,9,17.69,40.48,1.6,0,0,0,0,,,,,0,0,,6,0,292,221,132.13,0,,0,170,142,119.72,0,,0,10,10,100.0,0,,0
f3c150bb,280737,Saqlain Sajib,Saqlain Sajib,Chittagong Vikings,2012-02-11,2017-11-04,29,10,7,29,34,11,9.67,85.29,0,0,2,0,5.88,41.18,9.9,29,551,652,22,29.64,7.1,25.05,3/22,0,0,39.02,3,0,0,0,,84,8.0,2,1,2,50.0,425,6.75,17,28,32,87.5,42,8.86,3
4bd09374,1206039,Akash Madhwal,Akash Madhwal,Mumbai Indians,2023-05-03,2025-05-20,17,2,2,8,14,4*,,57.14,0,0,0,0,0.0,50.0,11.0,17,352,590,23,25.65,10.06,15.3,5/5,1,1,29.83,1,0,0,0,,78,8.08,5,2,5,40.0,138,10.0,9,6,9,66.67,136,11.25,9
9656afbf,1249564,Ahmed Daniyal,Ahmed Daniyal,Lahore Qalandars,2021-02-21,2026-04-05,21,9,5,67,56,24,16.75,119.64,0,0,6,3,16.07,46.43,9.1,20,428,646,20,32.3,9.06,21.4,3/17,0,0,34.11,5,0,0,0,,84,9.29,2,28,25,112.0,240,8.38,12,39,31,125.81,104,10.44,6
0ea1455a,713195,HJ Nielsen,HJ Nielsen,Adelaide Strikers,2018-02-02,2025-12-27,52,34,9,466,395,50,18.64,117.97,0,1,41,7,12.15,35.95,6.2,0,0,0,0,,,,,0,0,,32,3,42,41,102.44,0,,0,206,200,103.0,0,,0,218,154,141.56,0,,0
aceb7654,370040,JDF Vandersay,JDF Vandersay,Colombo Stars,2020-12-01,2024-07-15,17,10,3,24,34,7,3.43,70.59,0,0,2,0,5.88,50.0,9.8,17,354,431,22,19.59,7.31,16.09,6/25,0,1,40.68,6,0,0,0,,48,8.25,5,8,16,50.0,288,7.17,13,16,18,88.89,18,7.0,4
f7d267f7,1041679,NP Kenjige,NP Kenjige,MI New York,2023-07-16,2026-07-04,23,7,5,24,25,9*,12.0,96.0,0,0,3,0,12.0,40.0,9.6,22,396,508,22,23.09,7.7,18.0,3/21,0,0,39.9,5,0,0,0,,114,6.26,5,9,9,100.0,262,8.15,17,15,16,93.75,20,9.9,0
c8ad0749,300629,AK Perera,AK Perera,Kandy Warriors,2020-12-01,2024-07-16,23,22,4,463,350,74*,25.72,132.29,0,2,46,14,17.14,35.43,3.8,2,8,18,0,,13.5,,0/8,0,0,37.5,16,0,201,150,134.0,0,,0,198,161,122.98,6,8.0,0,64,39,164.1,2,30.0,0
8a58f203,1441684,R Ugarkar,R Ugarkar,MI New York,2024-07-21,2026-07-15,21,7,4,3,15,2*,1.0,20.0,0,0,0,0,0.0,80.0,10.1,21,429,641,23,27.87,8.97,18.65,3/19,0,0,28.9,4,0,0,0,,102,8.88,2,0,0,,198,8.03,7,3,15,20.0,129,10.47,14
770494eb,360456,DAS Gunaratne,DAS Gunaratne,Kandy Tuskers,2019-03-11,2023-08-17,17,15,4,242,196,52*,22.0,123.47,0,1,22,5,13.78,31.63,5.8,13,218,303,11,27.55,8.34,19.82,2/20,0,0,30.28,7,0,9,6,150.0,42,7.57,4,111,116,95.69,156,8.08,7,122,74,164.86,20,12.0,0
74d12124,510823,JP Greaves,JP Greaves,Barbados Tridents,2019-09-20,2026-09-11,24,19,2,422,376,61*,24.82,112.23,0,2,45,8,14.1,41.22,2.9,4,46,85,2,42.5,11.09,23.0,1/15,0,0,32.61,10,0,227,172,131.98,0,,0,144,148,97.3,30,9.2,2,51,56,91.07,16,14.62,0
8291f939,371150,AL Menaria,AL Menaria,Rajasthan Royals,2011-04-09,2013-04-06,29,23,2,401,356,40,19.1,112.64,0,0,24,18,11.8,39.61,4.7,12,110,144,3,48.0,7.85,36.67,2/20,0,0,36.36,5,0,8,8,100.0,48,6.88,1,296,268,110.45,42,5.86,2,97,80,121.25,20,14.4,0
1bf9a8ef,805925,Mohammad Irfan (4),Mohammad Irfan (4),Karachi Kings,2017-02-10,2019-02-20,20,9,4,21,21,16*,4.2,100.0,0,0,1,1,9.52,42.86,9.0,20,378,589,22,26.77,9.35,17.18,3/26,0,0,34.92,5,0,0,0,,138,8.48,7,0,2,0.0,114,8.0,6,21,19,110.53,126,11.52,9
04ef663a,530015,WG Bosisto,WG Bosisto,Perth Scorchers,2017-12-23,2025-02-01,21,21,9,400,336,75*,33.33,119.05,0,2,38,9,13.99,37.2,3.9,7,78,84,3,28.0,6.46,26.0,2/10,0,0,37.18,6,0,83,94,88.3,18,9.33,0,220,170,129.41,54,4.56,3,97,72,134.72,6,15.0,0
45a62071,1152714,T Hinds,T Hinds,Trinbago Knight Riders,2018-09-07,2026-09-02,22,11,4,59,44,14*,8.43,134.09,0,0,5,3,18.18,40.91,8.3,21,372,642,20,32.1,10.35,18.6,3/17,0,0,31.72,1,0,0,0,,56,12.54,1,1,3,33.33,174,8.34,10,58,41,141.46,142,11.96,9
2bb09eb2,55988,Mohammad Ashraful,Mohammad Ashraful,Dhaka Gladiators,2009-05-21,2019-02-01,21,19,1,398,377,103*,22.11,105.57,1,1,41,7,12.73,42.44,2.5,6,71,109,3,36.33,9.21,23.67,2/9,0,0,22.54,9,0,207,183,113.11,6,22.0,0,135,153,88.24,54,8.56,0,56,41,136.59,11,5.45,3
f4dfcbb4,267479,S van Zyl,S van Zyl,Sussex,2017-07-09,2020-01-10,21,19,2,416,304,68,24.47,136.84,0,2,34,15,16.12,33.88,2.9,3,36,75,2,37.5,12.5,18.0,2/14,0,0,16.67,6,0,194,149,130.2,0,,0,187,131,142.75,24,13.0,2,35,24,145.83,12,11.5,0
4f78497c,1193541,W Clark,W Clark,Central Districts,2023-01-14,2026-01-03,27,23,6,376,310,44*,22.12,121.29,0,0,32,8,12.9,33.23,5.6,4,48,78,4,19.5,9.75,12.0,2/31,0,0,18.75,5,0,18,24,75.0,0,,0,146,152,96.05,36,10.83,2,212,134,158.21,12,6.5,2
5ccdb14f,807545,C McKerr,C McKerr,Nottinghamshire,2021-06-15,2025-06-11,26,14,7,53,63,10,7.57,84.13,0,0,3,0,4.76,34.92,9.6,26,432,773,20,38.65,10.74,21.6,2/19,0,0,29.63,9,0,0,0,,213,10.28,11,0,0,,96,10.5,4,53,63,84.13,123,11.71,5
e35b7b91,1331515,Muhammad Naeem,Muhammad Naeem (2),Lahore Qalandars,2025-04-11,2026-04-25,19,19,0,432,266,65,22.74,162.41,0,4,39,30,25.94,42.86,1.9,1,18,15,1,15.0,5.0,18.0,1/15,0,0,38.89,7,0,346,209,165.55,0,,0,86,57,150.88,12,5.5,0,0,0,,6,4.0,1
ab6b1c45,540316,AL Phehlukwayo,AL Phehlukwayo,Paarl Royals,2023-01-24,2025-02-06,18,15,6,152,134,28*,16.89,113.43,0,0,13,7,14.93,46.27,6.6,14,258,388,15,25.87,9.02,17.2,3/29,0,0,27.13,4,0,2,5,40.0,12,9.5,0,61,69,88.41,180,8.57,8,89,60,148.33,66,10.18,7
4125d931,527663,J Suchith,J Suchith,Mumbai Indians,2015-04-12,2022-05-22,22,10,6,70,61,34*,17.5,114.75,0,0,6,3,14.75,47.54,7.8,21,420,602,19,31.68,8.6,22.11,2/12,0,0,33.33,10,0,0,0,,72,8.67,3,14,30,46.67,336,8.41,15,56,31,180.65,12,13.5,1
ac2e7ec0,1193685,T Murphy,T Murphy,Sydney Sixers,2021-12-26,2025-12-20,30,4,4,30,35,14*,,85.71,0,0,2,0,5.71,34.29,10.2,29,414,465,21,22.14,6.74,19.71,3/35,0,0,33.57,10,0,0,0,,138,5.96,6,4,8,50.0,228,7.53,14,26,27,96.3,48,5.25,1
e68dd455,12877,JS Foster,JS Foster,Essex,2014-05-17,2017-08-18,55,38,11,447,315,50,16.56,141.9,0,1,35,15,15.87,28.57,6.6,0,0,0,0,,,,,0,0,,24,6,2,3,66.67,0,,0,218,144,151.39,0,,0,227,168,135.12,0,,0
cdf59953,308294,SW Poynter,SW Poynter,Durham,2017-07-07,2020-08-31,40,29,14,447,343,61*,29.8,130.32,0,1,29,8,10.79,24.49,6.7,0,0,0,0,,,,,0,0,,21,8,6,10,60.0,0,,0,142,124,114.52,0,,0,299,209,143.06,0,,0
156d0ea2,1193310,SR Mukkamalla,SR Mukkamalla,Texas Super Kings,2025-06-13,2026-07-12,21,20,0,446,350,80,22.3,127.43,0,1,39,22,17.43,42.29,2.4,0,0,0,0,,,,,0,0,,7,1,242,182,132.97,0,,0,176,153,115.03,0,,0,28,15,186.67,0,,0
469ea22b,49535,KMDN Kulasekara,KMDN Kulasekara,Comilla Victorians,2011-04-27,2016-07-07,15,3,2,5,6,5*,5.0,83.33,0,0,1,0,16.67,66.67,8.7,15,304,328,22,14.91,6.47,13.82,4/12,2,0,44.41,8,0,0,0,,186,6.1,9,0,2,0.0,18,6.33,2,5,4,125.0,100,7.2,11
667f678b,938937,Ghulam Mudassar,Ghulam Mudassar,Quetta Gladiators,2017-02-24,2026-07-16,20,4,2,5,6,4,2.5,83.33,0,0,1,0,16.67,66.67,10.8,20,394,641,22,29.14,9.76,17.91,3/21,0,0,27.66,3,0,0,0,,126,9.71,4,0,2,0.0,178,8.83,11,5,4,125.0,90,11.67,7
79f8472d,935881,Mohammad Mohsin,Mohammad Mohsin,Texas Super Kings,2020-02-21,2026-06-20,23,13,5,65,67,16,8.12,97.01,0,0,6,3,13.43,55.22,8.5,21,419,617,19,32.47,8.84,22.05,4/8,2,0,30.55,3,0,0,0,,0,,0,26,33,78.79,336,8.41,14,39,34,114.71,83,10.55,5
9b05c1c1,1419972,AL Olliver,AL Olliver,Auckland,2025-01-15,2026-01-30,15,6,3,25,25,12*,8.33,100.0,0,0,2,0,8.0,32.0,9.3,14,296,435,21,20.71,8.82,14.1,3/28,0,0,32.77,5,0,0,0,,138,8.35,11,2,3,66.67,90,7.67,6,23,22,104.55,68,11.29,4
17aa4f1d,957645,Aaron Jones,Aaron Jones,St Lucia Kings,2023-02-04,2025-09-19,35,27,3,444,367,73,18.5,120.98,0,1,31,24,14.99,40.6,4.6,3,18,50,0,,16.67,,0/15,0,0,11.11,11,0,96,97,98.97,6,19.0,0,210,203,103.45,12,15.5,0,138,67,205.97,0,,0
9103ecdb,1410354,Muhammad Rohid,Muhammad Rohid,MI Emirates,2024-01-23,2026-01-04,19,1,0,3,4,3,3.0,75.0,0,0,0,0,0.0,50.0,11.0,18,270,347,22,15.77,7.71,12.27,3/21,0,0,39.63,5,0,0,0,,108,7.83,9,0,0,,132,7.95,10,3,4,75.0,30,6.2,3
b2b4f545,1452455,A Mhatre,A Mhatre,Chennai Super Kings,2025-04-20,2026-04-18,13,13,0,441,240,94,33.92,183.75,0,3,51,23,30.83,32.92,2.2,0,0,0,0,,,,,0,0,,4,0,275,145,189.66,0,,0,157,85,184.71,0,,0,9,10,90.0,0,,0
bcce309e,50804,WPUJC Vaas,WPUJC Vaas,Deccan Chargers,2008-04-20,2010-04-18,13,11,3,81,73,20,10.12,110.96,0,0,2,3,6.85,32.88,8.1,13,282,355,18,19.72,7.55,15.67,3/21,0,0,45.39,0,0,0,0,,198,6.18,15,22,20,110.0,36,9.5,1,59,53,111.32,48,11.75,2
53834b36,1339138,Ali Raza,Ali Raza (2),Peshawar Zalmi,2025-04-12,2026-04-25,14,3,3,1,9,1*,,11.11,0,0,0,0,0.0,88.89,11.0,14,301,471,22,21.41,9.39,13.68,4/21,2,0,36.88,2,0,0,0,,90,11.27,5,0,5,0.0,126,8.52,10,1,4,25.0,85,8.68,7
6f4775f7,15338,PJ Horton,PJ Horton,Lancashire,2014-05-16,2016-06-26,22,20,3,440,374,71*,25.88,117.65,0,3,41,6,12.57,31.82,4.2,0,0,0,0,,,,,0,0,,10,0,67,72,93.06,0,,0,261,236,110.59,0,,0,112,66,169.7,0,,0
be24ead0,1079470,Ramandeep Singh,Ramandeep Singh,Kolkata Knight Riders,2022-04-09,2026-04-26,38,26,10,299,205,35,18.69,145.85,0,0,17,19,17.56,33.66,7.2,6,56,94,7,13.43,10.07,8.0,3/20,0,0,23.21,18,0,2,3,66.67,0,,0,125,112,111.61,24,9.25,2,172,90,191.11,32,10.69,5
305c31f2,1185574,BBA Geddes,BBA Geddes,Middlesex,2021-06-21,2026-07-12,29,28,4,439,318,69,18.29,138.05,0,2,22,27,15.41,34.59,4.2,0,0,0,0,,,,,0,0,,8,0,126,108,116.67,0,,0,261,177,147.46,0,,0,52,33,157.58,0,,0
ef9acbcc,1070997,C Esterhuizen,C Esterhuizen,MI Cape Town,2023-01-13,2026-06-24,28,26,3,436,390,69,18.96,111.79,0,2,38,14,13.33,41.54,3.5,0,0,0,0,,,,,0,0,,13,1,179,178,100.56,0,,0,197,179,110.06,0,,0,60,33,181.82,0,,0
93a17209,31732,VY Mahesh,VY Mahesh,Delhi Daredevils,2008-04-22,2012-05-17,17,5,3,15,27,6*,7.5,55.56,0,0,0,0,0.0,51.85,9.0,17,339,499,21,23.76,8.83,16.14,4/36,1,0,35.4,6,0,0,0,,78,11.46,4,3,8,37.5,198,8.18,7,12,19,63.16,63,7.62,10
a8e56914,486679,D Olivier,D Olivier,Jaffna Stallions,2019-07-23,2020-12-16,17,4,1,14,16,8,4.67,87.5,0,0,0,1,6.25,43.75,10.2,17,325,530,21,25.24,9.78,15.48,4/44,1,0,36.62,3,0,0,0,,102,9.47,7,0,1,0.0,120,10.15,5,14,15,93.33,103,9.67,9
ad8cb396,632173,RP Jones,RP Jones,Lancashire,2017-08-16,2024-07-18,41,28,15,432,382,61*,33.23,113.09,0,1,34,5,10.21,30.63,5.8,1,6,10,0,,10.0,,0/10,0,0,0.0,18,0,13,21,61.9,0,,0,155,161,96.27,6,10.0,0,264,200,132.0,0,,0
3eac9d95,38062,JDP Oram,JDP Oram,Chennai Super Kings,2008-04-19,2013-04-04,23,17,5,130,141,41*,10.83,92.2,0,0,8,5,9.22,45.39,6.1,19,351,430,15,28.67,7.35,23.4,3/32,0,0,42.74,8,0,0,0,,198,7.12,9,55,75,73.33,66,7.45,1,75,66,113.64,87,7.79,5
574665e2,654261,Mohammad Asghar,Mohammad Asghar,Peshawar Zalmi,2016-02-05,2018-03-10,22,5,3,9,12,8*,4.5,75.0,0,0,2,0,16.67,75.0,10.2,22,400,492,21,23.43,7.38,19.05,3/16,0,0,39.5,7,0,0,0,,162,6.37,8,0,5,0.0,204,7.53,9,9,7,128.57,34,11.29,4
585dda5d,958691,KNA Bandara,KNA Bandara,Kandy Falcons,2021-12-10,2026-08-01,25,20,5,408,352,44,27.2,115.91,0,0,27,9,10.23,32.1,5.1,2,13,18,1,18.0,8.31,13.0,1/0,0,0,30.77,14,0,28,43,65.12,0,,0,243,218,111.47,13,8.31,1,137,91,150.55,0,,0
cc535250,1404712,Ubaid Shah,Ubaid Shah,Multan Sultans,2024-02-17,2026-04-25,19,9,3,26,48,14,4.33,54.17,0,0,2,1,6.25,70.83,10.2,19,355,579,20,28.95,9.79,17.75,3/37,0,0,38.87,3,0,0,0,,174,9.14,8,16,21,76.19,120,9.45,9,10,27,37.04,61,12.3,3
4eb02f2e,950405,KTH Ratnayake,KTH Ratnayake,Galle Gallants,2021-12-08,2026-08-08,20,10,4,46,57,14,7.67,80.7,0,0,6,0,10.53,52.63,8.6,20,418,522,19,27.47,7.49,22.0,3/18,0,0,36.84,9,0,0,1,0.0,140,8.79,5,19,28,67.86,215,6.08,11,27,28,96.43,63,9.43,3
c2b6764d,526838,GFB Scott,GFB Scott,Middlesex,2015-07-10,2022-07-03,35,27,10,366,351,38*,21.53,104.27,0,0,20,13,9.4,39.6,5.8,7,74,124,3,41.33,10.05,24.67,1/14,0,0,16.22,16,0,16,23,69.57,0,,0,221,215,102.79,66,9.45,3,129,113,114.16,8,15.0,0
77768f72,1012131,Rakibul Hasan,Rakibul Hasan (2),Rangpur Riders,2023-01-06,2026-01-17,25,8,2,65,54,20,10.83,120.37,0,0,5,4,16.67,53.7,8.9,25,456,606,18,33.67,7.97,25.33,2/21,0,0,39.47,4,0,0,0,,178,7.55,10,19,20,95.0,242,7.66,7,46,34,135.29,36,12.17,1
a7e8ff19,303813,BD Cotton,BD Cotton,Derbyshire,2014-07-18,2017-08-22,17,6,4,45,37,30*,22.5,121.62,0,0,2,2,10.81,29.73,10.3,17,310,469,19,24.68,9.08,16.32,2/14,0,0,31.29,3,0,0,0,,114,8.79,9,8,6,133.33,60,6.7,5,37,31,119.35,136,10.37,5
f89d3b11,1175489,Sameer Rizvi,Sameer Rizvi,Delhi Capitals,2024-03-22,2026-05-08,25,18,4,424,293,90,30.29,144.71,0,3,30,26,19.11,36.86,4.8,0,0,0,0,,,,,0,0,,6,0,18,32,56.25,0,,0,275,196,140.31,0,,0,131,65,201.54,0,,0
1cb14aa4,545467,CJ Dala,CJ Dala,Durban's Super Giants,2018-05-12,2025-01-25,11,4,1,23,26,15,7.67,88.46,0,0,1,1,7.69,42.31,9.0,11,228,361,20,18.05,9.5,11.4,5/26,1,1,36.84,6,0,0,0,,60,11.1,3,4,6,66.67,102,9.88,5,19,20,95.0,66,7.45,12
ae091d39,26782,SA Asnodkar,SA Asnodkar,Rajasthan Royals,2008-05-01,2011-04-21,20,20,0,423,339,60,21.15,124.78,0,2,56,10,19.47,44.54,2.0,0,0,0,0,,,,,0,0,,6,0,278,209,133.01,0,,0,145,130,111.54,0,,0,0,0,,0,,0
5eea345c,41046,Khalid Latif,Khalid Latif,Islamabad United,2012-02-18,2016-12-04,19,16,3,423,367,76,32.54,115.26,0,2,31,17,13.08,39.51,3.3,0,0,0,0,,,,,0,0,,5,0,116,111,104.5,0,,0,225,192,117.19,0,,0,82,64,128.12,0,,0
43501c0d,13533,AW Gale,AW Gale,Yorkshire,2014-05-16,2015-07-14,22,22,1,423,392,68*,20.14,107.91,0,2,46,4,12.76,40.05,1.9,0,0,0,0,,,,,0,0,,4,0,233,224,104.02,0,,0,147,142,103.52,0,,0,43,26,165.38,0,,0
ebb1f8e8,498591,T Muller,T Muller,Otago,2019-12-30,2026-01-25,19,8,4,42,38,17*,10.5,110.53,0,0,5,0,13.16,39.47,9.6,17,312,469,19,24.68,9.02,16.42,3/33,0,0,31.73,4,0,0,0,,150,9.92,7,8,9,88.89,114,7.95,6,34,29,117.24,48,8.75,6
2cdce1be,1131754,C Sakariya,C Sakariya,Rajasthan Royals,2021-04-12,2025-04-26,20,8,2,20,31,7,3.33,64.52,0,0,3,0,9.68,67.74,9.8,20,444,638,20,31.9,8.62,22.2,3/31,0,0,32.88,6,0,0,0,,198,6.79,6,1,4,25.0,120,8.95,6,19,27,70.37,126,11.19,8
4b6f6b73,1175296,S Colombage,S Colombage,Kandy Warriors,2020-12-01,2026-08-08,15,5,2,60,41,27*,20.0,146.34,0,0,5,3,19.51,41.46,9.2,14,282,374,18,20.78,7.96,15.67,3/17,0,0,32.98,7,0,0,0,,12,8.0,1,2,3,66.67,246,7.59,14,58,38,152.63,24,11.75,3
99528b4b,707111,HR Cooper,HR Cooper,Northern Districts,2020-12-30,2026-01-31,38,28,4,319,332,52*,13.29,96.08,0,1,25,12,11.14,49.1,4.6,6,78,94,5,18.8,7.23,15.6,2/14,0,0,25.64,18,0,67,82,81.71,0,,0,171,180,95.0,48,7.88,1,81,70,115.71,30,6.2,4
37b12633,1157212,N Potts,N Potts,Derbyshire,2025-05-30,2026-07-12,13,8,1,98,75,35,14.0,130.67,0,0,7,5,16.0,44.0,8.0,13,232,407,16,25.44,10.53,14.5,3/29,0,0,31.47,4,0,0,0,,84,10.21,4,23,20,115.0,48,10.0,4,75,55,136.36,100,11.04,8
5ffc0565,1449074,V Nigam,V Nigam,Delhi Capitals,2025-03-24,2026-05-08,19,10,2,157,89,39,19.62,176.4,0,0,17,8,28.09,32.58,7.4,18,288,469,13,36.08,9.77,22.15,2/18,0,0,29.51,3,0,20,8,250.0,54,9.22,4,53,33,160.61,198,10.58,7,84,48,175.0,36,6.17,2
272fc5ad,555855,HNA Conway,HNA Conway,Adelaide Strikers,2019-12-23,2023-01-24,23,5,2,16,19,6,5.33,84.21,0,0,1,0,5.26,36.84,10.2,23,481,682,20,34.1,8.51,24.05,3/36,0,0,30.15,1,0,0,0,,168,7.61,4,0,0,,198,8.91,8,16,19,84.21,115,9.13,8
9cab5daf,1108830,NRJ Young,NRJ Young,Barbados Royals,2020-08-25,2025-08-21,25,16,5,136,137,48,12.36,99.27,0,0,4,9,9.49,50.36,7.9,21,302,453,14,32.36,9.0,21.57,3/5,0,0,32.12,11,0,0,1,0.0,0,,0,55,74,74.32,199,8.05,6,81,62,130.65,103,10.83,8
fc4375ef,1036191,BFW de Leede,BFW de Leede,Durham,2023-02-05,2024-09-03,18,14,4,216,174,58,21.6,124.14,0,1,15,4,10.92,28.16,6.0,16,216,387,10,38.7,10.75,21.6,2/24,0,0,36.11,9,0,10,14,71.43,114,11.47,6,80,69,115.94,48,10.25,2,126,91,138.46,54,9.67,2
556df4f9,508329,BS Smith,BS Smith,Central Districts,2017-12-17,2023-02-03,20,19,3,416,349,80,26.0,119.2,0,2,44,12,16.05,42.41,2.5,0,0,0,0,,,,,0,0,,3,0,256,220,116.36,0,,0,129,96,134.38,0,,0,31,33,93.94,0,,0
ef39fc7f,1091078,T Webster,T Webster,Trinbago Knight Riders,2017-08-20,2022-09-17,24,24,4,414,385,66*,20.7,107.53,0,2,44,15,15.32,51.17,2.5,1,6,9,0,,9.0,,0/9,0,0,0.0,11,0,223,222,100.45,0,,0,174,150,116.0,6,9.0,0,17,13,130.77,0,,0
6b07035d,1264431,K Alleyne,K Alleyne,Barbados Royals,2021-09-09,2025-09-14,27,23,1,352,268,47,16.0,131.34,0,0,26,20,17.16,41.79,3.7,5,44,86,3,28.67,11.73,14.67,3/53,0,0,29.55,17,0,205,148,138.51,6,10.0,0,138,115,120.0,12,11.0,1,9,5,180.0,26,12.46,2
65cebd5d,1075863,K Mishara,K Mishara,Jaffna Kings,2026-07-17,2026-08-08,10,9,1,411,249,108*,51.38,165.06,1,1,47,18,26.1,32.93,1.3,0,0,0,0,,,,,0,0,,10,1,199,126,157.94,0,,0,194,110,176.36,0,,0,18,13,138.46,0,,0
e3bc992b,870785,WAR Fraine,WAR Fraine,Yorkshire,2018-07-06,2023-06-23,36,34,11,411,278,44*,17.87,147.84,0,0,36,17,19.06,31.29,5.3,0,0,0,0,,,,,0,0,,20,0,61,49,124.49,0,,0,85,72,118.06,0,,0,265,157,168.79,0,,0
92b7602a,1131647,AR Nedd,AR Nedd,St Kitts and Nevis Patriots,2020-08-22,2026-09-06,23,8,2,30,36,18,5.0,83.33,0,0,1,1,5.56,50.0,9.6,23,455,547,19,28.79,7.21,23.95,4/25,1,0,42.64,4,0,0,0,,180,8.03,11,6,12,50.0,246,6.71,8,24,24,100.0,29,6.41,0
6ceb94d0,1202263,T Kelly,T Kelly,Adelaide Strikers,2021-12-11,2024-01-22,34,27,7,409,346,43,20.45,118.21,0,0,26,11,10.69,33.53,5.6,0,0,0,0,,,,,0,0,,12,0,26,31,83.87,0,,0,217,189,114.81,0,,0,166,126,131.75,0,,0
33f28243,42272,Naved-ul-Hasan,Naved-ul-Hasan,Hobart Hurricanes,2011-12-18,2012-02-29,12,6,3,49,34,30*,16.33,144.12,0,0,3,2,14.71,26.47,8.3,12,281,334,18,18.56,7.13,15.61,4/22,1,0,35.94,4,0,0,0,,24,6.75,0,0,0,,120,6.9,5,49,34,144.12,137,7.4,13
2b85c8e6,958007,JL Jaggesar,JL Jaggesar,St Kitts and Nevis Patriots,2016-07-02,2025-01-27,23,10,9,28,31,10*,28.0,90.32,0,0,3,0,9.68,41.94,10.1,21,426,552,19,29.05,7.77,22.42,3/32,0,0,39.67,4,0,0,0,,156,7.46,4,0,0,,240,7.7,14,28,31,90.32,30,10.0,1
3fca55af,228943,S Sohal,S Sohal,Kings XI Punjab,2008-04-21,2018-09-07,24,22,0,407,329,62,18.5,123.71,0,2,36,21,17.33,48.33,1.9,0,0,0,0,,,,,0,0,,3,0,310,249,124.5,0,,0,93,71,130.99,0,,0,4,9,44.44,0,,0
44a18ad8,1078697,J Royal,J Royal,St Lucia Kings,2019-09-21,2026-08-07,23,11,7,26,28,12*,6.5,92.86,0,0,2,1,10.71,46.43,9.1,21,344,446,19,23.47,7.78,18.11,3/19,0,0,45.06,12,0,0,0,,162,7.26,8,1,5,20.0,174,8.28,9,25,23,108.7,8,7.5,2
fe2ac1a8,1264775,TE Lawes,TE Lawes,Surrey,2022-06-24,2026-07-15,22,10,5,46,52,13*,9.2,88.46,0,0,1,2,5.77,44.23,9.7,22,352,604,18,33.56,10.3,19.56,3/26,0,0,25.28,8,0,0,0,,36,11.0,2,4,9,44.44,252,9.81,14,42,43,97.67,64,11.81,2
5899dceb,633301,CT Steel,CT Steel,Surrey,2017-07-23,2024-09-14,24,16,6,165,135,37,16.5,122.22,0,0,15,4,14.07,36.3,6.1,17,264,436,12,36.33,9.91,22.0,3/41,0,0,24.62,12,0,71,55,129.09,6,4.0,1,35,30,116.67,252,10.1,10,59,50,118.0,6,8.0,1
118e6f66,1353679,AR Schaw,AR Schaw,Central Districts,2023-01-14,2026-01-13,17,10,4,105,71,32,17.5,147.89,0,0,7,6,18.31,35.21,6.8,16,276,378,15,25.2,8.22,18.4,3/18,0,0,33.33,8,0,0,0,,120,8.35,5,12,18,66.67,126,8.29,7,93,53,175.47,30,7.4,3
a968d8eb,1206623,Dilbar Hussain,Dilbar Hussain,Lahore Qalandars,2020-01-25,2023-03-12,15,3,2,23,23,8*,23.0,100.0,0,0,1,1,8.7,52.17,10.7,15,284,408,19,21.47,8.62,14.95,4/24,1,0,32.75,3,0,0,0,,90,8.8,4,2,3,66.67,119,6.81,8,21,20,105.0,75,11.28,7
687e20b3,1234111,Mohammad Imran,Mohammad Imran (2),Peshawar Zalmi,2021-02-21,2025-02-01,22,5,4,2,4,1*,2.0,50.0,0,0,0,0,0.0,50.0,10.0,22,480,706,20,35.3,8.82,24.0,4/29,1,0,36.88,1,0,0,0,,198,7.58,6,0,0,,132,8.27,8,2,4,50.0,150,10.96,6
6ef13460,303423,A Balbirnie,A Balbirnie,Glamorgan,2014-05-17,2023-02-10,21,21,2,402,322,99*,21.16,124.84,0,2,39,10,15.22,34.16,4.0,0,0,0,0,,,,,0,0,,7,0,145,127,114.17,0,,0,189,146,129.45,0,,0,68,49,138.78,0,,0
de3d549a,786925,AM Fernando,AM Fernando,Jaffna Kings,2020-11-27,2026-07-30,24,2,0,1,5,1,0.5,20.0,0,0,0,0,0.0,80.0,10.0,24,476,801,20,40.05,10.1,23.8,3/35,0,0,30.04,2,0,0,0,,168,9.64,6,0,0,,132,9.05,5,1,5,20.0,176,11.32,9
5b16a806,574178,A Dananjaya,A Dananjaya,St Kitts and Nevis Patriots,2017-11-05,2026-08-02,28,10,3,40,64,10,5.71,62.5,0,0,2,0,3.12,53.12,9.5,27,552,788,18,43.78,8.57,30.67,2/19,0,0,36.78,4,0,0,0,,114,9.26,3,11,22,50.0,382,8.48,10,29,42,69.05,56,7.71,5
568473e4,1339100,MW Tromp,MW Tromp,Los Angeles Knight Riders,2025-06-14,2026-08-29,22,16,1,400,286,58*,26.67,139.86,0,2,28,24,18.18,36.71,5.1,1,6,19,0,,19.0,,0/19,0,0,50.0,9,0,57,43,132.56,0,,0,218,172,126.74,6,19.0,0,125,71,176.06,0,,0
078ffbf2,641801,WS Davis,WS Davis,Leicestershire,2019-07-27,2023-06-01,29,11,6,20,35,7*,4.0,57.14,0,0,1,0,2.86,51.43,10.6,26,407,621,19,32.68,9.15,21.42,3/24,0,0,24.57,7,0,0,0,,102,8.53,6,0,0,,219,8.71,6,20,35,57.14,86,11.02,7
2e2fe3e8,52197,DP Hyatt,DP Hyatt,Jamaica Tallawahs,2013-01-25,2014-08-09,25,23,5,359,396,42*,19.94,90.66,0,0,30,10,10.1,49.24,4.1,3,48,75,2,37.5,9.38,24.0,1/18,0,0,33.33,6,0,74,108,68.52,0,,0,184,230,80.0,42,8.14,1,101,58,174.14,6,18.0,1
46966c2b,926717,CK Leopard,CK Leopard,Central Districts,2017-12-22,2021-12-30,26,24,5,339,259,52,17.84,130.89,0,1,31,13,16.99,37.07,4.3,2,18,22,3,7.33,7.33,6.0,2/4,0,0,38.89,7,0,145,124,116.94,0,,0,120,91,131.87,12,9.0,1,74,44,168.18,6,4.0,2
69be866a,376324,Anureet Singh,Anureet Singh,Kings XI Punjab,2009-04-23,2018-05-15,23,8,4,36,47,15,9.0,76.6,0,0,2,1,6.38,46.81,9.5,22,412,623,18,34.61,9.07,22.89,3/23,0,0,33.74,5,0,0,0,,162,7.07,7,4,9,44.44,120,9.6,2,32,38,84.21,130,11.08,9
b720a5d6,237701,DB Ravi Teja,DB Ravi Teja,Deccan Chargers,2008-05-09,2013-04-14,32,25,6,375,317,60,19.74,118.3,0,1,35,9,13.88,36.59,6.0,2,18,28,1,28.0,9.33,18.0,1/19,0,0,22.22,11,0,53,58,91.38,0,,0,153,137,111.68,18,9.33,1,169,122,138.52,0,,0
dd572696,1160970,Haider Ali,Haider Ali (3),Dubai Capitals,2024-01-29,2026-01-01,30,8,5,15,21,4*,5.0,71.43,0,0,1,0,4.76,47.62,10.2,28,474,493,19,25.95,6.24,24.95,3/16,0,0,38.61,6,0,0,0,,174,5.93,6,1,5,20.0,276,6.52,11,14,16,87.5,24,5.25,2
f3cb53a1,44111,MV Boucher,MV Boucher,Royal Challengers Bangalore,2008-04-18,2011-05-14,31,24,10,394,309,50*,28.14,127.51,0,1,32,13,14.56,34.63,5.8,0,0,0,0,,,,,0,0,,14,3,22,24,91.67,0,,0,137,138,99.28,0,,0,235,147,159.86,0,,0
d4f9dbd4,32540,CA Pujara,CA Pujara,Royal Challengers Bangalore,2010-03-12,2014-05-03,30,22,3,390,391,51,20.53,99.74,0,1,50,4,13.81,48.08,3.0,0,0,0,0,,,,,0,0,,6,0,215,229,93.89,0,,0,128,121,105.79,0,,0,47,41,114.63,0,,0
36eafb02,233648,AJ Doolan,AJ Doolan,Hobart Hurricanes,2013-01-06,2019-01-07,23,22,2,388,353,70*,19.4,109.92,0,1,41,4,12.75,41.36,2.0,0,0,0,0,,,,,0,0,,14,0,222,204,108.82,0,,0,143,130,110.0,0,,0,23,19,121.05,0,,0
c3b93a03,431909,J Blackwood,J Blackwood,Jamaica Tallawahs,2013-08-17,2023-09-09,29,25,3,387,423,74,17.59,91.49,0,1,27,13,9.46,50.83,4.0,0,0,0,0,,,,,0,0,,4,0,98,115,85.22,0,,0,241,273,88.28,0,,0,48,35,137.14,0,,0
50250426,316397,Asad Shafiq,Asad Shafiq,Quetta Gladiators,2016-02-14,2022-12-21,22,21,1,386,338,58,19.3,114.2,0,2,44,8,15.38,42.9,1.8,0,0,0,0,,,,,0,0,,8,0,217,209,103.83,0,,0,139,111,125.23,0,,0,30,18,166.67,0,,0
80b2fb19,1350768,Prince Yadav,Prince Yadav,Lucknow Super Giants,2025-03-24,2026-05-23,20,3,3,5,11,4*,,45.45,0,0,0,0,0.0,54.55,9.7,20,449,684,19,36.0,9.14,23.63,3/32,0,0,34.74,6,0,0,0,,138,8.61,6,0,0,,174,8.28,9,5,11,45.45,137,10.77,4
5b6d248a,511252,JA Porter,JA Porter,Essex,2017-07-07,2021-06-25,24,6,5,5,7,1*,5.0,71.43,0,0,0,0,0.0,28.57,11.0,24,421,636,19,33.47,9.06,22.16,4/20,2,0,36.34,6,0,0,0,,300,8.78,11,0,0,,62,9.48,3,5,7,71.43,59,10.07,5
6fe2c1c0,297595,A Carter,A Carter,Derbyshire,2014-05-16,2018-08-12,17,2,1,5,5,5*,5.0,100.0,0,0,0,0,0.0,20.0,11.0,16,328,472,19,24.84,8.63,17.26,3/31,0,0,35.67,3,0,0,0,,192,7.56,9,0,0,,18,7.67,1,5,5,100.0,118,10.53,9
46e4a4e0,698199,M Van Buuren,M Van Buuren,Paarl Royals,2023-01-21,2025-02-01,26,23,6,384,356,72*,22.59,107.87,0,1,32,6,10.67,37.92,4.3,0,0,0,0,,,,,0,0,,5,0,51,54,94.44,0,,0,226,221,102.26,0,,0,107,81,132.1,0,,0
0637aa94,281188,Nazmul Hossain Milon,Nazmul Hossain Milon,Sylhet Royals,2012-02-12,2020-01-07,36,29,12,364,311,45*,21.41,117.04,0,0,20,15,11.25,35.37,6.5,4,30,61,1,61.0,12.2,30.0,1/8,0,0,16.67,13,0,0,1,0.0,0,,0,106,137,77.37,24,8.0,1,258,173,149.13,6,29.0,0
bcb01d8c,15876,RWT Key,RWT Key,Kent,2014-05-23,2014-07-25,12,12,1,384,251,89*,34.91,152.99,0,3,38,12,19.92,27.09,2.0,0,0,0,0,,,,,0,0,,2,0,223,144,154.86,0,,0,143,90,158.89,0,,0,18,17,105.88,0,,0
13fc5c6d,1460529,DS Rathi,DS Rathi,Lucknow Super Giants,2025-03-24,2026-05-23,23,4,3,3,8,2*,3.0,37.5,0,0,0,0,0.0,62.5,10.5,23,546,826,19,43.47,9.08,28.74,2/30,0,0,27.29,7,0,0,0,,138,9.26,4,0,0,,324,8.63,10,3,8,37.5,84,10.5,5
db3643f3,1072473,Umer Khan,Umer Khan,Karachi Kings,2019-02-15,2020-03-15,17,5,2,3,8,3*,1.0,37.5,0,0,0,0,0.0,62.5,10.0,15,306,397,19,20.89,7.78,16.11,3/22,0,0,36.27,3,0,0,0,,18,10.0,0,0,0,,282,7.49,19,3,8,37.5,6,15.0,0
098a757c,1353033,Muhammad Jawadullah,Muhammad Jawadullah,Sharjah Warriors,2023-01-21,2026-01-01,30,5,3,3,10,2*,1.5,30.0,0,0,0,0,0.0,70.0,11.0,26,369,524,19,27.58,8.52,19.42,3/5,0,0,36.04,3,0,0,0,,72,8.75,6,0,1,0.0,210,8.14,6,3,9,33.33,87,9.24,7
8f3f2d61,1214273,RD Harrison,RD Harrison,Auckland,2020-12-24,2026-01-30,20,12,6,143,108,30,23.83,132.41,0,0,10,5,13.89,28.7,6.8,15,211,320,12,26.67,9.1,17.58,3/30,0,0,30.33,7,0,5,6,83.33,60,8.8,5,39,38,102.63,108,8.56,5,99,64,154.69,43,10.88,2
210b05cb,547092,Ehsan Adil,Ehsan Adil,MI New York,2016-02-10,2026-07-12,24,3,2,2,4,1*,2.0,50.0,0,0,0,0,0.0,50.0,11.0,23,455,694,19,36.53,9.15,23.95,4/39,1,0,38.24,2,0,0,0,,198,9.21,5,0,2,0.0,138,6.96,6,2,2,100.0,119,11.6,8
63e1e352,1141032,Zaman Akhter,Zaman Akhter,Essex,2023-06-18,2026-07-05,15,8,3,82,70,26*,16.4,117.14,0,0,6,3,12.86,38.57,9.4,15,258,422,15,28.13,9.81,17.2,3/19,0,0,30.62,5,0,0,0,,96,9.5,6,11,17,64.71,108,9.28,4,71,53,133.96,54,11.44,5
760f445b,237502,Monir Hossain,Monir Hossain,Duronto Rajshahi,2012-02-18,2020-01-03,25,9,4,41,40,16,8.2,102.5,0,0,4,1,12.5,45.0,10.3,25,494,579,17,34.06,7.03,29.06,2/22,0,0,39.27,1,0,0,0,,222,6.84,6,0,0,,210,7.23,7,41,40,102.5,62,7.06,4
817c1746,55883,Elias Sunny,Elias Sunny,Barisal Burners,2012-02-14,2015-12-09,19,11,5,81,66,30,13.5,122.73,0,0,9,2,16.67,40.91,9.3,17,316,365,15,24.33,6.93,21.07,3/23,0,0,32.91,4,0,0,0,,18,9.67,0,10,14,71.43,258,6.65,11,71,52,136.54,40,7.5,4
79aad751,429738,PADLR Sandakan,PADLR Sandakan,Galle Gladiators,2020-11-30,2024-07-07,18,7,5,21,48,9*,10.5,43.75,0,0,1,0,2.08,66.67,9.7,18,378,550,18,30.56,8.73,21.0,3/32,0,0,25.13,7,0,0,0,,0,,0,2,3,66.67,360,8.62,18,19,45,42.22,18,11.0,0
b0b320a0,5197,BM Edmondson,BM Edmondson,Perth Scorchers,2011-12-18,2013-02-08,14,4,2,0,3,0*,0.0,0.0,0,0,0,0,0.0,100.0,10.8,14,325,486,19,25.58,8.97,17.11,4/40,1,0,33.54,3,0,0,0,,132,8.95,5,0,0,,54,9.0,5,0,3,0.0,139,8.98,9
a6bab2a9,1139028,K Gore,K Gore,Antigua and Barbuda Falcons,2025-06-20,2026-09-08,21,17,2,319,248,64*,21.27,128.63,0,3,30,11,16.53,39.11,3.8,6,61,105,3,35.0,10.33,20.33,1/8,0,0,34.43,10,0,170,128,132.81,6,28.0,0,85,75,113.33,55,8.4,3,64,45,142.22,0,,0
e4cdf230,1079839,AS Roy,AS Roy,Kolkata Knight Riders,2019-04-26,2026-05-24,25,14,6,78,64,29*,9.75,121.88,0,0,6,2,12.5,35.94,7.6,22,323,479,15,31.93,8.9,21.53,2/19,0,0,32.82,12,0,4,5,80.0,114,9.63,2,15,20,75.0,174,8.31,10,59,39,151.28,35,9.43,3
1786a21b,910695,BJ Curran,BJ Curran,Northamptonshire,2018-08-08,2022-07-01,22,21,0,378,298,71,18.0,126.85,0,3,53,3,18.79,37.58,1.8,0,0,0,0,,,,,0,0,,10,0,237,188,126.06,0,,0,119,98,121.43,0,,0,22,12,183.33,0,,0
9ba59a3c,38920,LJ Woodcock,LJ Woodcock,Wellington,2013-01-20,2019-02-09,13,11,4,198,162,63,28.29,122.22,0,1,12,5,10.49,24.69,6.8,10,168,218,9,24.22,7.79,18.67,2/12,0,0,27.98,3,0,2,3,66.67,12,7.0,2,73,77,94.81,126,7.76,5,123,82,150.0,30,8.2,2
ddc0828d,12856,A Flintoff,A Flintoff,Brisbane Heat,2009-04-18,2015-01-15,13,12,4,157,125,46,19.62,125.6,0,0,11,6,13.6,36.0,6.7,12,198,323,11,29.36,9.79,18.0,3/26,0,0,27.27,7,0,14,13,107.69,60,10.9,2,57,58,98.28,72,8.25,2,86,54,159.26,66,10.45,7
9a0e4ca5,500267,SE Gotch,SE Gotch,Melbourne Stars,2017-01-17,2021-01-26,36,30,7,377,368,48,16.39,102.45,0,0,24,9,8.97,38.32,5.4,0,0,0,0,,,,,0,0,,18,8,73,72,101.39,0,,0,215,223,96.41,0,,0,89,73,121.92,0,,0
d8417b91,1353031,JT Todd,JT Todd,Otago,2024-01-19,2026-01-24,21,20,3,377,246,75,22.18,153.25,0,3,41,19,24.39,41.46,2.2,0,0,0,0,,,,,0,0,,7,0,293,186,157.53,0,,0,78,52,150.0,0,,0,6,8,75.0,0,,0
fc60e81a,1071000,B Parsons,B Parsons,Pretoria Capitals,2025-01-10,2026-01-25,10,10,0,236,190,60,23.6,124.21,0,1,19,10,15.26,38.95,2.0,6,68,109,7,15.57,9.62,9.71,3/10,0,0,27.94,4,0,134,116,115.52,6,12.0,0,90,67,134.33,42,10.0,4,12,7,171.43,20,8.1,3
6be7b49d,1129637,LI Georgeson,LI Georgeson,Otago,2021-11-26,2026-01-04,15,13,4,156,131,30,17.33,119.08,0,0,12,6,13.74,35.88,5.4,11,176,255,11,23.18,8.69,16.0,4/23,1,0,26.7,9,0,40,38,105.26,36,9.83,2,35,45,77.78,86,7.53,4,81,48,168.75,54,9.78,5
e82dc4c5,377639,TS Nethula,TS Nethula,Auckland,2017-12-13,2019-02-09,12,6,4,35,25,23*,17.5,140.0,0,0,3,1,16.0,28.0,9.7,12,253,390,17,22.94,9.25,14.88,6/23,0,1,24.9,4,0,0,0,,0,,0,2,2,100.0,235,9.45,16,33,23,143.48,18,6.67,1
e7dd5eca,333872,SL Rainbird,SL Rainbird,Melbourne Stars,2015-12-20,2022-01-16,24,12,5,34,36,15,4.86,94.44,0,0,2,0,5.56,38.89,8.9,24,451,669,17,39.35,8.9,26.53,3/37,0,0,29.71,8,0,0,0,,246,8.29,7,7,10,70.0,120,9.95,3,27,26,103.85,85,9.18,7
78eb4223,230553,KAJ Roach,KAJ Roach,Antigua Hawksbills,2010-03-28,2018-08-29,24,11,3,53,48,12,6.62,110.42,0,0,3,3,12.5,41.67,8.4,23,499,695,16,43.44,8.36,31.19,3/18,0,0,42.08,13,0,0,0,,252,7.74,6,12,9,133.33,132,7.27,2,41,39,105.13,115,10.96,8
fec50c96,233802,SMA Priyanjan,SMA Priyanjan,Colombo Kings,2020-11-26,2023-08-11,18,15,2,213,190,47*,16.38,112.11,0,0,22,2,12.63,34.74,4.6,16,198,277,8,34.62,8.39,24.75,2/4,0,0,28.28,8,0,23,28,82.14,72,7.83,2,174,150,116.0,114,8.84,4,16,12,133.33,12,7.5,2
3ee0050f,826689,PM Liyanagamage,PM Liyanagamage,Dambulla Aura,2021-12-17,2026-07-25,17,7,5,53,57,23*,26.5,92.98,0,0,7,0,12.28,50.88,9.7,16,301,492,16,30.75,9.81,18.81,3/17,0,0,35.55,4,0,0,0,,180,9.1,8,38,44,86.36,42,10.57,0,15,13,115.38,79,11.01,8
881a9bdd,51469,S Chanderpaul,S Chanderpaul,Sylhet Royals,2008-04-20,2015-06-26,15,15,2,372,317,87*,28.62,117.35,0,4,45,7,16.4,42.59,1.6,0,0,0,0,,,,,0,0,,1,0,202,195,103.59,0,,0,155,114,135.96,0,,0,15,8,187.5,0,,0
c6a9148d,297489,SA Piolet,SA Piolet,Sussex,2014-05-17,2015-07-02,16,10,4,52,46,25,8.67,113.04,0,0,6,1,15.22,41.3,8.9,15,318,409,16,25.56,7.72,19.88,3/14,0,0,26.73,5,0,0,0,,36,9.0,0,15,14,107.14,234,7.08,12,37,32,115.62,48,9.88,4
b4bef2ed,55893,Fazle Mahmud,Fazle Mahmud,Rangpur Rangers,2016-11-20,2024-02-06,25,20,3,371,333,50,21.82,111.41,0,1,31,15,13.81,42.94,4.5,1,12,20,0,,10.0,,0/20,0,0,25.0,9,0,109,101,107.92,0,,0,193,188,102.66,12,10.0,0,69,44,156.82,0,,0
d8b2f218,537126,BB Sran,BB Sran,Sunrisers Hyderabad,2015-05-16,2019-05-02,24,9,8,10,14,3*,10.0,71.43,0,0,0,0,0.0,35.71,9.1,24,483,757,18,42.06,9.4,26.83,3/28,0,0,34.78,4,0,0,0,,228,9.21,5,0,0,,168,9.54,6,10,14,71.43,87,9.66,7
3cc7dd5f,400587,Irfan Sukkur,Irfan Sukkur,Durdanto Dhaka,2015-12-10,2026-01-07,32,27,2,370,337,52,14.8,109.79,0,1,34,11,13.35,43.03,5.4,0,0,0,0,,,,,0,0,,13,5,65,61,106.56,0,,0,208,199,104.52,0,,0,97,77,125.97,0,,0
faa8cfba,1145534,MT Stanley,MT Stanley,Lancashire,2022-06-17,2026-07-12,16,5,2,10,13,7,3.33,76.92,0,0,1,0,7.69,53.85,10.6,16,255,417,18,23.17,9.81,14.17,4/30,1,0,36.47,2,0,0,0,,156,10.15,14,3,5,60.0,67,9.31,1,7,8,87.5,32,9.19,3
c80b4969,1511696,Ajay Kumar,Ajay Kumar (2),Abu Dhabi Knight Riders,2025-12-03,2026-01-02,12,2,1,8,7,8*,8.0,114.29,0,0,2,0,28.57,71.43,11.0,12,270,354,18,19.67,7.87,15.0,3/21,0,0,40.74,2,0,0,0,,168,7.21,9,8,5,160.0,42,8.14,3,0,2,0.0,60,9.5,6
94db3502,769529,MK O'Riordan,MK O'Riordan,Kent,2019-08-23,2024-07-19,17,15,1,168,125,33,12.0,134.4,0,0,18,5,18.4,40.8,4.8,14,202,272,10,27.2,8.08,20.2,2/24,0,0,25.74,4,0,82,52,157.69,48,8.38,2,45,42,107.14,148,7.95,8,41,31,132.26,6,9.0,0
88fccd6c,46774,SM Pollock,SM Pollock,Mumbai Indians,2008-04-20,2008-05-28,13,8,0,147,111,33,18.38,132.43,0,0,12,8,18.02,37.84,5.9,13,276,301,11,27.36,6.54,25.09,3/12,0,0,47.1,2,0,1,6,16.67,204,6.15,8,66,63,104.76,66,7.64,3,80,42,190.48,6,8.0,0
662c47a6,317786,Y Nagar,Y Nagar,Delhi Daredevils,2009-05-19,2012-05-12,26,20,6,285,259,44*,20.36,110.04,0,0,20,9,11.2,39.0,6.5,8,66,125,4,31.25,11.36,16.5,2/20,0,0,24.24,6,0,2,3,66.67,6,10.0,0,104,129,80.62,60,11.5,4,179,127,140.94,0,,0
c0babb93,315912,DE Johnson,DE Johnson,St Lucia Zouks,2013-08-07,2016-08-04,11,3,1,5,5,4,2.5,100.0,0,0,1,0,20.0,60.0,6.7,11,225,321,18,17.83,8.56,12.5,3/22,0,0,41.33,2,0,0,0,,102,7.88,8,0,1,0.0,84,8.07,5,5,4,125.0,39,11.38,5
27e60d6e,906677,AS Dale,AS Dale,Gloucestershire,2023-06-23,2025-07-17,15,4,2,5,9,4*,2.5,55.56,0,0,0,0,0.0,55.56,10.5,15,309,500,18,27.78,9.71,17.17,3/17,0,0,32.36,2,0,0,0,,114,9.95,6,0,0,,138,8.7,7,5,9,55.56,57,11.68,5
c96a215f,437448,JS Lehmann,JS Lehmann,Adelaide Strikers,2016-01-05,2026-06-05,34,28,4,341,312,65,14.21,109.29,0,1,34,3,11.86,35.9,5.1,4,24,42,1,42.0,10.5,24.0,1/5,0,0,20.83,15,0,60,51,117.65,12,11.0,0,127,141,90.07,12,10.0,1,154,120,128.33,0,,0
e0407c01,447439,IC Pandey,IC Pandey,Chennai Super Kings,2013-04-23,2015-05-16,25,1,0,0,2,0,0.0,0.0,0,0,0,0,0.0,100.0,10.0,24,462,591,18,32.83,7.68,25.67,2/23,0,0,45.89,6,0,0,0,,264,6.91,11,0,0,,162,8.22,5,0,2,0.0,36,10.83,2
956887b2,333810,AC McDermott,AC McDermott,Brisbane Heat,2011-12-16,2015-01-13,14,2,1,0,5,0*,0.0,0.0,0,0,0,0,0.0,100.0,10.5,14,273,391,18,21.72,8.59,15.17,3/18,0,0,37.73,5,0,0,0,,120,7.45,7,0,0,,48,6.62,2,0,5,0.0,105,10.8,9
a0f612b6,605566,TD Andrews,TD Andrews,Sydney Thunder,2016-12-31,2026-01-12,19,8,4,98,65,37*,24.5,150.77,0,0,8,6,21.54,41.54,8.8,18,330,430,13,33.08,7.82,25.38,2/15,0,0,33.64,4,0,0,0,,72,8.5,2,3,9,33.33,246,7.56,11,95,56,169.64,12,9.0,0
59ddd811,314650,NE Bonner,NE Bonner,Jamaica Tallawahs,2013-08-02,2020-09-08,22,19,2,358,404,47,21.06,88.61,0,0,27,9,8.91,49.75,4.2,0,0,0,0,,,,,0,0,,7,0,120,144,83.33,0,,0,183,214,85.51,0,,0,55,46,119.57,0,,0
23f2143b,1046771,JH Plom,JH Plom,Essex,2020-09-11,2021-07-09,13,9,4,38,38,12,7.6,100.0,0,0,2,2,10.53,50.0,8.7,13,244,391,16,24.44,9.61,15.25,3/31,0,0,35.25,5,0,0,0,,126,9.86,6,0,0,,42,9.0,3,38,38,100.0,76,9.55,7
6287d981,596436,MJ Ackerman,MJ Ackerman,Pretoria Capitals,2023-01-14,2026-07-26,16,16,2,316,239,45,22.57,132.22,0,0,28,10,15.9,32.22,4.9,3,48,74,2,37.0,9.25,24.0,2/27,0,0,27.08,6,0,97,60,161.67,0,,0,185,161,114.91,48,9.25,2,34,18,188.89,0,,0
f2e8b37c,1332783,Arafat Minhas,Arafat Minhas,Multan Sultans,2024-03-09,2026-04-29,15,13,2,155,98,31,14.09,158.16,0,0,16,7,23.47,34.69,6.0,12,204,286,10,28.6,8.41,20.4,3/32,0,0,33.82,7,0,8,3,266.67,36,8.33,3,50,45,111.11,150,7.96,5,97,50,194.0,18,12.33,2
ea3ffd1b,52622,NO Miller,NO Miller,Jamaica Tallawahs,2013-08-02,2018-09-09,35,9,8,14,20,6*,14.0,70.0,0,0,1,0,5.0,45.0,10.6,34,606,716,17,42.12,7.09,35.65,3/17,0,0,36.8,1,0,0,0,,108,8.11,1,2,4,50.0,444,6.47,14,12,16,75.0,54,10.11,2
f8cdc4d7,235657,SA Jacobs,SA Jacobs,Guyana Amazon Warriors,2013-08-09,2019-10-03,27,6,3,14,23,7,4.67,60.87,0,0,1,0,4.35,56.52,9.0,27,480,605,17,35.59,7.56,28.24,2/15,0,0,36.88,5,0,0,0,,174,8.41,4,7,9,77.78,300,7.1,13,7,14,50.0,6,6.0,0
aeab0d4f,339095,D Klein,D Klein,Leicestershire,2017-07-21,2020-10-01,21,12,5,34,45,9,4.86,75.56,0,0,1,0,2.22,35.56,8.8,21,372,542,16,33.88,8.74,23.25,2/23,0,0,42.74,8,0,0,0,,186,9.19,6,0,0,,114,8.05,5,34,45,75.56,72,8.67,5
238ce998,1342550,Q Sampson,Q Sampson,Guyana Amazon Warriors,2025-08-30,2026-09-13,19,17,7,353,217,76,35.3,162.67,0,2,24,28,23.96,41.47,5.8,0,0,0,0,,,,,0,0,,6,0,65,55,118.18,0,,0,133,76,175.0,0,,0,155,86,180.23,0,,0
da9f58aa,990161,Hasan Murad,Hasan Murad,Rajshahi Warriors,2022-01-24,2026-01-23,17,5,4,13,14,7*,13.0,92.86,0,0,1,0,7.14,42.86,10.0,17,324,420,17,24.71,7.78,19.06,3/15,0,0,36.11,6,0,0,0,,42,8.71,2,0,1,0.0,246,7.27,12,13,13,100.0,36,10.17,3
61a9ce31,16938,DD Masters,DD Masters,Essex,2014-06-11,2016-08-08,27,10,7,13,26,5*,4.33,50.0,0,0,0,0,0.0,57.69,9.7,27,579,710,17,41.76,7.36,34.06,2/17,0,0,37.65,4,0,0,0,,426,7.04,9,0,0,,102,8.76,5,13,26,50.0,51,7.18,3
3987e390,455524,MJ Leach,MJ Leach,Somerset,2021-06-23,2026-07-18,11,4,3,12,18,8*,12.0,66.67,0,0,1,0,5.56,50.0,10.0,11,216,305,17,17.94,8.47,12.71,3/20,0,0,33.33,4,0,0,0,,36,7.67,3,0,2,0.0,174,8.21,14,12,16,75.0,6,21.0,0
6b0db726,1394273,J Andrew,J Andrew,Antigua and Barbuda Falcons,2024-08-29,2026-08-16,18,17,2,350,310,58,23.33,112.9,0,2,28,14,13.55,43.23,3.2,0,0,0,0,,,,,0,0,,6,1,147,119,123.53,0,,0,168,166,101.2,0,,0,35,25,140.0,0,,0
3766056b,348059,BJ McCarthy,BJ McCarthy,Durham,2016-05-20,2018-08-03,13,5,2,10,14,7*,3.33,71.43,0,0,1,0,7.14,50.0,9.6,13,249,360,17,21.18,8.67,14.65,4/31,1,0,38.96,1,0,0,0,,96,9.44,4,0,0,,96,7.94,7,10,14,71.43,57,8.63,6
62fd0c5e,1515069,Sameer Minhas,Sameer Minhas (2),Islamabad United,2026-03-28,2026-05-01,11,11,2,349,224,82*,38.78,155.8,0,3,41,13,24.11,34.38,2.0,1,6,9,0,,9.0,,0/9,0,0,50.0,7,0,249,153,162.75,0,,0,75,60,125.0,0,,0,25,11,227.27,6,9.0,0
a55e0360,450881,CP Savage,CP Savage,Texas Super Kings,2023-07-13,2026-07-12,28,20,9,269,183,53*,24.45,146.99,0,1,20,15,19.13,32.79,7.1,8,120,168,4,42.0,8.4,30.0,2/23,0,0,33.33,9,0,0,0,,30,8.8,2,60,48,125.0,72,7.33,2,209,135,154.81,18,12.0,0
7ab1eab7,1252522,Salman Mirza,Salman Mirza,Lahore Qalandars,2021-02-21,2026-05-01,15,3,1,8,12,5,4.0,66.67,0,0,1,0,8.33,66.67,10.0,15,300,518,17,30.47,10.36,17.65,4/31,1,0,34.0,5,0,0,0,,180,9.0,11,0,0,,48,9.38,2,8,12,66.67,72,14.42,4
2c1a21f0,1442756,Isaac Mohammed,Isaac Mohammed,Worcestershire,2025-06-18,2026-07-12,19,19,0,347,273,42,18.26,127.11,0,0,44,15,21.61,52.01,1.1,0,0,0,0,,,,,0,0,,10,0,328,253,129.64,0,,0,19,20,95.0,0,,0,0,0,,0,,0
a7c7802a,55522,AJ Ireland,AJ Ireland,Leicestershire,2014-05-16,2014-07-25,10,2,0,7,6,6,3.5,116.67,0,0,0,1,16.67,66.67,9.5,10,209,305,17,17.94,8.76,12.29,5/22,0,1,36.84,2,0,0,0,,126,7.9,6,0,0,,42,9.43,2,7,6,116.67,41,10.68,9
1d48795b,1260239,F Singh,F Singh,Worcestershire,2025-05-29,2026-07-10,17,7,3,26,27,10,6.5,96.3,0,0,2,1,11.11,55.56,9.7,17,296,380,16,23.75,7.7,18.5,3/17,0,0,27.7,3,0,0,0,,6,15.0,0,0,0,,252,7.93,10,26,27,96.3,38,5.05,6
236c8ffb,707179,MW Snedden,MW Snedden,Wellington,2020-12-24,2026-01-11,21,4,2,6,11,2*,3.0,54.55,0,0,0,0,0.0,45.45,10.8,19,342,512,17,30.12,8.98,20.12,2/22,0,0,28.65,3,0,0,0,,120,8.75,3,0,0,,174,8.34,10,6,11,54.55,48,11.88,4
d901964b,4427,CJ Borgas,CJ Borgas,Rangpur Riders,2011-12-18,2014-01-11,22,22,4,345,312,48,19.17,110.58,0,0,27,7,10.9,36.86,5.0,2,12,34,0,,17.0,,0/14,0,0,16.67,10,0,60,52,115.38,0,,0,191,197,96.95,0,,0,94,63,149.21,12,17.0,0
e05b2a5b,524843,MET Salisbury,MET Salisbury,Leicestershire,2014-05-23,2025-06-15,19,7,5,5,15,1*,2.5,33.33,0,0,0,0,0.0,66.67,10.3,19,376,579,17,34.06,9.24,22.12,2/19,0,0,30.59,4,0,0,0,,216,8.81,10,0,0,,60,7.6,2,5,15,33.33,100,11.16,5
9d710afe,37095,DR Flynn,DR Flynn,Northern Districts,2014-01-17,2020-01-12,30,24,5,345,234,58*,18.16,147.44,0,1,27,18,19.23,31.2,5.5,0,0,0,0,,,,,0,0,,7,0,58,34,170.59,0,,0,183,129,141.86,0,,0,104,71,146.48,0,,0
342d8ade,48835,CRD Fernando,CRD Fernando,Mumbai Indians,2008-04-29,2010-04-25,10,2,2,4,3,2*,,133.33,0,0,0,0,0.0,0.0,10.0,10,234,298,17,17.53,7.64,13.76,4/18,1,0,42.31,3,0,0,0,,78,6.69,7,0,0,,72,6.92,5,4,3,133.33,84,9.14,5
478a63e7,595921,C Campher,C Campher,Chattogram Challengers,2023-01-27,2025-05-01,13,11,2,144,110,45*,16.0,130.91,0,0,12,6,16.36,36.36,5.9,11,186,277,10,27.7,8.94,18.6,4/20,1,0,30.11,6,0,14,9,155.56,36,8.83,1,57,68,83.82,114,9.05,6,73,33,221.21,36,8.67,3
7f148ce7,230556,AM McCarthy,AM McCarthy,Jamaica Tallawahs,2016-07-04,2024-02-09,24,22,3,344,292,61*,18.11,117.81,0,2,22,18,13.7,42.47,4.3,2,15,30,0,,12.0,,0/6,0,0,33.33,12,0,37,47,78.72,6,10.0,0,214,197,108.63,9,13.33,0,93,48,193.75,0,,0
d9609443,446101,ST Gabriel,ST Gabriel,St Lucia Zouks,2013-07-30,2018-08-16,23,6,4,4,11,2*,2.0,36.36,0,0,0,0,0.0,63.64,11.0,22,379,511,17,30.06,8.09,22.29,3/19,0,0,43.54,3,0,0,0,,221,8.01,9,0,0,,131,7.37,7,4,11,36.36,27,12.22,1
6e0a2209,698319,B Swanepoel,B Swanepoel,Sunrisers Eastern Cape,2024-01-13,2026-07-12,15,11,0,43,53,11,3.91,81.13,0,0,4,0,7.55,45.28,7.5,15,306,472,15,31.47,9.25,20.4,3/36,0,0,36.93,4,0,0,0,,138,9.61,5,20,24,83.33,102,8.0,5,23,29,79.31,66,10.45,5
e30c9b2d,1027867,L Croospulle,L Croospulle,Galle Titans,2022-12-13,2026-07-22,18,18,1,342,266,80,20.12,128.57,0,1,35,8,16.17,39.1,2.5,1,6,20,0,,20.0,,0/20,0,0,0.0,3,0,200,152,131.58,6,20.0,0,105,83,126.51,0,,0,37,31,119.35,0,,0
978bd738,885743,RA Stevenson,RA Stevenson,Hampshire,2016-06-09,2021-06-15,22,12,6,62,47,17,10.33,131.91,0,0,7,1,17.02,27.66,9.2,22,387,621,14,44.36,9.63,27.64,2/28,0,0,25.84,6,0,0,0,,114,11.11,3,19,12,158.33,154,8.38,3,43,35,122.86,119,9.83,8
6355d428,219416,WA White,WA White,Derbyshire,2014-05-16,2015-07-05,13,8,3,42,43,12*,8.4,97.67,0,0,3,0,6.98,32.56,8.5,13,283,423,15,28.2,8.97,18.87,3/21,0,0,30.74,6,0,0,0,,96,9.75,5,7,5,140.0,90,6.73,3,35,38,92.11,97,10.27,7
d45c29b1,1209126,Ashwani Kumar,Ashwani Kumar,Mumbai Indians,2025-03-31,2026-04-29,10,1,1,1,6,1*,,16.67,0,0,0,0,0.0,83.33,10.0,10,183,334,17,19.65,10.95,10.76,4/24,2,0,31.15,2,0,0,0,,36,11.17,4,0,0,,102,9.24,8,1,6,16.67,45,14.67,5
99c81226,290739,Zia-ul-Haq,Zia-ul-Haq,Texas Super Kings,2016-02-05,2025-07-11,21,2,1,1,2,1*,1.0,50.0,0,0,0,0,0.0,50.0,10.5,20,378,528,17,31.06,8.38,22.24,3/16,0,0,44.18,3,0,0,0,,264,8.16,13,0,0,,78,7.62,2,1,2,50.0,36,11.67,2
84dc72db,1203754,Junaid Siddique,Junaid Siddique (2),Sharjah Warriors,2023-01-14,2025-12-26,20,7,4,21,34,8,7.0,61.76,0,0,2,0,5.88,61.76,9.7,20,313,448,16,28.0,8.59,19.56,2/4,0,0,41.85,1,0,0,0,,150,7.44,7,4,6,66.67,114,9.05,5,17,28,60.71,49,11.02,4
734344b3,1149211,RJ Das,RJ Das,Essex,2020-09-20,2025-07-08,24,22,3,341,226,72,17.95,150.88,0,2,46,8,23.89,36.73,4.3,0,0,0,0,,,,,0,0,,8,0,157,107,146.73,0,,0,160,99,161.62,0,,0,24,20,120.0,0,,0
fa41edde,1012349,Ruyel Miah,Ruyel Miah,Sylhet Strikers,2022-02-09,2026-01-16,17,11,7,20,34,8*,5.0,58.82,0,0,2,0,5.88,61.76,9.9,17,328,491,16,30.69,8.98,20.5,3/32,0,0,35.98,3,0,0,0,,90,7.8,3,1,14,7.14,144,8.46,5,19,20,95.0,94,10.91,8
27296d02,369813,CJ Russell,CJ Russell,Worcestershire,2014-05-23,2016-06-10,10,0,0,0,0,0,,,0,0,0,0,,,,10,218,334,17,19.65,9.19,12.82,4/40,1,0,32.57,6,0,0,0,,84,10.0,6,0,0,,42,7.86,1,0,0,,92,9.07,10
855a210c,333904,AP Tare,AP Tare,Mumbai Indians,2010-03-13,2017-04-22,35,28,4,339,273,59,14.12,124.18,0,1,40,11,18.68,47.62,3.5,0,0,0,0,,,,,0,0,,3,5,226,202,111.88,0,,0,73,45,162.22,0,,0,40,26,153.85,0,,0
c41ba637,637970,HE Dearden,HE Dearden,Leicestershire,2018-08-17,2020-09-20,20,20,3,339,324,61,19.94,104.63,0,1,23,8,9.57,36.11,4.4,0,0,0,0,,,,,0,0,,7,0,76,86,88.37,0,,0,180,167,107.78,0,,0,83,71,116.9,0,,0
a9231c3f,348133,SR Taylor,Steven Ryan Taylor,MI New York,2015-07-18,2025-07-04,33,30,2,318,341,39,11.36,93.26,0,0,29,11,11.73,55.72,2.4,8,126,169,1,169.0,8.05,126.0,1/25,0,0,28.57,9,0,211,244,86.48,24,9.0,0,79,75,105.33,102,7.82,1,28,22,127.27,0,,0
a15aaa7f,8845,TR Ambrose,TR Ambrose,Warwickshire,2014-05-30,2018-08-17,49,23,6,338,315,66*,19.88,107.3,0,1,34,2,11.43,38.73,6.1,0,0,0,0,,,,,0,0,,34,6,64,67,95.52,0,,0,179,170,105.29,0,,0,95,78,121.79,0,,0
e91de70e,210296,OP Rayner,OP Rayner,Middlesex,2014-05-17,2016-08-09,24,16,5,98,109,18,8.91,89.91,0,0,8,1,8.26,41.28,8.1,24,496,647,12,53.92,7.83,41.33,3/23,0,0,25.81,6,0,0,0,,102,7.47,4,36,40,90.0,336,7.5,6,62,69,89.86,58,10.34,2
eec5fe00,959761,ZN Gibson,ZN Gibson,Northern Districts,2019-01-12,2026-01-31,18,6,4,38,36,13*,19.0,105.56,0,0,3,1,11.11,36.11,8.8,15,282,377,15,25.13,8.02,18.8,3/17,0,0,35.46,9,0,0,0,,120,6.75,6,14,11,127.27,102,8.41,5,24,25,96.0,60,9.9,4
fcbd6eb8,1343344,CG Heaphy,CG Heaphy,Central Districts,2023-12-22,2026-01-16,20,19,4,338,317,78,22.53,106.62,0,1,32,5,11.67,40.06,3.0,0,0,0,0,,,,,0,0,,4,0,141,146,96.58,0,,0,145,133,109.02,0,,0,52,38,136.84,0,,0
e5d452d7,922967,Saif Badar,Saif Badar,Los Angeles Knight Riders,2018-02-22,2026-07-18,33,22,2,317,257,54,15.85,123.35,0,1,21,18,15.18,41.25,5.7,5,42,72,1,72.0,10.29,42.0,1/15,0,0,21.43,10,0,77,78,98.72,0,,0,166,130,127.69,30,11.4,0,74,49,151.02,12,7.5,1
4c4a06fb,42321,Nasir Jamshed,Nasir Jamshed,Chittagong Kings,2012-02-12,2016-11-30,13,13,2,334,283,86*,30.36,118.02,0,2,39,7,16.25,41.7,1.7,0,0,0,0,,,,,0,0,,2,0,165,141,117.02,0,,0,153,132,115.91,0,,0,16,10,160.0,0,,0
23dee937,1146763,GP Balderson,GP Balderson,Lancashire,2024-06-14,2026-06-09,8,6,2,114,80,37*,28.5,142.5,0,0,9,2,13.75,22.5,7.5,8,138,212,11,19.27,9.22,12.55,3/31,0,0,25.36,2,0,0,0,,42,10.29,2,49,33,148.48,72,8.25,5,65,47,138.3,24,10.25,4
2d69f222,1441886,CE Bennett,CE Bennett,Essex,2025-07-08,2026-07-15,12,3,2,14,12,14*,14.0,116.67,0,0,2,0,16.67,33.33,10.7,12,203,361,16,22.56,10.67,12.69,3/25,0,0,33.0,2,0,0,0,,108,9.78,7,0,1,0.0,36,9.0,4,14,11,127.27,59,13.32,5
3029e282,288211,Umar Amin,Umar Amin,Peshawar Zalmi,2016-02-04,2021-06-19,21,18,4,332,307,61*,23.71,108.14,0,2,36,4,13.03,39.09,3.3,0,0,0,0,,,,,0,0,,8,0,123,134,91.79,0,,0,189,161,117.39,0,,0,20,12,166.67,0,,0
b4296080,451947,Milind Kumar,Milind Kumar,Texas Super Kings,2023-07-13,2026-06-27,24,23,4,331,294,52,17.42,112.59,0,1,21,13,11.56,36.73,4.9,2,11,22,0,,12.0,,0/10,0,0,27.27,5,0,46,50,92.0,0,,0,233,205,113.66,6,12.0,0,52,39,133.33,5,12.0,0
626c5379,33870,R Sathish,R Sathish,Mumbai Indians,2010-03-13,2016-05-25,34,25,8,270,231,27*,15.88,116.88,0,0,22,6,12.12,37.66,6.1,14,139,232,3,77.33,10.01,46.33,1/11,0,0,21.58,6,0,0,7,0.0,0,,0,106,106,100.0,114,8.11,3,164,118,138.98,25,18.72,0
ba158afd,433614,Zahid Mahmood,Zahid Mahmood,Karachi Kings,2020-03-07,2026-04-25,18,7,4,30,45,19*,10.0,66.67,0,0,2,0,4.44,53.33,9.6,18,389,549,15,36.6,8.47,25.93,2/17,0,0,29.82,1,0,0,0,,24,12.25,1,0,0,,329,8.22,11,30,45,66.67,36,8.17,3
af5b6464,1342547,N Bidaisee,N Bidaisee,St Kitts and Nevis Patriots,2025-08-19,2026-09-10,15,11,2,150,141,50,16.67,106.38,0,1,7,8,10.64,41.84,6.9,13,192,247,9,27.44,7.72,21.33,2/20,0,0,33.33,4,0,7,12,58.33,6,20.0,0,48,69,69.57,162,7.3,9,95,60,158.33,24,7.5,0
f892fcf9,698143,L Sipamla,L Sipamla,Joburg Super Kings,2025-01-11,2026-07-11,13,2,1,8,9,8*,8.0,88.89,0,0,1,0,11.11,66.67,10.0,13,259,379,16,23.69,8.78,16.19,3/13,0,0,35.52,3,0,0,0,,162,7.96,12,0,0,,42,9.29,3,8,9,88.89,55,10.8,1
24d94623,422992,Ankit Sharma,Ankit Sharma,Deccan Chargers,2012-04-07,2018-05-11,22,10,3,87,67,30,12.43,129.85,0,0,7,4,16.42,40.3,7.9,21,367,450,12,37.5,7.36,30.58,2/20,0,0,37.33,4,0,27,23,117.39,144,6.33,6,12,10,120.0,198,7.55,6,48,34,141.18,25,11.76,0
5d096f3d,32391,RR Powar,RR Powar,Kings XI Punjab,2008-05-17,2012-05-08,27,10,7,67,64,28*,22.33,104.69,0,0,6,1,10.94,42.19,9.1,26,426,527,13,40.54,7.42,32.77,2/11,0,0,38.97,5,0,0,0,,132,7.68,4,0,4,0.0,270,7.18,7,67,60,111.67,24,8.75,2
a22fb7b5,6973,PM Nevill,PM Nevill,Melbourne Renegades,2011-12-21,2021-12-05,43,31,9,325,316,33,14.77,102.85,0,0,28,2,9.49,39.24,5.8,0,0,0,0,,,,,0,0,,14,7,59,51,115.69,0,,0,136,153,88.89,0,,0,130,112,116.07,0,,0
2ecd844a,1000791,BJ Currie,BJ Currie,Sussex,2023-06-16,2026-05-22,18,4,4,5,14,3*,,35.71,0,0,0,0,0.0,64.29,11.0,18,294,431,16,26.94,8.8,18.38,3/27,0,0,37.07,7,0,0,0,,234,8.18,12,0,0,,36,13.5,2,5,14,35.71,24,7.75,2
a38e7be7,1194744,S Daniel,S Daniel,Dambulla Aura,2022-12-07,2024-07-03,16,16,0,324,285,80,20.25,113.68,0,1,31,13,15.44,49.47,1.5,0,0,0,0,,,,,0,0,,8,0,213,197,108.12,0,,0,82,75,109.33,0,,0,29,13,223.08,0,,0
6232e1ed,348037,GJ McCarter,GJ McCarter,Gloucestershire,2014-05-23,2014-07-20,12,3,2,24,11,16*,24.0,218.18,0,0,3,1,36.36,27.27,9.3,10,204,312,15,20.8,9.18,13.6,5/35,0,1,29.41,6,0,0,0,,72,10.58,4,16,5,320.0,60,7.8,5,8,6,133.33,72,8.92,6
3a0f6df2,43871,Zulfiqar Babar,Zulfiqar Babar,Quetta Gladiators,2016-02-04,2017-03-05,18,6,3,23,17,20*,7.67,135.29,0,0,1,1,11.76,17.65,10.3,18,432,499,15,33.27,6.93,28.8,2/17,0,0,40.28,7,0,0,0,,186,6.9,6,15,6,250.0,174,6.76,4,8,11,72.73,72,7.42,5
b5a12740,1393948,M Beardman,M Beardman,Perth Scorchers,2025-01-13,2026-01-25,13,2,1,2,6,2,2.0,33.33,0,0,0,0,0.0,66.67,11.0,13,246,327,16,20.44,7.98,15.38,3/17,0,0,41.87,4,0,0,0,,72,8.92,2,0,0,,120,7.65,7,2,6,33.33,54,7.44,7
7a490dec,440894,C le Roux,C le Roux,San Francisco Unicorns,2023-07-14,2026-07-15,19,5,2,21,24,20*,7.0,87.5,0,0,1,1,8.33,45.83,10.6,19,375,567,15,37.8,9.07,25.0,2/14,0,0,36.0,2,0,0,0,,232,8.95,9,15,15,100.0,126,9.29,5,6,9,66.67,17,9.18,1
f146c339,989749,SM Meherob,SM Meherob,Rajshahi Warriors,2024-01-29,2026-01-23,19,14,2,100,120,28,8.33,83.33,0,0,10,1,9.17,50.0,5.9,14,214,259,11,23.55,7.26,19.45,4/15,1,0,43.93,11,0,4,7,57.14,66,6.64,4,69,84,82.14,118,7.83,3,27,29,93.1,30,6.4,4
ec33b21a,876675,JW Shutt,JW Shutt,Yorkshire,2019-07-25,2022-06-17,13,4,3,0,2,0*,0.0,0.0,0,0,0,0,0.0,100.0,11.0,13,252,327,16,20.44,7.79,15.75,5/11,1,1,26.98,3,0,0,0,,0,,0,0,0,,222,7.92,12,0,2,0.0,30,6.8,4
ea0cdc12,268739,BAW Mendis,BAW Mendis,Kolkata Knight Riders,2008-05-25,2016-02-17,18,6,1,19,22,8,3.8,86.36,0,0,3,0,13.64,59.09,9.7,18,408,495,15,33.0,7.28,27.2,3/17,0,0,32.84,3,0,0,0,,90,5.87,3,0,0,,234,7.28,7,19,22,86.36,84,8.79,5
54bd6664,1413431,H Johal,H Johal,Auckland,2025-12-29,2026-01-30,9,3,0,19,22,9,6.33,86.36,0,0,1,0,4.55,45.45,9.3,9,186,257,15,17.13,8.29,12.4,4/21,1,0,34.41,1,0,0,0,,72,10.5,1,2,4,50.0,42,7.14,4,17,18,94.44,72,6.75,10
c8f5f961,1123073,Anuj Rawat,Anuj Rawat,Royal Challengers Bangalore,2021-05-02,2024-04-15,24,21,5,318,267,66,19.88,119.1,0,1,26,14,14.98,42.7,4.5,0,0,0,0,,,,,0,0,,16,0,83,88,94.32,0,,0,93,98,94.9,0,,0,142,81,175.31,0,,0
97188292,316730,JR Dean,JR Dean,Adelaide Strikers,2013-12-22,2018-02-04,22,19,3,317,237,54*,19.81,133.76,0,1,19,24,18.14,47.26,3.7,0,0,0,0,,,,,0,0,,5,0,126,101,124.75,0,,0,124,101,122.77,0,,0,67,35,191.43,0,,0
a3b0600d,1409976,Aniket Verma,Aniket Verma,Sunrisers Hyderabad,2025-03-23,2026-05-03,24,20,5,315,196,74,21.0,160.71,0,1,18,25,21.94,36.73,5.8,0,0,0,0,,,,,0,0,,11,0,17,16,106.25,0,,0,155,103,150.49,0,,0,143,77,185.71,0,,0
462d7c62,327947,D Paterson,D Paterson,Nottinghamshire,2021-06-09,2022-06-21,11,6,3,15,19,6,5.0,78.95,0,0,2,0,10.53,52.63,11.0,11,168,284,15,18.93,10.14,11.2,3/22,0,0,33.93,1,0,0,0,,72,9.42,4,3,5,60.0,36,9.0,6,12,14,85.71,60,11.7,5
2b8f219a,1209196,KSA McKenzie,KSA McKenzie,Jamaica Tallawahs,2021-09-05,2026-09-16,23,23,1,314,307,69,14.27,102.28,0,1,30,14,14.33,55.05,2.4,0,0,0,0,,,,,0,0,,4,0,242,229,105.68,0,,0,61,74,82.43,0,,0,11,4,275.0,0,,0
7ec9711d,437438,P Subrayen,P Subrayen,Durban's Super Giants,2023-01-11,2026-01-19,16,6,3,14,22,6*,4.67,63.64,0,0,0,0,0.0,45.45,9.3,15,275,342,15,22.8,7.46,18.33,3/14,0,0,35.27,3,0,0,0,,132,6.73,8,5,9,55.56,136,7.99,6,9,13,69.23,7,11.14,1
2223b920,354441,KHD Barker,KHD Barker,Warwickshire,2014-05-30,2017-08-04,12,8,1,54,45,35,7.71,120.0,0,0,4,2,13.33,33.33,7.9,12,239,325,13,25.0,8.16,18.38,3/33,0,0,39.75,4,0,0,0,,114,7.11,4,36,23,156.52,60,9.3,2,18,22,81.82,65,8.95,7
6fb2d3a2,1211816,SB Keene,SB Keene,Auckland,2024-12-29,2025-12-29,10,10,0,214,130,81,21.4,164.62,0,1,23,12,26.92,40.77,3.3,8,126,173,5,34.6,8.24,25.2,2/24,0,0,33.33,4,0,150,99,151.52,83,7.88,3,59,25,236.0,42,8.29,2,5,6,83.33,1,36.0,0
33b3d2df,1099379,GJ Delany,GJ Delany,Leicestershire,2020-08-29,2020-10-01,9,9,0,193,138,68,21.44,139.86,0,2,20,9,21.01,44.2,1.9,8,102,148,6,24.67,8.71,17.0,2/26,0,0,26.47,1,0,107,87,122.99,6,17.0,1,86,51,168.63,84,8.29,3,0,0,,12,7.5,2
afe57f7a,55870,SC Williams,SC Williams,St Lucia Kings,2023-08-16,2024-02-17,17,15,3,212,178,47,17.67,119.1,0,0,17,8,14.04,42.13,4.7,5,78,132,5,26.4,10.15,15.6,3/46,0,0,28.21,5,0,31,51,60.78,12,16.5,1,125,95,131.58,48,7.12,3,56,32,175.0,18,14.0,1
0480aba6,55882,Enamul Haque jnr,Enamul Haque jnr,Chittagong Kings,2012-02-12,2019-12-12,17,6,1,12,21,3*,2.4,57.14,0,0,0,0,0.0,57.14,10.5,17,300,314,15,20.93,6.28,20.0,3/14,0,0,38.67,2,0,0,0,,12,12.0,0,0,0,,282,6.13,14,12,21,57.14,6,2.0,1
db767b89,51436,TL Best,TL Best,St Lucia Zouks,2013-07-30,2017-08-12,21,9,4,30,35,11,6.0,85.71,0,0,4,0,11.43,54.29,10.7,21,408,604,14,43.14,8.88,29.14,2/36,0,0,37.01,3,0,0,0,,156,8.38,1,8,7,114.29,148,9.12,6,22,28,78.57,104,9.29,7
d83a3bdc,559440,TJ Lester,TJ Lester,Lancashire,2018-07-06,2019-07-21,12,4,2,8,9,7*,4.0,88.89,0,0,0,0,0.0,44.44,9.2,12,238,350,15,23.33,8.82,15.87,4/25,1,0,43.28,3,0,0,0,,174,8.0,10,7,4,175.0,12,11.5,0,1,5,20.0,52,10.96,5
5456bd0c,334388,LN O'Connor,LN O'Connor,Adelaide Strikers,2016-12-21,2021-01-29,23,7,3,7,24,2,1.75,29.17,0,0,0,0,0.0,70.83,10.6,23,456,586,15,39.07,7.71,30.4,3/30,0,0,27.63,8,0,0,0,,60,8.1,0,2,4,50.0,360,7.45,15,5,20,25.0,36,9.67,0
5691931a,1171127,Haseebullah Khan,Haseebullah Khan,Peshawar Zalmi,2023-03-01,2026-04-25,25,18,2,307,255,50,19.19,120.39,0,1,29,10,15.29,40.0,4.6,0,0,0,0,,,,,0,0,,21,3,57,41,139.02,0,,0,172,159,108.18,0,,0,78,55,141.82,0,,0
214f6461,1114952,GCH Hill,GCH Hill,Yorkshire,2020-08-30,2026-07-15,25,15,4,147,155,19*,13.36,94.84,0,0,12,3,9.68,44.52,6.1,16,213,304,8,38.0,8.56,26.62,2/12,0,0,29.11,9,0,15,22,68.18,72,8.33,6,76,80,95.0,96,8.44,1,56,53,105.66,45,9.2,1
280fff14,1340422,Sakib Hussain,Sakib Hussain,Sunrisers Hyderabad,2026-04-13,2026-05-27,11,1,1,5,7,5*,,71.43,0,0,1,0,14.29,71.43,11.0,11,252,397,15,26.47,9.45,16.8,4/24,1,0,34.13,1,0,0,0,,60,11.0,3,0,0,,114,9.0,5,5,7,71.43,78,8.92,7
94253925,452044,GH Vihari,GH Vihari,Sunrisers Hyderabad,2013-04-05,2019-04-01,24,23,3,284,321,46,14.2,88.47,0,0,23,1,7.48,42.37,4.6,6,42,47,1,47.0,6.71,42.0,1/5,0,0,40.48,6,0,59,90,65.56,24,8.25,1,145,161,90.06,18,4.67,0,80,70,114.29,0,,0
7050a1e7,328163,DB Das,DB Das,Kolkata Knight Riders,2008-04-29,2013-05-15,31,22,8,304,261,35*,21.71,116.48,0,0,23,16,14.94,45.21,5.7,0,0,0,0,,,,,0,0,,7,0,58,53,109.43,0,,0,129,111,116.22,0,,0,117,97,120.62,0,,0
57bd3ecc,384518,Hammad Azam,Hammad Azam,San Francisco Unicorns,2015-11-30,2026-07-16,38,30,8,303,283,40,13.77,107.07,0,0,22,9,10.95,39.93,6.4,6,61,111,0,,10.92,,0/8,0,0,19.67,8,0,6,11,54.55,12,12.5,0,139,161,86.34,36,10.67,0,158,111,142.34,13,10.15,0
fd8a9b23,570262,GH Rhodes,GH Rhodes,Worcestershire,2016-06-10,2020-09-18,20,15,6,103,103,30*,11.44,100.0,0,0,7,0,6.8,33.98,7.7,11,114,164,10,16.4,8.63,11.4,4/13,1,0,22.81,8,0,0,0,,6,19.0,0,44,45,97.78,96,8.81,6,59,58,101.72,12,2.0,4
f2e28b0c,1260859,GW Thomas,GW Thomas,Sussex,2024-07-12,2026-07-12,13,13,0,303,219,57,23.31,138.36,0,1,33,11,20.09,38.81,2.2,0,0,0,0,,,,,0,0,,3,0,224,149,150.34,0,,0,79,70,112.86,0,,0,0,0,,0,,0
8361e524,379776,SSB Magala,SSB Magala,Sunrisers Eastern Cape,2023-01-12,2023-04-12,14,3,3,2,5,1*,,40.0,0,0,0,0,0.0,60.0,10.7,13,268,387,15,25.8,8.66,17.87,2/22,0,0,31.72,3,0,0,0,,120,7.75,7,0,0,,42,7.29,3,2,5,40.0,106,10.25,5
dcdb87f2,937953,Bilal Khan,Bilal Khan,Chattogram Challengers,2024-01-19,2024-02-26,13,4,1,2,5,1*,0.67,40.0,0,0,0,0,0.0,60.0,10.8,13,296,391,15,26.07,7.93,19.73,3/24,0,0,42.91,2,0,0,0,,132,6.27,6,0,0,,54,7.56,3,2,5,40.0,110,10.09,6
4353bba5,224367,YA Abdulla,YA Abdulla,Kings XI Punjab,2009-04-19,2010-03-16,11,1,1,0,1,0*,,0.0,0,0,0,0,0.0,100.0,11.0,11,209,307,15,20.47,8.81,13.93,4/31,2,0,42.11,0,0,0,0,,84,7.36,7,0,0,,66,8.18,2,0,1,0.0,59,11.59,6
390c914c,932763,Shafiqul Islam,Shafiqul Islam,Fortune Barishal,2022-01-24,2024-02-23,14,2,1,0,0,0*,0.0,,0,0,0,0,,,11.0,14,294,381,15,25.4,7.78,19.6,2/16,0,0,40.48,3,0,0,0,,156,7.35,5,0,0,,30,7.4,2,0,0,,108,8.5,8
1afcbb60,1276982,Musfik Hasan,Musfik Hasan,Comilla Victorians,2024-01-19,2026-01-18,10,0,0,0,0,0,,,0,0,0,0,,,,10,183,302,15,20.13,9.9,12.2,3/18,0,0,38.25,3,0,0,0,,24,15.0,0,0,0,,84,8.43,6,0,0,,75,9.92,9
fa92fc48,51244,GR Breese,GR Breese,Durham,2014-05-16,2014-07-25,12,7,3,58,54,30*,14.5,107.41,0,0,6,2,14.81,48.15,8.3,11,206,213,12,17.75,6.2,17.17,3/19,0,0,33.01,2,0,0,0,,12,8.5,0,7,13,53.85,168,5.54,10,51,41,124.39,26,9.46,2
e0557f7f,51300,DE Bernard,DE Bernard,Jamaica Tallawahs,2013-08-02,2014-08-14,16,7,0,57,60,24,8.14,95.0,0,0,4,3,11.67,56.67,7.3,16,258,281,12,23.42,6.53,21.5,3/19,0,0,48.45,3,0,0,0,,204,6.74,10,41,46,89.13,54,5.78,2,16,14,114.29,0,,0
abae26ad,990147,Akbar Ali,Mohammad Akbar Ali,Durbar Rajshahi,2022-02-01,2026-01-20,31,25,8,297,263,48,17.47,112.93,0,0,20,15,13.31,46.39,6.2,0,0,0,0,,,,,0,0,,20,2,37,38,97.37,0,,0,164,148,110.81,0,,0,96,77,124.68,0,,0
7b679de5,1459392,Kartik Sharma,Kartik Sharma,Chennai Super Kings,2026-03-30,2026-05-21,11,11,2,295,216,71,32.78,136.57,0,2,24,16,18.52,38.89,4.9,0,0,0,0,,,,,0,0,,1,0,31,23,134.78,0,,0,187,149,125.5,0,,0,77,44,175.0,0,,0
7a80ddf2,341593,D Bishoo,D Bishoo,Guyana Amazon Warriors,2013-08-13,2018-09-09,12,4,4,15,14,8*,,107.14,0,0,1,0,7.14,28.57,10.2,12,245,293,14,20.93,7.18,17.5,4/24,1,0,37.14,3,0,0,0,,6,17.0,0,0,0,,192,6.69,7,15,14,107.14,47,7.91,7
90d6cdea,486672,TB de Bruyn,TB de Bruyn,Pretoria Capitals,2023-01-12,2024-02-03,17,17,1,295,255,53,18.44,115.69,0,1,23,11,13.33,40.78,3.6,0,0,0,0,,,,,0,0,,1,0,104,108,96.3,0,,0,156,118,132.2,0,,0,35,29,120.69,0,,0
8f9c5014,1260072,AC Lenham,AC Lenham,Sussex,2021-06-11,2024-06-21,24,6,5,15,34,7*,15.0,44.12,0,0,0,0,0.0,58.82,9.8,23,366,501,14,35.79,8.21,26.14,4/26,1,0,23.5,5,0,0,0,,6,2.0,1,0,0,,342,8.49,11,15,34,44.12,18,5.0,2
541f85c9,302579,SP Goswami,SP Goswami,Rajasthan Royals,2008-05-19,2020-11-08,31,21,1,293,295,52,14.65,99.32,0,1,32,3,11.86,44.75,3.1,0,0,0,0,,,,,0,0,,17,7,163,167,97.6,0,,0,104,106,98.11,0,,0,26,22,118.18,0,,0
0890552f,778963,A Manohar,A Manohar,Gujarat Titans,2022-03-28,2025-05-25,27,20,1,292,235,43,15.37,124.26,0,0,23,14,15.74,38.72,5.9,0,0,0,0,,,,,0,0,,16,0,12,18,66.67,0,,0,132,123,107.32,0,,0,148,94,157.45,0,,0
da13a0fc,366580,LW Feldman,LW Feldman,Sydney Sixers,2012-12-08,2015-12-29,12,2,1,12,10,12*,12.0,120.0,0,0,0,1,10.0,50.0,10.0,12,254,316,14,22.57,7.46,18.14,2/19,0,0,42.52,2,0,0,0,,60,7.6,3,0,0,,162,6.78,9,12,10,120.0,32,10.69,2
24f6e254,1209191,JM James,JM James,Antigua and Barbuda Falcons,2021-09-01,2026-09-08,12,6,3,32,26,15,10.67,123.08,0,0,3,2,19.23,50.0,9.0,11,144,177,13,13.62,7.38,11.08,3/18,0,0,40.28,4,0,0,0,,18,9.0,4,13,17,76.47,72,6.75,6,19,9,211.11,54,7.67,3
ec72efc5,549947,Al-Amin,Al-Amin,Rangpur Rangers,2015-11-23,2023-01-14,28,23,4,232,213,35,12.21,108.92,0,0,22,7,13.62,44.13,5.7,12,114,183,3,61.0,9.63,38.0,1/7,0,0,30.7,9,0,59,49,120.41,48,8.38,2,90,99,90.91,66,10.55,1,83,65,127.69,0,,0
6bb9e53b,1410574,Arif Yaqoob,Arif Yaqoob,Peshawar Zalmi,2024-02-23,2025-05-17,9,3,3,11,9,9*,,122.22,0,0,0,1,11.11,33.33,10.0,9,180,233,14,16.64,7.77,12.86,5/27,0,1,33.33,0,0,0,0,,0,,0,0,0,,156,7.85,5,11,9,122.22,24,7.25,9
f32d890a,277390,PJ Malan,PJ Malan,Middlesex,2021-06-13,2023-06-08,11,11,0,290,217,80,26.36,133.64,0,2,28,10,17.51,34.1,2.8,0,0,0,0,,,,,0,0,,5,0,158,128,123.44,0,,0,111,76,146.05,0,,0,21,13,161.54,0,,0
195fb6db,783423,Imran Khan (1),Imran Khan (1),Chittagong Vikings,2016-02-17,2018-03-08,12,4,3,9,12,5*,9.0,75.0,0,0,1,0,8.33,50.0,9.5,12,272,328,14,23.43,7.24,19.43,2/16,0,0,30.15,5,0,0,0,,42,5.29,2,0,4,0.0,114,7.26,4,9,8,112.5,116,7.91,8
b7b09ba5,1342699,S Descarte,S Descarte,St Lucia Kings,2023-08-17,2026-09-16,17,14,0,209,172,56,14.93,121.51,0,1,18,10,16.28,47.09,5.4,11,132,180,4,45.0,8.18,33.0,1/11,0,0,35.61,9,0,21,18,116.67,0,,0,150,121,123.97,90,8.0,3,38,33,115.15,42,8.57,1
69e23303,989935,Shahadat Hossain,Shahadat Hossain Dipu,Chattogram Challengers,2024-01-19,2026-01-11,17,16,3,289,272,57*,22.23,106.25,0,2,31,6,13.6,42.65,3.8,0,0,0,0,,,,,0,0,,3,0,87,77,112.99,0,,0,161,168,95.83,0,,0,41,27,151.85,0,,0
e855546b,1095899,WEL Buttleman,WEL Buttleman,Essex,2021-06-11,2023-06-23,21,20,4,289,237,56*,18.06,121.94,0,1,41,7,20.25,48.1,3.1,0,0,0,0,,,,,0,0,,7,1,181,154,117.53,0,,0,52,54,96.3,0,,0,56,29,193.1,0,,0
4c4fa80b,273439,SMSM Senanayake,SMSM Senanayake,Kolkata Knight Riders,2013-01-07,2016-11-17,15,8,4,47,51,14*,11.75,92.16,0,0,2,1,5.88,41.18,8.2,15,342,374,12,31.17,6.56,28.5,2/26,0,0,42.4,5,0,0,0,,192,5.53,4,3,5,60.0,126,7.81,6,44,46,95.65,24,8.25,2
9d0344f3,1281546,Akif Raja,Akif Raja,Dubai Capitals,2023-01-13,2025-01-17,22,4,1,6,14,3,2.0,42.86,0,0,0,0,0.0,64.29,10.2,19,287,418,14,29.86,8.74,20.5,2/20,0,0,27.18,1,0,0,0,,72,10.17,4,1,3,33.33,181,8.15,8,5,11,45.45,34,8.82,2
2049f3a0,34245,SJ Srivastava,SJ Srivastava,Kings XI Punjab,2010-03-19,2011-05-17,14,4,3,5,5,3*,5.0,100.0,0,0,0,0,0.0,20.0,10.5,14,282,441,14,31.5,9.38,20.14,2/20,0,0,36.52,3,0,0,0,,132,9.5,5,0,0,,96,9.0,4,5,5,100.0,54,9.78,5
50636767,825211,RJ Gibson,RJ Gibson,Adelaide Strikers,2016-12-20,2023-01-24,29,25,6,285,272,53,15.0,104.78,0,1,23,5,10.29,41.91,4.7,1,6,10,0,,10.0,,0/10,0,0,16.67,13,0,80,86,93.02,0,,0,106,109,97.25,0,,0,99,77,128.57,6,10.0,0
92780e2f,914455,JU Goolie,JU Goolie,St Kitts and Nevis Patriots,2023-08-26,2026-09-11,19,17,6,145,154,24*,13.18,94.16,0,0,11,3,9.09,44.16,5.5,9,132,173,7,24.71,7.86,18.86,3/20,0,0,38.64,12,0,8,12,66.67,18,8.0,1,56,79,70.89,108,7.94,6,81,63,128.57,6,6.0,0
353de846,1318252,FW McCann,FW McCann,Nottinghamshire,2024-07-19,2026-07-12,21,20,3,264,211,48,15.53,125.12,0,0,27,10,17.54,44.55,4.2,5,54,56,1,56.0,6.22,54.0,1/3,0,0,35.19,10,0,111,80,138.75,0,,0,133,119,111.76,48,5.75,1,20,12,166.67,6,10.0,0
ece7b6b3,1216167,PP Hinge,PP Hinge,Sunrisers Hyderabad,2026-04-13,2026-05-27,7,2,1,3,9,3,3.0,33.33,0,0,0,0,0.0,77.78,10.0,7,156,305,14,21.79,11.73,11.14,4/34,1,0,38.46,3,0,0,0,,66,11.45,6,3,8,37.5,36,14.0,3,0,1,0.0,54,10.56,5
59ea70a4,961407,HT Tector,HT Tector,Sylhet Strikers,2022-09-01,2024-02-17,11,10,2,203,187,61,25.38,108.56,0,1,16,6,11.76,39.57,2.6,5,78,98,4,24.5,7.54,19.5,2/24,0,0,32.05,6,0,55,58,94.83,24,8.25,0,89,89,100.0,48,6.38,4,59,40,147.5,6,14.0,0
133bbd61,1515046,Brijesh Sharma,Brijesh Sharma,Rajasthan Royals,2026-03-30,2026-05-29,13,2,2,2,4,1*,,50.0,0,0,0,0,0.0,50.0,10.5,13,273,450,14,32.14,9.89,19.5,2/18,0,0,30.77,1,0,0,0,,72,10.92,1,0,0,,108,8.61,5,2,4,50.0,93,10.58,8
de8cce37,30750,VVS Laxman,VVS Laxman,Deccan Chargers,2008-04-20,2011-04-24,20,20,2,282,267,52,15.67,105.62,0,1,33,5,14.23,44.57,2.5,0,0,0,0,,,,,0,0,,4,0,187,188,99.47,0,,0,92,73,126.03,0,,0,3,6,50.0,0,,0
5673a3fc,37749,NL McCullum,NL McCullum,St Lucia Zouks,2011-04-25,2016-02-23,13,13,5,82,74,20,10.25,110.81,0,0,5,2,9.46,39.19,7.5,12,216,262,10,26.2,7.28,21.6,4/22,1,0,37.96,3,0,0,0,,84,8.29,2,25,18,138.89,114,6.63,6,57,56,101.79,18,6.67,2
2e78f685,1163695,KR Sen,KR Sen,Rajasthan Royals,2022-04-10,2024-04-16,12,1,1,0,3,0*,,0.0,0,0,0,0,0.0,100.0,11.0,12,241,387,14,27.64,9.63,17.21,4/20,1,0,34.44,4,0,0,0,,42,8.71,2,0,0,,138,8.26,8,0,3,0.0,61,13.38,4
5451a2c1,27685,B Chipli,B Chipli,Deccan Chargers,2008-04-28,2013-05-19,23,21,6,280,251,61*,18.67,111.55,0,1,28,7,13.94,41.83,4.3,1,6,20,0,,20.0,,0/20,0,0,16.67,3,0,55,76,72.37,0,,0,125,119,105.04,6,20.0,0,100,56,178.57,0,,0
431f8af4,824159,Tayyab Tahir,Tayyab Tahir,Multan Sultans,2023-02-26,2025-05-18,14,11,2,280,193,65,31.11,145.08,0,1,30,9,20.21,32.12,3.6,0,0,0,0,,,,,0,0,,9,0,75,54,138.89,0,,0,171,116,147.41,0,,0,34,23,147.83,0,,0
e3f143c1,457234,KJ Cottoy,KJ Cottoy,St Kitts and Nevis Patriots,2015-07-10,2021-09-08,11,10,6,120,104,27*,30.0,115.38,0,0,9,5,13.46,41.35,7.0,5,96,99,8,12.38,6.19,12.0,4/18,1,0,38.54,7,0,14,16,87.5,12,9.5,0,23,25,92.0,72,5.58,7,83,63,131.75,12,6.5,1
eab61ead,767223,ORT Sale,ORT Sale,Somerset,2016-07-29,2020-09-20,10,5,3,20,19,14*,10.0,105.26,0,0,0,1,5.26,31.58,9.8,10,196,341,13,26.23,10.44,15.08,3/32,0,0,32.14,3,0,0,0,,84,9.5,5,1,1,100.0,34,12.71,2,19,18,105.56,78,10.46,6
dbe38f35,1194775,Amshi de Silva,Amshi de Silva,Texas Super Kings,2026-06-18,2026-07-12,10,6,1,19,12,9*,3.8,158.33,0,0,2,1,25.0,50.0,10.0,10,211,306,13,23.54,8.7,16.23,4/28,1,0,36.02,4,0,0,0,,66,9.64,4,0,0,,84,7.5,4,19,12,158.33,61,9.34,5
0dbe27b8,595419,BD Glover,BD Glover,Northamptonshire,2020-08-29,2023-06-30,21,6,6,19,21,9*,,90.48,0,0,2,0,9.52,42.86,10.7,20,314,541,13,41.62,10.34,24.15,2/32,0,0,32.48,4,0,0,0,,114,12.37,4,0,0,,120,9.7,4,19,21,90.48,80,8.4,5
7fa2ab1f,353431,RML Taylor,RML Taylor,Leicestershire,2014-05-16,2016-07-17,19,12,5,59,52,20,8.43,113.46,0,0,1,3,7.69,36.54,7.2,18,325,538,11,48.91,9.93,29.55,2/32,0,0,27.08,11,0,0,0,,108,9.39,5,3,6,50.0,144,9.33,2,56,46,121.74,73,11.92,4
f048bb41,439288,JM Mennie,JM Mennie,Hobart Hurricanes,2012-12-09,2020-01-12,16,7,1,18,36,5,3.0,50.0,0,0,0,0,0.0,52.78,9.1,16,270,445,13,34.23,9.89,20.77,3/20,0,0,29.26,4,0,0,0,,156,10.15,3,10,24,41.67,36,7.67,3,8,12,66.67,78,10.38,7
dd98b22f,549950,Munim Shahriar,Munim Shahriar,Fortune Barishal,2022-02-01,2026-01-16,17,16,0,277,230,52,17.31,120.43,0,2,28,14,18.26,50.0,2.2,0,0,0,0,,,,,0,0,,3,0,189,157,120.38,0,,0,88,72,122.22,0,,0,0,1,0.0,0,,0
9f961c14,29976,Joginder Sharma,Joginder Sharma,Chennai Super Kings,2008-04-19,2011-04-22,16,6,2,36,30,16*,9.0,120.0,0,0,1,2,10.0,33.33,8.3,15,256,419,12,34.92,9.82,21.33,2/27,0,0,27.73,5,0,0,0,,24,12.0,0,0,2,0.0,180,8.87,10,36,28,128.57,52,12.12,2
2af1b6d2,228430,AN Ahmed,AN Ahmed,Mumbai Indians,2010-04-06,2015-04-19,17,6,5,36,26,18*,36.0,138.46,0,0,4,1,19.23,38.46,9.0,17,344,498,12,41.5,8.69,28.67,2/13,0,0,34.88,2,0,0,0,,138,7.52,3,0,0,,114,7.84,3,36,26,138.46,92,11.48,6
b67bfaae,252940,GE Mathurin,GE Mathurin,Jamaica Tallawahs,2013-07-30,2017-08-26,22,6,5,16,16,12*,16.0,100.0,0,0,1,0,6.25,37.5,9.7,16,316,374,13,28.77,7.1,24.31,2/24,0,0,38.29,1,0,0,0,,126,6.81,6,0,0,,172,7.19,7,16,16,100.0,18,8.33,0
e3434f95,648439,AM Ali,AM Ali,Leicestershire,2015-07-10,2019-08-25,22,16,2,196,180,35*,14.0,108.89,0,0,9,5,7.78,28.33,5.9,4,72,93,4,23.25,7.75,18.0,2/22,0,0,30.56,5,0,9,8,112.5,48,8.75,2,82,88,93.18,18,4.0,2,105,84,125.0,6,11.0,0
6c3dd24e,1252163,CJ Briggs,CJ Briggs,Auckland,2021-12-17,2024-01-20,18,18,1,276,251,50,16.24,109.96,0,1,22,10,12.75,43.82,3.3,0,0,0,0,,,,,0,0,,6,0,147,136,108.09,0,,0,113,95,118.95,0,,0,16,20,80.0,0,,0
5bcd48df,269111,GR Hay,GR Hay,Central Districts,2021-11-28,2023-01-05,11,11,0,275,232,76,25.0,118.53,0,3,28,5,14.22,39.22,1.5,0,0,0,0,,,,,0,0,,5,0,142,135,105.19,0,,0,92,74,124.32,0,,0,41,23,178.26,0,,0
107c26fb,1294342,KT Maphaka,KT Maphaka,Paarl Royals,2024-03-27,2026-01-17,20,7,6,34,39,22*,34.0,87.18,0,0,3,2,12.82,61.54,10.0,19,368,644,12,53.67,10.5,30.67,2/22,0,0,34.51,5,0,0,0,,162,8.85,4,2,6,33.33,78,10.92,1,32,33,96.97,128,12.33,7
f54c8804,326460,RGL Carters,RGL Carters,Sydney Thunder,2012-12-08,2016-12-27,28,25,8,274,270,35*,16.12,101.48,0,0,14,6,7.41,36.67,6.2,0,0,0,0,,,,,0,0,,26,2,6,9,66.67,0,,0,113,139,81.29,0,,0,155,122,127.05,0,,0
bb965e9a,1070180,PK Garg,PK Garg,Sunrisers Hyderabad,2020-09-21,2023-05-02,23,19,1,273,241,51*,15.17,113.28,0,1,16,9,10.37,36.51,4.2,0,0,0,0,,,,,0,0,,9,0,51,51,100.0,0,,0,157,150,104.67,0,,0,65,40,162.5,0,,0
25228673,1216159,Harsh Dubey,Harsh Dubey,Sunrisers Hyderabad,2025-05-19,2026-05-06,11,5,3,13,9,9*,6.5,144.44,0,0,2,0,22.22,33.33,8.0,11,192,326,13,25.08,10.19,14.77,3/12,0,0,28.12,4,0,0,0,,54,10.56,1,0,0,,108,10.5,7,13,9,144.44,30,8.4,5
3c34c9e1,1393951,S Konstas,S Konstas,Sydney Thunder,2024-12-17,2026-01-16,14,14,0,273,232,63,19.5,117.67,0,3,31,6,15.95,41.38,1.8,0,0,0,0,,,,,0,0,,4,0,187,137,136.5,0,,0,81,91,89.01,0,,0,5,4,125.0,0,,0
151c258b,1152716,J Glen,J Glen,St Lucia Zouks,2019-09-13,2020-09-10,13,11,3,133,111,34*,16.62,119.82,0,0,9,9,16.22,51.35,6.9,5,60,59,7,8.43,5.9,8.57,3/16,0,0,40.0,2,0,3,6,50.0,0,,0,58,51,113.73,48,6.38,4,72,54,133.33,12,4.0,3
d83c2dbe,556531,K Pooran,K Pooran,St Lucia Kings,2026-08-09,2026-09-09,8,8,1,273,171,81*,39.0,159.65,0,2,33,13,26.9,40.35,2.0,0,0,0,0,,,,,0,0,,1,0,185,111,166.67,0,,0,74,51,145.1,0,,0,14,9,155.56,0,,0
a8ffcd4f,1379431,THS Rew,THS Rew,Somerset,2025-05-30,2026-07-18,17,16,3,273,175,57,21.0,156.0,0,1,32,12,25.14,35.43,4.0,0,0,0,0,,,,,0,0,,12,1,130,69,188.41,0,,0,131,94,139.36,0,,0,12,12,100.0,0,,0
8fb49ef8,56138,Suhrawadi Shuvo,Suhrawadi Shuvo,Sylhet Royals,2012-02-11,2022-01-24,21,8,2,32,35,9*,5.33,91.43,0,0,3,0,8.57,40.0,8.9,19,348,443,12,36.92,7.64,29.0,3/20,0,0,34.2,5,0,0,0,,54,9.11,1,8,10,80.0,216,7.03,5,24,25,96.0,78,8.31,6
6e3f5a5c,806241,R Ngarava,R Ngarava,Sylhet Strikers,2023-08-01,2025-12-26,12,6,2,10,10,6*,2.5,100.0,0,0,1,0,10.0,40.0,10.7,12,244,349,13,26.85,8.58,18.77,4/30,1,0,34.84,4,0,0,0,,144,7.58,8,0,0,,12,11.0,0,10,10,100.0,88,9.89,5
eaa4cfc2,309981,AEN Riley,AEN Riley,Kent,2014-05-23,2015-06-05,14,3,1,10,12,5,5.0,83.33,0,0,1,0,8.33,50.0,11.0,12,234,336,13,25.85,8.62,18.0,4/22,1,0,30.77,2,0,0,0,,24,10.75,1,4,5,80.0,180,8.57,9,6,7,85.71,30,7.2,3
5a42a396,1096822,Callum Taylor,Callum Taylor,Glamorgan,2019-08-09,2023-06-18,20,18,5,169,183,23,13.0,92.35,0,0,13,3,8.74,44.26,6.1,7,78,118,5,23.6,9.08,15.6,2/9,0,0,29.49,7,0,16,15,106.67,0,,0,73,101,72.28,60,9.4,2,80,67,119.4,18,8.0,3
ac3e5a31,959775,RM ter Braak,RM ter Braak,Auckland,2019-12-22,2023-01-14,12,4,3,9,4,7*,9.0,225.0,0,0,0,1,25.0,25.0,8.5,12,203,290,13,22.31,8.57,15.62,3/26,0,0,37.93,2,0,0,0,,108,9.0,5,0,0,,59,7.63,5,9,4,225.0,36,8.83,3
d1c94b25,45963,CK Langeveldt,CK Langeveldt,Kolkata Knight Riders,2009-05-20,2011-05-17,7,2,0,8,9,8,4.0,88.89,0,0,0,1,11.11,66.67,10.0,7,156,187,13,14.38,7.19,12.0,3/15,0,0,44.23,0,0,0,0,,84,6.86,6,1,4,25.0,24,7.25,3,7,5,140.0,48,7.75,4
8528effb,1088612,Z Evans,Z Evans,Melbourne Renegades,2020-01-27,2022-01-19,10,3,1,8,9,6,4.0,88.89,0,0,0,1,11.11,77.78,10.0,10,168,281,13,21.62,10.04,12.92,5/33,0,1,31.55,7,0,0,0,,54,9.67,2,2,6,33.33,60,7.8,6,6,3,200.0,54,12.89,5
1952e660,266215,MW Hill,MW Hill,Melbourne Renegades,2013-01-02,2016-01-13,11,10,0,268,217,64,26.8,123.5,0,1,21,9,13.82,37.33,2.7,0,0,0,0,,,,,0,0,,6,0,115,99,116.16,0,,0,125,98,127.55,0,,0,28,20,140.0,0,,0
aa710a58,1148593,EN Gay,EN Gay,Northamptonshire,2021-07-18,2023-07-02,11,11,0,268,202,53,24.36,132.67,0,1,35,4,19.31,38.12,2.3,0,0,0,0,,,,,0,0,,1,0,160,117,136.75,0,,0,92,73,126.03,0,,0,16,12,133.33,0,,0
57f520ee,707173,JD Gibson,JD Gibson,Wellington,2019-12-15,2022-01-08,29,19,4,228,183,28,15.2,124.59,0,0,11,9,10.93,33.33,6.6,3,36,49,2,24.5,8.17,18.0,1/19,0,0,25.0,12,0,0,2,0.0,6,10.0,0,66,70,94.29,30,7.8,2,162,111,145.95,0,,0
6c908ffc,22396,CJC Wright,CJC Wright,Warwickshire,2014-05-30,2019-07-26,14,5,2,7,13,3*,2.33,53.85,0,0,0,0,0.0,46.15,10.2,14,283,463,13,35.62,9.82,21.77,3/37,0,0,32.51,3,0,0,0,,150,10.32,6,0,0,,49,8.57,1,7,13,53.85,84,9.64,6
067bda18,1041211,S Conners,S Conners,Derbyshire,2020-08-30,2022-06-23,17,5,2,7,10,2*,2.33,70.0,0,0,0,0,0.0,50.0,10.2,16,218,407,13,31.31,11.2,16.77,3/25,0,0,29.82,5,0,0,0,,132,11.18,8,0,1,0.0,42,9.57,1,7,9,77.78,44,12.82,4
2e929b99,15501,GO Jones,GO Jones,Gloucestershire,2014-06-06,2015-07-24,16,13,3,267,180,40,26.7,148.33,0,0,23,12,19.44,32.22,5.2,0,0,0,0,,,,,0,0,,5,6,10,3,333.33,0,,0,85,79,107.59,0,,0,172,98,175.51,0,,0
1920c721,230557,WKD Perkins,WKD Perkins,Trinidad & Tobago Red Steel,2013-08-22,2017-09-05,16,16,1,266,235,64*,17.73,113.19,0,1,22,15,15.74,50.21,2.2,0,0,0,0,,,,,0,0,,6,0,164,159,103.14,0,,0,86,66,130.3,0,,0,16,10,160.0,0,,0
a089f93f,389666,Mohammad Abbas,Mohammad Abbas,Leicestershire,2018-07-04,2019-03-11,12,6,5,25,15,15*,25.0,166.67,0,0,3,1,26.67,26.67,10.8,12,258,347,12,28.92,8.07,21.5,3/22,0,0,39.15,2,0,0,0,,126,9.86,1,0,0,,54,5.78,7,25,15,166.67,78,6.77,4
59377a7f,431910,NA Gordon,NA Gordon,Jamaica Tallawahs,2022-08-31,2023-09-22,15,3,1,5,9,5*,2.5,55.56,0,0,1,0,11.11,77.78,10.0,14,246,376,13,28.92,9.17,18.92,3/32,0,0,27.64,4,0,0,0,,0,,0,0,2,0.0,168,8.11,8,5,7,71.43,78,11.46,5
79765f6f,326462,JS Floros,JS Floros,Brisbane Heat,2011-12-23,2018-01-18,24,20,6,204,190,42,14.57,107.37,0,0,17,6,12.11,40.0,6.0,15,181,258,3,86.0,8.55,60.33,2/35,0,0,30.39,6,0,24,15,160.0,66,7.82,0,75,89,84.27,114,9.05,3,105,86,122.09,1,0.0,0
201facae,1414819,N Mokoena,N Mokoena,Paarl Royals,2025-12-27,2026-01-23,10,2,0,4,6,4,2.0,66.67,0,0,0,0,0.0,33.33,9.0,9,192,308,13,23.69,9.62,14.77,4/34,1,0,35.94,2,0,0,0,,90,9.93,3,0,1,0.0,42,9.57,3,4,5,80.0,60,9.2,7
ff4ff5f5,1124470,BP Coburn,BP Coburn,Canterbury,2017-12-17,2023-01-01,17,5,2,44,52,12*,14.67,84.62,0,0,3,0,5.77,42.31,9.8,16,294,409,11,37.18,8.35,26.73,4/17,1,0,27.21,5,0,0,0,,6,7.0,0,2,5,40.0,240,8.15,10,42,47,89.36,48,9.5,1
64212089,905931,TN Walallawita,TN Walallawita,Middlesex,2020-09-20,2023-06-04,15,6,1,23,20,10,4.6,115.0,0,0,2,1,15.0,55.0,9.7,15,246,341,12,28.42,8.32,20.5,3/18,0,0,26.42,4,0,0,0,,42,10.29,0,0,0,,180,7.73,9,23,20,115.0,24,9.25,3
e5437a99,11718,NRD Compton,NRD Compton,Middlesex,2014-05-18,2015-07-02,14,13,1,263,193,78,21.92,136.27,0,2,34,4,19.69,35.23,2.2,0,0,0,0,,,,,0,0,,3,0,168,120,140.0,0,,0,70,56,125.0,0,,0,25,17,147.06,0,,0
360f4e4b,1072026,GG Peters,GG Peters,Pretoria Capitals,2025-01-28,2026-01-25,10,3,3,2,5,1*,,40.0,0,0,0,0,0.0,60.0,11.0,10,199,284,13,21.85,8.56,15.31,3/32,0,0,39.7,0,0,0,0,,36,8.17,2,1,1,100.0,114,7.53,8,1,4,25.0,49,11.27,3
fd96de7c,747067,JJ Bohannon,JJ Bohannon,Lancashire,2018-08-03,2025-06-04,37,29,5,262,251,39,10.92,104.38,0,0,21,4,9.96,38.65,3.8,0,0,0,0,,,,,0,0,,15,0,134,115,116.52,0,,0,63,69,91.3,0,,0,65,67,97.01,0,,0
a3a078ba,301847,Subashis Roy,Subashis Roy,Chittagong Vikings,2015-11-24,2019-02-02,21,4,3,1,7,1*,1.0,14.29,0,0,0,0,0.0,85.71,10.8,20,386,550,13,42.31,8.55,29.69,2/16,0,0,38.34,4,0,0,0,,228,7.58,10,0,0,,90,7.67,2,1,7,14.29,68,12.97,1
9f395b45,1218897,JW Hartshorn,JW Hartshorn,Wellington,2025-01-04,2026-01-23,8,1,1,1,2,1*,,50.0,0,0,0,0,0.0,50.0,11.0,8,138,193,13,14.85,8.39,10.62,5/24,0,1,41.3,2,0,0,0,,84,8.93,4,0,0,,36,5.83,5,1,2,50.0,18,11.0,4
b483905d,1175458,Akash Singh,Akash Singh,Chennai Super Kings,2021-10-02,2026-05-19,12,0,0,0,0,0,,,0,0,0,0,,,,12,247,406,13,31.23,9.86,19.0,3/26,0,0,36.84,2,0,0,0,,169,9.3,8,0,0,,66,10.64,4,0,0,,12,13.5,1
1ac746c8,1125958,Atharva Taide,Atharva Taide,Punjab Kings,2023-04-15,2025-05-19,10,10,0,260,177,66,26.0,146.89,0,2,30,8,21.47,35.59,2.0,1,1,4,0,,24.0,,0/4,0,0,0.0,5,0,157,103,152.43,0,,0,103,74,139.19,0,,0,0,0,,1,24.0,0
39d608d4,1304286,F O'Neill,F O'Neill,Melbourne Renegades,2024-01-04,2025-12-21,12,8,2,60,62,16*,10.0,96.77,0,0,3,1,6.45,33.87,8.5,12,231,303,10,30.3,7.87,23.1,3/16,0,0,45.02,3,0,0,0,,132,7.23,8,6,10,60.0,78,7.69,1,54,52,103.85,21,12.57,1
dc36a6a5,214695,AN Kervezee,AN Kervezee,Worcestershire,2012-02-24,2016-07-22,20,18,2,260,229,52*,16.25,113.54,0,1,20,2,9.61,29.69,4.4,0,0,0,0,,,,,0,0,,10,0,24,31,77.42,0,,0,154,142,108.45,0,,0,82,56,146.43,0,,0
d84378a4,29990,M Kaif,M Kaif,Rajasthan Royals,2008-04-19,2012-04-15,29,22,4,259,250,34*,14.39,103.6,0,0,22,6,11.2,44.8,4.8,0,0,0,0,,,,,0,0,,15,0,22,38,57.89,0,,0,183,167,109.58,0,,0,54,45,120.0,0,,0
1ab18b25,1260069,AGH Orr,AGH Orr,Sussex,2022-06-03,2026-06-05,15,15,0,259,173,41,17.27,149.71,0,0,28,12,23.12,38.15,2.9,0,0,0,0,,,,,0,0,,8,0,205,121,169.42,0,,0,51,50,102.0,0,,0,3,2,150.0,0,,0
b529630e,50205,PM Pushpakumara,PM Pushpakumara,Dambulla Viiking,2020-11-28,2023-01-16,11,4,2,18,17,11*,9.0,105.88,0,0,2,1,17.65,58.82,9.5,9,162,222,12,18.5,8.22,13.5,2/19,0,0,29.01,1,0,0,0,,36,9.33,1,0,0,,108,8.06,9,18,17,105.88,18,7.0,2
f7b2cbe8,387845,C Viljoen,C Viljoen,Otago,2018-01-14,2019-02-09,7,6,0,18,23,9,3.0,78.26,0,0,2,0,8.7,52.17,8.5,7,156,221,12,18.42,8.5,13.0,4/23,1,0,30.13,2,0,0,0,,18,5.67,1,0,0,,108,8.11,9,18,23,78.26,30,11.6,2
b2498b5d,1339104,Saad Masood,Saad Masood,Rawalpindiz,2023-02-26,2026-04-26,10,7,1,117,66,54,19.5,177.27,0,1,16,4,30.3,30.3,7.0,9,174,253,7,36.14,8.72,24.86,2/27,0,0,25.29,3,0,0,0,,0,,0,48,32,150.0,150,8.88,6,69,34,202.94,24,7.75,1
61646132,318339,Samiullah Shenwari,Samiullah Shenwari,Dambulla Viiking,2013-01-20,2025-01-30,15,13,4,117,96,46*,13.0,121.88,0,0,12,4,16.67,42.71,6.2,9,150,206,7,29.43,8.24,21.43,2/27,0,0,26.0,3,0,9,12,75.0,6,4.0,1,13,18,72.22,132,8.41,6,95,66,143.94,12,8.5,0
60c28835,1295842,C Kellaway,C Kellaway,Melbourne Stars,2022-12-16,2026-01-21,21,17,3,255,207,41*,18.21,123.19,0,0,25,4,14.01,34.78,4.5,4,24,36,0,,9.0,,0/6,0,0,12.5,12,0,54,62,87.1,6,9.0,0,165,124,133.06,12,8.5,0,36,21,171.43,6,10.0,0
a37b5c0a,566685,BO Coad,BO Coad,Yorkshire,2015-07-17,2020-09-20,11,4,1,14,25,7,4.67,56.0,0,0,0,0,0.0,56.0,9.8,11,199,315,12,26.25,9.5,16.58,3/40,0,0,28.64,6,0,0,0,,78,9.23,1,4,10,40.0,60,8.7,3,10,15,66.67,61,10.62,8
3c28853f,1161050,Sediqullah Atal,Sediqullah Atal,Dubai Capitals,2025-01-25,2026-07-25,13,13,0,253,203,74,19.46,124.63,0,2,13,13,12.81,38.92,2.2,0,0,0,0,,,,,0,0,,2,0,109,108,100.93,0,,0,135,89,151.69,0,,0,9,6,150.0,0,,0
5a74e559,637969,CJ White,CJ White,Northamptonshire,2024-07-14,2025-06-15,7,1,0,13,8,13,13.0,162.5,0,0,2,0,25.0,25.0,11.0,7,144,205,12,17.08,8.54,12.0,4/33,1,0,41.67,2,0,0,0,,84,7.64,7,0,0,,30,6.2,2,13,8,162.5,30,13.4,3
ddcd1520,17013,James Middlebrook,James Middlebrook,Northamptonshire,2014-05-30,2015-07-03,12,7,3,53,43,29*,13.25,123.26,0,0,3,2,11.63,37.21,8.6,11,178,227,10,22.7,7.65,17.8,2/26,0,0,27.53,3,0,0,0,,18,8.33,1,17,17,100.0,148,7.38,8,36,26,138.46,12,10.0,1
8d8c24fd,38058,RJ Nicol,RJ Nicol,Otago,2014-01-17,2018-01-14,9,9,1,233,194,65*,29.12,120.1,0,1,25,7,16.49,38.14,1.1,7,102,164,1,164.0,9.65,102.0,1/13,0,0,17.65,7,0,133,111,119.82,12,15.5,0,82,71,115.49,84,9.0,1,18,12,150.0,6,7.0,0
f6d8a7ab,1159843,K Kartikeya,K Kartikeya,Mumbai Indians,2022-04-30,2025-05-01,16,4,0,12,17,6,3.0,70.59,0,0,1,0,5.88,52.94,9.5,16,282,407,12,33.92,8.66,23.5,2/22,0,0,30.14,1,0,0,0,,6,16.0,1,2,4,50.0,252,8.14,11,10,13,76.92,24,12.25,0
1647bd37,322535,Karanveer Singh,Karanveer Singh,Kings XI Punjab,2014-05-23,2015-05-06,9,4,3,12,17,5*,12.0,70.59,0,0,1,0,5.88,52.94,10.0,9,204,321,12,26.75,9.44,17.0,4/54,1,0,31.37,2,0,0,0,,12,13.0,0,4,7,57.14,168,8.64,8,8,10,80.0,24,13.25,4
0af4a90b,1125715,J Avendano,J Avendano,Sydney Sixers,2019-01-01,2022-01-28,19,17,0,251,223,52,14.76,112.56,0,1,17,14,13.9,47.53,3.5,0,0,0,0,,,,,0,0,,0,0,119,122,97.54,0,,0,69,68,101.47,0,,0,63,33,190.91,0,,0
8ea6e670,5593,NM Hauritz,NM Hauritz,Brisbane Heat,2011-12-16,2015-12-30,24,4,2,31,19,16*,15.5,163.16,0,0,3,0,15.79,10.53,8.8,21,345,484,11,44.0,8.42,31.36,3/18,0,0,31.59,12,0,0,0,,114,6.79,3,0,0,,195,9.69,7,31,19,163.16,36,6.67,1
7d3937ed,8002,DJ Thornely,DJ Thornely,Sydney Sixers,2008-04-20,2012-12-23,17,13,5,129,119,30,16.12,108.4,0,0,5,7,10.08,41.18,5.7,10,120,142,6,23.67,7.1,20.0,2/7,0,0,36.67,6,0,7,25,28.0,54,6.78,3,46,54,85.19,60,7.5,3,76,40,190.0,6,6.0,0
3979b5e0,928057,L Tucker,L Tucker,Trinbago Knight Riders,2023-01-29,2025-12-23,15,11,1,249,209,38*,24.9,119.14,0,0,27,4,14.83,36.36,3.9,0,0,0,0,,,,,0,0,,5,3,75,67,111.94,0,,0,155,130,119.23,0,,0,19,12,158.33,0,,0
3b2114a5,819441,Darwish Rasooli,Darwish Rasooli,Chattogram Challengers,2019-01-18,2025-01-16,13,13,2,249,206,56*,22.64,120.87,0,1,17,11,13.59,37.38,4.5,0,0,0,0,,,,,0,0,,4,0,58,51,113.73,0,,0,121,126,96.03,0,,0,70,29,241.38,0,,0
59792462,332996,KM Jarvis,KM Jarvis,Lancashire,2014-07-24,2017-07-09,11,1,1,9,8,9*,,112.5,0,0,1,0,12.5,37.5,10.0,11,216,303,12,25.25,8.42,18.0,3/24,0,0,32.87,5,0,0,0,,126,7.57,7,0,0,,6,3.0,1,9,8,112.5,84,10.07,4
a8ad6e80,602570,JK Reed,JK Reed,Hobart Hurricanes,2015-01-02,2017-01-21,9,1,1,8,3,8*,,266.67,0,0,0,1,33.33,0.0,11.0,9,162,266,12,22.17,9.85,13.5,3/31,0,0,38.27,2,0,0,0,,78,8.69,2,0,0,,54,11.11,4,8,3,266.67,30,10.6,6
9124aa4c,1241253,Zuhaib Zubair,Zuhaib Zubair,Gulf Giants,2024-01-27,2025-12-28,13,4,4,7,11,2*,,63.64,0,0,0,0,0.0,36.36,10.8,11,168,231,12,19.25,8.25,14.0,4/22,1,0,33.33,1,0,0,0,,0,,0,0,0,,144,7.62,10,7,11,63.64,24,12.0,2
f64eed39,298693,SL Elstone,SL Elstone,Derbyshire,2014-05-16,2015-07-05,20,19,2,247,196,37,14.53,126.02,0,0,19,7,13.27,34.69,5.8,5,36,64,0,,10.67,,0/8,0,0,13.89,6,0,12,15,80.0,0,,0,169,124,136.29,30,10.2,0,66,57,115.79,6,13.0,0
dc4686e6,433410,BA Bhatt,BA Bhatt,Kings XI Punjab,2011-04-10,2013-04-26,17,2,1,6,7,6*,6.0,85.71,0,0,0,1,14.29,85.71,11.0,15,296,397,12,33.08,8.05,24.67,4/22,1,0,31.42,1,0,0,0,,96,7.25,4,0,0,,137,8.01,6,6,7,85.71,63,9.33,2
7f8ecc51,46942,AM Phangiso,AM Phangiso,Joburg Super Kings,2023-01-11,2024-01-17,7,4,2,46,42,19*,23.0,109.52,0,0,2,3,11.9,47.62,10.0,7,138,175,10,17.5,7.61,13.8,4/20,2,0,34.78,2,0,0,0,,12,6.0,0,27,22,122.73,120,7.7,10,19,20,95.0,6,9.0,0
2bdd2350,1202101,LLB Harper,LLB Harper,Canterbury,2026-01-08,2026-01-31,8,5,1,86,60,42,21.5,143.33,0,0,4,7,18.33,41.67,8.6,8,145,213,8,26.62,8.81,18.12,4/17,1,0,33.79,4,0,0,0,,54,11.67,2,28,23,121.74,79,6.76,6,58,37,156.76,12,9.5,0
7d415ea5,7133,RT Ponting,RT Ponting,Antigua Hawksbills,2008-04-18,2013-08-17,21,17,1,245,284,63*,15.31,86.27,0,1,15,6,7.39,50.0,2.5,0,0,0,0,,,,,0,0,,5,0,116,147,78.91,0,,0,110,124,88.71,0,,0,19,13,146.15,0,,0
ee7d0c82,6565,GD McGrath,GD McGrath,Delhi Daredevils,2008-04-19,2008-05-30,14,3,2,4,5,4*,4.0,80.0,0,0,1,0,20.0,80.0,11.0,14,324,357,12,29.75,6.61,27.0,4/29,1,0,47.22,2,0,0,0,,222,5.7,8,0,0,,24,7.0,1,4,5,80.0,78,9.08,3
034b4b7d,35281,VRV Singh,VRV Singh,Kings XI Punjab,2008-04-25,2010-04-18,19,2,0,4,3,4,2.0,133.33,0,0,1,0,33.33,66.67,10.5,18,360,542,12,45.17,9.03,30.0,3/29,0,0,31.67,3,0,0,0,,78,10.31,1,0,0,,174,8.62,4,4,3,133.33,108,8.78,7
137e7065,605576,C Valente,C Valente,Adelaide Strikers,2018-12-23,2021-01-15,14,9,4,84,71,21,16.8,118.31,0,0,8,1,12.68,36.62,7.4,12,210,318,8,39.75,9.09,26.25,2/36,0,0,21.43,1,0,0,0,,48,8.38,1,27,24,112.5,138,9.0,3,57,47,121.28,24,11.0,4
d0540390,788879,Nauman Anwar,Nauman Anwar,Seattle Orcas,2016-02-05,2024-07-11,14,14,0,244,215,51,17.43,113.49,0,1,25,9,15.81,51.16,1.9,0,0,0,0,,,,,0,0,,3,0,178,168,105.95,0,,0,66,47,140.43,0,,0,0,0,,0,,0
fac298ff,8628,GM Andrew,GM Andrew,Hampshire,2014-06-07,2016-07-14,9,9,4,84,62,31,16.8,135.48,0,0,7,3,16.13,30.65,8.6,8,120,178,8,22.25,8.9,15.0,2/19,0,0,30.0,4,0,0,0,,60,9.3,3,54,40,135.0,18,11.0,1,30,22,136.36,42,7.43,4
2b0f2af3,316363,Imran Khan,Imran Khan (2),Multan Sultans,2021-03-03,2022-01-31,10,2,2,3,4,3*,,75.0,0,0,0,0,0.0,50.0,10.0,10,214,308,12,25.67,8.64,17.83,3/24,0,0,31.31,1,0,0,0,,102,8.53,3,0,0,,58,7.45,3,3,4,75.0,54,10.11,6
fef4b937,11743,GD Cross,GD Cross,Derbyshire,2014-05-16,2014-07-25,13,13,1,243,181,54,20.25,134.25,0,1,27,7,18.78,35.91,4.2,0,0,0,0,,,,,0,0,,0,2,108,77,140.26,0,,0,110,78,141.03,0,,0,25,26,96.15,0,,0
52d11798,547768,DJ Grobbelaar,DJ Grobbelaar,Auckland,2014-01-03,2019-02-15,13,7,3,63,55,23,15.75,114.55,0,0,4,2,10.91,36.36,7.4,12,245,344,9,38.22,8.42,27.22,3/29,0,0,24.08,7,0,0,0,,54,8.33,3,34,33,103.03,156,7.88,6,29,22,131.82,35,10.97,0
acb94221,1318286,RA Weatherall,RA Weatherall,Northamptonshire,2024-05-30,2026-07-08,10,1,1,21,21,21*,,100.0,0,0,0,1,4.76,33.33,11.0,10,139,273,11,24.82,11.78,12.64,4/50,1,0,33.09,2,0,0,0,,66,13.18,3,11,8,137.5,12,10.5,1,10,13,76.92,61,10.52,7
03252e44,6060,PA Jaques,PA Jaques,Hobart Hurricanes,2011-12-18,2014-06-28,10,10,1,240,202,73,26.67,118.81,0,2,23,2,12.38,31.68,1.9,0,0,0,0,,,,,0,0,,2,0,100,97,103.09,0,,0,90,78,115.38,0,,0,50,27,185.19,0,,0
a4e2bf36,10628,MAG Boyce,MAG Boyce,Leicestershire,2014-05-16,2015-07-04,15,11,3,240,224,47,30.0,107.14,0,0,25,1,11.61,36.16,5.0,0,0,0,0,,,,,0,0,,7,0,25,31,80.65,0,,0,162,138,117.39,0,,0,53,55,96.36,0,,0
2fef3b0c,1205098,RL Toole,RL Toole,Central Districts,2022-12-27,2026-01-07,10,2,2,0,3,0*,,0.0,0,0,0,0,0.0,100.0,11.0,10,192,350,12,29.17,10.94,16.0,3/23,0,0,32.29,3,0,0,0,,72,10.75,2,0,0,,24,9.75,3,0,3,0.0,96,11.38,7
e98787f5,1364932,TA Findlay,TA Findlay,Central Districts,2025-01-09,2026-01-16,13,0,0,0,0,0,,,0,0,0,0,,,,12,243,356,12,29.67,8.79,20.25,3/29,0,0,34.16,4,0,0,0,,108,7.89,5,0,0,,69,8.7,2,0,0,,66,10.36,5
390ff45b,39836,Abdul Razzaq,Abdul Razzaq,Duronto Rajshahi,2011-12-18,2012-02-26,11,8,1,139,115,30,19.86,120.87,0,0,6,6,10.43,31.3,5.8,11,176,263,5,52.6,8.97,35.2,1/22,0,0,34.66,0,0,0,0,,78,10.0,1,60,62,96.77,48,7.0,1,79,53,149.06,50,9.24,3
b8eddbdb,40869,Imran Khalid,Imran Khalid,Islamabad United,2016-02-04,2017-02-17,12,5,0,39,43,18,7.8,90.7,0,0,1,2,6.98,51.16,7.2,11,169,199,10,19.9,7.07,16.9,4/20,1,0,40.24,5,0,0,0,,48,4.75,4,23,25,92.0,120,7.95,6,16,18,88.89,1,12.0,0
869b2e17,1434990,KS Dhariwal,KS Dhariwal,Gloucestershire,2026-05-22,2026-07-15,12,11,1,239,142,70,23.9,168.31,0,1,13,18,21.83,28.17,6.2,0,0,0,0,,,,,0,0,,5,0,0,0,,0,,0,146,88,165.91,0,,0,93,54,172.22,0,,0
cee2fbd8,380355,Habibur Rahman,Habibur Rahman,Khulna Tigers,2016-11-21,2026-01-16,24,21,4,218,200,43*,12.82,109.0,0,0,19,13,16.0,56.0,3.6,3,36,74,1,74.0,12.33,36.0,1/43,0,0,16.67,17,0,103,110,93.64,18,14.33,0,46,62,74.19,18,10.33,1,69,28,246.43,0,,0
b215a7be,1070154,N Vimukthi,N Vimukthi,Kandy Warriors,2021-12-08,2024-07-03,8,3,0,18,16,12,6.0,112.5,0,0,2,0,12.5,31.25,8.3,8,156,181,11,16.45,6.96,14.18,3/24,0,0,50.0,6,0,0,0,,84,6.79,6,1,1,100.0,60,7.1,5,17,15,113.33,12,7.5,0
ec0b9258,1282475,M Tharupathi,M Tharupathi,Colombo Kaps,2024-07-02,2026-08-07,12,7,1,78,47,36,13.0,165.96,0,0,7,4,23.4,31.91,8.4,12,184,267,8,33.38,8.71,23.0,2/23,0,0,27.72,3,0,0,0,,0,,0,22,13,169.23,168,8.29,6,56,34,164.71,16,13.12,2
2815fe50,29702,AA Jhunjhunwala,AA Jhunjhunwala,Rajasthan Royals,2010-03-13,2012-05-13,21,16,3,217,210,53*,16.69,103.33,0,1,19,5,11.43,42.86,5.4,10,85,129,1,129.0,9.11,85.0,1/13,0,0,31.76,10,0,24,34,70.59,30,9.4,0,124,125,99.2,54,8.89,1,69,51,135.29,1,12.0,0
6afb26d6,31028,MD Mishra,MD Mishra,Deccan Chargers,2010-03-21,2012-05-11,18,17,1,237,208,41,14.81,113.94,0,0,24,8,15.38,46.63,3.2,0,0,0,0,,,,,0,0,,1,0,129,124,104.03,0,,0,81,65,124.62,0,,0,27,19,142.11,0,,0
d4320277,1173272,BL Wiggins,BL Wiggins,Central Districts,2019-02-01,2024-01-10,21,21,1,237,188,45,11.85,126.06,0,0,27,7,18.09,45.74,2.1,0,0,0,0,,,,,0,0,,8,1,189,153,123.53,0,,0,34,26,130.77,0,,0,14,9,155.56,0,,0
4d6d6280,42683,Salman Butt,Salman Butt,Kolkata Knight Riders,2008-05-01,2020-03-04,10,10,0,236,211,73,23.6,111.85,0,1,33,2,16.59,44.08,1.5,0,0,0,0,,,,,0,0,,2,0,129,126,102.38,0,,0,91,79,115.19,0,,0,16,6,266.67,0,,0
329b08c2,826945,PD Bocock,PD Bocock,Northern Districts,2017-12-20,2024-01-23,23,22,8,236,194,29*,16.86,121.65,0,0,19,5,12.37,30.41,7.0,0,0,0,0,,,,,0,0,,15,1,13,13,100.0,0,,0,112,97,115.46,0,,0,111,84,132.14,0,,0
26db69e6,1145103,OJ Carter,OJ Carter,Sussex,2021-07-09,2026-07-03,20,19,2,235,195,64,13.82,120.51,0,1,24,7,15.9,41.54,4.1,0,0,0,0,,,,,0,0,,7,1,65,71,91.55,0,,0,142,102,139.22,0,,0,28,22,127.27,0,,0
66c59019,1412746,LN Stackpole,LN Stackpole,Auckland,2025-01-10,2026-01-30,13,12,1,215,147,66,19.55,146.26,0,1,17,14,21.09,39.46,5.6,2,24,28,1,28.0,7.0,24.0,1/19,0,0,41.67,6,0,21,25,84.0,12,8.5,0,152,95,160.0,12,5.5,1,42,27,155.56,0,,0
0773c16a,381006,TP Kaber,TP Kaber,MI Cape Town,2024-01-11,2025-02-02,9,4,3,34,29,14,34.0,117.24,0,0,3,1,13.79,37.93,8.8,7,120,161,10,16.1,8.05,12.0,3/20,0,0,31.67,1,0,0,0,,0,,0,1,3,33.33,108,8.44,8,33,26,126.92,12,4.5,2
62a99934,1182029,Abdul Gaffar Saqlain,Abdul Gaffar Saqlain,Rajshahi Warriors,2025-12-26,2026-01-23,9,4,1,54,34,32,18.0,158.82,0,0,4,4,23.53,38.24,8.0,9,203,204,9,22.67,6.03,22.56,4/24,1,0,38.92,2,0,0,0,,36,6.5,0,0,0,,114,5.37,4,54,34,158.82,53,7.13,5
a1a5192e,440519,TG Johnston,TG Johnston,Canterbury,2017-12-14,2018-01-14,9,7,1,74,57,21,12.33,129.82,0,0,6,2,14.04,31.58,7.0,8,192,234,8,29.25,7.31,24.0,2/20,0,0,31.77,5,0,0,0,,6,3.0,1,36,28,128.57,168,7.32,5,38,29,131.03,18,8.67,2
7b44eb3e,1512089,Shivang Kumar,Shivang Kumar,Sunrisers Hyderabad,2026-04-02,2026-05-27,13,6,0,53,46,27,8.83,115.22,0,0,6,1,15.22,41.3,9.0,13,234,375,9,41.67,9.62,26.0,3/33,0,0,26.5,0,0,0,0,,6,23.0,0,12,17,70.59,216,9.08,7,41,29,141.38,12,12.5,2
dce2019b,44410,F Behardien,F Behardien,Durham,2016-05-09,2020-09-20,14,12,3,193,172,48*,21.44,112.21,0,0,17,2,11.05,29.65,5.2,4,60,104,2,52.0,10.4,30.0,2/35,0,0,16.67,2,0,3,9,33.33,0,,0,132,128,103.12,54,10.78,1,58,35,165.71,6,7.0,1
a557333b,1500757,VO Lawes,VO Lawes,Jamaica Kingsmen,2026-08-07,2026-09-16,11,6,2,53,37,32,13.25,143.24,0,0,2,5,18.92,43.24,9.3,11,192,307,9,34.11,9.59,21.33,3/29,0,0,32.81,0,0,0,0,,0,,0,7,6,116.67,174,9.79,9,46,31,148.39,18,7.67,0
f8a63b6f,1318274,NRM Thain,NRM Thain,Essex,2025-06-13,2026-07-15,18,10,3,153,101,38,21.86,151.49,0,0,13,6,18.81,24.75,7.4,7,60,99,4,24.75,9.9,15.0,3/11,0,0,31.67,10,0,0,0,,18,11.67,0,89,55,161.82,42,9.14,4,64,46,139.13,0,,0
63bff7f9,5605,SM Harwood,SM Harwood,Melbourne Renegades,2009-05-02,2012-02-11,8,4,3,12,17,6*,12.0,70.59,0,0,0,0,0.0,41.18,9.0,8,164,212,11,19.27,7.76,14.91,2/20,0,0,40.24,2,0,0,0,,42,4.71,1,0,0,,48,8.38,1,12,17,70.59,74,9.08,9
254db476,13956,APR Gidman,APR Gidman,Gloucestershire,2014-05-23,2015-05-22,14,14,0,232,204,55,16.57,113.73,0,1,28,3,15.2,42.16,1.9,0,0,0,0,,,,,0,0,,5,0,172,154,111.69,0,,0,60,50,120.0,0,,0,0,0,,0,,0
1bf2fd29,914581,KHM James,KHM James,Antigua and Barbuda Falcons,2023-08-24,2025-09-14,14,11,0,191,153,37,17.36,124.84,0,0,17,11,18.3,48.37,3.8,8,78,120,2,60.0,9.23,39.0,1/8,0,0,30.77,11,0,97,78,124.36,6,0.0,1,69,63,109.52,72,10.0,1,25,12,208.33,0,,0
ecf7bbc9,18525,TJ Phillips,TJ Phillips,Essex,2014-05-30,2014-08-02,13,5,4,71,47,33*,71.0,151.06,0,0,3,5,17.02,36.17,8.0,13,255,352,8,44.0,8.28,31.88,2/35,0,0,30.2,4,0,0,0,,102,8.06,1,0,0,,126,8.33,5,71,47,151.06,27,8.89,2
30df8c66,1159722,Simarjeet Singh,Simarjeet Singh,Chennai Super Kings,2022-05-01,2025-04-06,14,6,3,10,15,3*,3.33,66.67,0,0,0,0,0.0,46.67,9.3,14,240,400,11,36.36,10.0,21.82,3/26,0,0,42.5,3,0,0,0,,126,9.76,5,2,3,66.67,78,10.08,5,8,12,66.67,36,10.67,1
cdac5a3d,801817,M Shiraz,M Shiraz,Jaffna Kings,2020-11-27,2026-08-08,9,2,1,10,11,9*,10.0,90.91,0,0,1,0,9.09,36.36,8.5,9,170,262,11,23.82,9.25,15.45,3/18,0,0,38.24,1,0,0,0,,108,9.06,5,0,0,,18,11.33,2,10,11,90.91,44,8.86,4
ce24059d,290947,JE Burke,JE Burke,Surrey,2014-06-27,2016-05-26,13,9,2,30,42,8,4.29,71.43,0,0,1,0,2.38,42.86,8.0,10,147,225,10,22.5,9.18,14.7,3/23,0,0,31.29,6,0,0,0,,30,10.2,1,1,4,25.0,84,8.43,5,29,38,76.32,33,10.18,4
314642ed,1206110,K Sinclair,K Sinclair,Guyana Amazon Warriors,2020-08-30,2024-10-06,15,10,1,49,68,17,5.44,72.06,0,0,7,0,10.29,67.65,5.0,12,199,216,9,24.0,6.51,22.11,2/13,0,0,52.76,6,0,34,48,70.83,97,5.94,5,15,17,88.24,90,7.53,2,0,3,0.0,12,3.5,2
86e22dd4,1293280,Jishan Alam,Jishan Alam,Durbar Rajshahi,2024-12-30,2025-01-27,9,9,0,128,103,38,14.22,124.27,0,0,12,8,19.42,52.43,1.8,8,156,203,5,40.6,7.81,31.2,1/6,0,0,41.67,2,0,89,75,118.67,90,7.53,4,39,28,139.29,54,7.0,1,0,0,,12,13.5,0
85d8110a,25446,KJ Coetzer,KJ Coetzer,Northamptonshire,2014-05-16,2018-07-27,15,13,0,228,210,67,17.54,108.57,0,1,21,2,10.95,34.29,3.2,4,36,67,0,,11.17,,0/12,0,0,16.67,6,0,67,62,108.06,0,,0,134,122,109.84,24,10.75,0,27,26,103.85,12,12.0,0
e32d22f6,32973,Pankaj Singh,Pankaj Singh,Rajasthan Royals,2008-04-21,2012-05-10,17,5,3,7,12,4*,3.5,58.33,0,0,0,0,0.0,50.0,9.4,17,300,468,11,42.55,9.36,27.27,2/18,0,0,37.0,2,0,0,0,,150,7.72,8,0,0,,102,9.71,2,7,12,58.33,48,13.75,1
fd201eb4,370846,Shahzaib Hasan,Shahzaib Hasan,Duronto Rajshahi,2012-02-18,2017-02-11,9,9,0,227,167,54,25.22,135.93,0,1,30,6,21.56,41.32,1.2,0,0,0,0,,,,,0,0,,3,0,175,126,138.89,0,,0,52,41,126.83,0,,0,0,0,,0,,0
267468de,1275939,N Edward,N Edward,Trinbago Knight Riders,2024-08-31,2026-08-22,8,2,1,27,30,17,27.0,90.0,0,0,0,2,6.67,53.33,8.0,7,136,257,10,25.7,11.34,13.6,3/19,0,0,32.35,4,0,0,0,,48,9.5,1,6,14,42.86,36,10.17,3,21,16,131.25,52,13.85,6
e3829b2a,711559,Usman Ghani,Usman Ghani,Dhaka Dominators,2023-01-07,2023-01-31,9,9,2,227,193,73*,32.43,117.62,0,1,18,10,14.51,43.52,3.6,0,0,0,0,,,,,0,0,,3,0,74,60,123.33,0,,0,102,96,106.25,0,,0,51,37,137.84,0,,0
24e3c15b,933173,Towfiq Khan,Towfiq Khan,Sylhet Titans,2023-01-23,2026-01-20,13,13,0,227,199,38,17.46,114.07,0,0,23,12,17.59,54.77,1.8,0,0,0,0,,,,,0,0,,2,0,160,147,108.84,0,,0,67,52,128.85,0,,0,0,0,,0,,0
047e80ca,932405,Sabbir Hossain,Sabbir Hossain,Durbar Rajshahi,2024-02-06,2026-01-18,16,13,0,127,124,39,9.77,102.42,0,0,17,5,17.74,61.29,2.8,11,102,180,5,36.0,10.59,20.4,2/9,0,0,29.41,6,0,82,86,95.35,18,9.67,1,33,29,113.79,54,11.89,1,12,9,133.33,30,8.8,3
25d12bb4,230194,WD Sheridan,WD Sheridan,Melbourne Renegades,2011-12-22,2013-12-26,12,8,4,66,66,15*,16.5,100.0,0,0,4,0,6.06,36.36,6.8,10,168,242,8,30.25,8.64,21.0,3/36,0,0,42.86,6,0,0,0,,96,8.12,1,10,13,76.92,30,7.8,2,56,53,105.66,42,10.43,5
4b345629,520183,Zeeshan Ashraf,Zeeshan Ashraf,Multan Sultans,2020-02-21,2022-02-27,16,14,0,226,180,52,16.14,125.56,0,2,26,7,18.33,42.22,2.6,0,0,0,0,,,,,0,0,,7,1,139,119,116.81,0,,0,64,48,133.33,0,,0,23,13,176.92,0,,0
56d471f2,1124471,FW Sheat,FW Sheat,Canterbury,2021-01-03,2026-01-31,13,4,2,6,11,3*,3.0,54.55,0,0,0,0,0.0,54.55,10.5,13,237,310,11,28.18,7.85,21.55,3/13,0,0,38.82,5,0,0,0,,132,7.27,6,0,0,,54,9.33,0,6,11,54.55,51,7.76,5
0a67aec0,1176959,Akash Deep,Akash Deep,Royal Challengers Bangalore,2022-03-27,2025-05-22,14,5,2,25,14,17,8.33,178.57,0,0,2,2,28.57,35.71,9.6,14,278,548,10,54.8,11.83,27.8,3/45,0,0,32.01,3,0,0,0,,120,10.95,5,5,2,250.0,114,11.16,3,20,12,166.67,44,15.95,2
43057192,1323727,JA Sinclair,JA Sinclair,Guyana Amazon Warriors,2022-09-14,2024-09-28,17,6,5,45,36,14,45.0,125.0,0,0,4,2,16.67,36.11,9.7,14,204,270,9,30.0,7.94,22.67,2/12,0,0,45.1,4,0,0,0,,102,8.29,2,10,12,83.33,84,7.0,4,35,24,145.83,18,10.33,3
9c9f8dbc,44752,H Davids,H Davids,St Lucia Zouks,2014-07-19,2015-07-17,16,15,2,225,212,43,17.31,106.13,0,0,16,6,10.38,39.62,4.1,0,0,0,0,,,,,0,0,,3,0,43,46,93.48,0,,0,125,119,105.04,0,,0,57,47,121.28,0,,0
3812d56b,23523,MH Yardy,MH Yardy,Sussex,2014-05-17,2015-08-12,15,8,4,45,40,16*,11.25,112.5,0,0,6,1,17.5,45.0,8.6,14,290,435,9,48.33,9.0,32.22,2/36,0,0,27.93,1,0,0,0,,66,6.45,2,12,14,85.71,210,9.49,7,33,26,126.92,14,13.71,0
99b202b3,27783,A Chandila,A Chandila,Rajasthan Royals,2012-04-23,2013-05-09,12,2,2,4,7,4*,,57.14,0,0,0,0,0.0,42.86,8.5,12,234,242,11,22.0,6.21,21.27,4/13,1,0,44.02,7,0,0,0,,144,5.71,10,0,0,,84,7.07,1,4,7,57.14,6,6.0,0
cfe70281,46945,VD Philander,VD Philander,Jamaica Tallawahs,2013-08-02,2015-05-15,9,4,2,44,17,23*,22.0,258.82,0,0,2,4,35.29,5.88,7.5,9,186,223,9,24.78,7.19,20.67,3/16,0,0,40.32,0,0,0,0,,96,5.31,3,0,0,,12,7.0,0,44,17,258.82,78,9.54,6
754c883c,1325632,Hassan Eisakhil,Hassan Eisakhil,Noakhali Express,2026-01-11,2026-01-18,3,3,1,224,152,107*,112.0,147.37,1,1,13,18,20.39,46.05,1.0,0,0,0,0,,,,,0,0,,2,0,77,67,114.93,0,,0,70,56,125.0,0,,0,77,29,265.52,0,,0
d86d276e,1282476,W Sahan,W Sahan,Colombo Kaps,2024-07-09,2026-08-07,12,8,4,44,31,34*,11.0,141.94,0,0,7,1,25.81,45.16,9.0,12,234,268,9,29.78,6.87,26.0,2/8,0,0,33.76,3,0,0,0,,66,6.27,4,7,5,140.0,156,7.04,4,37,26,142.31,12,8.0,1
436c763a,949473,BJ McMullen,BJ McMullen,Abu Dhabi Knight Riders,2025-01-11,2026-01-02,13,11,2,223,190,64*,24.78,117.37,0,2,15,8,12.11,33.68,4.1,0,0,0,0,,,,,0,0,,5,0,76,62,122.58,0,,0,132,105,125.71,0,,0,15,23,65.22,0,,0
4bb02ef1,47490,D Smit,D Smit,Derbyshire,2017-07-07,2019-09-21,31,16,7,223,192,30*,24.78,116.15,0,0,20,3,11.98,31.77,7.9,0,0,0,0,,,,,0,0,,16,4,0,0,,0,,0,82,70,117.14,0,,0,141,122,115.57,0,,0
a5b71472,1076852,L Bowe,L Bowe,Melbourne Stars,2017-01-10,2020-01-24,14,3,1,2,4,2*,1.0,50.0,0,0,0,0,0.0,50.0,11.0,13,234,338,11,30.73,8.67,21.27,2/23,0,0,30.77,1,0,0,0,,18,8.67,0,0,0,,204,8.35,11,2,4,50.0,12,14.0,0
74b02e0c,348031,DYA Davis,DYA Davis,Trinidad & Tobago Red Steel,2015-07-16,2024-07-07,12,4,3,22,28,13*,22.0,78.57,0,0,2,0,7.14,42.86,8.2,10,162,206,10,20.6,7.63,16.2,3/29,0,0,31.48,4,0,0,0,,24,8.25,1,5,7,71.43,132,7.64,9,17,21,80.95,6,5.0,0
7cdecc31,597655,TE Barber,TE Barber,Middlesex,2017-08-03,2019-08-22,10,4,0,2,6,2,0.5,33.33,0,0,0,0,0.0,66.67,11.0,10,185,362,11,32.91,11.74,16.82,4/28,1,0,30.27,1,0,0,0,,90,11.6,5,0,0,,59,11.29,2,2,6,33.33,36,12.83,4
9dca07d7,20187,RJ Sidebottom,RJ Sidebottom,Yorkshire,2014-05-16,2014-07-25,8,2,1,2,4,2,2.0,50.0,0,0,0,0,0.0,50.0,11.0,8,173,247,11,22.45,8.57,15.73,3/24,0,0,36.42,1,0,0,0,,84,7.64,5,0,0,,12,7.5,0,2,4,50.0,77,9.74,6
b56dc5f7,379927,BE Hendricks,BE Hendricks,Kings XI Punjab,2014-05-19,2024-01-16,11,3,2,1,3,1*,1.0,33.33,0,0,0,0,0.0,66.67,9.0,11,210,334,11,30.36,9.54,19.09,3/36,0,0,36.67,7,0,0,0,,114,10.11,3,0,0,,42,9.14,2,1,3,33.33,54,8.67,6
2353b224,1123787,Robiul Haque,Robiul Haque,Rangpur Riders,2019-01-25,2023-02-14,11,6,3,41,31,18*,13.67,132.26,0,0,2,2,12.9,32.26,9.0,11,225,373,9,41.44,9.95,25.0,4/22,1,0,32.0,1,0,0,0,,18,11.0,0,0,0,,138,9.0,4,41,31,132.26,69,11.57,5
6b2ff18f,1252585,SB Dubey,SB Dubey,Rajasthan Royals,2024-04-01,2026-05-24,20,17,7,220,143,34*,22.0,153.85,0,0,17,13,20.98,32.87,6.9,0,0,0,0,,,,,0,0,,1,0,14,6,233.33,0,,0,55,49,112.24,0,,0,151,88,171.59,0,,0
de6efa4a,393055,JR Coleman,JR Coleman,Melbourne Stars,2018-01-06,2020-01-15,10,0,0,0,0,0,,,0,0,0,0,,,,10,152,182,11,16.55,7.18,13.82,3/16,0,0,42.76,0,0,0,0,,78,7.77,3,0,0,,60,6.7,6,0,0,,14,6.0,2
fea7a34c,404458,LJ Hatchett,LJ Hatchett,Sussex,2014-06-06,2014-07-25,8,3,2,0,1,0*,0.0,0.0,0,0,0,0,0.0,100.0,11.0,8,167,249,11,22.64,8.95,15.18,3/23,0,0,43.11,0,0,0,0,,126,7.86,7,0,1,0.0,12,14.5,0,0,0,,29,11.38,4
1d8c298b,1078695,M Louis,M Louis,St Kitts and Nevis Patriots,2024-08-31,2026-08-27,13,11,1,219,164,63,21.9,133.54,0,2,16,15,18.9,45.73,4.8,0,0,0,0,,,,,0,0,,4,0,46,29,158.62,0,,0,92,89,103.37,0,,0,81,46,176.09,0,,0
eb9cb105,297634,SC Meaker,SC Meaker,Surrey,2014-07-24,2017-08-25,10,6,3,19,20,6,6.33,95.0,0,0,2,0,10.0,40.0,9.2,9,168,235,10,23.5,8.39,16.8,4/30,1,0,35.12,4,0,0,0,,24,14.5,0,0,0,,114,7.05,8,19,20,95.0,30,8.6,2
a1f1829d,28997,K Goel,K Goel,Kings XI Punjab,2008-04-19,2010-04-18,22,17,2,218,231,38,14.53,94.37,0,0,17,9,11.26,52.81,3.2,6,66,93,0,,8.45,,0/7,0,0,28.79,9,0,160,161,99.38,0,,0,28,42,66.67,66,8.45,0,30,28,107.14,0,,0
1732cd55,910361,Z Malik,Z Malik,Warwickshire,2026-05-31,2026-07-12,9,9,0,216,123,99,24.0,175.61,0,1,24,11,28.46,34.15,1.0,0,0,0,0,,,,,0,0,,2,0,165,96,171.88,0,,0,51,27,188.89,0,,0,0,0,,0,,0
d3395043,1339105,Shamyl Hussain,Shamyl Hussain,Quetta Gladiators,2026-03-27,2026-04-25,9,9,0,215,147,54,23.89,146.26,0,3,16,13,19.73,36.05,1.9,0,0,0,0,,,,,0,0,,4,0,152,99,153.54,0,,0,63,48,131.25,0,,0,0,0,,0,,0
d6ac6545,56053,Nadif Chowdhury,Nadif Chowdhury,Barisal Bulls,2012-02-14,2022-02-03,30,19,2,215,216,41,12.65,99.54,0,0,9,11,9.26,44.44,5.6,0,0,0,0,,,,,0,0,,7,0,43,28,153.57,0,,0,136,152,89.47,0,,0,36,36,100.0,0,,0
ea36b0ee,1277007,Abdullah Al Mamun,Abdullah Al Mamun (2),Dhaka Capitals,2023-01-31,2026-01-17,10,10,0,155,153,45,15.5,101.31,0,0,17,4,13.73,49.67,2.4,3,36,43,3,14.33,7.17,12.0,2/24,0,0,36.11,5,0,94,89,105.62,0,,0,61,64,95.31,18,7.0,1,0,0,,18,7.33,2
bdd4bc21,1258580,JF Thomas,JF Thomas,Somerset,2025-07-10,2026-07-10,10,7,2,75,63,21,15.0,119.05,0,0,11,1,19.05,50.79,4.1,7,72,91,7,13.0,7.58,10.29,4/6,1,0,29.17,4,0,60,49,122.45,0,,0,1,4,25.0,72,7.58,7,14,10,140.0,0,,0
47c449c5,550189,Dayyaan Galiem,Dayyaan Galiem,Paarl Royals,2024-02-03,2025-02-06,14,6,2,34,39,12,8.5,87.18,0,0,1,2,7.69,48.72,6.3,13,193,325,9,36.11,10.1,21.44,3/24,0,0,26.94,0,0,9,12,75.0,36,9.17,1,16,19,84.21,114,9.26,5,9,8,112.5,43,13.12,3
eb75d76c,1339111,Saad Baig,Saad Baig,Karachi Kings,2024-02-18,2026-04-19,14,12,0,213,169,53,17.75,126.04,0,1,34,1,20.71,42.6,3.4,0,0,0,0,,,,,0,0,,1,2,92,79,116.46,0,,0,112,85,131.76,0,,0,9,5,180.0,0,,0
7bc29ffb,429927,CA Dry,CA Dry,Los Angeles Knight Riders,2023-07-13,2025-07-06,13,7,2,33,34,13,6.6,97.06,0,0,5,1,17.65,61.76,8.4,13,210,343,9,38.11,9.8,23.33,2/10,0,0,35.24,3,0,0,0,,108,7.83,7,8,20,40.0,60,11.6,1,25,14,178.57,42,12.29,1
a5735bd3,1115860,A Karvelas,A Karvelas,Sussex,2023-06-03,2024-07-05,8,5,3,13,22,6,6.5,59.09,0,0,1,0,4.55,63.64,9.4,8,137,231,10,23.1,10.12,13.7,4/20,1,0,36.5,2,0,0,0,,102,9.35,8,0,0,,23,11.22,0,13,22,59.09,12,14.5,2
f2665768,914467,A Phillip,A Phillip,Trinbago Knight Riders,2016-08-05,2022-09-22,19,6,5,12,18,6*,12.0,66.67,0,0,0,1,5.56,66.67,9.2,18,264,416,10,41.6,9.45,26.4,3/38,0,0,36.36,3,0,0,0,,102,9.47,4,1,5,20.0,112,9.16,2,11,13,84.62,50,10.08,4
b8828a1b,596800,KJ Dudgeon,KJ Dudgeon,Kent,2025-01-23,2026-07-03,8,5,2,52,45,29*,17.33,115.56,0,0,4,2,13.33,35.56,7.8,8,167,240,8,30.0,8.62,20.88,2/22,0,0,42.51,5,0,1,2,50.0,102,6.88,5,7,15,46.67,30,10.2,0,44,28,157.14,35,12.34,3
0ff20bec,864553,Qazi Onik,Qazi Onik,Dhaka Dynamites,2017-11-29,2023-01-14,9,3,3,11,26,7*,,42.31,0,0,0,0,0.0,57.69,10.0,9,148,228,10,22.8,9.24,14.8,4/17,1,0,23.65,2,0,0,0,,12,15.0,0,4,11,36.36,72,8.67,3,7,15,46.67,64,8.81,7
7a8a0237,1147569,JP Morley,JP Morley,Derbyshire,2024-06-09,2026-07-12,11,3,2,11,15,6*,11.0,73.33,0,0,1,0,6.67,46.67,10.7,11,216,309,10,30.9,8.58,21.6,4/44,1,0,29.63,5,0,0,0,,72,7.25,2,0,0,,138,9.04,7,11,15,73.33,6,14.0,1
e012ad13,252932,KOA Powell,KOA Powell,Antigua Hawksbills,2013-08-01,2020-08-30,12,11,0,209,200,47,19.0,104.5,0,0,22,4,13.0,47.0,2.7,0,0,0,0,,,,,0,0,,3,0,155,128,121.09,0,,0,42,65,64.62,0,,0,12,7,171.43,0,,0
047d9032,6235,JJ Krejza,JJ Krejza,Hobart Hurricanes,2011-12-18,2012-12-26,8,3,0,8,12,5,2.67,66.67,0,0,0,0,0.0,41.67,7.0,8,174,226,10,22.6,7.79,17.4,3/39,0,0,38.51,3,0,0,0,,54,7.56,1,5,7,71.43,102,8.41,5,3,5,60.0,18,5.0,4
a63d0c5a,1294447,SD Parris,SD Parris,Trinbago Knight Riders,2024-08-31,2026-08-07,13,12,0,208,203,57,17.33,102.46,0,1,8,15,11.33,50.25,3.0,0,0,0,0,,,,,0,0,,4,0,97,96,101.04,0,,0,104,104,100.0,0,,0,7,3,233.33,0,,0
cd882d22,13826,WRS Gidman,WRS Gidman,Gloucestershire,2014-06-26,2016-07-29,7,7,5,108,81,30*,54.0,133.33,0,0,10,2,14.81,23.46,6.4,5,108,152,5,30.4,8.44,21.6,2/23,0,0,34.26,1,0,0,0,,60,7.2,2,60,41,146.34,42,9.29,3,48,40,120.0,6,15.0,0
168b4c4f,625959,S Hicks,S Hicks,Otago,2017-12-23,2019-01-20,12,11,0,208,160,52,18.91,130.0,0,2,18,7,15.62,35.0,3.4,3,18,36,0,,12.0,,0/10,0,0,22.22,7,0,73,59,123.73,0,,0,135,101,133.66,18,12.0,0,0,0,,0,,0
bdf7a718,1292751,W Prestwidge,W Prestwidge,Brisbane Heat,2022-01-06,2026-01-23,9,6,1,46,44,21,9.2,104.55,0,0,3,3,13.64,56.82,7.7,8,117,195,8,24.38,10.0,14.62,2/16,0,0,35.9,1,0,0,0,,48,9.0,4,22,23,95.65,54,10.56,3,24,21,114.29,15,11.2,1
2cbdd22f,1076473,Izharulhaq Naveed,Izharulhaq Naveed,Sydney Sixers,2022-12-14,2023-08-27,13,4,2,6,11,2*,3.0,54.55,0,0,0,0,0.0,45.45,10.8,13,300,419,10,41.9,8.38,30.0,2/22,0,0,29.33,2,0,0,0,,48,8.0,1,0,1,0.0,216,8.56,7,6,10,60.0,36,7.83,2
f52fc698,1500753,ZN Carter,ZN Carter,Barbados Tridents,2026-08-11,2026-09-16,11,11,0,206,168,57,18.73,122.62,0,1,15,16,18.45,55.36,1.8,0,0,0,0,,,,,0,0,,3,0,136,114,119.3,0,,0,70,54,129.63,0,,0,0,0,,0,,0
eba6a852,10617,SCJ Broad,SCJ Broad,Hobart Hurricanes,2015-06-05,2017-01-21,10,4,1,25,18,11*,8.33,138.89,0,0,3,0,16.67,33.33,9.2,10,213,281,9,31.22,7.92,23.67,2/35,0,0,35.21,2,0,0,0,,84,8.43,1,0,3,0.0,89,7.21,5,25,15,166.67,40,8.4,3
de098678,1275938,RA Clarke,RA Clarke,Barbados Royals,2023-08-31,2026-09-12,18,13,4,205,201,54*,22.78,101.99,0,1,22,2,11.94,43.78,5.2,1,6,16,0,,16.0,,0/16,0,0,0.0,11,2,29,37,78.38,0,,0,112,127,88.19,6,16.0,0,64,37,172.97,0,,0
afe830a2,1070229,RMMP Rathnayake,RMMP Rathnayake,Colombo Kaps,2026-07-22,2026-08-07,7,6,1,85,58,26,17.0,146.55,0,0,5,5,17.24,32.76,8.0,6,102,169,6,28.17,9.94,17.0,2/23,0,0,30.39,3,0,0,0,,24,9.75,0,31,18,172.22,42,8.57,3,54,40,135.0,36,11.67,3
feb6180d,1201886,Mohammad Umar,Mohammad Umar,Peshawar Zalmi,2021-02-21,2023-03-12,10,4,1,4,13,3,1.33,30.77,0,0,0,0,0.0,69.23,9.0,10,209,330,10,33.0,9.47,20.9,3/22,0,0,34.93,1,0,0,0,,96,9.44,3,0,0,,60,8.8,2,4,13,30.77,53,10.3,5
b3213c74,1161862,Mohor Sheikh,Mohor Sheikh,Durbar Rajshahi,2019-01-05,2025-01-26,11,6,5,4,16,3*,4.0,25.0,0,0,0,0,0.0,81.25,10.7,11,179,276,10,27.6,9.25,17.9,2/15,0,0,38.55,1,0,0,0,,54,11.11,2,1,4,25.0,90,6.73,6,3,12,25.0,35,12.86,2
029c4618,270493,AL Fekete,AL Fekete,Melbourne Renegades,2013-12-26,2020-01-21,15,4,2,3,12,1*,1.5,25.0,0,0,0,0,0.0,75.0,9.8,15,239,405,10,40.5,10.17,23.9,2/27,0,0,32.64,0,0,0,0,,126,10.19,3,0,0,,42,9.86,0,3,12,25.0,71,10.31,7
36769c31,4886,SJ Coyte,SJ Coyte (2),Sydney Thunder,2011-12-17,2014-01-01,11,6,2,63,41,33,15.75,153.66,0,0,7,2,21.95,31.71,8.0,11,222,267,7,38.14,7.22,31.71,2/14,0,0,38.74,5,0,0,0,,60,6.8,2,20,9,222.22,114,5.79,3,43,32,134.38,48,11.12,2
a0b76243,1385637,T Luus,T Luus,MI New York,2025-02-02,2026-07-05,7,4,1,23,25,12,7.67,92.0,0,0,2,1,12.0,56.0,8.8,7,156,236,9,26.22,9.08,17.33,3/35,0,0,34.62,1,0,0,0,,42,10.71,3,4,5,80.0,90,7.2,6,19,20,95.0,24,13.25,0
03ae720f,55456,MW Goodwin,MW Goodwin,Glamorgan,2014-05-16,2014-08-01,11,8,2,203,143,71,33.83,141.96,0,1,18,6,16.78,30.07,4.2,0,0,0,0,,,,,0,0,,2,0,11,7,157.14,0,,0,123,98,125.51,0,,0,69,38,181.58,0,,0
d4c9b75a,567040,GTG Cork,GTG Cork,Derbyshire,2014-06-29,2015-07-17,10,6,3,43,45,13*,14.33,95.56,0,0,3,0,6.67,35.56,9.3,9,165,277,8,34.62,10.07,20.62,2/36,0,0,28.48,4,0,0,0,,78,10.31,1,2,3,66.67,42,6.71,4,41,42,97.62,45,12.8,3
456f6d99,556916,Mukhtar Ahmed,Mukhtar Ahmed,Washington Freedom,2015-11-30,2026-06-27,29,19,6,202,170,36*,15.54,118.82,0,0,17,9,15.29,42.94,4.8,0,0,0,0,,,,,0,0,,11,0,56,54,103.7,0,,0,81,77,105.19,0,,0,65,39,166.67,0,,0
f98481d3,1339102,Muhammad Ismail,Muhammad Ismail,Multan Sultans,2026-04-03,2026-04-29,7,1,1,1,2,1*,,50.0,0,0,0,0,0.0,50.0,11.0,7,105,195,10,19.5,11.14,10.5,3/41,0,0,35.24,2,0,0,0,,78,10.77,7,0,0,,18,13.0,1,1,2,50.0,9,10.67,2
fccebff9,319746,Shapoor Zadran,Shapoor Zadran,Khulna Royal Bengals,2013-01-20,2013-02-11,8,4,3,1,11,1,1.0,9.09,0,0,0,0,0.0,90.91,9.8,8,183,192,10,19.2,6.3,18.3,3/21,0,0,44.81,1,0,0,0,,90,6.2,7,0,7,0.0,36,6.33,3,1,4,25.0,57,6.42,0
e142c599,644045,Anuj Dal,Anuj Dal,Derbyshire,2018-07-08,2024-06-02,25,21,6,201,178,35,13.4,112.92,0,0,14,4,10.11,34.83,6.2,1,6,8,0,,8.0,,0/8,0,0,16.67,11,0,16,11,145.45,0,,0,103,110,93.64,6,8.0,0,82,57,143.86,0,,0
81049310,447587,J Yadav,J Yadav,Delhi Daredevils,2015-05-09,2023-04-22,20,5,1,40,36,23,10.0,111.11,0,0,2,1,8.33,33.33,8.4,20,390,445,8,55.62,6.85,48.75,1/8,0,0,39.23,7,0,0,0,,162,7.59,3,9,9,100.0,210,6.23,4,31,27,114.81,18,7.33,1
d718440b,528967,V Pratap Singh,V Pratap Singh,Deccan Chargers,2012-04-19,2012-05-20,9,1,0,0,1,0,0.0,0.0,0,0,0,0,0.0,100.0,11.0,9,204,296,10,29.6,8.71,20.4,2/31,0,0,34.8,0,0,0,0,,96,8.5,3,0,0,,66,8.09,2,0,1,0.0,42,10.14,5
fdd837ba,1213975,TP Ward,TP Ward,Hobart Hurricanes,2025-12-21,2026-01-23,10,9,0,200,147,90,22.22,136.05,0,1,19,8,18.37,39.46,1.6,0,0,0,0,,,,,0,0,,2,0,144,112,128.57,0,,0,56,35,160.0,0,,0,0,0,,0,,0
3cbef804,1524814,Mohammad Basit,Mohammad Basit,Peshawar Zalmi,2026-04-15,2026-05-03,6,0,0,0,0,0,,,0,0,0,0,,,,6,133,172,10,17.2,7.76,13.3,3/26,0,0,42.86,4,0,0,0,,66,8.09,3,0,0,,18,6.67,2,0,0,,49,7.71,5
44a89551,529436,KS Bharat,KS Bharat,Royal Challengers Bangalore,2021-09-20,2022-05-11,10,9,2,199,163,78*,28.43,122.09,0,1,12,8,12.27,34.97,3.2,0,0,0,0,,,,,0,0,,4,1,65,59,110.17,0,,0,102,85,120.0,0,,0,32,19,168.42,0,,0
36d33dd0,52969,RR Sarwan,RR Sarwan,Guyana Amazon Warriors,2008-04-25,2016-07-29,16,14,4,199,211,37,19.9,94.31,0,0,13,3,7.58,38.86,4.6,0,0,0,0,,,,,0,0,,4,0,50,49,102.04,0,,0,111,133,83.46,0,,0,38,29,131.03,0,,0
875909c0,51866,AB Fudadin,AB Fudadin,Guyana Amazon Warriors,2015-06-20,2017-09-07,13,10,3,199,190,54,28.43,104.74,0,1,12,8,10.53,42.63,4.2,0,0,0,0,,,,,0,0,,3,0,49,59,83.05,0,,0,115,107,107.48,0,,0,35,24,145.83,0,,0
7662cf7a,343305,Bilawal Bhatti,Bilawal Bhatti,Lahore Qalandars,2015-12-02,2020-03-15,11,6,3,38,41,15*,12.67,92.68,0,0,2,1,7.32,43.9,8.0,11,223,273,8,34.12,7.35,27.88,3/26,0,0,39.01,4,0,0,0,,54,9.78,2,7,15,46.67,115,6.26,3,31,26,119.23,54,7.22,3
cf59b3f0,1131570,Urvil Patel,Urvil Patel,Chennai Super Kings,2025-05-07,2026-05-21,10,10,0,197,96,65,19.7,205.21,0,1,11,20,32.29,39.58,3.1,0,0,0,0,,,,,0,0,,8,0,144,68,211.76,0,,0,53,28,189.29,0,,0,0,0,,0,,0
db481029,290719,Sunny Patel,Sunny Patel,MI New York,2024-07-18,2026-07-08,12,7,4,97,78,32,32.33,124.36,0,0,10,1,14.1,32.05,8.0,12,192,310,5,62.0,9.69,38.4,2/37,0,0,26.56,1,0,0,0,,18,7.67,1,44,38,115.79,168,9.82,4,53,40,132.5,6,12.0,0
af7dadf7,26206,B Akhil,B Akhil,Royal Challengers Bangalore,2008-04-18,2011-04-30,15,11,5,76,55,27*,12.67,138.18,0,0,5,5,18.18,43.64,7.4,13,188,242,6,40.33,7.72,31.33,2/17,0,0,31.91,3,0,0,0,,6,12.0,0,27,21,128.57,132,6.27,4,49,34,144.12,50,11.04,2
eea6b7f1,37000,SP Fleming,SP Fleming,Chennai Super Kings,2008-05-02,2008-05-27,10,10,1,196,165,45,21.78,118.79,0,0,27,3,18.18,48.48,2.0,0,0,0,0,,,,,0,0,,2,0,120,110,109.09,0,,0,76,55,138.18,0,,0,0,0,,0,,0
b34e4b15,1295846,L Shaw,L Shaw,Sydney Sixers,2024-12-21,2026-01-25,15,11,3,196,136,33*,24.5,144.12,0,0,19,6,18.38,30.15,5.7,0,0,0,0,,,,,0,0,,8,0,6,6,100.0,0,,0,88,72,122.22,0,,0,102,58,175.86,0,,0
1db6e336,1280097,BS McKinney,BS McKinney,Durham,2024-06-15,2026-07-12,12,10,1,196,129,42,21.78,151.94,0,0,16,12,21.71,34.88,3.3,0,0,0,0,,,,,0,0,,11,0,82,53,154.72,0,,0,108,69,156.52,0,,0,6,7,85.71,0,,0
2415a225,38003,SJ Murdoch,SJ Murdoch,Canterbury,2017-12-20,2020-01-12,16,16,1,196,168,64,13.07,116.67,0,1,15,10,14.88,47.62,2.9,0,0,0,0,,,,,0,0,,5,0,83,83,100.0,0,,0,95,78,121.79,0,,0,18,7,257.14,0,,0
8c9d3000,1023059,MG Finan,MG Finan,Leicestershire,2023-06-06,2023-07-02,7,6,1,55,42,20,11.0,130.95,0,0,4,2,14.29,35.71,8.8,7,147,263,7,37.57,10.73,21.0,3/39,0,0,32.65,6,0,0,0,,72,9.0,2,7,10,70.0,30,10.8,1,48,32,150.0,45,13.47,4
c69a7b5c,230593,AS Raut,AS Raut,Rajasthan Royals,2009-04-23,2011-05-11,22,16,7,194,167,36*,21.56,116.17,0,0,13,7,11.98,37.13,6.8,5,30,44,0,,8.8,,0/6,0,0,20.0,9,0,7,6,116.67,0,,0,67,58,115.52,18,10.33,0,120,103,116.5,12,6.5,0
f0ec8597,334380,TM Beaton,TM Beaton,Melbourne Renegades,2015-01-07,2016-01-18,12,11,5,194,128,41*,32.33,151.56,0,0,14,7,16.41,24.22,6.0,0,0,0,0,,,,,0,0,,2,0,0,0,,0,,0,70,52,134.62,0,,0,124,76,163.16,0,,0
28d7f469,508964,Pulina Tharanga,Pulina Tharanga,Galle Gladiators,2020-12-01,2022-12-07,10,6,2,34,34,14,8.5,100.0,0,0,2,0,5.88,26.47,8.2,10,162,226,8,28.25,8.37,20.25,2/13,0,0,28.4,5,0,0,0,,18,6.67,0,8,8,100.0,114,8.63,4,26,26,100.0,30,8.4,4
a4a2a0c0,646003,JTA Burnham,JTA Burnham,Durham,2016-06-17,2021-06-15,26,20,1,194,218,53*,10.21,88.99,0,1,12,5,7.8,45.41,5.0,1,1,0,0,,0.0,,0/0,0,0,100.0,10,0,16,33,48.48,1,0.0,0,119,131,90.84,0,,0,59,54,109.26,0,,0
93fabc71,351998,SKW Wood,SKW Wood,Nottinghamshire,2014-05-16,2016-06-24,24,14,6,94,82,17,11.75,114.63,0,0,4,2,7.32,28.05,7.3,14,119,181,5,36.2,9.13,23.8,2/21,0,0,21.85,5,0,13,12,108.33,0,,0,4,7,57.14,90,8.53,3,77,63,122.22,29,10.97,2
8e554b6b,1073106,Abdul Samad,Abdul Samad (3),Peshawar Zalmi,2025-04-19,2026-05-03,16,12,3,193,102,48,21.44,189.22,0,0,14,15,28.43,33.33,5.9,0,0,0,0,,,,,0,0,,16,0,5,4,125.0,0,,0,64,44,145.45,0,,0,124,54,229.63,0,,0
4e04666c,35357,YV Takawale,YV Takawale,Mumbai Indians,2008-05-04,2014-05-24,16,10,2,192,178,45,24.0,107.87,0,0,26,3,16.29,53.37,3.2,0,0,0,0,,,,,0,0,,13,4,121,132,91.67,0,,0,42,33,127.27,0,,0,29,13,223.08,0,,0
be4cefab,19346,CMW Read,CMW Read,Nottinghamshire,2014-05-16,2016-08-20,25,18,7,192,134,35*,17.45,143.28,0,0,17,5,16.42,27.61,7.0,0,0,0,0,,,,,0,0,,13,6,0,0,,0,,0,44,43,102.33,0,,0,148,91,162.64,0,,0
983f2f61,232292,Swapnil Singh,Swapnil Singh,Royal Challengers Bengaluru,2016-05-04,2024-05-22,14,9,4,51,45,15*,10.2,113.33,0,0,3,3,13.33,44.44,7.9,14,162,241,7,34.43,8.93,23.14,2/28,0,0,24.07,3,0,0,0,,42,8.86,5,25,26,96.15,120,8.95,2,26,19,136.84,0,,0
70c4f525,230368,JM Holland,JM Holland,Adelaide Strikers,2014-01-09,2020-12-13,17,4,2,11,16,5*,5.5,68.75,0,0,0,0,0.0,37.5,10.0,15,264,375,9,41.67,8.52,29.33,2/19,0,0,28.03,8,0,0,0,,72,8.83,1,5,5,100.0,192,8.41,8,6,11,54.55,0,,0
65be8bb2,670037,RA Lewis,Ramaal Lewis,Jamaica Tallawahs,2019-09-12,2020-08-20,8,7,2,91,71,37*,18.2,128.17,0,0,3,6,12.68,36.62,8.0,7,96,124,5,24.8,7.75,19.2,2/23,0,0,36.46,3,0,0,0,,12,10.5,0,6,13,46.15,84,7.36,5,85,58,146.55,0,,0
ef5da05c,26490,AG Murtaza,AG Murtaza,Mumbai Indians,2010-03-13,2013-05-19,12,3,2,10,14,5,10.0,71.43,0,0,1,0,7.14,50.0,9.7,12,264,313,9,34.78,7.11,29.33,3/15,0,0,38.26,3,0,0,0,,78,4.0,2,0,0,,162,7.81,7,10,14,71.43,24,12.5,0
ac3e14ed,38927,BS Wilson,BS Wilson,Otago,2014-01-17,2019-02-09,12,11,3,190,142,32*,23.75,133.8,0,0,17,6,16.2,28.87,6.7,0,0,0,0,,,,,0,0,,7,0,15,12,125.0,0,,0,61,59,103.39,0,,0,114,71,160.56,0,,0
c64c2443,35261,J Syed Mohammad,J Syed Mohammad,Royal Challengers Bangalore,2011-04-22,2013-05-10,11,5,3,29,26,13*,14.5,111.54,0,0,4,0,15.38,38.46,8.0,11,192,283,8,35.38,8.84,24.0,2/15,0,0,24.48,1,0,0,0,,18,4.67,1,9,11,81.82,156,9.08,6,20,15,133.33,18,11.0,1
14661bf3,1171134,Faisal Akram,Faisal Akram,Multan Sultans,2024-02-27,2026-04-29,9,3,2,9,10,4*,9.0,90.0,0,0,1,0,10.0,50.0,10.0,9,164,245,9,27.22,8.96,18.22,4/31,1,0,26.83,1,0,0,0,,6,19.0,0,0,0,,138,8.96,7,9,10,90.0,20,6.0,2
d3a1c63d,697183,T de Zorzi,T de Zorzi,Durban's Super Giants,2024-01-23,2025-02-08,11,11,0,189,146,78,17.18,129.45,0,1,26,5,21.23,45.89,1.6,0,0,0,0,,,,,0,0,,1,0,117,99,118.18,0,,0,72,47,153.19,0,,0,0,0,,0,,0
430f8b13,288616,T Poynton,T Poynton,Derbyshire,2015-05-15,2016-06-24,20,16,7,189,145,37*,21.0,130.34,0,0,6,9,10.34,30.34,7.3,0,0,0,0,,,,,0,0,,5,2,0,0,,0,,0,50,43,116.28,0,,0,139,102,136.27,0,,0
bf573bfd,36947,DC de Boorder,DC de Boorder,Otago,2013-01-20,2018-01-14,11,11,2,189,176,50*,21.0,107.39,0,1,12,6,10.23,35.8,5.9,0,0,0,0,,,,,0,0,,8,2,9,19,47.37,0,,0,114,108,105.56,0,,0,66,49,134.69,0,,0
e1a867df,779937,DJM Moody,DJM Moody,Hobart Hurricanes,2019-01-18,2023-01-29,10,2,1,8,15,8,8.0,53.33,0,0,0,0,0.0,53.33,10.5,10,163,239,9,26.56,8.8,18.11,3/16,0,0,39.88,1,0,0,0,,61,10.13,2,0,0,,78,7.0,5,8,15,53.33,24,11.25,2
9c8448ba,1418371,OJ Peake,OJ Peake,Melbourne Renegades,2025-01-18,2026-06-19,8,8,1,188,140,57,26.86,134.29,0,1,15,7,15.71,31.43,5.1,0,0,0,0,,,,,0,0,,4,0,8,8,100.0,0,,0,104,91,114.29,0,,0,76,41,185.37,0,,0
2a802bfd,605687,WC Ludick,WC Ludick,Central Districts,2018-12-31,2020-01-11,13,13,6,148,109,27*,21.14,135.78,0,0,8,6,12.84,28.44,7.1,7,90,135,2,67.5,9.0,45.0,2/15,0,0,27.78,10,0,0,0,,12,9.0,0,22,23,95.65,42,8.14,0,126,86,146.51,36,10.0,2
c13e8df5,1282477,T Mathew,T Mathew,Jaffna Kings,2025-01-17,2026-08-08,11,3,1,7,12,6,3.5,58.33,0,0,1,0,8.33,66.67,9.7,11,198,328,9,36.44,9.94,22.0,3/19,0,0,25.25,4,0,0,0,,54,8.56,3,0,1,0.0,132,9.0,6,7,11,63.64,12,26.5,0
b68a30f0,36331,IG Butler,IG Butler,Northamptonshire,2013-01-20,2014-06-19,5,5,3,47,33,23*,23.5,142.42,0,0,3,3,18.18,30.3,7.6,5,90,120,7,17.14,8.0,12.86,4/25,1,0,33.33,1,0,0,0,,48,9.5,3,1,1,100.0,24,3.75,3,46,32,143.75,18,9.67,1
f8e48647,599385,IG McPeake,IG McPeake,Wellington,2017-12-24,2025-01-01,14,4,2,7,14,6,3.5,50.0,0,0,1,0,7.14,71.43,10.5,13,221,364,9,40.44,9.88,24.56,3/35,0,0,31.22,2,0,0,0,,114,10.05,4,0,0,,72,8.17,4,7,14,50.0,35,12.86,1
85ec63b5,1456585,S Dixit,S Dixit,Auckland,2024-12-29,2026-01-30,8,5,1,27,24,13,6.75,112.5,0,0,3,0,12.5,33.33,7.4,6,106,139,8,17.38,7.87,13.25,3/20,0,0,29.25,1,0,0,0,,6,11.0,1,21,15,140.0,81,8.22,3,6,9,66.67,19,5.37,4
f5da80da,1467926,RK Gulati,RK Gulati,Auckland,2025-01-06,2026-01-30,11,3,2,7,11,3*,7.0,63.64,0,0,0,0,0.0,54.55,10.3,10,228,268,9,29.78,7.05,25.33,3/20,0,0,31.58,4,0,0,0,,48,6.38,2,3,5,60.0,174,7.1,7,4,6,66.67,6,11.0,0
b1ad996b,1292563,MP Yadav,MP Yadav,Lucknow Super Giants,2024-03-30,2026-05-19,10,1,0,5,5,5,5.0,100.0,0,0,1,0,20.0,60.0,9.0,10,217,367,9,40.78,10.15,24.11,3/14,0,0,42.4,3,0,0,0,,54,10.22,2,0,0,,126,10.43,4,5,5,100.0,37,9.08,3
185cbde3,509416,Naeem Islam,Naeem Islam Jr.,Duronto Rajshahi,2013-01-19,2017-11-21,12,7,1,25,42,9,4.17,59.52,0,0,1,0,2.38,47.62,9.1,11,210,263,8,32.88,7.51,26.25,2/17,0,0,40.48,2,0,0,0,,78,7.15,5,4,8,50.0,114,7.47,2,21,34,61.76,18,9.33,1
a97fbc2c,931015,PTM Dabare,PTM Dabare,Galle Gladiators,2022-12-07,2026-08-07,12,12,0,185,158,70,15.42,117.09,0,1,23,3,16.46,42.41,1.2,2,18,22,0,,7.33,,0/8,0,0,16.67,3,0,107,103,103.88,0,,0,53,40,132.5,18,7.33,0,25,15,166.67,0,,0
2c86c8f2,15378,RJ Hamilton-Brown,RJ Hamilton-Brown,Sussex,2014-05-17,2014-06-27,8,8,0,165,133,49,20.62,124.06,0,0,12,8,15.04,42.11,3.9,2,18,19,1,19.0,6.33,18.0,1/12,0,0,27.78,6,0,32,28,114.29,6,7.0,0,123,96,128.12,12,6.0,1,10,9,111.11,0,,0
c945df30,1410575,CB Paul,CB Paul,Canterbury,2025-12-28,2026-01-23,8,6,2,25,28,12,6.25,89.29,0,0,3,0,10.71,50.0,7.8,8,132,207,8,25.88,9.41,16.5,3/32,0,0,40.15,2,0,2,4,50.0,60,10.1,2,15,16,93.75,24,7.25,1,8,8,100.0,48,9.62,5
dc9dd038,432783,Sachin Baby,Sachin Baby,Royal Challengers Bangalore,2013-04-27,2025-05-05,20,11,2,144,118,33,16.0,122.03,0,0,11,5,13.56,38.14,5.8,2,10,8,2,4.0,4.8,5.0,2/4,0,0,50.0,5,0,0,3,0.0,0,,0,49,55,89.09,6,4.0,0,95,60,158.33,4,6.0,2
edb3d4f8,777537,KC Cariappa,KC Cariappa,Kings XI Punjab,2015-04-11,2019-04-21,11,5,2,24,21,12*,8.0,114.29,0,0,0,2,9.52,38.1,9.6,11,216,348,8,43.5,9.67,27.0,2/16,0,0,28.24,3,0,0,0,,36,10.83,0,12,8,150.0,162,9.63,6,12,13,92.31,18,7.67,2
82c78845,41140,Khurram Manzoor,Khurram Manzoor,Karachi Kings,2018-02-23,2020-03-15,7,7,0,184,162,63,26.29,113.58,0,2,21,3,14.81,39.51,1.3,0,0,0,0,,,,,0,0,,1,0,112,103,108.74,0,,0,72,58,124.14,0,,0,0,1,0.0,0,,0
f8e3c0f8,1126059,Omair Yousuf,Omair Yousuf,Quetta Gladiators,2023-03-06,2025-05-01,8,7,0,184,135,67,26.29,136.3,0,2,17,6,17.04,31.85,3.6,0,0,0,0,,,,,0,0,,1,0,57,38,150.0,0,,0,105,82,128.05,0,,0,22,15,146.67,0,,0
df60a57a,245372,O Peters,O Peters,St Kitts and Nevis Patriots,2013-08-13,2016-07-24,12,8,1,164,136,67*,23.43,120.59,0,1,9,12,15.44,50.74,4.1,5,72,123,1,123.0,10.25,72.0,1/26,0,0,27.78,1,0,16,18,88.89,18,6.33,0,112,94,119.15,36,10.83,0,36,24,150.0,18,13.0,1
684d21d7,629075,M Bhanuka,M Bhanuka,Jaffna Stallions,2020-11-27,2023-08-07,15,13,2,184,173,40,16.73,106.36,0,0,16,5,12.14,42.2,3.3,0,0,0,0,,,,,0,0,,9,2,87,89,97.75,0,,0,89,77,115.58,0,,0,8,7,114.29,0,,0
c1fdfb46,1171180,P Rathnayake,P Rathnayake,Dambulla Sixers,2024-07-02,2026-08-02,12,12,2,184,120,50,18.4,153.33,0,1,18,7,20.83,29.17,5.8,0,0,0,0,,,,,0,0,,5,0,53,38,139.47,0,,0,114,69,165.22,0,,0,17,13,130.77,0,,0
6ef60d3a,391121,Kamran Khan,Kamran Khan,Rajasthan Royals,2009-04-18,2011-04-29,9,2,1,3,5,3,3.0,60.0,0,0,0,0,0.0,60.0,11.0,9,160,224,9,24.89,8.4,17.78,3/18,0,0,38.75,4,0,0,0,,78,9.0,4,3,4,75.0,48,6.75,2,0,1,0.0,34,9.35,3
c15e2193,28671,FY Fazal,FY Fazal,Rajasthan Royals,2010-03-20,2011-05-15,12,11,1,183,173,45,18.3,105.78,0,0,22,1,13.29,39.31,3.5,2,12,20,0,,10.0,,0/6,0,0,8.33,6,0,76,79,96.2,0,,0,69,62,111.29,0,,0,38,32,118.75,12,10.0,0
211de69f,39037,Azhar Ali,Azhar Ali,Lahore Qalandars,2016-02-05,2016-02-17,7,7,0,183,172,61,26.14,106.4,0,1,22,3,14.53,44.77,1.4,2,30,30,0,,6.0,,0/12,0,0,23.33,3,0,106,102,103.92,0,,0,77,69,111.59,30,6.0,0,0,1,0.0,0,,0
8ae98a8e,775421,JS Louis,JS Louis,St Kitts and Nevis Patriots,2016-07-31,2026-09-10,10,6,4,23,29,12,11.5,79.31,0,0,3,0,10.34,55.17,9.7,10,158,254,8,31.75,9.65,19.75,5/10,0,1,34.18,2,0,0,0,,54,9.0,1,2,3,66.67,65,7.02,6,21,26,80.77,39,14.92,1
d66edc9a,520438,IAA Thomas,IAA Thomas,Kent,2015-06-18,2018-08-05,12,3,2,3,5,3*,3.0,60.0,0,0,0,0,0.0,60.0,11.0,12,210,320,9,35.56,9.14,23.33,2/42,0,0,25.24,4,0,0,0,,60,11.6,3,0,0,,90,8.07,3,3,5,60.0,60,8.3,3
4885bbe6,1206052,Yudhvir Singh,Yudhvir Singh,Lucknow Super Giants,2023-04-15,2025-05-20,9,4,0,22,16,14,5.5,137.5,0,0,1,2,18.75,50.0,8.8,9,138,253,8,31.62,11.0,17.25,3/47,0,0,39.13,0,0,0,0,,84,10.29,6,2,4,50.0,36,12.17,1,20,12,166.67,18,12.0,1
d92e42f5,269170,KP Appanna,KP Appanna,Royal Challengers Bangalore,2009-04-26,2012-05-14,13,3,2,2,4,1*,2.0,50.0,0,0,0,0,0.0,50.0,11.0,13,216,286,9,31.78,7.94,24.0,4/19,1,0,31.48,1,0,0,0,,18,9.0,0,0,0,,186,7.52,9,2,4,50.0,12,13.0,0
a6fc52a9,1123377,Ibtisam Sheikh,Ibtisam Sheikh,Peshawar Zalmi,2018-02-22,2019-03-01,8,2,1,2,6,2,2.0,33.33,0,0,0,0,0.0,66.67,8.5,8,144,178,9,19.78,7.42,16.0,3/20,0,0,31.94,4,0,0,0,,6,8.0,1,2,6,33.33,138,7.39,8,0,0,,0,,0
7b0fb3d5,329845,Mizanur Rahman,Mizanur Rahman,Dhaka Dynamites,2012-02-11,2025-01-26,21,19,1,182,205,65,10.11,88.78,0,1,21,4,12.2,55.61,3.3,0,0,0,0,,,,,0,0,,9,0,112,134,83.58,0,,0,68,62,109.68,0,,0,2,9,22.22,0,,0
86d7acf4,22135,ML Turner,ML Turner,Derbyshire,2014-05-30,2014-07-18,9,3,0,2,5,1,0.67,40.0,0,0,0,0,0.0,60.0,11.0,9,178,313,9,34.78,10.55,19.78,3/51,0,0,37.64,4,0,0,0,,108,10.28,3,0,0,,6,10.0,1,2,5,40.0,64,11.06,5
4f629497,36326,SE Bond,SE Bond,Kolkata Knight Riders,2010-03-16,2010-04-19,8,1,0,1,2,1,1.0,50.0,0,0,0,0,0.0,50.0,9.0,8,186,224,9,24.89,7.23,20.67,2/24,0,0,40.32,1,0,0,0,,90,6.27,4,1,2,50.0,42,6.14,3,0,0,,54,9.67,2
0c432afb,279562,P Parameswaran,P Parameswaran,Kochi Tuskers Kerala,2011-05-02,2012-05-20,8,2,2,1,2,1*,,50.0,0,0,0,0,0.0,50.0,11.0,8,154,224,9,24.89,8.73,17.11,3/30,0,0,41.56,1,0,0,0,,36,10.83,2,0,0,,79,7.37,2,1,2,50.0,39,9.54,5
211aeb65,1295903,KO Wickham,KO Wickham,St Kitts and Nevis Patriots,2023-08-17,2026-08-27,12,11,0,181,180,38,16.45,100.56,0,0,10,7,9.44,44.44,4.5,0,0,0,0,,,,,0,0,,3,0,62,64,96.88,0,,0,111,101,109.9,0,,0,8,15,53.33,0,,0
49299473,308124,AJ Ball,AJ Ball,Kent,2014-05-23,2017-07-09,16,9,4,81,81,18,16.2,100.0,0,0,4,2,7.41,38.27,7.3,13,189,313,5,62.6,9.94,37.8,1/7,0,0,21.69,10,0,0,0,,30,11.2,0,23,35,65.71,150,9.72,4,58,46,126.09,9,9.33,1
cf0ccafa,1151286,M Siddharth,M Siddharth,Lucknow Super Giants,2024-03-30,2026-05-04,9,0,0,0,0,0,,,0,0,0,0,,,,9,186,283,9,31.44,9.13,20.67,2/35,0,0,31.72,3,0,0,0,,72,7.92,2,0,0,,90,9.67,4,0,0,,24,10.75,3
02dfebbe,1515186,Yash Raj Punja,Yash Raj Punja,Rajasthan Royals,2026-04-19,2026-05-29,8,0,0,0,0,0,,,0,0,0,0,,,,8,180,279,9,31.0,9.3,20.0,2/35,0,0,26.11,0,0,0,0,,6,12.0,0,0,0,,156,9.54,8,0,0,,18,6.33,1
75e476d4,296599,WT Owen,WT Owen,Glamorgan,2014-05-16,2014-07-18,9,0,0,0,0,0,,,0,0,0,0,,,,9,171,289,9,32.11,10.14,19.0,3/32,0,0,30.99,2,0,0,0,,78,9.77,4,0,0,,60,10.3,3,0,0,,33,10.73,2
d28f4d1c,924551,SMLD Samarakoon,SMLD Samarakoon,Galle Titans,2021-12-21,2024-12-30,12,9,2,79,72,36,11.29,109.72,0,0,4,6,13.89,52.78,7.3,10,126,242,5,48.4,11.52,25.2,2/30,0,0,26.98,4,0,0,2,0.0,36,11.0,1,43,47,91.49,48,10.25,1,36,23,156.52,42,13.43,3
a48fc79d,24249,EC Joyce,EC Joyce,Sussex,2014-05-17,2014-06-15,6,6,0,179,155,56,29.83,115.48,0,1,16,3,12.26,37.42,2.8,0,0,0,0,,,,,0,0,,3,0,51,52,98.08,0,,0,89,78,114.1,0,,0,39,25,156.0,0,,0
a21ea40c,55329,CK Coventry,CK Coventry,Duronto Rajshahi,2013-01-22,2013-02-13,9,9,0,178,128,62,19.78,139.06,0,1,21,9,23.44,48.44,1.8,0,0,0,0,,,,,0,0,,6,0,146,102,143.14,0,,0,32,26,123.08,0,,0,0,0,,0,,0
d3a3e82d,274926,AB Barath,AB Barath,Trinidad & Tobago Red Steel,2010-03-19,2013-08-22,9,9,1,177,190,38,22.12,93.16,0,0,17,2,10.0,43.68,2.7,0,0,0,0,,,,,0,0,,1,0,104,107,97.2,0,,0,71,78,91.03,0,,0,2,5,40.0,0,,0
2535b30f,1356603,HD Weibgen,HD Weibgen,Brisbane Heat,2025-01-03,2026-01-05,13,13,4,177,167,38*,19.67,105.99,0,0,8,7,8.98,37.13,5.2,0,0,0,0,,,,,0,0,,6,0,24,27,88.89,0,,0,112,115,97.39,0,,0,41,25,164.0,0,,0
52912da9,1268580,EV Jack,EV Jack,Hampshire,2024-07-14,2026-07-08,7,3,1,17,17,14,8.5,100.0,0,0,1,0,5.88,35.29,8.3,7,132,241,8,30.12,10.95,16.5,2/43,0,0,29.55,2,0,0,0,,54,12.22,4,1,4,25.0,48,8.62,1,16,13,123.08,30,12.4,3
a23fda4a,288772,MNW Spriegel,MNW Spriegel,Northamptonshire,2014-05-16,2014-07-25,13,11,2,97,76,32,10.78,127.63,0,0,9,2,14.47,27.63,7.1,8,90,129,4,32.25,8.6,22.5,2/13,0,0,22.22,2,0,6,5,120.0,24,7.5,2,23,17,135.29,60,8.6,2,68,54,125.93,6,13.0,0
54ef649e,807469,ST de Silva,ST de Silva,Colombo Kings,2020-11-26,2021-12-14,11,9,1,116,89,31,14.5,130.34,0,0,7,6,14.61,33.71,4.7,5,38,71,3,23.67,11.21,12.67,2/6,0,0,34.21,5,0,20,25,80.0,12,16.5,0,61,39,156.41,6,11.0,0,35,25,140.0,20,8.1,3
13f34a28,461158,TC Knight,TC Knight,Derbyshire,2014-05-30,2015-07-17,16,12,5,176,125,44*,25.14,140.8,0,0,6,10,12.8,29.6,6.8,3,30,49,0,,9.8,,0/13,0,0,20.0,6,0,11,16,68.75,6,12.0,0,54,36,150.0,18,8.0,0,111,73,152.05,6,13.0,0
26f1d66c,1318270,Farhan Ahmed,Farhan Ahmed (2),Nottinghamshire,2025-06-14,2026-05-25,7,5,4,15,14,7,15.0,107.14,0,0,1,0,7.14,21.43,10.2,7,138,190,8,23.75,8.26,17.25,5/25,0,1,30.43,1,0,0,0,,54,7.78,3,0,0,,72,9.42,1,15,14,107.14,12,3.5,4
66cf56a5,310958,A Mithun,A Mithun,Royal Challengers Bangalore,2009-05-10,2013-05-12,16,8,3,34,26,11,6.8,130.77,0,0,4,1,19.23,42.31,8.2,16,288,472,7,67.43,9.83,41.14,2/37,0,0,31.25,7,0,0,0,,66,9.36,1,15,12,125.0,144,8.96,2,19,14,135.71,78,11.85,4
f1541912,1436058,BA Mayes,BA Mayes,Hampshire,2025-09-05,2026-07-18,12,10,4,174,129,55*,29.0,134.88,0,1,13,8,16.28,32.56,5.1,0,0,0,0,,,,,0,0,,3,0,17,10,170.0,0,,0,86,73,117.81,0,,0,71,46,154.35,0,,0
593513d5,315621,TIF Triffitt,TIF Triffitt,Melbourne Stars,2011-12-18,2015-12-27,24,19,7,173,139,25*,14.42,124.46,0,0,12,8,14.39,37.41,5.9,0,0,0,0,,,,,0,0,,22,1,0,0,,0,,0,63,62,101.61,0,,0,110,77,142.86,0,,0
ee6ebf47,1178645,K Smith,Kai Smith,Birmingham Bears,2025-05-30,2026-07-12,18,12,5,173,131,65*,24.71,132.06,0,1,22,3,19.08,38.17,7.0,0,0,0,0,,,,,0,0,,6,0,0,0,,0,,0,93,74,125.68,0,,0,80,57,140.35,0,,0
b2ae53f5,49677,T Thushara,T Thushara,Chennai Super Kings,2009-04-18,2010-04-10,6,4,2,12,18,8,6.0,66.67,0,0,0,0,0.0,50.0,8.5,6,135,161,8,20.12,7.16,16.88,2/16,0,0,42.22,3,0,0,0,,60,5.7,3,0,0,,30,4.8,1,12,18,66.67,45,10.67,4
29d72eb2,337913,AA Chavan,AA Chavan,Rajasthan Royals,2011-05-15,2013-05-15,13,3,1,12,11,7*,6.0,109.09,0,0,2,0,18.18,45.45,8.3,13,248,326,8,40.75,7.89,31.0,2/23,0,0,40.32,3,0,0,0,,144,6.46,3,1,3,33.33,90,9.27,2,11,8,137.5,14,13.71,3
fa4f5a0b,1193309,Ali Sheikh,Ali Sheikh,Seattle Orcas,2024-07-17,2026-07-11,11,9,1,112,92,38,14.0,121.74,0,0,9,6,16.3,45.65,6.6,8,90,125,3,41.67,8.33,30.0,1/5,0,0,31.11,8,0,27,22,122.73,0,,0,37,39,94.87,90,8.33,3,48,31,154.84,0,,0
269ff06e,905969,TJ Price,TJ Price,Gloucestershire,2022-07-03,2026-07-12,14,8,0,72,66,19,9.0,109.09,0,0,5,2,10.61,36.36,7.2,13,186,284,5,56.8,9.16,37.2,1/10,0,0,26.34,9,0,0,0,,54,9.89,3,31,38,81.58,90,8.07,2,41,28,146.43,42,10.57,0
a83107e2,524812,KS Velani,KS Velani,Essex,2014-05-23,2016-07-17,16,14,0,172,154,34,12.29,111.69,0,0,22,4,16.88,51.3,3.8,0,0,0,0,,,,,0,0,,2,0,131,107,122.43,0,,0,38,42,90.48,0,,0,3,5,60.0,0,,0
1ec36a1e,55986,Mohammad Sharif,Mohammad Sharif,Comilla Victorians,2013-01-25,2017-12-06,15,9,5,51,59,21,12.75,86.44,0,0,3,1,6.78,45.76,9.3,14,273,403,6,67.17,8.86,45.5,3/22,0,0,23.81,4,0,0,0,,72,9.0,2,10,13,76.92,132,7.14,2,41,46,89.13,69,12.0,2
1c84109e,1354217,MD Choudhary,MD Choudhary,Lucknow Super Giants,2026-04-01,2026-05-23,10,10,4,170,120,54*,28.33,141.67,0,1,11,12,19.17,40.0,6.6,0,0,0,0,,,,,0,0,,3,0,0,0,,0,,0,55,43,127.91,0,,0,115,77,149.35,0,,0
063b3673,36071,DH Yagnik,DH Yagnik,Rajasthan Royals,2011-04-21,2014-05-13,25,17,7,170,137,34,17.0,124.09,0,0,23,2,18.25,41.61,6.5,0,0,0,0,,,,,0,0,,12,5,0,0,,0,,0,74,62,119.35,0,,0,96,75,128.0,0,,0
f93b43dd,532853,SK Patel,SK Patel,Texas Super Kings,2021-09-02,2026-06-21,13,11,0,170,175,54,15.45,97.14,0,1,16,4,11.43,50.29,1.8,0,0,0,0,,,,,0,0,,7,1,91,97,93.81,0,,0,71,66,107.58,0,,0,8,12,66.67,0,,0
30a2649b,302208,CM Gautam,CM Gautam,Mumbai Indians,2013-05-07,2015-04-09,13,13,3,169,150,33,16.9,112.67,0,0,17,6,15.33,50.67,4.5,0,0,0,0,,,,,0,0,,3,4,68,62,109.68,0,,0,46,44,104.55,0,,0,55,44,125.0,0,,0
8efab8ed,598896,Umar Siddiq,Umar Siddiq,Multan Sultans,2019-02-22,2019-03-11,7,7,0,169,150,53,24.14,112.67,0,1,13,8,14.0,46.0,1.0,0,0,0,0,,,,,0,0,,4,1,103,87,118.39,0,,0,66,62,106.45,0,,0,0,1,0.0,0,,0
710dd98c,47711,MN van Wyk,MN van Wyk,Kolkata Knight Riders,2009-04-29,2017-03-05,6,6,2,168,139,74,42.0,120.86,0,1,19,1,14.39,33.81,3.3,0,0,0,0,,,,,0,0,,7,0,29,32,90.62,0,,0,73,64,114.06,0,,0,66,43,153.49,0,,0
463ebce3,643999,MJ Lamb,MJ Lamb,Birmingham Bears,2019-08-11,2021-07-09,10,9,2,168,140,39,24.0,120.0,0,0,14,4,12.86,31.43,4.6,1,6,9,0,,9.0,,0/9,0,0,33.33,4,0,22,22,100.0,0,,0,72,73,98.63,6,9.0,0,74,45,164.44,0,,0
004c9e85,272364,PJ Hughes,PJ Hughes,Adelaide Strikers,2012-12-09,2014-01-18,7,7,1,167,143,74,27.83,116.78,0,2,19,2,14.69,38.46,3.0,0,0,0,0,,,,,0,0,,4,0,70,68,102.94,0,,0,97,75,129.33,0,,0,0,0,,0,,0
b699df47,643197,MP O'Dowd,MP O'Dowd,Chattogram Challengers,2022-12-26,2023-02-08,10,9,0,167,167,58,18.56,100.0,0,1,15,7,13.17,49.7,2.2,0,0,0,0,,,,,0,0,,1,0,106,95,111.58,0,,0,61,72,84.72,0,,0,0,0,,0,,0
0c9652b0,1175423,HR Shokeen,HR Shokeen,Mumbai Indians,2022-04-21,2023-05-24,13,6,3,66,65,25,22.0,101.54,0,0,9,0,13.85,47.69,7.8,13,204,314,5,62.8,9.24,40.8,2/34,0,0,38.24,5,0,1,5,20.0,54,7.44,2,42,43,97.67,144,9.29,2,23,17,135.29,6,24.0,1
f201593c,333785,LA Doran,LA Doran,Sydney Thunder,2011-12-17,2014-12-29,13,3,1,6,7,4,3.0,85.71,0,0,1,0,14.29,57.14,9.3,13,192,242,8,30.25,7.56,24.0,2/22,0,0,31.25,2,0,0,0,,48,6.12,1,0,0,,132,8.41,6,6,7,85.71,12,4.0,1
a84ccd7d,1163490,Sumon Khan,Sumon Khan,Sylhet Strikers,2019-12-20,2025-01-30,12,9,4,66,53,20*,13.2,124.53,0,0,6,3,16.98,37.74,9.3,12,216,341,5,68.2,9.47,43.2,1/17,0,0,27.78,3,0,0,0,,78,8.85,1,3,8,37.5,78,8.46,1,63,45,140.0,60,11.6,3
970ddd24,1339698,Suryansh Shedge,Suryansh Shedge,Punjab Kings,2025-03-25,2026-05-23,12,10,3,165,101,57,23.57,163.37,0,1,9,12,20.79,29.7,6.2,1,18,40,0,,13.33,,0/40,0,0,5.56,4,0,16,9,177.78,0,,0,106,63,168.25,12,7.0,0,43,29,148.28,6,26.0,0
756389bd,35619,S Vidyut,S Vidyut,Chennai Super Kings,2008-05-02,2008-06-01,9,8,0,145,109,54,18.12,133.03,0,1,21,3,22.02,44.95,2.5,1,12,22,1,22.0,11.0,12.0,1/22,0,0,41.67,1,0,103,76,135.53,0,,0,42,30,140.0,12,11.0,1,0,3,0.0,0,,0
b7096165,1381686,SHB Morgan,SHB Morgan,Middlesex,2025-07-11,2026-07-08,8,5,3,45,34,19*,22.5,132.35,0,0,5,0,14.71,20.59,9.0,7,109,196,6,32.67,10.79,18.17,2/34,0,0,27.52,3,0,0,0,,30,11.2,3,7,6,116.67,55,10.69,0,38,28,135.71,24,10.5,3
2461eef2,376109,PA Reddy,PA Reddy,Sunrisers Hyderabad,2012-05-06,2013-05-01,12,11,1,164,160,42,16.4,102.5,0,0,15,2,10.62,40.62,2.1,0,0,0,0,,,,,0,0,,2,0,103,104,99.04,0,,0,46,51,90.2,0,,0,15,5,300.0,0,,0
b3bad3f2,348129,NR Kumar,NR Kumar,Los Angeles Knight Riders,2016-06-29,2025-06-24,16,13,0,144,140,31,11.08,102.86,0,0,7,7,10.0,47.14,4.2,3,30,55,1,55.0,11.0,30.0,1/21,0,0,33.33,3,0,24,35,68.57,12,17.0,0,120,105,114.29,18,7.0,1,0,0,,0,,0
c5f1d2a1,346914,BT Slater,BT Slater,Derbyshire,2017-07-07,2024-07-14,14,13,1,164,140,48,13.67,117.14,0,0,19,5,17.14,45.71,2.6,0,0,0,0,,,,,0,0,,1,0,90,77,116.88,0,,0,74,62,119.35,0,,0,0,1,0.0,0,,0
1f1b4c89,857975,JC Tongue,JC Tongue,Worcestershire,2017-07-30,2023-06-23,10,3,2,4,4,2*,4.0,100.0,0,0,0,0,0.0,25.0,9.7,10,174,272,8,34.0,9.38,21.75,2/32,0,0,38.51,3,0,0,0,,120,9.8,4,0,0,,18,12.0,0,4,4,100.0,36,6.67,4
8ecb0241,1262578,Y Majid,Y Majid,Surrey,2025-05-30,2026-07-04,8,3,2,4,13,3*,4.0,30.77,0,0,0,0,0.0,69.23,10.3,8,138,218,8,27.25,9.48,17.25,3/42,0,0,22.46,2,0,0,0,,12,14.0,1,0,0,,102,8.53,6,4,13,30.77,24,11.25,1
e03b66ec,41411,Mohammad Asif,Mohammad Asif,Delhi Daredevils,2008-04-22,2008-05-30,8,2,0,3,6,3,1.5,50.0,0,0,0,0,0.0,50.0,10.0,8,192,296,8,37.0,9.25,24.0,2/19,0,0,33.33,1,0,0,0,,90,9.67,3,2,3,66.67,42,7.14,1,1,3,33.33,60,10.1,4
3122c016,550251,KI Simmonds,KI Simmonds,Joburg Super Kings,2023-02-03,2025-01-25,9,4,1,23,28,13,7.67,82.14,0,0,0,2,7.14,57.14,7.8,7,120,149,7,21.29,7.45,17.14,3/23,0,0,30.83,2,0,0,1,0.0,36,10.0,0,12,19,63.16,84,6.36,7,11,8,137.5,0,,0
7795ab76,15361,BW Harmison,BW Harmison,Kent,2014-07-02,2014-07-25,6,5,3,23,22,18*,11.5,104.55,0,0,1,1,9.09,40.91,8.0,5,90,168,7,24.0,11.2,12.86,3/35,0,0,40.0,1,0,0,0,,48,7.75,4,11,9,122.22,18,7.67,1,12,13,92.31,24,20.75,2
bd54eef5,1048813,N Jagadeesan,N Jagadeesan,Chennai Super Kings,2020-10-10,2023-04-29,13,10,1,162,147,39*,18.0,110.2,0,0,21,2,15.65,44.22,2.6,0,0,0,0,,,,,0,0,,1,0,64,61,104.92,0,,0,87,73,119.18,0,,0,11,13,84.62,0,,0
3ebb940f,1276111,BM Cliff,BM Cliff,Yorkshire,2024-06-09,2024-07-19,5,1,1,2,2,2*,,100.0,0,0,0,0,0.0,0.0,11.0,5,96,149,8,18.62,9.31,12.0,4/31,1,0,40.62,0,0,0,0,,78,9.15,4,0,0,,6,9.0,1,2,2,100.0,12,10.5,3
7d21eb9b,53153,GC Tonge,GC Tonge,Antigua Hawksbills,2013-08-01,2014-08-07,7,2,2,1,1,1*,,100.0,0,0,0,0,0.0,0.0,10.0,7,108,147,8,18.38,8.17,13.5,3/24,0,0,42.59,1,0,0,0,,60,7.3,3,0,0,,42,10.0,4,1,1,100.0,6,4.0,1
2413a688,1146769,DJ Leech,DJ Leech,Yorkshire,2022-06-10,2024-06-02,7,2,1,1,3,1*,1.0,33.33,0,0,0,0,0.0,66.67,11.0,7,109,141,8,17.62,7.76,13.62,3/13,0,0,43.12,0,0,0,0,,72,6.58,6,0,0,,25,12.0,1,1,3,33.33,12,6.0,1
7f7f658b,1182418,SF Hunt,SF Hunt,Sussex,2026-06-05,2026-07-12,7,3,2,1,3,1*,1.0,33.33,0,0,0,0,0.0,66.67,10.7,7,158,226,8,28.25,8.58,19.75,3/9,0,0,34.18,3,0,0,0,,108,8.22,4,0,0,,48,9.12,4,1,3,33.33,2,15.0,0
f45cd5c8,559060,SB Davey,SB Davey,Canterbury,2018-01-02,2026-01-31,11,4,2,41,37,38*,20.5,110.81,0,0,2,2,10.81,35.14,9.8,11,162,244,6,40.67,9.04,27.0,2/23,0,0,25.93,3,0,0,0,,66,9.36,2,15,19,78.95,60,7.0,3,26,18,144.44,36,11.83,1
cdc6bdba,592735,S Sandeep Warrier,S Sandeep Warrier,Kolkata Knight Riders,2019-04-28,2024-05-10,10,0,0,0,0,0,,,0,0,0,0,,,,10,168,253,8,31.62,9.04,21.0,3/15,0,0,42.86,1,0,0,0,,138,9.04,8,0,0,,30,9.0,0,0,0,,0,,0
d2340a43,26797,Anand Rajan,Anand Rajan,Deccan Chargers,2011-05-14,2013-05-19,8,0,0,0,0,0,,,0,0,0,0,,,,8,149,201,8,25.12,8.09,18.62,3/27,0,0,38.26,3,0,0,0,,42,6.71,0,0,0,,66,6.82,3,0,0,,41,11.56,5
1427277f,13247,MHA Footitt,MHA Footitt,Derbyshire,2014-05-16,2015-05-22,7,1,1,0,1,0*,,0.0,0,0,0,0,0.0,100.0,11.0,7,150,263,8,32.88,10.52,18.75,2/33,0,0,38.67,0,0,0,0,,84,9.21,6,0,0,,24,7.75,1,0,1,0.0,42,14.71,1
84548f53,23515,BJ Wright,BJ Wright,Glamorgan,2014-05-16,2015-07-24,23,16,3,160,138,63*,12.31,115.94,0,1,14,5,13.77,39.13,4.9,0,0,0,0,,,,,0,0,,3,0,28,29,96.55,0,,0,72,68,105.88,0,,0,60,41,146.34,0,,0
65a2fff5,916727,Mohammad Imran,Mohammad Imran,Multan Sultans,2020-11-14,2026-04-29,9,7,2,58,35,26*,11.6,165.71,0,0,6,3,25.71,34.29,6.7,9,162,246,5,49.2,9.11,32.4,1/9,0,0,37.65,4,0,0,0,,78,7.38,2,13,17,76.47,60,9.4,3,45,18,250.0,24,14.0,0
3c3adfce,1210733,JP Wood,JP Wood,Brisbane Heat,2020-12-11,2025-01-18,6,6,0,117,92,45,19.5,127.17,0,0,7,7,15.22,42.39,3.2,2,24,41,2,20.5,10.25,12.0,2/28,0,0,41.67,1,0,72,55,130.91,0,,0,43,34,126.47,24,10.25,2,2,3,66.67,0,,0
469ccead,671823,CB Sole,CB Sole,St Lucia Kings,2023-08-16,2024-07-07,7,2,2,17,21,15*,,80.95,0,0,0,1,4.76,52.38,9.5,7,119,237,7,33.86,11.95,17.0,2/45,0,0,31.09,2,0,0,0,,54,12.56,2,0,0,,48,12.0,3,17,21,80.95,17,9.88,2
dca1ac2e,402245,Amir Hamza,Amir Hamza,Dhaka Dominators,2023-01-14,2025-01-07,10,7,2,17,32,15*,3.4,53.12,0,0,1,1,6.25,71.88,8.3,10,215,250,7,35.71,6.98,30.71,2/22,0,0,40.0,5,0,0,0,,66,10.18,0,0,8,0.0,125,4.42,6,17,24,70.83,24,11.5,1
d7423da1,1199281,S Arora,Salil Arora,Sunrisers Hyderabad,2026-03-28,2026-05-27,14,11,4,156,98,35,22.29,159.18,0,0,11,11,22.45,34.69,6.4,0,0,0,0,,,,,0,0,,3,0,2,1,200.0,0,,0,66,49,134.69,0,,0,88,48,183.33,0,,0
78feb458,332937,JN Hamilton,JN Hamilton,Los Angeles Knight Riders,2013-08-15,2026-08-09,20,15,3,156,164,31*,13.0,95.12,0,0,9,5,8.54,44.51,6.1,0,0,0,0,,,,,0,0,,13,0,17,23,73.91,0,,0,53,78,67.95,0,,0,86,63,136.51,0,,0
f939ffa9,641405,RC Davies,RC Davies,Durham,2015-06-12,2018-08-24,28,18,3,156,112,27,10.4,139.29,0,0,13,7,17.86,36.61,6.9,0,0,0,0,,,,,0,0,,13,4,9,10,90.0,0,,0,84,61,137.7,0,,0,63,41,153.66,0,,0
b76a2178,1394274,M Dindyal,M Dindyal,Guyana Amazon Warriors,2026-08-13,2026-09-13,8,8,0,155,129,50,19.38,120.16,0,1,13,10,17.83,54.26,2.0,0,0,0,0,,,,,0,0,,3,0,109,91,119.78,0,,0,46,38,121.05,0,,0,0,0,,0,,0
537f5ab2,379926,DL Piedt,DL Piedt,Washington Freedom,2023-07-14,2026-01-18,9,2,1,15,14,12,15.0,107.14,0,0,1,0,7.14,35.71,9.0,9,168,182,7,26.0,6.5,24.0,3/28,0,0,37.5,2,0,0,0,,36,6.33,2,0,0,,120,6.5,5,15,14,107.14,12,7.0,0
7d6c0891,671901,Enamul Haque,Mohammad Enamul Haque,Barisal Bulls,2016-11-22,2024-02-23,7,6,4,95,88,42*,47.5,107.95,0,0,4,6,11.36,46.59,7.7,4,72,63,3,21.0,5.25,24.0,1/6,0,0,34.72,4,0,0,0,,18,3.33,1,33,33,100.0,54,5.89,2,62,55,112.73,0,,0
e24cf4d5,1430324,J Moores,J Moores,Lancashire,2026-05-22,2026-07-12,12,12,3,155,115,55,17.22,134.78,0,1,8,10,15.65,39.13,5.9,0,0,0,0,,,,,0,0,,10,0,17,10,170.0,0,,0,86,59,145.76,0,,0,52,46,113.04,0,,0
cb54a1d6,781297,J Seymour,J Seymour,Melbourne Renegades,2021-12-07,2023-01-16,13,12,2,154,116,25,15.4,132.76,0,0,14,7,18.1,43.1,4.7,3,30,28,0,,5.6,,0/4,0,0,33.33,0,0,46,31,148.39,12,5.5,0,39,42,92.86,18,5.67,0,69,43,160.47,0,,0
62ef4abe,784615,HJ Hunt,HJ Hunt,Adelaide Strikers,2022-01-02,2023-01-02,9,9,0,154,143,49,17.11,107.69,0,0,13,4,11.89,44.76,2.3,0,0,0,0,,,,,0,0,,3,0,98,94,104.26,0,,0,56,49,114.29,0,,0,0,0,,0,,0
e93b6c95,870013,G Singh,G Singh,Guyana Amazon Warriors,2017-08-06,2023-07-23,12,10,2,154,138,39,19.25,111.59,0,0,9,6,10.87,39.13,4.6,0,0,0,0,,,,,0,0,,3,0,3,5,60.0,0,,0,76,87,87.36,0,,0,75,46,163.04,0,,0
246d11a2,629057,Shadman Islam,Shadman Islam,Chattogram Royals,2015-11-26,2026-01-18,15,12,1,154,171,45,14.0,90.06,0,0,16,1,9.94,47.37,3.2,0,0,0,0,,,,,0,0,,8,0,73,95,76.84,0,,0,72,65,110.77,0,,0,9,11,81.82,0,,0
7cd0a092,318788,Haris Sohail,Haris Sohail,Peshawar Zalmi,2017-02-09,2019-03-11,11,11,2,153,178,43,17.0,85.96,0,0,11,2,7.3,42.13,4.5,0,0,0,0,,,,,0,0,,4,0,44,44,100.0,0,,0,88,102,86.27,0,,0,21,32,65.62,0,,0
4603914b,400585,Asif Ahmed,Asif Ahmed,Khulna Royal Bengals,2013-01-18,2015-12-09,10,7,0,73,67,29,10.43,108.96,0,0,10,0,14.93,40.3,7.0,10,115,158,4,39.5,8.24,28.75,1/0,0,0,45.22,3,0,0,0,,60,6.5,4,39,34,114.71,42,9.57,0,34,33,103.03,13,12.0,0
39181592,499560,PE Kruger,PE Kruger,Sunrisers Eastern Cape,2024-01-16,2025-01-14,11,6,2,72,59,26*,18.0,122.03,0,0,6,4,16.95,47.46,6.0,5,48,53,4,13.25,6.62,12.0,3/8,0,0,50.0,9,0,0,4,0.0,0,,0,32,39,82.05,42,5.71,4,40,16,250.0,6,13.0,0
81efec30,311434,NLJ Browne,NLJ Browne,Essex,2015-05-15,2016-08-08,13,11,2,152,127,38,16.89,119.69,0,0,13,2,11.81,34.65,3.1,0,0,0,0,,,,,0,0,,6,0,81,67,120.9,0,,0,53,51,103.92,0,,0,18,9,200.0,0,,0
20a941bb,46592,M Ntini,M Ntini,Chennai Super Kings,2008-05-02,2008-06-01,9,2,1,11,18,11,11.0,61.11,0,0,2,0,11.11,77.78,10.5,9,210,242,7,34.57,6.91,30.0,4/21,1,0,47.14,1,0,0,0,,156,6.46,5,0,0,,18,7.33,0,11,18,61.11,36,8.67,2
e9aaf862,1088085,M De Villiers,M De Villiers,Joburg Super Kings,2025-12-27,2026-01-22,10,10,0,151,130,38,15.1,116.15,0,0,19,2,16.15,43.08,3.2,0,0,0,0,,,,,0,0,,3,0,54,53,101.89,0,,0,91,73,124.66,0,,0,6,4,150.0,0,,0
7ca68967,1181708,NA Greenwood,NA Greenwood,Wellington,2021-11-26,2025-12-31,13,10,1,91,87,48,10.11,104.6,0,0,6,4,11.49,49.43,3.3,3,24,31,3,10.33,7.75,8.0,2/20,0,0,41.67,2,0,27,43,62.79,6,7.0,1,41,30,136.67,12,5.5,1,23,14,164.29,6,13.0,1
b2570b38,28846,RV Gomez,RV Gomez,Kochi Tuskers Kerala,2011-04-09,2013-05-19,13,9,4,50,51,26*,10.0,98.04,0,0,5,1,11.76,49.02,6.4,9,96,129,5,25.8,8.06,19.2,2/14,0,0,38.54,3,0,0,1,0.0,0,,0,0,6,0.0,84,7.43,4,50,44,113.64,12,12.5,1
b3544c5d,469802,BA Hutton,BA Hutton,Northamptonshire,2016-05-20,2018-08-16,9,7,4,50,47,18*,16.67,106.38,0,0,2,2,8.51,36.17,9.1,9,172,255,5,51.0,8.9,34.4,2/28,0,0,33.14,3,0,0,0,,66,8.45,3,0,0,,78,8.77,1,50,47,106.38,28,10.29,1
f7177fd6,20177,CE Shreck,CE Shreck,Leicestershire,2014-06-20,2014-07-20,7,2,0,10,13,10,5.0,76.92,0,0,0,1,7.69,69.23,10.5,7,141,192,7,27.43,8.17,20.14,3/13,0,0,39.72,2,0,0,0,,78,6.77,4,10,12,83.33,12,5.0,1,0,1,0.0,51,11.06,2
61a1cead,508442,Abdul Mazid,Abdul Mazid,Khulna Titans,2016-11-09,2020-01-07,11,11,0,148,178,45,13.45,83.15,0,0,10,3,7.3,46.63,2.1,0,0,0,0,,,,,0,0,,2,0,81,105,77.14,0,,0,52,62,83.87,0,,0,15,11,136.36,0,,0
a90d107b,932453,Salauddin Sakil,Salauddin Sakil,Chattogram Challengers,2019-12-18,2024-02-26,6,2,2,8,12,8*,,66.67,0,0,1,0,8.33,58.33,10.0,6,101,142,7,20.29,8.44,14.43,2/15,0,0,38.61,2,0,0,0,,36,9.67,0,0,0,,42,6.0,4,8,12,66.67,23,10.96,3
57fc2a1e,1456584,XE Bell,XE Bell,Northern Districts,2025-12-26,2026-01-31,10,7,3,148,107,53*,37.0,138.32,0,1,8,10,16.82,35.51,5.0,0,0,0,0,,,,,0,0,,1,0,0,0,,0,,0,105,84,125.0,0,,0,43,23,186.96,0,,0
101dcc31,1206625,Shiraz Ahmed,Shiraz Ahmed,Desert Vipers,2021-12-08,2023-02-08,15,2,2,7,4,7*,,175.0,0,0,1,0,25.0,0.0,11.0,13,198,324,7,46.29,9.82,28.29,3/22,0,0,32.32,0,0,0,0,,66,8.64,1,7,4,175.0,66,9.36,4,0,0,,66,11.45,2
45ca0dc0,637149,LJ Hurt,LJ Hurt,Lancashire,2019-08-26,2022-06-10,8,2,0,7,14,7,3.5,50.0,0,0,1,0,7.14,71.43,9.5,8,132,216,7,30.86,9.82,18.86,3/22,0,0,31.82,4,0,0,0,,60,10.7,2,0,0,,36,10.33,2,7,14,50.0,36,7.83,3
6c7349c4,1104894,TR Bevan,TR Bevan,Glamorgan,2022-07-02,2024-07-19,12,10,0,127,102,34,12.7,124.51,0,0,10,8,17.65,48.04,3.9,3,24,56,1,56.0,14.0,24.0,1/15,0,0,8.33,6,0,62,57,108.77,6,17.0,0,58,37,156.76,12,12.0,1,7,8,87.5,6,15.0,0
b16cf2ec,19139,AP Palladino,AP Palladino,Derbyshire,2014-05-23,2015-06-12,10,7,2,27,35,14*,5.4,77.14,0,0,2,0,5.71,45.71,8.6,10,203,267,6,44.5,7.89,33.83,2/22,0,0,25.12,3,0,0,0,,66,6.73,2,9,13,69.23,90,7.87,4,18,22,81.82,47,9.57,0
60dac349,6441,SCG MacGill,SCG MacGill,Sydney Sixers,2011-12-16,2012-01-28,8,1,1,6,5,6*,,120.0,0,0,1,0,20.0,40.0,11.0,7,150,166,7,23.71,6.64,21.43,2/12,0,0,40.67,1,0,0,0,,0,,0,0,0,,144,6.54,7,6,5,120.0,6,9.0,0
b6359668,1185475,Qasim Akram,Qasim Akram,Karachi Kings,2021-06-10,2023-03-12,9,8,1,126,90,51*,18.0,140.0,0,1,11,5,17.78,37.78,4.6,3,36,52,1,52.0,8.67,36.0,1/7,0,0,25.0,4,0,32,23,139.13,0,,0,48,46,104.35,36,8.67,1,46,21,219.05,0,,0
6fd0c8e1,348026,JD Campbell,JD Campbell,St Lucia Kings,2019-09-08,2026-09-09,8,8,0,146,134,43,18.25,108.96,0,0,15,3,13.43,41.79,2.9,0,0,0,0,,,,,0,0,,1,0,39,43,90.7,0,,0,90,79,113.92,0,,0,17,12,141.67,0,,0
cec44e08,1199670,SM Sharma,SM Sharma,Gulf Giants,2023-01-15,2023-02-12,11,2,1,6,9,6*,6.0,66.67,0,0,0,0,0.0,44.44,10.0,9,138,205,7,29.29,8.91,19.71,3/9,0,0,39.13,1,0,0,0,,78,9.38,4,0,0,,54,7.67,2,6,9,66.67,6,14.0,1
99cddc5e,348034,GH Dockrell,GH Dockrell,Somerset,2014-05-18,2024-09-04,7,2,0,46,30,45,23.0,153.33,0,0,4,2,20.0,30.0,6.0,5,84,142,5,28.4,10.14,16.8,2/31,0,0,25.0,3,0,0,0,,12,13.5,0,24,17,141.18,60,8.4,3,22,13,169.23,12,15.5,2
10da9f8b,1129639,CR McLachlan,CR McLachlan,Wellington,2022-12-24,2026-01-23,20,15,2,146,159,25,11.23,91.82,0,0,14,1,9.43,44.65,6.5,0,0,0,0,,,,,0,0,,19,1,2,9,22.22,0,,0,78,95,82.11,0,,0,66,55,120.0,0,,0
21764a38,635641,A Hepburn,A Hepburn,Worcestershire,2017-08-05,2017-08-18,5,3,1,25,28,10,12.5,89.29,0,0,3,0,10.71,50.0,8.0,5,75,108,6,18.0,8.64,12.5,5/24,0,1,22.67,2,0,0,1,0.0,0,,0,10,14,71.43,54,8.0,3,15,13,115.38,21,10.29,3
ac762575,379860,MJ Nofal,MJ Nofal,Wellington,2018-12-22,2020-01-03,11,8,2,85,94,28,14.17,90.43,0,0,6,0,6.38,36.17,5.9,8,72,108,3,36.0,9.0,24.0,2/13,0,0,30.56,5,0,16,10,160.0,12,8.5,0,44,59,74.58,54,9.22,3,25,25,100.0,6,8.0,0
0398f255,1193550,BJ Pomare,BJ Pomare,Northern Districts,2025-01-01,2026-01-31,18,13,1,145,131,29,12.08,110.69,0,0,11,10,16.03,57.25,4.2,0,0,0,0,,,,,0,0,,10,2,75,67,111.94,0,,0,47,50,94.0,0,,0,23,14,164.29,0,,0
3f607519,976429,Farmanullah,Farmanullah,Dhaka Capitals,2024-12-30,2025-02-01,7,5,2,44,50,22,14.67,88.0,0,0,2,2,8.0,48.0,6.2,7,114,183,5,36.6,9.63,22.8,2/26,0,0,30.7,1,0,1,4,25.0,18,13.0,1,7,18,38.89,84,9.07,3,36,28,128.57,12,8.5,1
66272dc4,1015399,Ziaur Rahman,Ziaur Rahman (2),Dhaka Capitals,2025-12-27,2026-01-12,6,2,1,4,3,4*,4.0,133.33,0,0,1,0,33.33,66.67,10.5,6,126,196,7,28.0,9.33,18.0,3/35,0,0,34.13,2,0,0,0,,48,8.38,2,0,0,,30,6.8,2,4,3,133.33,48,11.88,3
a9520ac2,49633,J Mubarak,J Mubarak,Khulna Royal Bengals,2013-02-07,2013-02-12,4,4,1,104,89,65,34.67,116.85,0,1,9,4,14.61,44.94,4.2,3,36,54,2,27.0,9.0,18.0,1/8,0,0,41.67,3,0,21,26,80.77,12,12.0,1,62,51,121.57,18,5.67,0,21,12,175.0,6,13.0,1
093ae70b,311427,Hamid Hassan,Hamid Hassan,Barisal Burners,2013-02-09,2013-02-14,4,2,0,4,8,2,2.0,50.0,0,0,0,0,0.0,62.5,8.5,4,96,95,7,13.57,5.94,13.71,3/22,0,0,50.0,2,0,0,0,,48,7.12,4,1,1,100.0,30,3.4,1,3,7,42.86,18,7.0,2
aed9ac31,1425202,K Lion-Cachet,K Lion-Cachet,Pretoria Capitals,2025-01-22,2026-01-22,8,7,3,143,111,45,35.75,128.83,0,0,18,2,18.02,36.04,6.4,0,0,0,0,,,,,0,0,,1,0,5,10,50.0,0,,0,65,59,110.17,0,,0,73,42,173.81,0,,0
85ebf2be,424206,LC Norwell,LC Norwell,Gloucestershire,2014-05-23,2021-06-24,20,4,3,3,5,2*,3.0,60.0,0,0,0,0,0.0,60.0,10.2,19,357,587,7,83.86,9.87,51.0,3/27,0,0,33.61,9,0,0,0,,243,9.88,4,0,0,,72,9.33,2,3,5,60.0,42,10.71,1
764f35d8,1150577,N Sharma,N Sharma,Middlesex,2025-06-19,2026-07-12,7,3,3,3,5,2*,,60.0,0,0,0,0,0.0,40.0,11.0,7,144,213,7,30.43,8.88,20.57,2/33,0,0,34.72,2,0,0,0,,90,8.53,3,0,0,,18,8.67,2,3,5,60.0,36,9.83,2
314ed7e6,422016,MW Dixon,MW Dixon,Essex,2014-12-26,2017-08-11,8,2,0,2,4,1,1.0,50.0,0,0,0,0,0.0,50.0,10.5,8,150,227,7,32.43,9.08,21.43,2/22,0,0,38.67,0,0,0,0,,84,8.29,3,0,0,,54,8.78,3,2,4,50.0,12,16.0,1
78bb68d4,431902,Y Cariah,Y Cariah,St Kitts and Nevis Patriots,2013-08-09,2024-01-27,8,4,0,82,59,65,20.5,138.98,0,1,9,0,15.25,22.03,6.5,7,96,157,3,52.33,9.81,32.0,1/19,0,0,40.62,1,0,11,9,122.22,0,,0,55,42,130.95,84,9.29,3,16,8,200.0,12,13.5,0
e941cd33,642533,AR Lamba,AR Lamba,Texas Super Kings,2026-06-24,2026-07-12,7,2,1,2,2,2,2.0,100.0,0,0,0,0,0.0,0.0,11.0,7,156,183,7,26.14,7.04,22.29,2/22,0,0,42.31,1,0,0,0,,48,8.0,0,0,0,,90,5.4,7,2,2,100.0,18,12.67,0
c2d9b9cd,1277725,SB Wood,SB Wood,Leicestershire,2024-07-05,2026-06-28,10,2,1,22,24,18*,22.0,91.67,0,0,1,1,8.33,45.83,10.0,10,156,251,6,41.83,9.65,26.0,1/21,0,0,33.97,2,0,0,0,,78,10.69,4,9,7,128.57,48,8.62,1,13,17,76.47,30,8.6,1
bf26cd81,1440830,AM Green,AM Green,Leicestershire,2026-05-27,2026-07-12,8,3,0,2,4,2,0.67,50.0,0,0,0,0,0.0,75.0,10.7,8,150,223,7,31.86,8.92,21.43,2/18,0,0,36.0,1,0,0,0,,66,9.0,2,2,2,100.0,72,8.0,5,0,2,0.0,12,14.0,0
8820c9ef,603411,JS Lenton,JS Lenton,Sydney Thunder,2017-01-01,2022-01-28,22,13,7,141,105,27*,23.5,134.29,0,0,9,6,14.29,36.19,7.2,0,0,0,0,,,,,0,0,,12,5,19,10,190.0,0,,0,34,40,85.0,0,,0,88,55,160.0,0,,0
af4a9a0a,1403089,J Blades,J Blades,Jamaica Kingsmen,2025-08-26,2026-09-04,7,2,2,1,5,1*,,20.0,0,0,0,0,0.0,80.0,11.0,7,129,229,7,32.71,10.65,18.43,2/35,0,0,38.76,1,0,0,0,,78,9.92,5,0,0,,24,5.25,1,1,5,20.0,27,17.56,1
c1f6c27e,18389,G Onions,G Onions,Lancashire,2014-07-18,2018-07-27,5,2,2,1,3,1*,,33.33,0,0,0,0,0.0,66.67,10.0,5,102,140,7,20.0,8.24,14.57,3/15,0,0,42.16,0,0,0,0,,66,7.73,5,1,3,33.33,18,6.0,2,0,0,,18,12.33,0
b2dbe638,347663,A Sheikh,A Sheikh,Leicestershire,2014-07-18,2015-07-10,8,2,0,21,20,14,10.5,105.0,0,0,0,2,10.0,45.0,11.0,8,144,184,6,30.67,7.67,24.0,2/11,0,0,45.14,1,0,0,0,,114,6.95,5,0,0,,24,10.25,1,21,20,105.0,6,11.0,0
65d39793,407889,MA Ashraf,MA Ashraf,Northamptonshire,2016-06-17,2016-07-22,7,2,1,1,4,1,1.0,25.0,0,0,0,0,0.0,75.0,10.5,7,132,165,7,23.57,7.5,18.86,3/17,0,0,40.15,0,0,0,0,,72,6.58,4,0,1,0.0,24,7.25,2,1,3,33.33,36,9.5,1
a066c01a,599403,WD Barnes,WD Barnes,Otago,2017-12-14,2018-01-02,5,2,0,1,5,1,0.5,20.0,0,0,0,0,0.0,80.0,11.0,5,108,167,7,23.86,9.28,15.43,3/33,0,0,33.33,0,0,0,0,,54,8.33,3,1,5,20.0,24,11.75,1,0,0,,30,9.0,3
798cc28e,1083030,KM Asif,KM Asif,Rajasthan Royals,2018-04-30,2023-05-14,7,1,0,0,2,0,0.0,0.0,0,0,0,0,0.0,100.0,11.0,7,133,231,7,33.0,10.42,19.0,2/42,0,0,34.59,1,0,0,0,,42,10.14,3,0,2,0.0,66,8.73,4,0,0,,25,15.36,0
6ad3a659,290629,P Amarnath,P Amarnath,Chennai Super Kings,2008-04-19,2008-05-10,6,0,0,0,0,0,,,0,0,0,0,,,,6,132,236,7,33.71,10.73,18.86,2/29,0,0,21.97,2,0,0,0,,6,12.0,0,0,0,,108,10.28,6,0,0,,18,13.0,1
5f4e9e8f,290713,RR Raje,RR Raje,Mumbai Indians,2008-05-04,2009-05-12,10,5,4,20,18,11*,20.0,111.11,0,0,1,1,11.11,33.33,9.0,10,139,209,6,34.83,9.02,23.17,2/16,0,0,28.06,3,0,0,0,,6,9.0,0,0,0,,96,8.5,5,20,18,111.11,37,10.38,1
260fd380,34264,AM Salvi,AM Salvi,Delhi Daredevils,2009-04-19,2011-05-15,7,0,0,0,0,0,,,0,0,0,0,,,,7,150,200,7,28.57,8.0,21.43,2/19,0,0,38.0,2,0,0,0,,66,7.0,1,0,0,,54,8.56,4,0,0,,30,9.2,2
addbde6c,274785,N Saini,N Saini,Kings XI Punjab,2012-04-20,2012-05-17,10,10,0,140,141,50,14.0,99.29,0,1,16,0,11.35,46.81,2.7,0,0,0,0,,,,,0,0,,11,2,80,84,95.24,0,,0,53,49,108.16,0,,0,7,8,87.5,0,,0
dc2f959a,431905,SO Dowrich,SO Dowrich,St Kitts and Nevis Patriots,2014-07-12,2015-07-18,13,10,1,140,132,38,15.56,106.06,0,0,15,4,14.39,46.97,3.1,0,0,0,0,,,,,0,0,,6,2,91,83,109.64,0,,0,49,48,102.08,0,,0,0,1,0.0,0,,0
f2397e48,949461,Codi Yusuf,Codi Yusuf,Paarl Royals,2023-01-10,2025-12-29,8,6,4,40,42,12*,20.0,95.24,0,0,3,0,7.14,33.33,9.0,8,166,273,5,54.6,9.87,33.2,2/29,0,0,31.33,1,0,0,0,,90,10.33,2,1,2,50.0,50,8.52,2,39,40,97.5,26,10.85,1
c89474d1,17134,TJ Murtagh,TJ Murtagh,Middlesex,2016-07-21,2021-06-18,8,1,0,0,1,0,0.0,0.0,0,0,0,0,0.0,100.0,11.0,8,156,190,7,27.14,7.31,22.29,2/20,0,0,32.69,1,0,0,0,,126,7.67,3,0,0,,30,5.8,4,0,1,0.0,0,,0
561f3a34,218545,RA Jones,RA Jones,Leicestershire,2014-06-13,2016-07-29,3,0,0,0,0,0,,,0,0,0,0,,,,3,60,111,7,15.86,11.1,8.57,5/34,0,1,35.0,0,0,0,0,,30,13.2,3,0,0,,12,6.5,1,0,0,,18,10.67,3
1399b39c,851261,Anmolpreet Singh,Anmolpreet Singh,Sunrisers Hyderabad,2021-09-19,2024-05-02,9,9,0,139,115,36,15.44,120.87,0,0,19,3,19.13,46.09,2.0,0,0,0,0,,,,,0,0,,1,0,116,91,127.47,0,,0,23,24,95.83,0,,0,0,0,,0,,0
facb9086,337916,SD Chitnis,SD Chitnis,Kings XI Punjab,2008-04-27,2012-05-19,11,8,1,99,89,38,14.14,111.24,0,0,10,2,13.48,39.33,6.2,2,36,60,2,30.0,10.0,18.0,2/40,0,0,25.0,2,0,1,6,16.67,6,12.0,0,55,46,119.57,24,9.75,1,43,37,116.22,6,9.0,1
f842c2cf,4578,MJ Clarke,MJ Clarke,Pune Warriors,2012-05-01,2012-05-19,6,6,0,98,94,41,16.33,104.26,0,0,12,0,12.77,43.62,2.3,5,66,67,2,33.5,6.09,33.0,1/12,0,0,33.33,1,0,76,64,118.75,0,,0,22,30,73.33,60,5.8,2,0,0,,6,9.0,0
8d964ae6,1404268,Shahid Aziz,Shahid Aziz,Multan Sultans,2025-04-12,2026-04-22,6,5,0,38,26,29,7.6,146.15,0,0,3,2,19.23,34.62,8.0,6,72,102,5,20.4,8.5,14.4,3/29,0,0,31.94,1,0,0,0,,12,7.0,0,1,2,50.0,42,8.71,4,37,24,154.17,18,9.0,1
f277f531,549288,FD Adams,FD Adams,Paarl Royals,2023-01-10,2023-01-22,6,4,2,18,14,10*,9.0,128.57,0,0,0,1,7.14,28.57,7.8,6,126,193,6,32.17,9.19,21.0,2/14,0,0,29.37,1,0,0,0,,12,11.0,0,0,0,,66,7.09,4,18,14,128.57,48,11.62,2
e2caec46,857973,GA Bartlett,GA Bartlett,Northamptonshire,2020-08-30,2026-07-05,24,19,1,138,124,26,7.67,111.29,0,0,12,5,13.71,45.97,4.8,0,0,0,0,,,,,0,0,,9,0,49,48,102.08,0,,0,34,34,100.0,0,,0,55,42,130.95,0,,0
287686fd,32084,S Narwal,S Narwal,Rajasthan Royals,2010-03-18,2013-05-03,7,4,1,37,27,23,12.33,137.04,0,0,6,0,22.22,37.04,8.0,6,106,202,5,40.4,11.43,21.2,3/36,0,0,34.91,1,0,0,0,,66,9.55,3,12,9,133.33,22,10.36,0,25,18,138.89,18,19.67,2
b03303ca,858435,L Guthrie,L Guthrie,Brisbane Heat,2021-12-06,2025-05-30,8,3,1,17,12,11*,8.5,141.67,0,0,2,1,25.0,50.0,11.0,7,150,272,6,45.33,10.88,25.0,2/32,0,0,30.67,3,0,0,0,,60,10.6,4,0,2,0.0,78,12.0,1,17,10,170.0,12,5.0,1
3eb7c45d,40563,Imran Nazir,Imran Nazir,Dhaka Gladiators,2012-02-14,2012-02-29,4,4,0,137,84,75,34.25,163.1,0,2,9,11,23.81,40.48,1.0,0,0,0,0,,,,,0,0,,1,0,45,35,128.57,0,,0,92,49,187.76,0,,0,0,0,,0,,0
3dba85c2,31041,WA Mota,WA Mota,Kings XI Punjab,2008-04-19,2009-05-20,12,8,2,56,75,25,9.33,74.67,0,0,2,0,2.67,38.67,7.1,7,72,97,4,24.25,8.08,18.0,1/6,0,0,33.33,5,0,0,0,,0,,0,33,48,68.75,48,6.25,3,23,27,85.19,24,11.75,1
95a2ea61,26798,S Anirudha,S Anirudha,Chennai Super Kings,2008-05-06,2014-05-24,20,13,5,136,113,64,17.0,120.35,0,1,9,7,14.16,40.71,5.3,0,0,0,0,,,,,0,0,,11,0,26,28,92.86,0,,0,34,33,103.03,0,,0,76,52,146.15,0,,0
a81d6706,222320,C Jonker,C Jonker,Rajshahi Kings,2019-01-05,2023-01-20,11,10,3,136,111,37,19.43,122.52,0,0,9,6,13.51,38.74,6.1,0,0,0,0,,,,,0,0,,7,0,0,0,,0,,0,42,61,68.85,0,,0,94,50,188.0,0,,0
dbc50253,236694,AP Dole,AP Dole,Rajasthan Royals,2010-04-05,2010-04-11,3,2,0,34,22,30,17.0,154.55,0,0,3,1,18.18,27.27,9.5,3,66,112,5,22.4,10.18,13.2,2/36,0,0,30.3,2,0,0,0,,30,12.4,2,1,2,50.0,24,7.0,2,33,20,165.0,12,11.0,1
14373322,631542,RJ Sayer,RJ Sayer,Leicestershire,2015-07-03,2016-07-29,8,3,1,14,16,9,7.0,87.5,0,0,0,0,0.0,25.0,9.0,8,108,185,6,30.83,10.28,18.0,2/16,0,0,27.78,1,0,0,0,,18,10.33,0,0,0,,90,10.27,6,14,16,87.5,0,,0
a9d2dab9,1168687,S Fanning,S Fanning,Perth Scorchers,2024-01-20,2026-01-04,5,5,0,133,94,41,26.6,141.49,0,0,11,6,18.09,32.98,1.2,0,0,0,0,,,,,0,0,,2,0,106,69,153.62,0,,0,27,25,108.0,0,,0,0,0,,0,,0
1daf3f74,681351,Khurram Shahzad,Khurram Shahzad (3),Peshawar Zalmi,2023-02-14,2024-03-16,5,2,1,13,19,11*,13.0,68.42,0,0,1,0,5.26,52.63,8.5,5,93,146,6,24.33,9.42,15.5,3/13,0,0,38.71,1,0,0,0,,36,10.5,2,0,0,,24,7.75,0,13,19,68.42,33,9.45,4
de063a39,428366,LD Madushanka,LD Madushanka,Galle Gladiators,2020-11-28,2023-08-20,13,11,6,53,59,22*,10.6,89.83,0,0,2,2,6.78,44.07,7.2,7,60,88,4,22.0,8.8,15.0,1/4,0,0,35.0,5,0,0,0,,18,9.0,0,14,20,70.0,18,4.33,3,39,39,100.0,24,12.0,1
4bbfddd5,1153148,GS Dinusha,GS Dinusha,Dambulla Sixers,2023-08-19,2026-08-02,4,3,0,53,55,28,17.67,96.36,0,0,2,1,5.45,34.55,6.3,3,42,79,4,19.75,11.29,10.5,2/32,0,0,30.95,1,0,0,0,,12,14.5,1,41,37,110.81,18,7.33,2,12,18,66.67,12,14.0,1
cd8d2859,1111917,DG Nalkande,DG Nalkande,Gujarat Titans,2022-04-08,2024-04-07,6,2,0,12,12,12,6.0,100.0,0,0,0,1,8.33,41.67,7.5,6,84,148,6,24.67,10.57,14.0,2/21,0,0,26.19,2,0,0,0,,12,11.0,0,12,11,109.09,54,10.67,5,0,1,0.0,18,10.0,1
75223da4,23512,DJ Wainwright,DJ Wainwright,Derbyshire,2014-06-20,2015-05-22,10,8,5,52,40,20*,17.33,130.0,0,0,6,1,17.5,35.0,8.6,10,188,265,4,66.25,8.46,47.0,3/26,0,0,26.06,1,0,0,0,,0,,0,6,9,66.67,170,8.51,4,46,31,148.39,18,8.0,0
52f08be8,533043,JM Muirhead,JM Muirhead,Melbourne Stars,2012-01-08,2018-01-01,8,3,2,11,6,6,11.0,183.33,0,0,2,0,33.33,33.33,9.7,8,132,173,6,28.83,7.86,22.0,2/37,0,0,26.52,4,0,0,0,,0,,0,0,0,,120,7.2,4,11,6,183.33,12,14.5,2
2764133a,38714,L Vincent,L Vincent,Khulna Royal Bengals,2013-01-20,2013-02-11,7,6,1,131,96,89*,26.2,136.46,0,1,12,9,21.88,50.0,2.3,0,0,0,0,,,,,0,0,,2,0,59,43,137.21,0,,0,33,34,97.06,0,,0,39,19,205.26,0,,0
619aa81f,29646,W Jaffer,W Jaffer,Royal Challengers Bangalore,2008-04-18,2009-05-07,8,8,0,130,121,50,16.25,107.44,0,1,14,3,14.05,46.28,1.9,0,0,0,0,,,,,0,0,,4,0,77,89,86.52,0,,0,53,32,165.62,0,,0,0,0,,0,,0
61c4f340,1356604,Thomas Balkin,Thomas Balkin,Brisbane Heat,2025-12-27,2026-01-10,5,3,2,10,16,9*,10.0,62.5,0,0,0,0,0.0,43.75,10.7,5,83,119,6,19.83,8.6,13.83,2/30,0,0,37.35,4,0,0,0,,18,9.33,1,0,0,,42,8.43,3,10,16,62.5,23,8.35,2
0604ef16,27225,SB Bangar,SB Bangar,Deccan Chargers,2008-04-20,2009-04-23,12,8,1,49,58,17*,7.0,84.48,0,0,1,3,6.9,48.28,7.1,9,150,219,4,54.75,8.76,37.5,2/34,0,0,36.67,2,0,0,0,,18,4.0,1,17,35,48.57,108,8.39,2,32,23,139.13,24,14.0,1
8c783a97,300621,Mahmudul Hasan,Mahmudul Hasan,Comilla Victorians,2013-01-18,2019-02-08,15,8,0,129,157,31,16.12,82.17,0,0,12,2,8.92,53.5,5.1,11,108,194,0,,10.78,,0/8,0,0,23.15,3,0,48,54,88.89,30,15.0,0,64,92,69.57,72,9.5,0,17,11,154.55,6,5.0,0
d2a2bb1a,1126045,KNM Fernando,KNM Fernando,Colombo Stars,2022-12-12,2023-08-13,9,9,0,129,143,46,14.33,90.21,0,0,8,4,8.39,46.85,1.4,0,0,0,0,,,,,0,0,,3,1,62,83,74.7,0,,0,64,55,116.36,0,,0,3,5,60.0,0,,0
05d4c10d,625954,JTA Benton,JTA Benton,Canterbury,2017-12-22,2019-02-09,7,1,0,9,9,9,9.0,100.0,0,0,1,0,11.11,33.33,10.0,7,120,160,6,26.67,8.0,20.0,3/27,0,0,20.0,2,0,0,0,,12,4.5,0,5,7,71.43,72,7.92,3,4,2,200.0,36,9.33,3
d7b3a420,376102,Jaskaran Singh,Jaskaran Singh,Deccan Chargers,2009-05-17,2010-04-03,8,5,4,8,11,4*,8.0,72.73,0,0,0,0,0.0,45.45,9.2,7,102,171,6,28.5,10.06,17.0,2/18,0,0,38.24,0,0,0,0,,42,7.29,2,1,2,50.0,30,9.2,1,7,9,77.78,30,14.8,3
3fe2db87,270253,DJ Pattinson,DJ Pattinson,Melbourne Renegades,2012-12-07,2013-01-15,8,2,0,8,7,5,4.0,114.29,0,0,1,0,14.29,42.86,10.0,8,144,181,6,30.17,7.54,24.0,2/12,0,0,40.28,3,0,0,0,,60,6.6,1,0,0,,48,6.75,3,8,7,114.29,36,10.17,2
522bea89,1092313,Rohail Nazir,Rohail Nazir,Islamabad United,2020-03-13,2022-02-20,9,8,0,128,103,34,16.0,124.27,0,0,17,2,18.45,36.89,4.0,0,0,0,0,,,,,0,0,,3,1,23,23,100.0,0,,0,87,62,140.32,0,,0,18,18,100.0,0,,0
9739e85c,822485,Muhammad Akhlaq,Muhammad Akhlaq,Islamabad United,2021-06-14,2025-05-25,11,9,0,128,98,51,14.22,130.61,0,1,15,6,21.43,47.96,2.8,0,0,0,0,,,,,0,0,,6,0,103,76,135.53,0,,0,25,22,113.64,0,,0,0,0,,0,,0
2d4dc51e,1339086,Farhan Yousaf,Farhan Yousaf,Peshawar Zalmi,2026-03-28,2026-05-03,11,7,2,128,84,58*,25.6,152.38,0,1,10,7,20.24,32.14,5.9,0,0,0,0,,,,,0,0,,10,0,0,0,,0,,0,75,53,141.51,0,,0,53,31,170.97,0,,0
49dc9cb4,348091,KAR Hodge,KAR Hodge,St Lucia Stars,2018-08-11,2020-09-02,9,7,1,48,48,21,8.0,100.0,0,0,5,1,12.5,54.17,6.3,8,150,218,4,54.5,8.72,37.5,1/1,0,0,34.0,4,0,17,20,85.0,84,7.57,1,10,19,52.63,60,10.2,3,21,9,233.33,6,10.0,0
b8529e99,1260242,JPH Hayes,JPH Hayes,Gloucestershire,2024-06-07,2026-07-12,6,3,1,8,15,6,4.0,53.33,0,0,1,0,6.67,66.67,6.0,4,64,111,6,18.5,10.41,10.67,3/23,0,0,37.5,1,0,8,13,61.54,18,13.33,1,0,0,,36,8.0,3,0,2,0.0,10,13.8,2
5f26df4f,31738,VS Malik,VS Malik,Kings XI Punjab,2009-04-19,2014-05-23,13,2,1,7,7,6,7.0,100.0,0,0,1,0,14.29,42.86,10.0,13,205,261,6,43.5,7.64,34.17,2/14,0,0,40.98,2,0,0,0,,126,7.38,4,0,0,,72,7.83,2,7,7,100.0,7,10.29,0
2728e7e9,28160,P Dogra,P Dogra,Rajasthan Royals,2010-03-13,2013-05-19,13,12,1,127,138,41,11.55,92.03,0,0,4,5,6.52,43.48,6.4,0,0,0,0,,,,,0,0,,4,0,0,0,,0,,0,54,76,71.05,0,,0,73,62,117.74,0,,0
fb496f7a,333071,K Lesporis,K Lesporis,St Lucia Zouks,2014-07-19,2016-07-26,12,9,2,127,113,50*,18.14,112.39,0,1,13,3,14.16,42.48,4.8,0,0,0,0,,,,,0,0,,3,0,21,27,77.78,0,,0,63,59,106.78,0,,0,43,27,159.26,0,,0
0b9a4ad6,1190568,MB Harris,MB Harris,Middlesex,2022-07-01,2023-06-23,4,2,1,7,6,7*,7.0,116.67,0,0,1,0,16.67,33.33,9.0,4,78,127,6,21.17,9.77,13.0,2/26,0,0,28.21,2,0,0,0,,24,9.75,2,0,0,,42,9.57,3,7,6,116.67,12,10.5,1
e56b84e7,17953,SC Moore,SC Moore,Derbyshire,2014-05-16,2014-06-20,6,6,0,127,101,40,21.17,125.74,0,0,18,1,18.81,35.64,1.2,0,0,0,0,,,,,0,0,,0,0,101,76,132.89,0,,0,26,25,104.0,0,,0,0,0,,0,,0
9385de2e,1083851,SS Prabhudessai,SS Prabhudessai,Royal Challengers Bangalore,2022-04-12,2024-04-21,11,10,0,126,106,34,12.6,118.87,0,0,11,4,14.15,46.23,5.9,0,0,0,0,,,,,0,0,,5,0,8,12,66.67,0,,0,94,74,127.03,0,,0,24,20,120.0,0,,0
7264b765,1217487,Mubasir Khan,Mubasir Khan,Islamabad United,2022-01-30,2026-04-16,16,8,0,66,64,21,8.25,103.12,0,0,6,1,10.94,43.75,5.9,13,129,192,3,64.0,8.93,43.0,1/5,0,0,28.68,5,0,15,13,115.38,18,6.67,0,29,33,87.88,102,8.94,3,22,18,122.22,9,13.33,0
f3fa5592,371527,JP Webb,JP Webb,Warwickshire,2014-05-30,2014-08-02,10,10,0,126,117,50,12.6,107.69,0,1,16,2,15.38,47.86,2.9,0,0,0,0,,,,,0,0,,3,0,44,37,118.92,0,,0,52,62,83.87,0,,0,30,18,166.67,0,,0
fa760ccd,625967,RJ Watson,RJ Watson,Central Districts,2019-12-13,2020-01-04,5,3,1,6,12,5,3.0,50.0,0,0,0,0,0.0,50.0,8.3,4,63,103,6,17.17,9.81,10.5,2/19,0,0,34.92,0,0,0,0,,6,4.0,0,0,0,,36,9.5,3,6,12,50.0,21,12.0,3
b0160f4e,1413432,Yahya Zeb,Yahya Zeb,Wellington,2025-12-27,2026-01-11,5,1,1,6,3,6*,,200.0,0,0,1,0,33.33,0.0,11.0,5,88,150,6,25.0,10.23,14.67,3/29,0,0,31.82,2,0,0,0,,30,12.2,1,0,0,,42,10.0,3,6,3,200.0,16,7.12,2
6533ef33,1520062,SL Morgan,SL Morgan,Wellington,2026-01-19,2026-01-23,2,2,0,126,73,71,63.0,172.6,0,2,14,5,26.03,30.14,2.0,0,0,0,0,,,,,0,0,,1,0,85,39,217.95,0,,0,41,34,120.59,0,,0,0,0,,0,,0
18e6906e,527299,A Choudhary,A Choudhary,Royal Challengers Bangalore,2017-04-05,2017-05-07,5,3,2,25,20,15*,25.0,125.0,0,0,1,1,10.0,20.0,10.3,5,101,144,5,28.8,8.55,20.2,2/17,0,0,41.58,0,0,0,0,,36,7.67,3,0,0,,41,8.49,1,25,20,125.0,24,10.0,1
53f27a35,430125,BB Samantray,BB Samantray,Sunrisers Hyderabad,2012-05-01,2013-05-22,9,8,3,125,113,55,25.0,110.62,0,1,13,2,13.27,39.82,6.0,0,0,0,0,,,,,0,0,,3,0,15,21,71.43,0,,0,68,62,109.68,0,,0,42,30,140.0,0,,0
605b7efa,390480,MC Juneja,MC Juneja,Delhi Daredevils,2013-04-03,2013-04-23,7,7,0,125,128,49,17.86,97.66,0,0,11,1,9.38,37.5,3.9,0,0,0,0,,,,,0,0,,0,0,20,18,111.11,0,,0,88,94,93.62,0,,0,17,16,106.25,0,,0
aed2b202,1361613,Arab Gul,Arab Gul,MI Emirates,2025-12-20,2026-01-04,7,1,1,5,2,5*,,250.0,0,0,1,0,50.0,0.0,10.0,7,114,121,6,20.17,6.37,19.0,2/19,0,0,35.96,0,0,0,0,,0,,0,0,0,,96,6.19,6,5,2,250.0,18,7.33,0
b1549dc0,1307709,GR Severin,GR Severin,Wellington,2024-01-22,2026-01-19,13,10,0,125,124,41,12.5,100.81,0,0,11,3,11.29,41.94,3.8,0,0,0,0,,,,,0,0,,6,0,23,34,67.65,0,,0,88,81,108.64,0,,0,14,9,155.56,0,,0
6581d753,45797,JM Kemp,JM Kemp,Chennai Super Kings,2010-03-14,2013-08-06,8,5,2,64,62,22,21.33,103.23,0,0,2,2,6.45,37.1,5.8,7,62,92,3,30.67,8.9,20.67,3/12,0,0,27.42,2,0,2,3,66.67,0,,0,26,19,136.84,55,8.07,3,36,40,90.0,7,15.43,0
16edfe47,371989,ND Stewart,ND Stewart,Barbados Tridents,2014-07-11,2016-07-20,14,8,4,24,17,13*,6.0,141.18,0,0,1,2,17.65,47.06,7.6,10,120,183,5,36.6,9.15,24.0,3/22,0,0,30.0,3,0,0,0,,12,4.5,1,0,0,,96,9.5,1,24,17,141.18,12,11.0,3
f7c3d426,914519,CK Holder,CK Holder,Barbados Tridents,2018-08-29,2020-09-02,7,2,2,4,4,4*,,100.0,0,0,1,0,25.0,75.0,10.0,7,126,217,6,36.17,10.33,21.0,2/32,0,0,34.13,0,0,0,0,,30,14.6,2,0,0,,66,9.45,1,4,4,100.0,30,8.0,3
393f2ae3,906777,RD John,RD John,St Kitts and Nevis Patriots,2024-08-29,2024-09-20,7,6,1,64,44,29,12.8,145.45,0,0,8,2,22.73,36.36,8.5,7,103,213,3,71.0,12.41,34.33,1/21,0,0,28.16,3,0,0,0,,12,16.0,1,3,8,37.5,38,11.53,0,61,36,169.44,53,12.23,2
cc23e91e,432214,JA Warrican,JA Warrican,Barbados Royals,2015-07-10,2025-09-11,10,2,1,4,5,4,4.0,80.0,0,0,0,0,0.0,40.0,10.5,10,198,296,6,49.33,8.97,33.0,1/17,0,0,30.3,1,0,0,0,,30,9.4,1,0,0,,150,8.88,5,4,5,80.0,18,9.0,0
f5ee85cf,1129365,NM Kwant,NM Kwant,Canterbury,2017-12-14,2023-02-04,10,10,1,124,108,48,13.78,114.81,0,0,9,4,12.04,41.67,3.1,0,0,0,0,,,,,0,0,,3,0,64,56,114.29,0,,0,47,36,130.56,0,,0,13,16,81.25,0,,0
5ca4a6ff,1089097,JJ Tasman-Jones,JJ Tasman-Jones,Otago,2019-01-20,2022-01-06,8,8,0,104,95,35,13.0,109.47,0,0,11,4,15.79,51.58,3.0,4,48,76,1,76.0,9.5,48.0,1/24,0,0,18.75,2,0,84,67,125.37,0,,0,20,26,76.92,42,8.14,1,0,2,0.0,6,19.0,0
28c78fb3,340854,Harpreet Singh,Harpreet Singh,Punjab Kings,2010-03-22,2024-04-21,9,8,1,123,119,41,17.57,103.36,0,0,10,3,10.92,41.18,5.8,0,0,0,0,,,,,0,0,,3,0,30,29,103.45,0,,0,43,52,82.69,0,,0,50,38,131.58,0,,0
c24a2c5d,317784,S Tyagi,S Tyagi,Chennai Super Kings,2009-04-30,2020-12-09,17,3,2,3,4,3*,3.0,75.0,0,0,0,0,0.0,25.0,11.0,16,221,316,6,52.67,8.58,36.83,2/18,0,0,42.99,3,0,0,0,,180,8.2,5,0,0,,30,7.6,1,3,4,75.0,11,17.45,0
00cda8e4,1219974,SM Elliott,SM Elliott,Melbourne Renegades,2021-12-05,2026-01-17,6,5,1,23,32,13,5.75,71.88,0,0,2,1,9.38,65.62,7.8,6,95,126,5,25.2,7.96,19.0,4/28,1,0,33.68,0,0,0,0,,24,7.75,1,15,23,65.22,53,6.57,2,8,9,88.89,18,12.33,2
3b647e2b,906745,LS Boucher,LS Boucher,Barbados Tridents,2019-09-08,2025-09-11,10,9,2,123,124,62*,17.57,99.19,0,1,13,3,12.9,46.77,4.6,0,0,0,0,,,,,0,0,,5,0,44,54,81.48,0,,0,58,57,101.75,0,,0,21,13,161.54,0,,0
24cacd0a,570261,DJ Lincoln,DJ Lincoln,Middlesex,2019-07-25,2021-07-18,11,11,2,123,123,30,13.67,100.0,0,0,9,2,8.94,43.09,4.9,0,0,0,0,,,,,0,0,,7,0,21,26,80.77,0,,0,58,62,93.55,0,,0,44,35,125.71,0,,0
d70473e8,589887,AJ Neal,AJ Neal,Hampshire,2026-05-26,2026-07-15,5,1,0,3,10,3,3.0,30.0,0,0,0,0,0.0,80.0,9.0,5,108,140,6,23.33,7.78,18.0,3/29,0,0,25.93,2,0,0,0,,0,,0,1,6,16.67,102,7.94,5,2,4,50.0,6,5.0,1
b4f5c2d9,1070188,KL Nagarkoti,KL Nagarkoti,Kolkata Knight Riders,2020-09-26,2022-03-27,12,7,3,22,33,8*,5.5,66.67,0,0,1,0,3.03,48.48,8.6,11,180,285,5,57.0,9.5,36.0,2/13,0,0,27.78,4,0,0,0,,30,9.0,0,6,13,46.15,120,9.1,4,16,20,80.0,30,11.6,1
f5f18a18,50438,S Randiv,S Randiv,Chennai Super Kings,2011-04-08,2011-05-07,8,1,0,2,4,2,2.0,50.0,0,0,0,0,0.0,75.0,10.0,8,174,223,6,37.17,7.69,29.0,2/24,0,0,34.48,2,0,0,0,,12,10.5,0,0,0,,144,7.29,3,2,4,50.0,18,9.0,3
dcabd6bc,699483,BKEL Milantha,BKEL Milantha,Washington Freedom,2023-07-13,2026-07-18,11,8,2,122,113,40,20.33,107.96,0,0,11,2,11.5,39.82,4.8,0,0,0,0,,,,,0,0,,3,0,34,40,85.0,0,,0,66,55,120.0,0,,0,22,18,122.22,0,,0
d8b24492,639148,K Carver,K Carver,Yorkshire,2015-07-14,2017-07-23,8,2,1,2,4,2,2.0,50.0,0,0,0,0,0.0,50.0,10.5,6,108,179,6,29.83,9.94,18.0,3/40,0,0,28.7,5,0,0,0,,0,,0,0,1,0.0,102,8.35,6,2,3,66.67,6,37.0,0
af4c6a6d,1294587,JM Cumming,JM Cumming,Otago,2026-01-06,2026-01-24,6,6,0,122,93,45,20.33,131.18,0,0,16,4,21.51,46.24,1.0,0,0,0,0,,,,,0,0,,1,0,110,78,141.03,0,,0,12,15,80.0,0,,0,0,0,,0,,0
50c09020,1299879,Ashok Sharma,Ashok Sharma,Gujarat Titans,2026-03-31,2026-04-20,6,2,2,1,4,1*,,25.0,0,0,0,0,0.0,75.0,10.0,6,126,228,6,38.0,10.86,21.0,2/32,0,0,38.1,1,0,0,0,,24,15.0,0,1,3,33.33,54,8.33,1,0,1,0.0,48,11.62,5
a2870fb7,32240,NK Patel,Niraj Patel,Rajasthan Royals,2008-05-09,2009-05-20,9,6,2,121,119,57,30.25,101.68,0,1,14,1,12.61,47.06,4.2,0,0,0,0,,,,,0,0,,6,0,45,55,81.82,0,,0,39,42,92.86,0,,0,37,22,168.18,0,,0
aa3c7a7a,1205981,CJ Rocchiccioli,CJ Rocchiccioli,Melbourne Renegades,2023-01-19,2023-12-31,5,1,0,1,2,1,1.0,50.0,0,0,0,0,0.0,50.0,9.0,5,108,154,6,25.67,8.56,18.0,2/25,0,0,26.85,2,0,0,0,,24,8.75,1,0,0,,84,8.5,5,1,2,50.0,0,,0
3f9ec1d2,1446918,C Stow,C Stow,Melbourne Renegades,2025-01-14,2026-01-17,6,1,1,1,2,1*,,50.0,0,0,0,0,0.0,50.0,11.0,6,119,146,6,24.33,7.36,19.83,2/24,0,0,25.21,0,0,0,0,,24,7.75,1,0,0,,72,6.92,5,1,2,50.0,23,8.35,0
fc6f22e9,952729,MA Cohen,MA Cohen,Derbyshire,2020-08-30,2021-06-13,8,3,2,21,18,7*,21.0,116.67,0,0,1,1,11.11,33.33,10.0,8,114,191,5,38.2,10.05,22.8,2/23,0,0,30.7,0,0,0,0,,54,9.44,3,0,0,,30,8.8,0,21,18,116.67,30,12.4,2
be4807e3,47483,GM Smith,GM Smith,Essex,2014-05-17,2015-05-29,12,6,1,101,75,44,20.2,134.67,0,0,6,5,14.67,36.0,5.7,6,62,127,1,127.0,12.29,62.0,1/21,0,0,19.35,4,0,33,26,126.92,0,,0,41,30,136.67,60,11.9,1,27,19,142.11,2,24.0,0
1da489ff,917213,S Kaushik,S Kaushik,Gujarat Lions,2016-04-29,2017-04-18,10,2,1,0,1,0*,0.0,0.0,0,0,0,0,0.0,100.0,11.0,10,204,297,6,49.5,8.74,34.0,3/20,0,0,33.33,0,0,0,0,,18,12.33,0,0,0,,162,7.52,6,0,1,0.0,24,14.25,0
fa2f1dde,1083033,K Khejroliya,K Khejroliya,Royal Challengers Bangalore,2018-04-08,2026-05-26,9,0,0,0,0,0,,,0,0,0,0,,,,9,151,277,6,46.17,11.01,25.17,2/33,0,0,25.83,1,0,0,0,,30,12.4,0,0,0,,90,9.87,3,0,0,,31,12.97,3
1e030637,1460388,V Puthur,V Puthur,Mumbai Indians,2025-03-23,2025-04-23,5,0,0,0,0,0,,,0,0,0,0,,,,5,72,109,6,18.17,9.08,12.0,3/32,0,0,33.33,2,0,0,0,,0,,0,0,0,,60,8.5,6,0,0,,12,12.0,0
36619795,942371,Zeeshan Ansari,Zeeshan Ansari,Sunrisers Hyderabad,2025-03-30,2025-05-19,10,0,0,0,0,0,,,0,0,0,0,,,,10,203,333,6,55.5,9.84,33.83,3/42,0,0,23.15,4,0,0,0,,0,,0,0,0,,180,9.43,6,0,0,,23,13.04,0
fb693839,317292,S Ladda,S Ladda,Delhi Daredevils,2010-03-15,2023-07-14,10,2,1,0,9,0*,0.0,0.0,0,0,0,0,0.0,100.0,9.5,10,156,267,6,44.5,10.27,26.0,2/44,0,0,34.62,1,0,0,0,,18,9.0,1,0,6,0.0,102,9.88,2,0,3,0.0,36,12.0,3
5441db8c,39821,Aizaz Cheema,Aizaz Cheema,Quetta Gladiators,2016-02-11,2019-02-28,5,1,1,0,0,0*,,,0,0,0,0,,,11.0,5,102,136,6,22.67,8.0,17.0,2/14,0,0,34.31,3,0,0,0,,30,8.4,0,0,0,,42,6.71,1,0,0,,30,9.4,5
7f9bd93c,55895,Farhad Hossain,Farhad Hossain,Barisal Burners,2012-02-11,2013-01-28,8,5,2,40,40,12,13.33,100.0,0,0,2,2,10.0,47.5,6.8,5,72,87,4,21.75,7.25,18.0,2/16,0,0,50.0,1,0,5,2,250.0,18,8.67,1,13,22,59.09,48,5.38,3,22,16,137.5,6,18.0,0
24d72446,1217156,RS Fernando,RS Fernando,Dambulla Aura,2021-12-12,2026-08-07,8,5,1,80,51,48,20.0,156.86,0,0,2,6,15.69,29.41,6.8,4,42,78,2,39.0,11.14,21.0,2/44,0,0,33.33,1,0,0,0,,6,17.0,0,61,37,164.86,30,10.2,0,19,14,135.71,6,10.0,2
e36e9dd3,1334872,Shoaib Bashir,Shoaib Bashir,Somerset,2023-06-07,2024-06-16,7,1,1,0,1,0*,,0.0,0,0,0,0,0.0,100.0,11.0,6,102,146,6,24.33,8.59,17.0,3/26,0,0,26.47,1,0,0,0,,6,14.0,0,0,0,,84,8.21,4,0,1,0.0,12,8.5,2
c2327c5d,331373,FJ Colson,FJ Colson,Wellington,2019-12-21,2021-02-07,12,7,1,120,90,37,20.0,133.33,0,0,11,4,16.67,35.56,5.9,0,0,0,0,,,,,0,0,,4,0,0,0,,0,,0,55,46,119.57,0,,0,65,44,147.73,0,,0
6d816d13,1193528,RA Mariu,RA Mariu,Canterbury,2025-01-07,2026-01-25,9,7,0,120,88,43,17.14,136.36,0,0,19,0,21.59,42.05,1.4,0,0,0,0,,,,,0,0,,0,0,118,83,142.17,0,,0,2,5,40.0,0,,0,0,0,,0,,0
de4b0555,390547,R Shukla,R Shukla,Rajasthan Royals,2012-04-27,2014-05-15,7,4,3,19,23,14,19.0,82.61,0,0,2,0,8.7,43.48,8.8,7,120,208,5,41.6,10.4,24.0,2/28,0,0,31.67,3,0,0,0,,54,8.22,4,1,1,100.0,36,10.5,1,18,22,81.82,30,14.2,0
da4a1e46,1062334,M Spoors,M Spoors,Perth Scorchers,2024-12-23,2026-01-04,8,6,2,79,79,29,19.75,100.0,0,0,5,3,10.13,45.57,7.3,8,66,108,2,54.0,9.82,33.0,1/8,0,0,31.82,1,0,0,0,,12,16.5,0,55,58,94.83,54,8.33,2,24,21,114.29,0,,0
f5715b48,1212829,Ali Naseer,Ali Naseer,Desert Vipers,2023-01-15,2025-02-09,17,8,4,99,89,63*,24.75,111.24,0,1,7,2,10.11,31.46,8.4,3,36,48,1,48.0,8.0,36.0,1/31,0,0,22.22,5,0,1,3,33.33,12,3.5,1,49,47,104.26,18,9.33,0,49,39,125.64,6,13.0,0
672d7379,1209188,KA Anderson,KA Anderson,Guyana Amazon Warriors,2023-09-17,2026-09-16,14,11,2,118,125,47,13.11,94.4,0,0,6,2,6.4,38.4,3.6,1,1,3,0,,18.0,,0/3,0,0,0.0,4,0,20,32,62.5,0,,0,88,80,110.0,1,18.0,0,10,13,76.92,0,,0
1b42a100,594233,BS Makhanya,BS Makhanya,Joburg Super Kings,2023-01-17,2025-02-01,14,11,3,118,103,40,14.75,114.56,0,0,11,3,13.59,35.92,5.3,1,6,10,0,,10.0,,0/10,0,0,33.33,3,0,34,24,141.67,0,,0,72,71,101.41,6,10.0,0,12,8,150.0,0,,0
60938c83,14014,AJ Hodd,AJ Hodd,Yorkshire,2015-05-15,2016-08-11,19,12,2,118,107,70,11.8,110.28,0,1,11,5,14.95,49.53,4.8,0,0,0,0,,,,,0,0,,7,5,46,45,102.22,0,,0,54,40,135.0,0,,0,18,22,81.82,0,,0
24104e5c,421892,Tanbir Hayder,Tanbir Hayder,Chittagong Vikings,2016-12-04,2017-12-05,11,5,3,37,32,14*,18.5,115.62,0,0,3,0,9.38,31.25,7.6,11,151,227,4,56.75,9.02,37.75,1/14,0,0,25.17,6,0,5,6,83.33,0,,0,2,2,100.0,120,7.8,3,30,24,125.0,31,13.74,1
ea42ddb9,21585,ME Trescothick,ME Trescothick,Somerset,2014-05-18,2015-06-13,12,12,0,117,119,46,9.75,98.32,0,0,18,0,15.13,52.1,1.4,0,0,0,0,,,,,0,0,,5,0,93,98,94.9,0,,0,24,21,114.29,0,,0,0,0,,0,,0
86229495,1073111,Ahsan Hafeez,Ahsan Hafeez,Lahore Qalandars,2023-03-17,2024-03-09,6,5,0,56,40,20,11.2,140.0,0,0,6,2,20.0,40.0,4.8,5,48,80,3,26.67,10.0,16.0,2/19,0,0,31.25,0,0,15,10,150.0,18,12.0,1,26,22,118.18,24,8.25,1,15,8,187.5,6,11.0,1
378daa89,1254269,Aman Hakim Khan,Aman Hakim Khan,Delhi Capitals,2022-04-15,2023-05-20,12,10,1,115,104,51,12.78,110.58,0,1,8,6,13.46,48.08,7.4,1,6,13,0,,13.0,,0/13,0,0,16.67,9,0,4,5,80.0,0,,0,52,58,89.66,6,13.0,0,59,41,143.9,0,,0
a84468fe,45782,DJ Jacobs,DJ Jacobs,Mumbai Indians,2011-04-10,2013-08-03,9,9,0,115,131,32,12.78,87.79,0,0,11,5,12.21,59.54,1.1,0,0,0,0,,,,,0,0,,4,2,102,116,87.93,0,,0,13,15,86.67,0,,0,0,0,,0,,0
e9200997,52621,M Matthew,M Matthew,St Lucia Zouks,2014-07-19,2014-08-10,7,4,0,35,23,21,8.75,152.17,0,0,3,2,21.74,39.13,8.0,7,120,164,4,41.0,8.2,30.0,3/15,0,0,38.33,2,0,0,0,,36,7.0,1,1,1,100.0,59,6.81,2,34,22,154.55,25,13.2,1
416881d1,670027,ROO Jordan,ROO Jordan,St Lucia Zouks,2014-07-27,2014-08-03,4,2,0,15,10,9,7.5,150.0,0,0,1,1,20.0,40.0,10.5,4,72,116,5,23.2,9.67,14.4,3/39,0,0,29.17,0,0,0,0,,24,10.75,1,0,0,,36,9.0,3,15,10,150.0,12,9.5,1
849c9375,760479,Hasanuzzaman,Hasanuzzaman,Khulna Titans,2016-11-12,2016-12-07,9,9,0,115,97,40,12.78,118.56,0,0,14,3,17.53,46.39,2.0,0,0,0,0,,,,,0,0,,1,0,87,71,122.54,0,,0,28,26,107.69,0,,0,0,0,,0,,0
ce099359,359184,TP Lewis,TP Lewis,Warwickshire,2015-05-15,2015-07-24,8,8,0,114,108,27,14.25,105.56,0,0,9,5,12.96,47.22,2.8,0,0,0,0,,,,,0,0,,5,0,37,43,86.05,0,,0,77,65,118.46,0,,0,0,0,,0,,0
9d6e1d80,432072,TA Griffith,TA Griffith,Jamaica Tallawahs,2013-08-17,2019-10-03,8,8,1,113,103,42,16.14,109.71,0,0,9,4,12.62,44.66,3.6,0,0,0,0,,,,,0,0,,1,0,51,43,118.6,0,,0,48,52,92.31,0,,0,14,8,175.0,0,,0
859d95bb,1159591,TL O'Connell,TL O'Connell,Melbourne Stars,2019-01-14,2024-12-31,9,5,2,12,18,9*,4.0,66.67,0,0,1,0,5.56,55.56,7.8,8,96,137,5,27.4,8.56,19.2,2/11,0,0,25.0,4,0,0,0,,12,11.0,1,3,9,33.33,84,8.21,4,9,9,100.0,0,,0
278fd5ff,8453,BE Young,BE Young,Adelaide Strikers,2012-12-23,2013-01-10,4,2,1,12,15,9*,12.0,80.0,0,0,0,0,0.0,33.33,10.0,4,84,103,5,20.6,7.36,16.8,2/37,0,0,41.67,0,0,0,0,,54,6.56,4,0,0,,30,8.8,1,12,15,80.0,0,,0
0d39a026,827423,Asif Mehmood,Asif Mehmood,Washington Freedom,2026-04-12,2026-07-16,7,2,0,12,10,12,6.0,120.0,0,0,0,1,10.0,40.0,9.5,6,84,177,5,35.4,12.64,16.8,4/18,1,0,20.24,0,0,0,0,,12,10.5,0,12,9,133.33,36,12.83,0,0,1,0.0,36,13.17,5
a4799701,793411,Danish Aziz,Danish Aziz,Karachi Kings,2018-03-21,2025-05-18,9,8,2,111,91,45,18.5,121.98,0,0,7,7,15.38,43.96,5.4,5,29,53,0,,10.97,,0/6,0,0,27.59,3,0,0,3,0.0,0,,0,29,47,61.7,24,10.25,0,82,41,200.0,5,14.4,0
7cfb697c,467350,JA Foo,JA Foo,Jamaica Tallawahs,2016-08-05,2017-09-06,13,11,3,111,77,22,13.88,144.16,0,0,8,6,18.18,35.06,6.4,1,6,16,0,,16.0,,0/16,0,0,0.0,11,0,0,0,,0,,0,37,26,142.31,6,16.0,0,74,51,145.1,0,,0
213c1054,1412732,OT Jackson,OT Jackson,Wellington,2026-01-15,2026-01-23,3,3,2,51,29,35*,51.0,175.86,0,0,4,3,24.14,27.59,6.0,2,36,47,3,15.67,7.83,12.0,2/19,0,0,38.89,1,0,0,0,,0,,0,15,10,150.0,30,7.6,3,36,19,189.47,6,9.0,0
ebd1ab1f,279506,Gulraiz Sadaf,Gulraiz Sadaf,Lahore Qalandars,2018-02-24,2018-03-16,5,5,2,110,121,42*,36.67,90.91,0,0,8,3,9.09,46.28,5.6,0,0,0,0,,,,,0,0,,2,0,7,9,77.78,0,,0,56,75,74.67,0,,0,47,37,127.03,0,,0
fdc1ac0f,1241269,Hazrat Luqman,Hazrat Luqman,Dubai Capitals,2023-01-13,2023-02-09,8,1,0,10,3,10,10.0,333.33,0,0,1,1,66.67,33.33,9.0,7,102,152,5,30.4,8.94,20.4,2/24,0,0,40.2,0,0,0,0,,66,10.18,4,0,0,,18,7.67,0,10,3,333.33,18,5.67,1
7bd03d63,712585,Mohammad Saddam,Mohammad Saddam,Dhaka Dynamites,2016-11-10,2019-02-02,9,4,0,10,19,8,2.5,52.63,0,0,2,0,10.53,78.95,9.2,9,118,196,5,39.2,9.97,23.6,2/3,0,0,35.59,1,0,0,0,,24,9.25,1,8,11,72.73,60,10.2,1,2,8,25.0,34,10.06,3
c89e4c9f,326679,HP Kingston,HP Kingston,Hobart Hurricanes,2015-12-31,2017-01-06,5,3,1,29,18,17,14.5,161.11,0,0,1,2,16.67,38.89,7.3,5,72,134,4,33.5,11.17,18.0,2/20,0,0,25.0,1,0,0,0,,30,10.6,2,2,3,66.67,30,13.6,1,27,15,180.0,12,6.5,1
dd86ec0b,333800,LD Pfeffer,LD Pfeffer,Brisbane Heat,2022-01-06,2022-01-16,4,4,0,109,95,69,27.25,114.74,0,1,9,3,12.63,38.95,4.0,0,0,0,0,,,,,0,0,,2,0,44,31,141.94,0,,0,52,49,106.12,0,,0,13,15,86.67,0,,0
e258a603,348135,N Dutta,N Dutta,St Kitts and Nevis Patriots,2015-06-24,2015-12-10,4,1,1,9,7,9*,,128.57,0,0,1,0,14.29,14.29,10.0,4,90,108,5,21.6,7.2,18.0,3/18,0,0,42.22,0,0,0,0,,6,4.0,0,0,0,,72,6.42,5,9,7,128.57,12,13.5,0
083e01d9,1241201,Matiullah Khan,Matiullah Khan,Abu Dhabi Knight Riders,2023-01-15,2025-12-21,13,5,2,9,18,4*,3.0,50.0,0,0,0,0,0.0,55.56,10.0,8,112,194,5,38.8,10.39,22.4,2/18,0,0,33.04,0,0,0,0,,48,9.12,2,1,1,100.0,43,10.19,2,8,17,47.06,21,13.71,1
2964e311,639422,CO Thurston,CO Thurston,Northamptonshire,2018-08-03,2021-06-26,12,9,0,109,110,41,12.11,99.09,0,0,6,3,8.18,48.18,4.1,0,0,0,0,,,,,0,0,,6,0,35,42,83.33,0,,0,52,52,100.0,0,,0,22,16,137.5,0,,0
778b9795,1186659,K Nadeeshan,K Nadeeshan,Galle Marvels,2020-12-11,2024-07-21,7,2,0,8,5,8,4.0,160.0,0,0,0,1,20.0,60.0,9.5,7,120,168,5,33.6,8.4,24.0,3/16,0,0,30.83,1,0,0,0,,0,,0,0,2,0.0,114,8.68,4,8,3,266.67,6,3.0,1
561aff5c,386100,Taibur Rahman,Taibur Rahman,Khulna Titans,2016-11-19,2016-11-29,6,6,2,87,98,32,21.75,88.78,0,0,7,1,8.16,42.86,5.0,2,12,12,1,12.0,6.0,12.0,1/5,0,0,58.33,1,0,15,20,75.0,0,,0,38,43,88.37,12,6.0,1,34,35,97.14,0,,0
01dbf7cf,821755,Sanjit Saha,Sanjit Saha,Comilla Victorians,2019-02-02,2019-12-27,6,3,1,7,23,5*,3.5,30.43,0,0,0,0,0.0,73.91,8.7,6,111,133,5,26.6,7.19,22.2,2/26,0,0,45.05,2,0,0,0,,30,7.4,1,1,8,12.5,81,7.11,4,6,15,40.0,0,,0
3b50c63a,49557,KS Lokuarachchi,KS Lokuarachchi,Dhaka Gladiators,2013-01-18,2013-02-02,3,2,0,7,11,5,3.5,63.64,0,0,1,0,9.09,63.64,8.0,3,60,87,5,17.4,8.7,12.0,2/26,0,0,38.33,1,0,0,0,,12,10.0,0,2,8,25.0,42,9.14,3,5,3,166.67,6,3.0,2
eba32b12,282607,Delwar Hossain,Delwar Hossain,Sylhet Thunder,2019-12-14,2020-01-07,5,3,2,26,27,17,26.0,96.3,0,0,4,0,14.81,55.56,8.0,5,85,123,4,30.75,8.68,21.25,2/11,0,0,34.12,0,0,0,0,,6,11.0,0,12,12,100.0,72,7.25,4,14,15,93.33,7,21.43,0
4aef496b,56059,Nazimuddin,Nazimuddin,Khulna Royal Bengals,2012-02-27,2013-02-11,9,8,0,106,102,33,13.25,103.92,0,0,10,4,13.73,56.86,2.4,0,0,0,0,,,,,0,0,,1,0,77,78,98.72,0,,0,28,21,133.33,0,,0,1,3,33.33,0,,0
0a2d45b0,1162378,C Wijesinghe,C Wijesinghe,Kandy Falcons,2022-12-07,2022-12-22,7,1,1,6,7,6*,,85.71,0,0,0,0,0.0,28.57,9.0,3,32,46,5,9.2,8.62,6.4,3/25,0,0,28.12,1,0,0,0,,0,,0,0,0,,20,8.7,3,6,7,85.71,12,8.5,2
634749ad,1261835,TC Ali,TC Ali,Warwickshire,2026-05-22,2026-07-12,5,2,1,6,13,4,6.0,46.15,0,0,0,0,0.0,53.85,9.0,5,78,127,5,25.4,9.77,15.6,4/25,1,0,19.23,1,0,0,0,,0,,0,4,11,36.36,72,9.67,5,2,2,100.0,6,11.0,0
0ecf791e,595406,S Dadswell,S Dadswell,Pretoria Capitals,2023-01-12,2024-02-01,11,9,1,105,110,24,13.12,95.45,0,0,7,3,9.09,41.82,5.8,1,6,8,0,,8.0,,0/8,0,0,16.67,8,0,1,3,33.33,0,,0,85,95,89.47,6,8.0,0,19,12,158.33,0,,0
367e254b,1441683,R Clinton,R Clinton,MI New York,2024-07-05,2026-01-24,10,9,0,85,83,28,9.44,102.41,0,0,8,1,10.84,45.78,3.2,2,12,22,1,22.0,11.0,12.0,1/9,0,0,8.33,1,0,50,53,94.34,0,,0,35,30,116.67,12,11.0,1,0,0,,0,,0
9c1b1f4b,1441681,A Desai,A Desai,Seattle Orcas,2024-07-23,2025-07-01,3,1,1,5,5,5*,,100.0,0,0,1,0,20.0,60.0,11.0,3,66,116,5,23.2,10.55,13.2,2/30,0,0,31.82,0,0,0,0,,18,7.33,2,0,0,,30,9.8,2,5,5,100.0,18,15.0,1
0bfcc974,211752,SJ Walters,SJ Walters,Glamorgan,2014-05-23,2014-08-01,9,7,1,105,84,36,17.5,125.0,0,0,8,2,11.9,27.38,4.7,0,0,0,0,,,,,0,0,,6,0,3,2,150.0,0,,0,68,58,117.24,0,,0,34,24,141.67,0,,0
b862ef08,875609,M Renwick,M Renwick,Otago,2019-02-09,2021-01-18,9,7,0,105,96,42,15.0,109.38,0,0,3,3,6.25,28.12,5.1,0,0,0,0,,,,,0,0,,2,2,3,6,50.0,0,,0,68,75,90.67,0,,0,34,15,226.67,0,,0
11061889,1206492,SR Dubey,SR Dubey,Kolkata Knight Riders,2026-05-13,2026-05-24,4,1,1,4,2,4*,,200.0,0,0,1,0,50.0,50.0,11.0,4,77,106,5,21.2,8.26,15.4,2/28,0,0,48.05,0,0,0,0,,52,7.15,3,0,0,,0,,0,4,2,200.0,25,10.56,2
d1ae8f94,56209,Dolar Mahmud,Dolar Mahmud,Khulna Royal Bengals,2012-02-22,2015-12-02,5,5,3,24,21,8,12.0,114.29,0,0,3,0,14.29,33.33,8.8,4,66,115,4,28.75,10.45,16.5,3/40,0,0,30.3,0,0,0,0,,18,9.33,2,2,3,66.67,30,9.2,2,22,18,122.22,18,13.67,0
e9ea5eb5,316318,Khalid Usman,Khalid Usman,Peshawar Zalmi,2018-03-01,2022-02-24,5,3,2,43,34,19*,43.0,126.47,0,0,3,1,11.76,26.47,6.7,4,90,114,3,38.0,7.6,30.0,1/17,0,0,33.33,0,0,0,0,,18,8.0,1,9,8,112.5,66,6.18,2,34,26,130.77,6,22.0,0
29182be9,1460142,K Gaston,K Gaston,St Lucia Kings,2025-08-19,2026-09-03,7,3,3,3,5,1*,,60.0,0,0,0,0,0.0,40.0,9.3,7,136,304,5,60.8,13.41,27.2,2/38,0,0,25.0,0,0,0,0,,36,12.67,2,1,2,50.0,24,11.0,0,2,3,66.67,76,14.53,3
91cd48e0,498582,JF Smith,JF Smith,MI Cape Town,2025-01-14,2026-01-18,12,11,0,103,74,41,9.36,139.19,0,0,6,7,17.57,40.54,5.7,0,0,0,0,,,,,0,0,,5,0,0,0,,0,,0,84,52,161.54,0,,0,19,22,86.36,0,,0
8cf89dea,629064,Rahatul Ferdous,Rahatul Ferdous,Chittagong Kings,2025-01-20,2026-01-04,4,4,2,43,34,17*,21.5,126.47,0,0,2,3,14.71,41.18,7.2,4,68,83,3,27.67,7.32,22.67,1/15,0,0,26.47,1,0,0,0,,0,,0,7,9,77.78,62,7.06,3,36,25,144.0,6,10.0,0
642e8af0,594293,JG Dill,JG Dill,Washington Freedom,2023-07-27,2024-07-22,4,1,0,3,3,3,3.0,100.0,0,0,0,0,0.0,0.0,9.0,4,72,106,5,21.2,8.83,14.4,3/33,0,0,27.78,0,0,0,0,,12,6.0,1,0,0,,36,9.0,1,3,3,100.0,24,10.0,3
3f1ad7f2,894087,CM Dickinson,CM Dickinson,Hampshire,2017-08-10,2018-08-17,6,6,0,103,71,51,17.17,145.07,0,1,16,2,25.35,45.07,1.3,0,0,0,0,,,,,0,0,,4,2,103,71,145.07,0,,0,0,0,,0,,0,0,0,,0,,0
3dd30077,638300,BJ Taylor,BJ Taylor,Hampshire,2014-05-23,2019-08-09,8,4,1,23,28,9*,7.67,82.14,0,0,3,0,10.71,50.0,8.5,8,104,128,4,32.0,7.38,26.0,2/20,0,0,23.08,3,0,0,0,,12,8.0,0,0,0,,78,7.31,3,23,28,82.14,14,7.29,1
10a91f35,42655,Shoaib Akhtar,Shoaib Akhtar,Kolkata Knight Riders,2008-05-13,2008-05-18,3,1,0,2,7,2,2.0,28.57,0,0,0,0,0.0,71.43,9.0,3,42,54,5,10.8,7.71,8.4,4/11,1,0,54.76,0,0,0,0,,42,7.71,5,2,5,40.0,0,,0,0,2,0.0,0,,0
dddca1d6,279552,SB Wagh,SB Wagh,Pune Warriors,2010-04-03,2011-05-10,8,2,0,2,3,2,1.0,66.67,0,0,0,0,0.0,66.67,9.0,8,102,137,5,27.4,8.06,20.4,3/16,0,0,44.12,1,0,0,0,,90,7.33,4,0,0,,0,,0,2,3,66.67,12,13.5,1
cfd84210,749693,DC Green,DC Green,Jamaica Tallawahs,2019-09-12,2019-10-03,4,4,2,42,45,17*,21.0,93.33,0,0,3,1,8.89,44.44,7.8,4,72,126,3,42.0,10.5,24.0,2/23,0,0,41.67,0,0,0,0,,30,9.8,2,12,13,92.31,12,14.0,0,30,32,93.75,30,9.8,1
6fc116ee,738405,BG Whitehead,BG Whitehead,Durham,2018-08-03,2018-08-24,6,1,1,2,3,2*,,66.67,0,0,0,0,0.0,33.33,11.0,6,120,144,5,28.8,7.2,24.0,2/23,0,0,31.67,3,0,0,0,,0,,0,2,3,66.67,90,7.4,3,0,0,,30,6.6,2
1a88bdd3,16843,TE Linley,TE Linley,Surrey,2015-06-19,2015-06-26,2,2,1,2,3,2*,2.0,66.67,0,0,0,0,0.0,33.33,10.0,2,30,65,5,13.0,13.0,6.0,4/45,1,0,23.33,1,0,0,0,,6,20.0,1,0,0,,12,8.5,1,2,3,66.67,12,14.0,3
fb5f69e4,1460385,M Tiwari,M Tiwari,Delhi Capitals,2025-05-08,2026-05-24,5,2,1,21,12,18*,21.0,175.0,0,0,2,1,25.0,25.0,8.0,4,66,101,4,25.25,9.18,16.5,2/27,0,0,28.79,3,0,0,0,,0,,0,1,2,50.0,54,8.78,2,20,10,200.0,12,11.0,2
8a668774,317709,Shoaib Ahmed,Shoaib Ahmed,Deccan Chargers,2009-04-27,2009-05-13,8,3,1,1,6,1*,0.5,16.67,0,0,0,0,0.0,83.33,9.7,7,102,152,5,30.4,8.94,20.4,2/20,0,0,32.35,4,0,0,0,,18,12.33,1,1,2,50.0,66,6.64,4,0,4,0.0,18,14.0,0
d872f52a,4541,LA Carseldine,LA Carseldine,Rajasthan Royals,2009-05-02,2009-05-11,5,5,1,81,68,39,20.25,119.12,0,0,11,0,16.18,41.18,4.0,1,6,6,1,6.0,6.0,6.0,1/6,0,0,66.67,4,0,38,35,108.57,6,6.0,1,23,20,115.0,0,,0,20,13,153.85,0,,0
069a5170,1451793,O Patterson,O Patterson,Brisbane Heat,2025-12-31,2026-01-05,3,2,1,21,27,19*,21.0,77.78,0,0,1,0,3.7,40.74,10.5,3,58,88,4,22.0,9.1,14.5,2/32,0,0,32.76,0,0,0,0,,24,6.25,2,4,8,50.0,12,8.0,1,17,19,89.47,22,12.82,1
7da44536,434812,RM Duffield,RM Duffield,Brisbane Heat,2014-12-21,2015-01-11,6,1,0,1,3,1,1.0,33.33,0,0,0,0,0.0,66.67,11.0,6,126,197,5,39.4,9.38,25.2,3/28,0,0,38.89,2,0,0,0,,84,7.0,4,0,0,,6,20.0,0,1,3,33.33,36,13.17,1
a2198010,792615,DS Thilakaratne,DS Thilakaratne,Dambulla Aura,2022-12-17,2022-12-19,3,1,1,21,26,21*,,80.77,0,0,1,0,3.85,42.31,9.0,3,48,68,4,17.0,8.5,12.0,2/19,0,0,27.08,2,0,0,0,,0,,0,6,10,60.0,36,9.17,2,15,16,93.75,12,6.5,2
ec178b04,1185571,Jaskaran Singh,Jaskaran Singh (2),Kent,2022-06-21,2024-07-19,5,1,0,1,2,1,1.0,50.0,0,0,0,0,0.0,50.0,11.0,5,66,136,5,27.2,12.36,13.2,3/27,0,0,33.33,0,0,0,0,,36,11.0,3,0,0,,24,15.0,0,1,2,50.0,6,10.0,2
6c87f1df,501498,NP Winter,NP Winter,Hobart Hurricanes,2014-12-26,2021-01-26,6,3,1,0,9,0*,0.0,0.0,0,0,0,0,0.0,100.0,9.3,6,92,116,5,23.2,7.57,18.4,3/19,0,0,41.3,1,0,0,0,,60,6.3,2,0,6,0.0,6,10.0,0,0,3,0.0,26,9.92,3
373838de,1076392,Mehran Mumtaz,Mehran Mumtaz,Peshawar Zalmi,2024-03-05,2026-04-12,6,2,0,0,2,0,0.0,0.0,0,0,0,0,0.0,100.0,8.5,6,120,136,5,27.2,6.8,24.0,2/22,0,0,33.33,3,0,0,0,,42,5.71,3,0,0,,72,7.5,1,0,2,0.0,6,6.0,1
77bf0483,1161669,Akeem Jordan,Akeem Jordan,St Kitts and Nevis Patriots,2019-09-15,2023-09-17,3,0,0,0,0,0,,,0,0,0,0,,,,3,48,85,5,17.0,10.62,9.6,4/33,1,0,41.67,1,0,0,0,,42,11.29,4,0,0,,0,,0,0,0,,6,6.0,1
2ea2a138,1410840,Wasim Akram,Wasim Akram (2),Sharjah Warriorz,2025-12-07,2025-12-24,7,1,0,0,2,0,0.0,0.0,0,0,0,0,0.0,100.0,10.0,7,84,123,5,24.6,8.79,16.8,3/34,0,0,39.29,3,0,0,0,,60,8.2,4,0,0,,24,10.25,1,0,2,0.0,0,,0
5a85d45f,236238,Saju Datta,Saju Datta,Rangpur Riders,2013-02-11,2013-02-14,2,1,1,0,0,0*,,,0,0,0,0,,,11.0,2,48,60,5,12.0,7.5,9.6,3/23,0,0,33.33,0,0,0,0,,6,4.0,2,0,0,,30,8.2,1,0,0,,12,7.5,2
6ed543ed,1253695,Pawan Sandesh,Pawan Sandesh,Kandy Royals,2026-07-23,2026-08-05,4,4,0,100,58,48,25.0,172.41,0,0,10,5,25.86,34.48,2.5,0,0,0,0,,,,,0,0,,1,0,70,41,170.73,0,,0,30,17,176.47,0,,0,0,0,,0,,0
af24d8de,1488180,M Lumsden,M Lumsden,Hampshire,2026-05-22,2026-06-05,5,1,0,0,2,0,0.0,0.0,0,0,0,0,0.0,100.0,10.0,5,99,171,5,34.2,10.36,19.8,2/26,0,0,34.34,0,0,0,0,,12,17.5,0,0,0,,60,9.2,3,0,2,0.0,27,9.78,2
a5ac694f,36194,BJ Arnel,BJ Arnel,Northern Districts,2017-12-16,2018-01-20,8,2,2,0,0,0*,,,0,0,0,0,,,10.5,8,168,309,5,61.8,11.04,33.6,2/35,0,0,26.19,1,0,0,0,,84,9.86,2,0,0,,42,13.57,2,0,0,,42,10.86,1
db2114f1,6105,MJ Johnston,MJ Johnston,Hobart Hurricanes,2011-12-28,2012-12-27,6,6,4,39,30,13*,19.5,130.0,0,0,0,2,6.67,33.33,5.7,6,90,115,3,38.33,7.67,30.0,1/20,0,0,44.44,1,0,0,0,,54,7.22,1,7,8,87.5,24,8.75,2,32,22,145.45,12,7.5,0
7298fa49,42884,Shahid Yousuf,Shahid Yousuf,Peshawar Zalmi,2016-02-05,2016-02-21,8,6,1,99,97,27*,19.8,102.06,0,0,9,1,10.31,39.18,5.2,0,0,0,0,,,,,0,0,,2,0,0,5,0.0,0,,0,76,71,107.04,0,,0,23,21,109.52,0,,0
487b8546,1381688,MW Jones,MW Jones,Essex,2025-07-17,2026-07-10,5,1,1,19,13,19*,,146.15,0,0,1,1,15.38,23.08,10.0,5,54,105,4,26.25,11.67,13.5,2/9,0,0,29.63,5,0,0,0,,18,12.67,0,0,0,,18,7.67,2,19,13,146.15,18,14.67,2
44aac2f0,1148776,Arjun Tendulkar,Arjun Tendulkar,Mumbai Indians,2023-04-16,2026-05-23,6,2,1,18,14,13,18.0,128.57,0,0,0,1,7.14,21.43,8.5,6,97,150,4,37.5,9.28,24.25,1/9,0,0,37.11,1,0,0,0,,54,6.11,1,0,0,,26,12.69,2,18,14,128.57,17,14.12,1
92aa28fe,556749,ML Cummins,ML Cummins,Middlesex,2013-07-31,2025-01-20,13,4,3,18,31,10,18.0,58.06,0,0,2,0,6.45,67.74,9.8,12,179,301,4,75.25,10.09,44.75,1/24,0,0,38.55,4,0,0,0,,72,9.67,2,8,16,50.0,78,9.77,1,10,15,66.67,29,12.0,1
b7539620,336594,AP Agathangelou,AP Agathangelou,Leicestershire,2014-05-23,2015-07-10,9,8,1,98,86,40,14.0,113.95,0,0,8,2,11.63,40.7,5.2,0,0,0,0,,,,,0,0,,2,0,24,23,104.35,0,,0,42,43,97.67,0,,0,32,20,160.0,0,,0
663b5e34,956871,PN Mankad,PN Mankad,Lucknow Super Giants,2022-05-22,2023-05-24,6,6,3,97,73,64*,32.33,132.88,0,1,13,2,20.55,41.1,4.3,0,0,0,0,,,,,0,0,,3,0,45,38,118.42,0,,0,34,24,141.67,0,,0,18,11,163.64,0,,0
9170ff49,378496,Parvez Rasool,Parvez Rasool,Sunrisers Hyderabad,2013-05-09,2016-05-07,11,5,3,17,20,10,8.5,85.0,0,0,1,0,5.0,35.0,8.4,11,198,271,4,67.75,8.21,49.5,1/20,0,0,30.3,3,0,0,0,,66,9.09,1,0,0,,132,7.77,3,17,20,85.0,0,,0
c722b382,1350659,Mohsin Riaz,Mohsin Riaz,Islamabad United,2026-04-24,2026-05-01,4,4,0,97,59,42,24.25,164.41,0,0,13,3,27.12,35.59,3.0,0,0,0,0,,,,,0,0,,2,0,72,37,194.59,0,,0,25,22,113.64,0,,0,0,0,,0,,0
ec4dada1,55872,MN Waller,MN Waller,Dhaka Dynamites,2015-11-26,2017-11-12,10,9,3,96,60,19,16.0,160.0,0,0,12,4,26.67,41.67,5.9,1,1,6,0,,36.0,,0/6,0,0,0.0,7,0,0,0,,0,,0,12,13,92.31,0,,0,84,47,178.72,1,36.0,0
2ca9cf48,1185530,JJ Bushnell,JJ Bushnell,Durham,2022-06-17,2024-06-12,5,4,3,76,66,40*,76.0,115.15,0,0,7,0,10.61,24.24,7.5,2,12,17,1,17.0,8.5,12.0,1/6,0,0,41.67,4,0,0,0,,6,11.0,0,26,25,104.0,6,6.0,1,50,41,121.95,0,,0
fb501329,1441622,J Tromp,J Tromp,Texas Super Kings,2024-07-05,2024-07-26,8,6,1,94,79,56*,18.8,118.99,0,1,9,2,13.92,32.91,4.3,0,0,0,0,,,,,0,0,,0,0,6,7,85.71,0,,0,55,52,105.77,0,,0,33,20,165.0,0,,0
ad9a3160,1149723,BJJ Wells,BJJ Wells,Gloucestershire,2023-06-09,2023-07-02,8,8,1,93,87,43*,13.29,106.9,0,0,7,4,12.64,52.87,3.4,0,0,0,0,,,,,0,0,,1,0,57,61,93.44,0,,0,36,26,138.46,0,,0,0,0,,0,,0
ebcfef83,805235,Himmat Singh,Himmat Singh,Lucknow Super Giants,2025-04-12,2026-05-10,9,5,2,92,69,40*,30.67,133.33,0,0,5,5,14.49,33.33,7.0,0,0,0,0,,,,,0,0,,1,0,0,0,,0,,0,27,30,90.0,0,,0,65,39,166.67,0,,0
0aadc906,34282,PR Shah,PR Shah,Mumbai Indians,2008-04-20,2011-05-20,16,10,2,92,91,29,11.5,101.1,0,0,9,2,12.09,48.35,6.4,0,0,0,0,,,,,0,0,,10,3,30,31,96.77,0,,0,35,39,89.74,0,,0,27,21,128.57,0,,0
6ef38020,1499149,J Wadia,J Wadia,Adelaide Strikers,2025-12-23,2026-01-17,7,6,0,52,38,34,8.67,136.84,0,0,3,3,15.79,42.11,7.0,5,72,91,2,45.5,7.58,36.0,2/11,0,0,34.72,5,0,0,0,,18,5.0,2,28,12,233.33,42,6.43,0,24,26,92.31,12,15.5,0
be620896,1075869,I Wijesundera,I Wijesundera,Colombo Strikers,2024-07-14,2024-07-18,4,2,0,12,18,12,6.0,66.67,0,0,1,0,5.56,50.0,9.0,4,66,68,4,17.0,6.18,16.5,1/11,0,0,46.97,3,0,0,0,,24,6.5,2,6,12,50.0,24,6.5,1,6,6,100.0,18,5.33,1
90edaaa9,33757,S Rana,S Rana,Royal Challengers Bangalore,2011-05-19,2014-05-24,11,8,4,91,81,19*,22.75,112.35,0,0,9,1,12.35,39.51,6.0,3,16,18,0,,6.75,,0/2,0,0,31.25,3,0,20,22,90.91,0,,0,3,9,33.33,12,8.0,0,68,50,136.0,4,3.0,0
9a211e08,333805,ND Buchanan,ND Buchanan,Brisbane Heat,2011-12-16,2017-01-20,5,4,1,11,15,8*,3.67,73.33,0,0,0,1,6.67,60.0,8.5,5,72,129,4,32.25,10.75,18.0,2/42,0,0,27.78,3,0,0,0,,12,12.0,0,2,6,33.33,48,11.38,2,9,9,100.0,12,7.0,2
88fece92,1398224,Abdullah Fazal,Abdullah Fazal,Rawalpindiz,2026-03-28,2026-04-23,7,7,2,91,67,23,18.2,135.82,0,0,5,6,16.42,35.82,4.7,0,0,0,0,,,,,0,0,,5,0,5,9,55.56,0,,0,53,44,120.45,0,,0,33,14,235.71,0,,0
8ac11b50,280735,Sharifullah,Sharifullah,Sylhet Sixers,2017-12-03,2023-01-17,4,3,1,11,9,9*,5.5,122.22,0,0,1,0,11.11,22.22,8.3,3,60,81,4,20.25,8.1,15.0,2/23,0,0,40.0,1,0,0,0,,24,6.25,2,1,1,100.0,36,9.33,2,10,8,125.0,0,,0
98e908bd,526492,TB Sole,TB Sole,Northamptonshire,2018-08-17,2020-09-13,10,7,3,91,96,41*,22.75,94.79,0,0,10,1,11.46,47.92,7.4,3,48,61,0,,7.62,,0/14,0,0,20.83,11,0,0,0,,0,,0,57,63,90.48,36,6.83,0,34,33,103.03,12,10.0,0
01561e94,1260075,N Fernandes,Nathan Fernandes,Middlesex,2023-05-25,2023-07-02,7,4,0,11,15,8,2.75,73.33,0,0,1,0,6.67,60.0,9.0,7,78,140,4,35.0,10.77,19.5,1/6,0,0,24.36,1,0,0,0,,30,10.0,1,2,4,50.0,42,9.71,2,9,11,81.82,6,22.0,1
f10e94c4,500360,AD Nath,AD Nath,Royal Challengers Bangalore,2016-04-14,2019-04-24,14,10,0,90,98,24,9.0,91.84,0,0,7,2,9.18,44.9,5.6,0,0,0,0,,,,,0,0,,2,0,11,11,100.0,0,,0,57,62,91.94,0,,0,22,25,88.0,0,,0
e148e6bd,1403197,PR Veer,PR Veer,Chennai Super Kings,2026-04-03,2026-05-18,6,5,3,90,67,43,45.0,134.33,0,0,10,3,19.4,37.31,7.0,1,12,25,0,,12.5,,0/25,0,0,41.67,0,0,0,0,,6,18.0,0,43,28,153.57,6,7.0,0,47,39,120.51,0,,0
d7a57f75,44938,D du Preez,D du Preez,Royal Challengers Bangalore,2009-05-03,2009-05-07,2,1,0,10,13,10,10.0,76.92,0,0,0,0,0.0,38.46,8.0,2,42,56,4,14.0,8.0,10.5,3/32,0,0,42.86,0,0,0,0,,18,4.0,3,3,4,75.0,18,9.33,1,7,9,77.78,6,16.0,0
fb23118c,800983,Ahmed Safi Abdullah,Ahmed Safi Abdullah,Islamabad United,2020-02-23,2020-03-01,3,2,2,9,13,8*,,69.23,0,0,1,0,7.69,61.54,9.5,3,48,65,4,16.25,8.12,12.0,2/17,0,0,35.42,0,0,0,0,,0,,0,0,0,,42,7.43,4,9,13,69.23,6,13.0,0
dd17e4bc,6685,SJ Magoffin,SJ Magoffin,Sussex,2014-07-15,2015-05-17,4,1,0,9,11,9,9.0,81.82,0,0,0,0,0.0,27.27,9.0,4,90,136,4,34.0,9.07,22.5,2/42,0,0,38.89,2,0,0,0,,60,8.1,2,2,2,100.0,6,8.0,0,7,9,77.78,24,11.75,2
e191bf68,232489,Rameez Raja (2),Rameez Raja (2),Quetta Gladiators,2012-02-19,2018-03-14,8,7,2,88,70,26*,17.6,125.71,0,0,6,3,12.86,30.0,4.7,0,0,0,0,,,,,0,0,,0,0,1,2,50.0,0,,0,60,52,115.38,0,,0,27,16,168.75,0,,0
31fbf891,55608,H Masakadza,H Masakadza,Sylhet Royals,2013-01-18,2013-02-13,5,5,0,88,66,52,17.6,133.33,0,1,10,2,18.18,43.94,1.6,0,0,0,0,,,,,0,0,,3,0,63,39,161.54,0,,0,25,27,92.59,0,,0,0,0,,0,,0
97905e64,1010307,RS Patel,RS Patel,Surrey,2019-07-26,2025-09-03,13,9,1,88,64,30,11.0,137.5,0,0,11,3,21.88,42.19,3.9,3,21,36,0,,10.29,,0/8,0,0,19.05,2,0,81,52,155.77,0,,0,2,4,50.0,9,12.67,0,5,8,62.5,12,8.5,0
0bde8443,1396331,OFM Sykes,OFM Sykes,Surrey,2024-07-07,2026-07-15,12,9,1,88,56,44*,11.0,157.14,0,0,6,5,19.64,30.36,7.2,0,0,0,0,,,,,0,0,,5,0,0,0,,0,,0,0,0,,0,,0,88,56,157.14,0,,0
10a2a1ff,37091,PG Fulton,PG Fulton,Canterbury,2014-01-17,2014-01-17,1,1,1,88,49,88*,,179.59,0,1,2,7,18.37,14.29,4.0,0,0,0,0,,,,,0,0,,0,0,5,7,71.43,0,,0,44,24,183.33,0,,0,39,18,216.67,0,,0
f4cb4f53,31750,AP Majumdar,AP Majumdar,Pune Warriors,2012-05-08,2012-05-19,4,4,0,87,76,31,21.75,114.47,0,0,7,2,11.84,35.53,4.5,0,0,0,0,,,,,0,0,,0,0,21,15,140.0,0,,0,64,58,110.34,0,,0,2,3,66.67,0,,0
72f03be4,1206240,Mohammad Amir Khan,Mohammad Amir Khan,Peshawar Zalmi,2020-02-22,2026-04-06,9,3,3,7,13,7*,,53.85,0,0,1,0,7.69,69.23,9.7,9,144,236,4,59.0,9.83,36.0,1/11,0,0,27.78,1,0,0,0,,54,8.78,0,0,0,,66,10.82,4,7,13,53.85,24,9.5,0
47ea9d7a,1334388,Mohammad Farooq,Mohammad Farooq (2),Lahore Qalandars,2026-04-17,2026-04-23,4,4,0,87,69,63,21.75,126.09,0,1,7,7,20.29,56.52,2.8,0,0,0,0,,,,,0,0,,2,0,70,51,137.25,0,,0,17,18,94.44,0,,0,0,0,,0,,0
5eef2118,465783,MVT Fernando,MVT Fernando,Kandy Tuskers,2020-12-05,2023-07-31,4,2,0,7,8,7,3.5,87.5,0,0,1,0,12.5,50.0,9.5,4,66,87,4,21.75,7.91,16.5,2/29,0,0,48.48,0,0,0,0,,54,8.11,3,0,0,,6,10.0,0,7,8,87.5,6,4.0,1
b0af303d,1489419,Kunwarjeet Singh,Kunwarjeet Singh,MI New York,2025-07-06,2026-07-15,7,6,1,87,76,33,17.4,114.47,0,0,8,2,13.16,31.58,5.2,0,0,0,0,,,,,0,0,,2,0,25,28,89.29,0,,0,37,28,132.14,0,,0,25,20,125.0,0,,0
5e6d1a54,736107,LJ Carey,LJ Carey,Glamorgan,2017-07-30,2019-08-11,9,3,2,7,10,5,7.0,70.0,0,0,1,0,10.0,60.0,10.7,9,138,209,4,52.25,9.09,34.5,1/15,0,0,31.88,2,0,0,0,,102,8.29,3,5,3,166.67,18,13.33,0,2,7,28.57,18,9.33,1
3e7534f7,1260229,GJ Bell,GJ Bell,Lancashire,2022-06-23,2024-05-31,9,6,2,87,75,31,21.75,116.0,0,0,7,1,10.67,37.33,5.2,0,0,0,0,,,,,0,0,,4,0,30,24,125.0,0,,0,39,39,100.0,0,,0,18,12,150.0,0,,0
e17d56d1,1264773,HJ Cullen,HJ Cullen,Worcestershire,2024-07-18,2026-07-12,10,8,3,87,68,27,17.4,127.94,0,0,9,2,16.18,33.82,6.0,0,0,0,0,,,,,0,0,,6,0,18,14,128.57,0,,0,20,23,86.96,0,,0,49,31,158.06,0,,0
ec33ff92,1364326,D Kalupahana,D Kalupahana,Galle Gallants,2026-07-17,2026-08-08,11,6,2,86,70,31,21.5,122.86,0,0,9,3,17.14,40.0,5.8,1,1,7,0,,42.0,,0/7,0,0,0.0,1,0,27,17,158.82,0,,0,36,37,97.3,0,,0,23,16,143.75,1,42.0,0
d617bf90,1264774,TI Hinley,TI Hinley,Worcestershire,2025-05-29,2025-06-15,5,4,1,26,17,21,8.67,152.94,0,0,2,1,17.65,35.29,7.8,5,66,95,3,31.67,8.64,22.0,1/11,0,0,24.24,5,0,0,0,,0,,0,0,1,0.0,60,8.3,2,26,16,162.5,6,12.0,1
6f49cc6e,717201,Shivam Sharma,Shivam Sharma,Kings XI Punjab,2014-05-09,2015-04-21,5,2,1,5,3,4,5.0,166.67,0,0,1,0,33.33,33.33,9.5,5,114,165,4,41.25,8.68,28.5,2/26,0,0,32.46,1,0,0,0,,0,,0,0,0,,90,8.47,4,5,3,166.67,24,9.5,0
9ffd1ac1,372116,T Bavuma,T Bavuma,Sunrisers Eastern Cape,2023-02-03,2024-02-04,5,5,0,85,68,50,17.0,125.0,0,1,6,3,13.24,27.94,2.2,0,0,0,0,,,,,0,0,,2,0,23,18,127.78,0,,0,57,42,135.71,0,,0,5,8,62.5,0,,0
e72d8f6a,228349,Marshall Ayub,Marshall Ayub,Rajshahi Kings,2012-02-19,2019-01-23,7,6,0,85,81,45,14.17,104.94,0,0,8,2,12.35,44.44,4.8,0,0,0,0,,,,,0,0,,2,0,30,34,88.24,0,,0,51,39,130.77,0,,0,4,8,50.0,0,,0
948beb1f,888191,ER Bamber,ER Bamber,Middlesex,2021-06-10,2023-07-02,7,2,2,5,5,3*,,100.0,0,0,0,0,0.0,20.0,10.5,6,95,167,4,41.75,10.55,23.75,3/29,0,0,27.37,2,0,0,0,,54,11.78,2,0,0,,30,6.6,2,5,5,100.0,11,15.27,0
f05d1564,1126693,BJ Holt,BJ Holt,Sydney Thunder,2019-01-30,2022-01-13,9,7,1,84,88,37,14.0,95.45,0,0,5,3,9.09,44.32,7.3,0,0,0,0,,,,,0,0,,8,2,13,10,130.0,0,,0,58,53,109.43,0,,0,13,25,52.0,0,,0
28147cdc,939091,BD Macdonald,BD Macdonald,Melbourne Stars,2026-01-02,2026-01-13,5,4,1,84,53,37*,28.0,158.49,0,0,7,4,20.75,30.19,5.2,0,0,0,0,,,,,0,0,,1,0,9,10,90.0,0,,0,38,31,122.58,0,,0,37,12,308.33,0,,0
f8ce577b,926597,Aminul Islam,Aminul Islam Biplob,Khulna Tigers,2019-12-12,2020-01-13,6,1,0,4,6,4,4.0,66.67,0,0,0,0,0.0,50.0,2.0,6,108,136,4,34.0,7.56,27.0,2/19,0,0,32.41,3,0,4,6,66.67,0,,0,0,0,,84,6.57,2,0,0,,24,11.0,2
07a67c50,400588,Noor Hossain,Noor Hossain,Khulna Royal Bengals,2012-02-24,2013-02-12,5,1,1,4,1,4*,,400.0,0,0,1,0,100.0,0.0,9.0,5,96,113,4,28.25,7.06,24.0,2/21,0,0,34.38,2,0,0,0,,0,,0,0,0,,78,7.54,2,4,1,400.0,18,5.0,2
5531248e,49920,MDK Perera,MDK Perera,Kandy Tuskers,2020-11-28,2020-12-10,7,4,1,24,33,12,8.0,72.73,0,0,2,1,9.09,60.61,7.8,6,120,148,3,49.33,7.4,40.0,1/23,0,0,30.83,2,0,0,0,,48,7.12,0,21,26,80.77,60,6.2,2,3,7,42.86,12,14.5,1
4900d2bf,467655,OH Freckingham,OH Freckingham,Leicestershire,2015-06-19,2015-07-12,5,1,1,4,4,4*,,100.0,0,0,0,0,0.0,0.0,10.0,5,84,121,4,30.25,8.64,21.0,2/21,0,0,40.48,0,0,0,0,,36,9.33,1,0,0,,36,7.33,1,4,4,100.0,12,10.5,2
442461fa,1088619,M Perry,M Perry,Sydney Sixers,2021-01-01,2025-12-17,5,1,1,3,3,3*,,100.0,0,0,0,0,0.0,33.33,10.0,5,79,140,4,35.0,10.63,19.75,1/22,0,0,27.85,3,0,0,0,,48,12.5,2,0,0,,19,7.58,1,3,3,100.0,12,8.0,1
3fbb43a9,317248,Saad Nasim,Saad Nasim,Peshawar Zalmi,2017-02-18,2018-03-25,8,8,1,83,63,35,11.86,131.75,0,0,9,3,19.05,36.51,5.4,1,6,9,0,,9.0,,0/9,0,0,50.0,2,0,6,7,85.71,0,,0,29,32,90.62,6,9.0,0,48,24,200.0,0,,0
1574f3fe,1218226,Muhammad Faizan,Muhammad Faizan,Lahore Qalandars,2020-03-03,2021-06-10,8,5,1,23,40,9,5.75,57.5,0,0,1,1,5.0,67.5,5.8,3,42,72,3,24.0,10.29,14.0,2/29,0,0,35.71,1,0,8,20,40.0,0,,0,15,19,78.95,24,9.0,3,0,1,0.0,18,12.0,0
a8333aa9,53119,LAS Sebastien,LAS Sebastien,St Lucia Zouks,2013-08-04,2015-06-28,11,5,3,63,67,33,31.5,94.03,0,0,7,0,10.45,46.27,7.6,9,107,153,1,153.0,8.58,107.0,1/20,0,0,32.71,1,0,13,14,92.86,6,8.0,0,23,28,82.14,90,8.53,1,27,25,108.0,11,9.27,0
ff6707cc,4487,LR Butterworth,LR Butterworth,Sydney Thunder,2011-12-30,2012-01-08,3,2,1,2,3,1*,2.0,66.67,0,0,0,0,0.0,33.33,8.0,3,64,83,4,20.75,7.78,16.0,2/27,0,0,28.12,2,0,0,0,,12,6.0,1,0,0,,24,8.5,0,2,3,66.67,28,7.93,3
3031bf83,962107,Rizwan Hussain,Rizwan Hussain,Islamabad United,2019-02-14,2020-03-14,9,8,0,82,77,22,10.25,106.49,0,0,9,1,12.99,41.56,3.1,0,0,0,0,,,,,0,0,,2,0,65,60,108.33,0,,0,10,8,125.0,0,,0,7,9,77.78,0,,0
30baaf1f,378282,TP Allen,TP Allen,Jamaica Tallawahs,2016-07-02,2016-08-03,6,6,2,42,34,19,10.5,123.53,0,0,2,2,11.76,32.35,7.3,3,42,84,2,42.0,12.0,21.0,2/27,0,0,23.81,2,0,0,0,,6,5.0,1,10,8,125.0,30,11.0,1,32,26,123.08,6,24.0,0
617040e4,1460534,Farhan Khan,Farhan Khan,Dubai Capitals,2025-01-11,2025-02-09,7,1,1,2,2,2*,,100.0,0,0,0,0,0.0,50.0,10.0,7,94,150,4,37.5,9.57,23.5,1/14,0,0,40.43,3,0,0,0,,72,8.08,2,0,0,,12,17.5,1,2,2,100.0,10,10.8,1
acd4f5dc,272949,DP Vijaykumar,DP Vijaykumar,Deccan Chargers,2008-05-03,2008-05-27,9,2,2,1,1,1*,,100.0,0,0,0,0,0.0,0.0,10.5,9,152,199,4,49.75,7.86,38.0,1/17,0,0,41.45,0,0,0,0,,102,7.29,3,0,0,,24,5.75,0,1,1,100.0,26,12.0,1
2c76b512,528985,DJ Muthuswami,DJ Muthuswami,Delhi Daredevils,2015-04-09,2015-04-26,6,2,1,1,3,1,1.0,33.33,0,0,0,0,0.0,66.67,11.0,6,84,101,4,25.25,7.21,21.0,2/18,0,0,52.38,0,0,0,0,,72,7.67,3,0,0,,6,8.0,0,1,3,33.33,6,1.0,1
4f77a235,1233544,Mohammad Faiq,Mohammad Faiq,Islamabad United,2026-04-04,2026-04-23,5,5,1,81,63,34*,20.25,128.57,0,0,9,1,15.87,31.75,3.0,0,0,0,0,,,,,0,0,,2,0,25,18,138.89,0,,0,56,45,124.44,0,,0,0,0,,0,,0
6b07c151,53276,TA Willett,TA Willett,St Kitts and Nevis Patriots,2014-07-27,2015-07-08,8,7,1,81,90,31,13.5,90.0,0,0,4,5,10.0,54.44,6.0,1,6,11,0,,11.0,,0/11,0,0,0.0,2,0,11,19,57.89,0,,0,53,55,96.36,6,11.0,0,17,16,106.25,0,,0
aa47439d,1460538,Ibrar Ahmad,Ibrar Ahmad,Abu Dhabi Knight Riders,2025-01-19,2025-12-13,8,2,2,1,3,1*,,33.33,0,0,0,0,0.0,66.67,11.0,8,108,205,4,51.25,11.39,27.0,2/27,0,0,23.15,1,0,0,0,,18,12.33,1,0,0,,54,8.67,2,1,3,33.33,36,15.0,1
a40ac203,1058904,Hossain Ali,Hossain Ali,Rajshahi Kings,2017-11-07,2017-11-25,4,1,0,1,6,1,1.0,16.67,0,0,0,0,0.0,83.33,11.0,4,84,142,4,35.5,10.14,21.0,3/38,0,0,38.1,0,0,0,0,,30,10.0,0,0,0,,42,8.43,2,1,6,16.67,12,16.5,2
2a3a3786,440963,Aftab Alam,Aftab Alam,Durbar Rajshahi,2020-11-30,2025-01-27,4,1,1,1,6,1*,,16.67,0,0,0,0,0.0,83.33,9.0,4,72,92,4,23.0,7.67,18.0,2/24,0,0,41.67,1,0,0,0,,18,2.67,1,0,0,,30,7.8,1,1,6,16.67,24,11.25,2
d996cca8,1503072,Md Rubel,Md Rubel,Rajshahi Warriors,2026-01-12,2026-01-21,3,2,1,1,2,1,1.0,50.0,0,0,0,0,0.0,50.0,10.0,3,66,81,4,20.25,7.36,16.5,2/22,0,0,45.45,2,0,0,0,,24,9.75,0,0,0,,36,6.0,4,1,2,50.0,6,6.0,0
0443414a,227454,Sajedul Islam,Sajedul Islam,Sylhet Royals,2013-02-15,2015-12-07,4,1,0,1,9,1,1.0,11.11,0,0,0,0,0.0,88.89,10.0,4,61,68,4,17.0,6.69,15.25,3/23,0,0,49.18,1,0,0,0,,12,4.0,1,1,9,11.11,36,5.83,2,0,0,,13,11.54,1
819ae1ad,862065,FS Organ,FS Organ,Hampshire,2020-09-03,2024-06-14,4,3,0,21,23,9,7.0,91.3,0,0,2,0,8.7,43.48,3.7,3,48,54,3,18.0,6.75,16.0,2/21,0,0,37.5,1,0,17,17,100.0,30,5.6,3,1,2,50.0,18,8.67,0,3,4,75.0,0,,0
137b58de,355683,GS Sandhu,GS Sandhu (2),Middlesex,2014-06-18,2015-07-23,5,1,1,1,3,1*,,33.33,0,0,0,0,0.0,66.67,11.0,5,104,133,4,33.25,7.67,26.0,1/14,0,0,39.42,1,0,0,0,,60,6.5,1,0,0,,6,3.0,0,1,3,33.33,38,10.26,3
60500956,1201520,RV Patel,RV Patel,Delhi Capitals,2021-10-04,2023-05-10,9,7,2,80,73,23,16.0,109.59,0,0,6,2,10.96,35.62,6.7,1,18,22,0,,7.33,,0/22,0,0,27.78,2,0,0,0,,0,,0,28,31,90.32,12,5.5,0,52,42,123.81,6,11.0,0
cc61ee8f,1269869,Gurjapneet Singh,Gurjapneet Singh,Chennai Super Kings,2026-04-11,2026-05-21,8,0,0,0,0,0,,,0,0,0,0,,,,8,151,233,4,58.25,9.26,37.75,1/7,0,0,30.46,5,0,0,0,,12,7.0,0,0,0,,96,9.19,2,0,0,,43,10.05,2
9a06679d,5742,CD Hartley,CD Hartley,Sydney Thunder,2011-12-16,2016-01-24,25,12,8,80,79,23,20.0,101.27,0,0,6,0,7.59,32.91,8.1,0,0,0,0,,,,,0,0,,14,3,0,0,,0,,0,22,24,91.67,0,,0,58,55,105.45,0,,0
7873a628,1012853,Ali Shafiq,Ali Shafiq,Multan Sultans,2019-02-16,2020-03-15,4,1,0,0,0,0,0.0,,0,0,0,0,,,10.0,4,75,91,4,22.75,7.28,18.75,2/11,0,0,44.0,0,0,0,0,,40,6.75,1,0,0,,12,8.0,0,0,0,,23,7.83,3
1e9b3b23,1076387,Arish Ali,Arish Ali,Quetta Gladiators,2021-06-19,2022-02-02,2,1,0,0,1,0,0.0,0.0,0,0,0,0,0.0,100.0,10.0,2,42,64,4,16.0,9.14,10.5,4/28,1,0,42.86,0,0,0,0,,12,13.5,0,0,0,,24,6.0,3,0,1,0.0,6,13.0,1
17ea3bee,1339106,Momin Qamar,Momin Qamar,Multan Sultans,2026-03-28,2026-04-21,4,0,0,0,0,0,,,0,0,0,0,,,,4,72,111,4,27.75,9.25,18.0,3/24,0,0,26.39,0,0,0,0,,0,,0,0,0,,60,9.3,2,0,0,,12,9.0,2
038b810c,1500761,JJ Pollard,JJ Pollard,Barbados Tridents,2026-09-05,2026-09-16,5,1,0,0,1,0,0.0,0.0,0,0,0,0,0.0,100.0,11.0,5,96,123,4,30.75,7.69,24.0,3/38,0,0,40.62,1,0,0,0,,12,8.5,1,0,0,,66,7.0,1,0,1,0.0,18,9.67,2
2a04400b,1328438,Sabir Ali,Sabir Ali,Abu Dhabi Knight Riders,2023-01-18,2024-02-13,6,2,1,0,4,0*,0.0,0.0,0,0,0,0,0.0,100.0,11.0,5,60,99,4,24.75,9.9,15.0,2/35,0,0,38.33,0,0,0,0,,24,10.5,1,0,0,,24,7.25,2,0,4,0.0,12,14.0,1
5e5eab39,56056,Nazmul Hossain,Nazmul Hossain,Sylhet Royals,2013-01-18,2013-02-18,3,0,0,0,0,0,,,0,0,0,0,,,,3,54,83,4,20.75,9.22,13.5,2/9,0,0,35.19,0,0,0,0,,18,8.67,1,0,0,,18,8.0,0,0,0,,18,11.0,3
127bc5ca,422871,NGRP Jayasuriya,NGRP Jayasuriya,Galle Marvels,2024-07-10,2024-07-21,4,1,1,0,0,0*,,,0,0,0,0,,,11.0,4,78,116,4,29.0,8.92,19.5,3/30,0,0,38.46,0,0,0,0,,24,11.75,1,0,0,,48,7.38,3,0,0,,6,10.0,0
879aedd7,699691,DR Melton,DR Melton,Derbyshire,2020-09-13,2020-09-20,4,0,0,0,0,0,,,0,0,0,0,,,,4,78,124,4,31.0,9.54,19.5,2/37,0,0,25.64,4,0,0,0,,42,10.71,3,0,0,,0,,0,0,0,,36,8.17,1
8e4ef717,643427,EO Hooper,EO Hooper,Kent,2021-07-16,2021-07-18,2,1,1,0,2,0*,,0.0,0,0,0,0,0.0,100.0,10.0,2,48,47,4,11.75,5.88,12.0,3/24,0,0,37.5,0,0,0,0,,12,5.5,1,0,0,,24,4.75,3,0,2,0.0,12,8.5,0
aae2eb6c,1325567,HC Darley,HC Darley,Worcestershire,2024-07-07,2024-07-18,4,0,0,0,0,0,,,0,0,0,0,,,,4,66,98,4,24.5,8.91,16.5,2/11,0,0,28.79,0,0,0,0,,30,9.8,3,0,0,,26,6.23,1,0,0,,10,13.2,0
d3a625ec,1320874,CM Barnard,CM Barnard,Lancashire,2025-05-31,2025-06-04,3,0,0,0,0,0,,,0,0,0,0,,,,3,54,63,4,15.75,7.0,13.5,3/23,0,0,37.04,1,0,0,0,,12,7.0,0,0,0,,36,7.17,3,0,0,,6,6.0,1
c3ce33a2,8923,JE Anyon,JE Anyon,Sussex,2014-06-15,2014-06-27,3,1,0,0,1,0,0.0,0.0,0,0,0,0,0.0,100.0,10.0,3,60,67,4,16.75,6.7,15.0,2/23,0,0,33.33,0,0,0,0,,36,7.5,2,0,0,,6,8.0,0,0,1,0.0,18,4.67,2
069c55b1,523366,MD Hunn,MD Hunn,Kent,2015-07-17,2016-06-24,2,0,0,0,0,0,,,0,0,0,0,,,,2,42,65,4,16.25,9.29,10.5,3/30,0,0,33.33,1,0,0,0,,18,11.33,0,0,0,,18,6.67,3,0,0,,6,11.0,1
7ea2141b,1412733,M Clarke,Mason Clarke,Otago,2024-12-27,2025-01-12,5,0,0,0,0,0,,,0,0,0,0,,,,5,78,107,4,26.75,8.23,19.5,1/14,0,0,34.62,3,0,0,0,,48,8.75,3,0,0,,30,7.4,1,0,0,,0,,0
9a0146b3,34155,P Sahu,P Sahu,Kings XI Punjab,2016-04-11,2016-04-25,5,2,1,19,13,18*,19.0,146.15,0,0,1,1,15.38,30.77,9.5,5,105,146,3,48.67,8.34,35.0,2/18,0,0,22.86,0,0,0,0,,6,10.0,0,0,0,,81,7.85,3,19,13,146.15,18,10.0,0
02ba80a0,1088618,J Merlo,J Merlo,Melbourne Stars,2019-01-01,2025-12-26,18,14,3,79,87,15,7.18,90.8,0,0,6,0,6.9,35.63,6.4,4,30,42,0,,8.4,,0/4,0,0,26.67,3,0,0,0,,6,4.0,0,33,43,76.74,24,9.5,0,46,44,104.55,0,,0
85ad2217,52962,DS Smith,DS Smith,St Lucia Zouks,2013-07-30,2013-08-17,6,6,0,79,74,29,13.17,106.76,0,0,10,2,16.22,52.7,4.5,0,0,0,0,,,,,0,0,,5,0,0,3,0.0,0,,0,73,63,115.87,0,,0,6,8,75.0,0,,0
6821ac10,47693,JJ van der Wath,JJ van der Wath,Royal Challengers Bangalore,2011-04-14,2011-05-17,3,3,1,18,16,14*,9.0,112.5,0,0,1,1,12.5,43.75,8.0,3,72,129,3,43.0,10.75,24.0,2/49,0,0,40.28,0,0,0,0,,30,8.2,0,4,5,80.0,18,14.67,1,14,11,127.27,24,11.0,2
a3a1c7ef,43872,Zohaib Khan,Zohaib Khan,Lahore Qalandars,2016-02-05,2017-02-15,8,4,3,18,13,10*,18.0,138.46,0,0,1,0,7.69,7.69,8.2,8,138,196,3,65.33,8.52,46.0,2/35,0,0,36.23,2,0,0,0,,24,6.5,0,0,0,,108,8.56,3,18,13,138.46,6,16.0,0
eca0c288,480693,A Bramble,A Bramble,Guyana Amazon Warriors,2016-06-30,2021-09-14,14,12,2,78,95,14,7.8,82.11,0,0,7,1,8.42,53.68,5.6,0,0,0,0,,,,,0,0,,10,1,11,26,42.31,0,,0,34,43,79.07,0,,0,33,26,126.92,0,,0
a81cac82,1264861,BJR Martindale,BJR Martindale,Nottinghamshire,2024-06-15,2024-07-17,7,6,0,78,86,44,13.0,90.7,0,0,8,2,11.63,52.33,1.2,0,0,0,0,,,,,0,0,,3,0,55,65,84.62,0,,0,23,21,109.52,0,,0,0,0,,0,,0
5222f5fa,1337527,H McKenzie,H McKenzie,Perth Scorchers,2023-12-10,2024-12-18,6,3,1,17,12,7*,8.5,141.67,0,0,1,0,8.33,16.67,8.3,5,108,138,3,46.0,7.67,36.0,2/12,0,0,27.78,0,0,0,0,,30,7.0,0,0,0,,60,7.4,3,17,12,141.67,18,9.67,0
caf1b14c,51659,N Deonarine,N Deonarine,Jamaica Tallawahs,2013-07-31,2015-07-23,7,6,0,37,44,18,6.17,84.09,0,0,4,1,11.36,54.55,5.3,3,54,72,2,36.0,8.0,27.0,1/20,0,0,37.04,0,0,14,9,155.56,6,5.0,0,17,31,54.84,48,8.38,2,6,4,150.0,0,,0
dded65e7,279554,IR Jaggi,IR Jaggi,Deccan Chargers,2011-04-09,2017-05-19,7,7,2,76,97,28,15.2,78.35,0,0,6,0,6.19,49.48,4.1,0,0,0,0,,,,,0,0,,2,0,25,37,67.57,0,,0,38,46,82.61,0,,0,13,14,92.86,0,,0
bd9b6cc3,1277009,Ariful Islam,Ariful Islam (2),Sylhet Titans,2026-01-08,2026-01-21,4,4,0,76,79,38,19.0,96.2,0,0,9,1,12.66,53.16,3.0,0,0,0,0,,,,,0,0,,3,0,17,23,73.91,0,,0,49,51,96.08,0,,0,10,5,200.0,0,,0
27ca3a11,322815,C Chetty,C Chetty,Texas Super Kings,2023-07-17,2023-07-28,5,5,0,76,75,24,15.2,101.33,0,0,10,1,14.67,52.0,3.2,0,0,0,0,,,,,0,0,,0,0,57,53,107.55,0,,0,19,22,86.36,0,,0,0,0,,0,,0
ba6b2f91,1292502,RA Bawa,RA Bawa,Mumbai Indians,2022-03-27,2026-05-14,8,4,1,35,32,16,11.67,109.38,0,0,2,0,6.25,40.62,6.0,2,24,50,2,25.0,12.5,12.0,1/11,0,0,29.17,3,0,0,1,0.0,0,,0,11,13,84.62,18,11.67,1,24,18,133.33,6,15.0,1
76cb1a7f,272485,SD Robson,SD Robson,Middlesex,2021-07-09,2021-07-18,3,3,0,75,62,60,25.0,120.97,0,1,8,2,16.13,43.55,1.0,0,0,0,0,,,,,0,0,,1,0,50,41,121.95,0,,0,25,21,119.05,0,,0,0,0,,0,,0
e42b0c76,1456578,SJ Cassidy,SJ Cassidy,Central Districts,2024-12-31,2026-01-26,7,5,3,75,60,49,37.5,125.0,0,0,5,4,15.0,40.0,5.8,0,0,0,0,,,,,0,0,,0,0,0,0,,0,,0,29,18,161.11,0,,0,46,42,109.52,0,,0
52c442e4,1265083,JO Baker,JO Baker,Worcestershire,2022-05-25,2022-06-23,8,6,2,14,25,5,3.5,56.0,0,0,0,0,0.0,56.0,8.8,8,132,206,3,68.67,9.36,44.0,2/26,0,0,27.27,4,0,0,0,,42,10.86,0,0,0,,66,7.09,3,14,25,56.0,24,13.0,0
cfad138c,209457,CK Kapugedera,CK Kapugedera,Chennai Super Kings,2008-05-08,2017-12-03,13,10,0,73,89,31,7.3,82.02,0,0,3,1,4.49,43.82,5.6,4,41,77,0,,11.27,,0/8,0,0,19.51,8,0,10,5,200.0,0,,0,40,49,81.63,29,10.34,0,23,35,65.71,12,13.5,0
d094e7d1,39091,Abdur Rehman,Abdur Rehman,Somerset,2015-06-19,2016-02-17,6,2,1,33,18,30*,33.0,183.33,0,0,2,3,27.78,33.33,9.5,6,114,151,2,75.5,7.95,57.0,1/18,0,0,28.07,3,0,0,0,,18,7.67,0,0,0,,90,8.0,1,33,18,183.33,6,8.0,1
151e8077,51446,CS Baugh,CS Baugh,Jamaica Tallawahs,2013-08-02,2014-07-26,12,6,1,73,70,32,14.6,104.29,0,0,5,3,11.43,48.57,7.0,0,0,0,0,,,,,0,0,,4,1,0,0,,0,,0,5,19,26.32,0,,0,68,51,133.33,0,,0
5bbb4ec5,926037,Ahsan Bhatti,Ahsan Bhatti,Sylhet Strikers,2025-01-26,2025-01-27,2,2,0,53,50,28,26.5,106.0,0,0,1,4,10.0,40.0,5.0,2,41,59,1,59.0,8.63,41.0,1/30,0,0,26.83,1,0,13,12,108.33,0,,0,20,24,83.33,36,7.67,1,20,14,142.86,5,15.6,0
11ec0b58,473000,JC Wainman,JC Wainman,Birmingham Bears,2016-05-27,2019-08-30,7,3,3,13,15,12*,,86.67,0,0,1,0,6.67,40.0,10.0,7,120,199,3,66.33,9.95,40.0,1/27,0,0,27.5,0,0,0,0,,54,10.44,1,0,0,,48,7.75,0,13,15,86.67,18,14.33,2
19cc9592,334409,RJ McCone,RJ McCone,Central Districts,2017-12-22,2019-01-25,4,3,1,13,15,7,6.5,86.67,0,0,1,0,6.67,46.67,9.0,4,72,136,3,45.33,11.33,24.0,1/28,0,0,25.0,2,0,0,0,,12,7.0,1,1,3,33.33,36,11.5,0,12,12,100.0,24,13.25,2
0c5c3a87,7644,DLR Smith,DLR Smith,Sydney Sixers,2011-12-17,2014-02-05,17,14,1,72,100,21,5.54,72.0,0,0,7,0,7.0,54.0,4.5,0,0,0,0,,,,,0,0,,9,4,27,50,54.0,0,,0,28,29,96.55,0,,0,17,21,80.95,0,,0
e793a8ed,628217,Chaitanya Bishnoi,Chaitanya Bishnoi,San Francisco Unicorns,2023-07-14,2023-07-24,5,4,0,52,41,35,13.0,126.83,0,0,3,3,14.63,39.02,7.5,3,18,25,1,25.0,8.33,18.0,1/4,0,0,11.11,3,0,0,0,,0,,0,13,13,100.0,18,8.33,1,39,28,139.29,0,,0
28131839,414966,MA Leask,MA Leask,Somerset,2016-05-20,2017-08-24,9,7,1,52,45,13,8.67,115.56,0,0,3,3,13.33,42.22,6.3,2,18,23,1,23.0,7.67,18.0,1/11,0,0,38.89,2,0,0,0,,18,7.67,1,23,24,95.83,0,,0,29,21,138.1,0,,0
0494fa6e,732293,Vishnu Vinod,Vishnu Vinod,Royal Challengers Bangalore,2017-04-08,2026-05-14,7,7,1,71,65,30,11.83,109.23,0,0,4,4,12.31,43.08,5.1,0,0,0,0,,,,,0,0,,0,2,10,21,47.62,0,,0,34,25,136.0,0,,0,27,19,142.11,0,,0
cbf58a86,1292497,SK Rasheed,SK Rasheed,Chennai Super Kings,2025-04-14,2025-05-03,5,5,0,71,63,27,14.2,112.7,0,0,9,2,17.46,53.97,1.2,0,0,0,0,,,,,0,0,,1,0,69,60,115.0,0,,0,2,3,66.67,0,,0,0,0,,0,,0
7001dee4,7545,AW Robinson,AW Robinson,Brisbane Heat,2011-12-16,2012-01-17,5,5,0,71,57,25,14.2,124.56,0,0,8,3,19.3,47.37,4.0,0,0,0,0,,,,,0,0,,2,0,29,19,152.63,0,,0,38,35,108.57,0,,0,4,3,133.33,0,,0
1200550f,18675,MJ Prior,MJ Prior,Sydney Thunder,2012-12-28,2014-05-30,5,5,0,71,71,39,14.2,100.0,0,0,6,3,12.68,56.34,3.0,0,0,0,0,,,,,0,0,,3,0,30,36,83.33,0,,0,41,35,117.14,0,,0,0,0,,0,,0
6ba6ca1f,727399,S Jayathilake,S Jayathilake,Dambulla Giants,2021-12-11,2026-07-22,7,5,3,51,53,34,25.5,96.23,0,0,3,2,9.43,50.94,7.6,6,102,129,1,129.0,7.59,102.0,1/22,0,0,29.41,2,0,2,6,33.33,24,8.75,0,32,32,100.0,72,6.75,1,17,15,113.33,6,13.0,0
a3ce3d1d,324260,SJ Erwee,SJ Erwee,Sunrisers Eastern Cape,2023-01-12,2023-01-24,8,7,1,70,62,41,11.67,112.9,0,0,6,3,14.52,46.77,3.4,0,0,0,0,,,,,0,0,,1,0,47,40,117.5,0,,0,22,20,110.0,0,,0,1,2,50.0,0,,0
d52db29b,20049,DJG Sales,DJG Sales,Northamptonshire,2014-05-30,2014-06-27,5,4,0,70,86,25,17.5,81.4,0,0,4,2,6.98,46.51,4.2,0,0,0,0,,,,,0,0,,0,0,21,21,100.0,0,,0,46,60,76.67,0,,0,3,5,60.0,0,,0
750d906e,1300570,MJ Gibson,MJ Gibson,Auckland,2023-01-05,2023-02-05,4,2,1,10,11,8,10.0,90.91,0,0,2,0,18.18,63.64,11.0,4,69,96,3,32.0,8.35,23.0,1/20,0,0,39.13,0,0,0,0,,42,9.14,0,0,0,,12,5.5,1,10,11,90.91,15,8.4,2
1b7b0fa7,1252370,Vivrant Sharma,Vivrant Sharma,Sunrisers Hyderabad,2023-05-07,2023-05-21,3,1,0,69,47,69,69.0,146.81,0,1,9,2,23.4,34.04,1.0,2,18,37,0,,12.33,,0/18,0,0,27.78,0,0,27,24,112.5,0,,0,42,23,182.61,18,12.33,0,0,0,,0,,0
bff458c6,26946,AA Bilakhia,AA Bilakhia,Deccan Chargers,2009-04-27,2010-04-05,7,7,2,69,85,22,13.8,81.18,0,0,5,0,5.88,47.06,5.1,0,0,0,0,,,,,0,0,,1,0,23,32,71.88,0,,0,10,20,50.0,0,,0,36,33,109.09,0,,0
f7928e6a,1126082,ND Perera,ND Perera,Colombo Strikers,2023-08-13,2024-07-18,4,4,0,69,51,40,17.25,135.29,0,0,5,3,15.69,41.18,4.5,0,0,0,0,,,,,0,0,,0,0,35,25,140.0,0,,0,33,25,132.0,0,,0,1,1,100.0,0,,0
83e74e91,471210,TC Fell,TC Fell,Worcestershire,2018-08-17,2021-06-23,9,7,0,69,78,28,9.86,88.46,0,0,4,1,6.41,43.59,3.9,0,0,0,0,,,,,0,0,,2,0,21,33,63.64,0,,0,44,41,107.32,0,,0,4,4,100.0,0,,0
0d8f5fc6,1124853,GK Beghin,GK Beghin,Auckland,2019-01-20,2022-01-15,8,6,0,69,65,32,11.5,106.15,0,0,6,2,12.31,44.62,2.8,0,0,0,0,,,,,0,0,,3,0,44,39,112.82,0,,0,24,25,96.0,0,,0,1,1,100.0,0,,0
607c846c,1216350,W Parker,W Parker,Hobart Hurricanes,2020-12-27,2023-01-25,9,6,2,47,35,25*,11.75,134.29,0,0,4,1,14.29,28.57,9.2,7,108,185,1,185.0,10.28,108.0,1/42,0,0,18.52,1,0,0,0,,18,12.33,0,0,0,,78,9.31,0,47,35,134.29,12,13.5,1
c5e415aa,627623,CA Wakim,CA Wakim,Hobart Hurricanes,2022-01-02,2025-01-19,7,7,0,67,79,20,9.57,84.81,0,0,7,1,10.13,55.7,3.0,0,0,0,0,,,,,0,0,,2,0,45,48,93.75,0,,0,15,23,65.22,0,,0,7,8,87.5,0,,0
037429dc,1363432,L Haskett,L Haskett,Brisbane Heat,2025-01-11,2025-12-22,5,2,1,7,10,5,7.0,70.0,0,0,0,0,0.0,50.0,9.5,5,96,210,3,70.0,13.12,32.0,2/43,0,0,20.83,2,0,0,0,,42,14.0,1,0,0,,36,12.67,0,7,10,70.0,18,12.0,2
fee3c48a,4531,EJM Cowan,EJM Cowan,Sydney Sixers,2011-12-16,2016-01-16,7,6,1,67,65,43,13.4,103.08,0,0,7,1,12.31,43.08,2.2,0,0,0,0,,,,,0,0,,0,0,43,46,93.48,0,,0,23,17,135.29,0,,0,1,2,50.0,0,,0
935678ee,1248374,Aamer Azmat,Aamer Azmat,Multan Sultans,2022-02-16,2025-05-18,7,5,1,67,60,33,16.75,111.67,0,0,7,1,13.33,40.0,4.2,1,6,3,0,,3.0,,0/3,0,0,66.67,6,0,40,30,133.33,0,,0,12,19,63.16,6,3.0,0,15,11,136.36,0,,0
074acfb4,315232,Asif Khan,Asif Khan,Gulf Giants,2024-01-21,2025-12-23,6,4,2,67,63,36*,33.5,106.35,0,0,3,3,9.52,41.27,6.2,0,0,0,0,,,,,0,0,,1,0,12,9,133.33,0,,0,30,29,103.45,0,,0,25,25,100.0,0,,0
9df3a2f4,44413,ACR Birch,ACR Birch,Dhaka Dynamites,2019-01-18,2019-01-30,2,1,1,7,8,7*,,87.5,0,0,0,0,0.0,12.5,9.0,2,48,77,3,25.67,9.62,16.0,3/42,0,0,33.33,1,0,0,0,,18,6.33,0,0,0,,6,6.0,1,7,8,87.5,24,13.0,2
f6c313ea,1111454,KS Gattepalli,KS Gattepalli,Los Angeles Knight Riders,2025-07-06,2026-07-01,3,2,2,7,8,5*,,87.5,0,0,1,0,12.5,50.0,10.0,2,42,58,3,19.33,8.29,14.0,3/31,0,0,35.71,1,0,0,0,,18,6.67,2,0,0,,24,9.5,1,7,8,87.5,0,,0
afb3ab47,622773,JS Hunter,JS Hunter,Otago,2017-12-14,2019-01-13,5,1,1,7,3,7*,,233.33,0,0,0,1,33.33,33.33,10.0,5,72,134,3,44.67,11.17,24.0,3/35,0,0,26.39,0,0,0,0,,42,11.29,2,7,3,233.33,18,12.0,0,0,0,,12,9.5,1
26cd5968,1364327,V Lahiru,V Lahiru,Dambulla Sixers,2026-07-18,2026-07-26,6,2,2,6,7,3*,,85.71,0,0,0,0,0.0,28.57,10.5,6,90,122,3,40.67,8.13,30.0,1/11,0,0,27.78,3,0,0,0,,30,6.0,2,0,0,,60,9.2,1,6,7,85.71,0,,0
23f94c02,1427052,J Drysdale,J Drysdale,San Francisco Unicorns,2024-07-22,2025-06-15,5,2,1,6,10,5,6.0,60.0,0,0,1,0,10.0,70.0,11.0,5,97,160,3,53.33,9.9,32.33,2/33,0,0,27.84,0,0,0,0,,6,11.0,0,5,4,125.0,78,9.69,2,1,6,16.67,13,10.62,1
9b327948,1276923,Faisal Khan Ahmadzai,Faisal Khan Ahmadzai,MI New York,2026-07-05,2026-07-15,4,3,2,6,8,6,6.0,75.0,0,0,1,0,12.5,62.5,11.0,4,72,117,3,39.0,9.75,24.0,2/23,0,0,38.89,0,0,0,0,,42,9.43,2,0,0,,24,10.25,0,6,8,75.0,6,10.0,1
91b35a29,1510715,Razaullah,Razaullah,Rawalpindiz,2026-04-18,2026-04-21,2,1,0,5,10,5,5.0,50.0,0,0,0,0,0.0,50.0,9.0,2,40,83,3,27.67,12.45,13.33,2/45,0,0,27.5,0,0,0,0,,0,,0,2,2,100.0,30,13.2,0,3,8,37.5,10,10.2,3
c59d8f8a,443150,KA Hope,KA Hope,Barbados Tridents,2016-07-01,2016-07-28,4,4,0,65,62,28,16.25,104.84,0,0,6,2,12.9,46.77,1.5,0,0,0,0,,,,,0,0,,0,0,54,52,103.85,0,,0,11,10,110.0,0,,0,0,0,,0,,0
9c0f6688,1259994,AS Basra,AS Basra,Derbyshire,2026-05-22,2026-07-06,9,7,1,65,56,17,10.83,116.07,0,0,5,2,12.5,35.71,7.0,0,0,0,0,,,,,0,0,,5,0,0,0,,0,,0,30,30,100.0,0,,0,35,26,134.62,0,,0
67b29de3,1262576,JA Pocklington,JA Pocklington,Nottinghamshire,2026-05-22,2026-07-18,6,5,2,65,56,26,21.67,116.07,0,0,5,2,12.5,37.5,7.0,4,48,70,0,,8.75,,0/6,0,0,18.75,1,0,3,6,50.0,0,,0,34,25,136.0,48,8.75,0,28,25,112.0,0,,0
9b411f8f,246119,SH Choudhry,SH Choudhry,Worcestershire,2014-07-18,2014-08-02,3,2,1,5,5,4,5.0,100.0,0,0,0,0,0.0,20.0,9.0,3,63,91,3,30.33,8.67,21.0,2/21,0,0,28.57,2,0,0,0,,0,,0,0,0,,60,8.0,3,5,5,100.0,3,22.0,0
0d232ffd,30220,MA Khote,MA Khote,Mumbai Indians,2008-04-20,2008-04-27,4,3,1,24,22,9,12.0,109.09,0,0,2,1,13.64,45.45,8.0,2,30,51,2,25.5,10.2,15.0,2/29,0,0,16.67,0,0,0,0,,0,,0,6,7,85.71,18,9.33,1,18,15,120.0,12,11.5,1
ed5a5510,777515,P Dubey,P Dubey,Delhi Capitals,2020-10-31,2025-05-24,5,2,1,23,33,16,23.0,69.7,0,0,2,0,6.06,51.52,8.5,5,78,111,2,55.5,8.54,39.0,1/19,0,0,29.49,1,0,0,0,,0,,0,13,16,81.25,72,8.33,2,10,17,58.82,6,11.0,0
3cea23da,1292506,N Sindhu,N Sindhu,Gujarat Titans,2026-05-03,2026-05-31,8,5,0,63,50,22,12.6,126.0,0,0,7,2,18.0,44.0,3.6,0,0,0,0,,,,,0,0,,3,0,29,23,126.09,0,,0,34,27,125.93,0,,0,0,0,,0,,0
7bb62642,26252,Anirudh Singh,Anirudh Singh,Deccan Chargers,2010-03-12,2010-04-24,5,4,0,63,66,40,15.75,95.45,0,0,6,1,10.61,46.97,5.0,0,0,0,0,,,,,0,0,,3,0,18,20,90.0,0,,0,32,32,100.0,0,,0,13,14,92.86,0,,0
ce4cc4d5,353669,R Ninan,R Ninan,Royal Challengers Bangalore,2011-04-14,2011-04-16,2,1,0,3,6,3,3.0,50.0,0,0,0,0,0.0,50.0,10.0,2,36,65,3,21.67,10.83,12.0,2/31,0,0,22.22,1,0,0,0,,0,,0,0,0,,30,9.8,3,3,6,50.0,6,16.0,0
d8360178,7388,CJL Rogers,CJL Rogers,Sydney Thunder,2012-12-08,2012-12-30,5,5,0,63,68,23,12.6,92.65,0,0,6,1,10.29,51.47,3.0,0,0,0,0,,,,,0,0,,0,0,35,40,87.5,0,,0,28,28,100.0,0,,0,0,0,,0,,0
1494a583,56208,Dhiman Ghosh,Dhiman Ghosh,Rangpur Riders,2012-02-24,2017-11-17,12,7,1,63,73,36*,10.5,86.3,0,0,2,1,4.11,38.36,6.6,0,0,0,0,,,,,0,0,,9,2,6,16,37.5,0,,0,26,29,89.66,0,,0,31,28,110.71,0,,0
d13d1dd0,494838,RP Kellepotha,RP Kellepotha,Melbourne Renegades,2023-01-10,2024-01-04,3,2,2,2,4,1*,,50.0,0,0,0,0,0.0,50.0,8.5,3,60,75,3,25.0,7.5,20.0,2/32,0,0,33.33,0,0,0,0,,12,8.5,0,0,0,,42,6.43,3,2,4,50.0,6,13.0,0
e3882f9a,233513,SJC Keen,SJC Keen,Sydney Thunder,2012-12-28,2015-01-11,5,4,0,42,42,15,10.5,100.0,0,0,2,2,9.52,47.62,4.5,2,24,38,1,38.0,9.5,24.0,1/28,0,0,20.83,3,0,18,17,105.88,0,,0,8,10,80.0,12,12.5,0,16,15,106.67,12,6.5,1
b7ccb3c9,7908,CS Sandri,CS Sandri,Sydney Thunder,2013-12-21,2013-12-27,2,2,1,22,15,13,22.0,146.67,0,0,1,1,13.33,40.0,5.5,2,36,53,2,26.5,8.83,18.0,1/20,0,0,19.44,2,0,13,12,108.33,6,15.0,0,0,0,,30,7.6,2,9,3,300.0,0,,0
b7d1eadd,1028665,P Jayawickrama,P Jayawickrama,Jaffna Kings,2021-12-17,2023-08-05,4,1,1,2,2,2*,,100.0,0,0,0,0,0.0,0.0,11.0,4,72,77,3,25.67,6.42,24.0,2/13,0,0,37.5,1,0,0,0,,12,9.5,1,0,0,,48,5.75,1,2,2,100.0,12,6.0,1
acc1aeda,237696,SP Jackson,SP Jackson,Kolkata Knight Riders,2017-04-28,2022-05-09,9,8,2,61,57,16,10.17,107.02,0,0,5,1,10.53,35.09,5.9,0,0,0,0,,,,,0,0,,7,2,10,9,111.11,0,,0,17,18,94.44,0,,0,34,30,113.33,0,,0
88684a42,1062347,DR Drew,DR Drew,Adelaide Strikers,2021-12-07,2025-01-18,5,4,1,61,52,23*,20.33,117.31,0,0,4,1,9.62,36.54,5.0,0,0,0,0,,,,,0,0,,0,0,0,0,,0,,0,35,33,106.06,0,,0,26,19,136.84,0,,0
5390f178,774211,DMK Grant,DMK Grant,Brisbane Heat,2022-01-06,2022-01-08,2,1,1,1,1,1*,,100.0,0,0,0,0,0.0,0.0,10.0,2,48,48,3,16.0,6.0,16.0,3/20,0,0,37.5,0,0,0,0,,18,5.0,1,0,0,,24,6.75,2,1,1,100.0,6,6.0,0
78ba5d1b,5966,AK Heal,AK Heal,Melbourne Renegades,2011-12-18,2012-01-18,4,2,0,1,3,1,0.5,33.33,0,0,0,0,0.0,66.67,9.5,3,72,86,3,28.67,7.17,24.0,2/32,0,0,36.11,0,0,0,0,,6,2.0,0,0,0,,66,7.64,3,1,3,33.33,0,,0
5ce5204c,232289,IA Moran,IA Moran,Sydney Sixers,2012-01-08,2015-01-12,5,2,0,21,17,20,10.5,123.53,0,0,2,1,17.65,41.18,8.0,3,42,66,2,33.0,9.43,21.0,1/19,0,0,21.43,0,0,0,0,,0,,0,21,17,123.53,30,9.0,2,0,0,,12,10.5,0
9f54ae00,7262,GD Putland,GD Putland,Adelaide Strikers,2012-12-09,2016-01-21,7,2,1,1,4,1*,1.0,25.0,0,0,0,0,0.0,75.0,10.5,7,132,186,3,62.0,8.45,44.0,2/39,0,0,38.64,3,0,0,0,,60,5.8,1,0,0,,42,8.71,1,1,4,25.0,30,13.4,1
2f43ee81,1275943,J Layne,J Layne,St Kitts and Nevis Patriots,2023-09-02,2026-09-13,5,1,0,1,3,1,1.0,33.33,0,0,0,0,0.0,66.67,10.0,5,66,127,3,42.33,11.55,22.0,3/14,0,0,37.88,1,0,0,0,,36,13.17,0,0,0,,24,9.0,3,1,3,33.33,6,12.0,0
31ca7a9c,1345983,Ethan D'Souza,Ethan D'Souza,Sharjah Warriorz,2025-01-19,2025-12-24,13,8,2,61,62,18,10.17,98.39,0,0,6,1,11.29,43.55,6.9,0,0,0,0,,,,,0,0,,9,0,0,0,,0,,0,25,33,75.76,0,,0,36,29,124.14,0,,0
9f0270e0,55346,AG Cremer,AG Cremer,Comilla Victorians,2017-12-05,2017-12-10,3,2,1,1,3,1*,1.0,33.33,0,0,0,0,0.0,66.67,8.0,3,66,76,3,25.33,6.91,22.0,3/15,0,0,37.88,0,0,0,0,,0,,0,0,0,,60,6.5,3,1,3,33.33,6,11.0,0
88256fe1,989827,Aks Swadhin,Aks Swadhin,Sylhet Sunrisers,2022-02-07,2022-02-12,4,1,1,1,1,1*,,100.0,0,0,0,0,0.0,0.0,8.0,4,84,131,3,43.67,9.36,28.0,1/29,0,0,38.1,2,0,0,0,,48,8.0,2,0,0,,6,5.0,0,1,1,100.0,30,12.4,1
ecdd6cc9,1436868,VL Jani,VL Jani,Birmingham Bears,2026-05-22,2026-07-12,4,4,0,61,46,26,15.25,132.61,0,0,6,3,19.57,39.13,5.0,0,0,0,0,,,,,0,0,,2,0,26,13,200.0,0,,0,29,25,116.0,0,,0,6,8,75.0,0,,0
46c5d4fb,352893,AP Rouse,AP Rouse,Gloucestershire,2014-06-26,2016-05-20,8,7,2,61,52,35*,12.2,117.31,0,0,7,1,15.38,38.46,6.6,0,0,0,0,,,,,0,0,,4,4,0,0,,0,,0,14,19,73.68,0,,0,47,33,142.42,0,,0
1d7c927b,1079458,HJ Chamberlain,HJ Chamberlain,Canterbury,2024-12-27,2026-01-19,8,8,0,61,64,19,7.62,95.31,0,0,5,1,9.38,48.44,4.4,0,0,0,0,,,,,0,0,,2,0,14,17,82.35,0,,0,35,37,94.59,0,,0,12,10,120.0,0,,0
1cbd881f,326971,NB Beard,NB Beard,Otago,2013-01-20,2014-01-18,3,1,0,1,7,1,1.0,14.29,0,0,0,0,0.0,85.71,9.0,3,72,80,3,26.67,6.67,24.0,2/13,0,0,23.61,2,0,0,0,,0,,0,1,7,14.29,66,5.91,3,0,0,,6,15.0,0
a4094f4a,37762,JM McMillan,JM McMillan,Otago,2014-01-03,2014-01-18,2,1,0,1,2,1,1.0,50.0,0,0,0,0,0.0,50.0,11.0,2,48,49,3,16.33,6.12,16.0,2/26,0,0,43.75,1,0,0,0,,36,6.5,2,0,0,,12,5.0,1,1,2,50.0,0,,0
c3c92b42,1175429,RS Hangargekar,RS Hangargekar,Chennai Super Kings,2023-03-31,2023-04-03,2,0,0,0,0,0,,,0,0,0,0,,,,2,36,60,3,20.0,10.0,12.0,3/36,0,0,38.89,0,0,0,0,,6,12.0,1,0,0,,18,10.67,1,0,0,,12,8.0,1
82c10dac,1449085,Abhinandan Singh,Abhinandan Singh,Royal Challengers Bengaluru,2026-03-28,2026-04-10,3,0,0,0,0,0,,,0,0,0,0,,,,3,58,122,3,40.67,12.62,19.33,2/30,0,0,25.86,2,0,0,0,,24,17.25,0,0,0,,24,9.25,1,0,0,,10,9.6,2
890de8cb,28758,Gagandeep Singh,Gagandeep Singh,Kings XI Punjab,2008-05-01,2008-05-23,4,0,0,0,0,0,,,0,0,0,0,,,,4,84,141,3,47.0,10.07,28.0,1/33,0,0,29.76,0,0,0,0,,6,7.0,0,0,0,,54,7.78,2,0,0,,24,16.0,1
8b9704ae,26236,L Ablish,L Ablish,Kings XI Punjab,2010-04-09,2011-05-06,3,1,1,0,2,0*,,0.0,0,0,0,0,0.0,100.0,11.0,3,42,75,3,25.0,10.71,14.0,2/17,0,0,23.81,0,0,0,0,,12,13.0,0,0,0,,12,15.5,0,0,2,0.0,18,6.0,3
0c8836b6,4837,AJ Crosthwaite,AJ Crosthwaite,Adelaide Strikers,2011-12-18,2012-01-19,6,6,0,60,60,18,10.0,100.0,0,0,5,2,11.67,50.0,5.3,0,0,0,0,,,,,0,0,,3,3,8,11,72.73,0,,0,15,25,60.0,0,,0,37,24,154.17,0,,0
774e65b3,1339131,Aimal Khan,Aimal Khan,Quetta Gladiators,2023-02-24,2024-03-11,5,1,1,0,2,0*,,0.0,0,0,0,0,0.0,100.0,11.0,5,90,178,3,59.33,11.87,30.0,2/26,0,0,31.11,0,0,0,0,,36,11.0,1,0,0,,36,11.33,2,0,2,0.0,18,14.67,0
8d42cee6,1339113,Aftab Ibrahim,Aftab Ibrahim,Multan Sultans,2024-02-25,2024-03-05,3,0,0,0,0,0,,,0,0,0,0,,,,3,42,61,3,20.33,8.71,14.0,2/26,0,0,33.33,2,0,0,0,,6,5.0,1,0,0,,18,8.33,1,0,0,,18,10.33,1
c22b76a3,1527292,Rizwanullah,Rizwanullah,Karachi Kings,2026-04-23,2026-04-25,2,0,0,0,0,0,,,0,0,0,0,,,,2,40,69,3,23.0,10.35,13.33,2/28,0,0,32.5,0,0,0,0,,12,17.5,0,0,0,,12,7.5,1,0,0,,16,7.12,2
a990c9c4,1129522,C Lamont,C Lamont,Jamaica Tallawahs,2018-09-02,2019-09-15,4,0,0,0,0,0,,,0,0,0,0,,,,4,84,129,3,43.0,9.21,28.0,2/21,0,0,41.67,2,0,0,0,,42,7.86,2,0,0,,42,10.57,1,0,0,,0,,0
88b4d220,1323740,K Pitman,K Pitman,Jamaica Tallawahs,2023-09-03,2024-09-15,3,0,0,0,0,0,,,0,0,0,0,,,,3,44,75,3,25.0,10.23,14.67,3/27,0,0,29.55,2,0,0,0,,0,,0,0,0,,30,7.8,2,0,0,,14,15.43,1
213fd5e9,1077063,S Lakshan,S Lakshan,Galle Gladiators,2021-12-07,2022-12-19,4,0,0,0,0,0,,,0,0,0,0,,,,4,72,115,3,38.33,9.58,24.0,2/50,0,0,36.11,4,0,0,0,,0,,0,0,0,,54,8.78,1,0,0,,18,12.0,2
a7e20a07,564774,JL Lawlor,JL Lawlor,Glamorgan,2019-07-18,2019-08-09,6,5,0,60,53,43,12.0,113.21,0,0,6,1,13.21,41.51,3.6,0,0,0,0,,,,,0,0,,3,0,32,22,145.45,0,,0,26,29,89.66,0,,0,2,2,100.0,0,,0
0df43caf,1274574,JP Phillips,JP Phillips,Gloucestershire,2026-05-31,2026-06-26,4,4,0,60,47,42,15.0,127.66,0,0,3,3,12.77,29.79,3.0,0,0,0,0,,,,,0,0,,3,0,16,20,80.0,0,,0,44,27,162.96,0,,0,0,0,,0,,0
a72b14ff,21650,CT Tremlett,CT Tremlett,Surrey,2014-01-10,2014-07-16,3,2,2,19,14,11*,,135.71,0,0,2,0,14.29,14.29,9.0,3,24,27,2,13.5,6.75,12.0,1/5,0,0,54.17,0,0,0,0,,18,6.0,2,0,0,,6,9.0,0,19,14,135.71,0,,0
24dd1b81,573904,AO Morgan,AO Morgan,Glamorgan,2019-07-18,2020-09-16,9,7,1,59,63,24,9.83,93.65,0,0,4,3,11.11,53.97,5.6,2,30,38,0,,7.6,,0/15,0,0,26.67,1,0,2,3,66.67,12,11.0,0,42,45,93.33,18,5.33,0,15,15,100.0,0,,0
fdd5ba1e,1276110,Harry Singh,HPN Singh,Lancashire,2026-05-25,2026-06-09,5,3,0,39,30,26,13.0,130.0,0,0,0,3,10.0,30.0,7.0,4,42,73,1,73.0,10.43,42.0,1/27,0,0,33.33,7,0,0,0,,6,16.0,0,9,10,90.0,36,9.5,1,30,20,150.0,0,,0
a2e63eab,1193529,OJ White,OJ White,Otago,2023-12-21,2026-01-18,8,5,1,59,65,30,14.75,90.77,0,0,4,1,7.69,50.77,6.6,1,6,14,0,,14.0,,0/14,0,0,0.0,1,0,0,4,0.0,0,,0,29,34,85.29,6,14.0,0,30,27,111.11,0,,0
0e56c514,1323417,HJ Manenti,HJ Manenti,Adelaide Strikers,2025-01-15,2026-01-13,9,8,1,58,61,24,8.29,95.08,0,0,3,3,9.84,50.82,6.4,0,0,0,0,,,,,0,0,,4,0,3,7,42.86,0,,0,44,46,95.65,0,,0,11,8,137.5,0,,0
c8d45843,1294446,JC Carmichael,JC Carmichael,St Kitts and Nevis Patriots,2022-08-31,2023-09-16,8,5,5,18,26,9*,,69.23,0,0,1,0,3.85,46.15,10.2,7,85,141,2,70.5,9.95,42.5,1/22,0,0,42.35,1,0,0,0,,54,11.44,1,1,4,25.0,30,7.4,1,17,22,77.27,1,6.0,0
9cebb612,605570,JR Doran,JR Doran,Hobart Hurricanes,2015-01-22,2025-01-16,10,7,1,57,62,28,9.5,91.94,0,0,4,0,6.45,41.94,5.0,0,0,0,0,,,,,0,0,,1,0,15,18,83.33,0,,0,31,37,83.78,0,,0,11,7,157.14,0,,0
7239b60d,953793,CAH Stevenson,CAH Stevenson,Melbourne Renegades,2015-12-23,2024-07-23,4,1,0,17,11,17,17.0,154.55,0,0,1,1,18.18,36.36,8.0,4,48,83,2,41.5,10.38,24.0,1/21,0,0,33.33,1,0,0,0,,12,12.0,1,3,4,75.0,30,9.6,1,14,7,200.0,6,11.0,0
7ee2ce62,20286,VS Solanki,VS Solanki,Surrey,2014-07-11,2015-07-17,6,5,1,57,61,34,14.25,93.44,0,0,5,0,8.2,39.34,5.2,0,0,0,0,,,,,0,0,,2,0,15,14,107.14,0,,0,29,35,82.86,0,,0,13,12,108.33,0,,0
a0095f0e,1070986,H Richards,H Richards,MI New York,2024-07-18,2025-07-09,8,7,2,56,54,24,11.2,103.7,0,0,2,3,9.26,48.15,7.0,2,10,25,0,,15.0,,0/9,0,0,10.0,6,0,0,0,,0,,0,17,25,68.0,6,9.0,0,39,29,134.48,4,24.0,0
4c1e18e8,355736,CR Jones,CR Jones,Somerset,2014-06-13,2014-07-18,4,4,0,56,57,28,14.0,98.25,0,0,7,0,12.28,45.61,2.2,0,0,0,0,,,,,0,0,,3,0,47,46,102.17,0,,0,9,11,81.82,0,,0,0,0,,0,,0
de8d3876,33440,M Rawat,M Rawat,Rajasthan Royals,2008-04-19,2013-05-09,18,12,7,55,69,23*,11.0,79.71,0,0,4,1,7.25,47.83,7.6,0,0,0,0,,,,,0,0,,16,2,0,2,0.0,0,,0,15,22,68.18,0,,0,40,45,88.89,0,,0
751f4b9b,4927,BG Drew,BG Drew,Adelaide Strikers,2012-01-08,2012-01-10,2,2,0,15,23,10,7.5,65.22,0,0,1,0,4.35,56.52,7.5,2,48,63,2,31.5,7.88,24.0,1/26,0,0,31.25,1,0,0,0,,6,14.0,0,15,23,65.22,30,8.2,0,0,0,,12,4.0,2
d3cefce5,394868,Bismillah Khan,Bismillah Khan,Quetta Gladiators,2016-02-16,2016-02-23,3,3,0,55,35,55,18.33,157.14,0,1,10,1,31.43,42.86,1.0,0,0,0,0,,,,,0,0,,0,0,42,26,161.54,0,,0,13,9,144.44,0,,0,0,0,,0,,0
a18d14c7,1015437,Zubaid Akbari,Zubaid Akbari,Dhaka Capitals,2025-01-22,2026-01-18,4,4,0,55,66,29,13.75,83.33,0,0,4,3,10.61,63.64,1.8,2,12,15,0,,7.5,,0/2,0,0,50.0,1,0,25,46,54.35,0,,0,30,20,150.0,12,7.5,0,0,0,,0,,0
86cd782f,56031,Mehrab Hossain jnr,Mehrab Hossain jnr,Chittagong Kings,2012-02-19,2013-02-14,7,7,3,55,66,18,13.75,83.33,0,0,2,1,4.55,45.45,7.3,1,6,11,0,,11.0,,0/11,0,0,16.67,1,0,0,0,,0,,0,28,36,77.78,0,,0,27,30,90.0,6,11.0,0
32513930,518173,CL Herring,CL Herring,Gloucestershire,2014-05-23,2014-06-20,4,4,2,55,38,23*,27.5,144.74,0,0,4,2,15.79,26.32,7.0,0,0,0,0,,,,,0,0,,1,1,0,0,,0,,0,16,11,145.45,0,,0,39,27,144.44,0,,0
69c2944f,1202104,FF Lellman,FF Lellman,Northern Districts,2025-01-01,2026-01-22,7,3,0,15,19,11,5.0,78.95,0,0,0,1,5.26,57.89,5.3,4,43,60,2,30.0,8.37,21.5,2/13,0,0,30.23,3,0,2,9,22.22,0,,0,2,5,40.0,31,7.94,2,11,5,220.0,12,9.5,0
c8e7c983,6419,RJG Lockyear,RJG Lockyear,Hobart Hurricanes,2011-12-18,2012-12-08,6,4,0,34,42,23,8.5,80.95,0,0,2,1,7.14,52.38,4.8,4,36,56,1,56.0,9.33,36.0,1/1,0,0,38.89,2,0,14,11,127.27,18,5.67,1,14,19,73.68,18,13.0,0,6,12,50.0,0,,0
64f5120c,1195686,M Nandu,M Nandu,Guyana Amazon Warriors,2023-09-13,2026-08-31,4,4,0,54,72,37,13.5,75.0,0,0,4,0,5.56,45.83,2.0,0,0,0,0,,,,,0,0,,1,0,35,49,71.43,0,,0,19,23,82.61,0,,0,0,0,,0,,0
75c51539,373539,Robiul Islam Robi,Robiul Islam Robi,Cumilla Warriors,2019-12-23,2019-12-31,4,3,0,34,38,17,11.33,89.47,0,0,4,0,10.53,47.37,3.3,3,48,82,1,82.0,10.25,48.0,1/44,0,0,31.25,1,0,26,28,92.86,18,13.67,1,3,6,50.0,30,8.2,0,5,4,125.0,0,,0
cdc3e595,1147983,AJ Horton,AJ Horton,Glamorgan,2022-06-19,2026-05-23,10,9,1,54,56,20,6.75,96.43,0,0,8,0,14.29,51.79,3.7,0,0,0,0,,,,,0,0,,7,1,46,41,112.2,0,,0,8,12,66.67,0,,0,0,3,0.0,0,,0
b3c19360,1276118,HE Hurle,HE Hurle,Glamorgan,2026-05-23,2026-06-07,5,4,1,54,45,46,18.0,120.0,0,0,2,4,13.33,44.44,4.8,0,0,0,0,,,,,0,0,,3,0,0,0,,0,,0,33,32,103.12,0,,0,21,13,161.54,0,,0
0264c10e,278482,D Salunkhe,D Salunkhe,Rajasthan Royals,2008-04-19,2008-05-28,6,3,1,33,24,26*,16.5,137.5,0,0,5,0,20.83,33.33,8.0,5,47,78,1,78.0,9.96,47.0,1/21,0,0,27.66,2,0,0,0,,0,,0,8,7,114.29,41,10.39,1,25,17,147.06,6,7.0,0
e249fdaa,27639,A Chopra,A Chopra,Kolkata Knight Riders,2008-05-08,2009-04-21,7,6,0,53,71,24,8.83,74.65,0,0,7,0,9.86,57.75,3.2,0,0,0,0,,,,,0,0,,2,0,27,39,69.23,0,,0,25,30,83.33,0,,0,1,2,50.0,0,,0
ef55b38c,1409049,D Warren,D Warren,Melbourne Stars,2024-12-20,2025-01-22,3,3,1,13,15,7,6.5,86.67,0,0,1,0,6.67,33.33,10.0,3,55,81,2,40.5,8.84,27.5,1/18,0,0,27.27,0,0,0,0,,0,,0,0,1,0.0,42,7.57,1,13,14,92.86,13,12.92,1
c2988809,1094350,GID Lavelle,GID Lavelle,Lancashire,2020-09-17,2024-07-07,4,4,0,53,39,20,13.25,135.9,0,0,4,3,17.95,41.03,5.2,0,0,0,0,,,,,0,0,,1,0,31,21,147.62,0,,0,16,10,160.0,0,,0,6,8,75.0,0,,0
1eff4f98,932569,Imran Uzzaman,Imran Uzzaman,Chattogram Challengers,2022-01-28,2024-02-26,9,9,1,52,68,15,6.5,76.47,0,0,6,2,11.76,64.71,2.9,0,0,0,0,,,,,0,0,,9,0,48,61,78.69,0,,0,4,7,57.14,0,,0,0,0,,0,,0
50ed826d,1393938,S Shanmuganathan,S Shanmuganathan,Colombo Kaps,2026-07-22,2026-07-25,3,3,0,52,35,26,17.33,148.57,0,0,4,2,17.14,22.86,4.7,0,0,0,0,,,,,0,0,,3,0,16,8,200.0,0,,0,36,27,133.33,0,,0,0,0,,0,,0
f43dd8c2,414970,SM Sharif,SM Sharif,Kent,2018-08-11,2021-07-18,3,2,2,12,12,7*,,100.0,0,0,0,0,0.0,25.0,9.0,3,49,51,2,25.5,6.24,24.5,2/10,0,0,32.65,0,0,0,0,,24,5.0,1,0,0,,24,6.75,1,12,12,100.0,1,24.0,0
bdadcca1,737871,TJ Haines,TJ Haines,Sussex,2022-07-03,2023-06-06,4,4,0,52,44,27,13.0,118.18,0,0,4,2,13.64,38.64,2.5,0,0,0,0,,,,,0,0,,0,0,50,40,125.0,0,,0,2,4,50.0,0,,0,0,0,,0,,0
e613e593,1212065,B Wheeler-Greenall,B Wheeler-Greenall,Otago,2021-12-29,2022-01-06,2,2,2,12,16,7*,,75.0,0,0,1,0,6.25,43.75,7.5,2,30,41,2,20.5,8.2,15.0,1/15,0,0,33.33,1,0,0,0,,0,,0,0,0,,30,8.2,2,12,16,75.0,0,,0
e0351c86,51050,DNT Zoysa,DNT Zoysa,Deccan Chargers,2008-04-27,2008-05-18,3,2,1,11,9,10*,11.0,122.22,0,0,1,0,11.11,33.33,7.5,3,66,99,2,49.5,9.0,33.0,1/30,0,0,36.36,1,0,0,0,,36,7.5,0,1,1,100.0,12,10.5,1,10,8,125.0,18,11.0,1
7daedf2f,319745,KB Arun Karthik,KB Arun Karthik,Royal Challengers Bangalore,2010-03-28,2013-05-14,17,8,3,51,51,19*,10.2,100.0,0,0,4,1,9.8,43.14,6.6,0,0,0,0,,,,,0,0,,11,2,0,0,,0,,0,26,22,118.18,0,,0,25,29,86.21,0,,0
e2ee90d9,429748,MA Aponso,MA Aponso,Washington Freedom,2020-11-26,2026-06-28,8,2,1,31,14,31*,31.0,221.43,0,0,2,2,28.57,14.29,9.5,6,78,132,1,132.0,10.15,78.0,1/23,0,0,35.9,1,0,0,0,,48,11.62,1,26,10,260.0,30,7.8,0,5,4,125.0,0,,0
666936de,334358,TJ Dean,TJ Dean,Melbourne Stars,2018-12-21,2022-01-03,3,3,0,50,44,32,16.67,113.64,0,0,4,0,9.09,27.27,1.0,0,0,0,0,,,,,0,0,,0,0,42,35,120.0,0,,0,8,9,88.89,0,,0,0,0,,0,,0
73cbe848,959787,Salman Fayyaz,Salman Fayyaz,Lahore Qalandars,2024-02-17,2024-02-27,3,2,1,10,6,8,10.0,166.67,0,0,0,1,16.67,16.67,9.5,3,38,61,2,30.5,9.63,19.0,1/23,0,0,31.58,2,0,0,0,,6,9.0,0,1,1,100.0,30,9.0,2,9,5,180.0,2,21.0,0
ef25490c,348050,Asif Hasan,Asif Hasan,Chittagong Vikings,2015-11-30,2019-01-16,5,3,3,10,16,6*,,62.5,0,0,1,0,6.25,56.25,10.3,5,84,89,2,44.5,6.36,42.0,1/6,0,0,41.67,1,0,0,0,,18,4.0,1,1,2,50.0,66,7.0,1,9,14,64.29,0,,0
48f177f5,38264,AJ Redmond,AJ Redmond,Otago,2013-01-20,2014-01-18,3,3,0,50,44,41,16.67,113.64,0,0,4,3,15.91,47.73,3.0,0,0,0,0,,,,,0,0,,2,0,23,21,109.52,0,,0,27,23,117.39,0,,0,0,0,,0,,0
b9be6507,36110,AS Yadav,AS Yadav,Deccan Chargers,2008-04-20,2008-05-27,8,6,1,49,39,16,9.8,125.64,0,0,5,2,17.95,43.59,7.0,0,0,0,0,,,,,0,0,,1,0,0,0,,0,,0,10,10,100.0,0,,0,39,29,134.48,0,,0
3a02626a,324444,AG Paunikar,AG Paunikar,Rajasthan Royals,2010-04-14,2011-04-17,5,5,0,49,58,20,9.8,84.48,0,0,9,0,15.52,65.52,1.6,0,0,0,0,,,,,0,0,,1,0,49,58,84.48,0,,0,0,0,,0,,0,0,0,,0,,0
0e9b0f64,1278279,Ali Majid,Ali Majid,Peshawar Zalmi,2022-02-24,2025-04-18,2,1,1,9,8,9*,,112.5,0,0,2,0,25.0,62.5,11.0,2,48,62,2,31.0,7.75,24.0,2/29,0,0,35.42,0,0,0,0,,30,10.2,0,0,0,,18,3.67,2,9,8,112.5,0,,0
d07dbc28,1196500,Zawar Farid,Zawar Farid,Abu Dhabi Knight Riders,2023-01-13,2023-01-30,6,5,0,49,70,19,9.8,70.0,0,0,5,1,8.57,62.86,6.4,1,6,11,0,,11.0,,0/11,0,0,16.67,3,0,16,13,123.08,0,,0,12,36,33.33,6,11.0,0,21,21,100.0,0,,0
5f75a7c5,653033,PARP Perera,PARP Perera,Jaffna Kings,2020-11-28,2023-08-05,5,3,0,49,41,22,16.33,119.51,0,0,5,2,17.07,46.34,4.7,0,0,0,0,,,,,0,0,,1,0,0,0,,0,,0,49,41,119.51,0,,0,0,0,,0,,0
2be27bdf,396249,JS Gatting,JS Gatting,Hampshire,2014-05-16,2015-07-23,7,5,2,49,49,22,16.33,100.0,0,0,2,1,6.12,30.61,5.2,0,0,0,0,,,,,0,0,,6,0,2,4,50.0,0,,0,28,27,103.7,0,,0,19,18,105.56,0,,0
5d499f67,1210287,M Subasingha,M Subasingha,Galle Gladiators,2022-12-06,2026-07-22,3,3,0,48,49,40,16.0,97.96,0,0,4,2,12.24,48.98,5.7,1,12,27,0,,13.5,,0/27,0,0,8.33,1,0,0,7,0.0,0,,0,46,37,124.32,12,13.5,0,2,5,40.0,0,,0
9633359f,430105,JS Malhotra,JS Malhotra,Los Angeles Knight Riders,2023-07-13,2023-07-23,5,5,0,48,44,22,9.6,109.09,0,0,3,3,13.64,52.27,4.4,0,0,0,0,,,,,0,0,,3,0,28,22,127.27,0,,0,20,22,90.91,0,,0,0,0,,0,,0
90255fab,351425,A Kapil,A Kapil,Surrey,2014-05-18,2015-06-19,4,3,0,28,22,15,9.33,127.27,0,0,2,1,13.64,27.27,4.0,2,18,25,1,25.0,8.33,18.0,1/4,0,0,22.22,1,0,0,1,0.0,0,,0,13,9,144.44,12,6.5,1,15,12,125.0,6,12.0,0
f18ba07f,1083128,Ankit Soni,Ankit Soni,Gujarat Lions,2017-04-27,2017-05-13,7,3,1,7,9,7*,3.5,77.78,0,0,0,1,11.11,77.78,10.3,6,109,144,2,72.0,7.93,54.5,1/16,0,0,33.94,1,0,0,0,,6,3.0,0,0,0,,102,8.06,2,7,9,77.78,1,24.0,0
297b26da,36130,Yashpal Singh,Yashpal Singh,Kolkata Knight Riders,2009-04-21,2009-05-20,8,4,0,47,66,20,11.75,71.21,0,0,5,0,7.58,57.58,5.2,0,0,0,0,,,,,0,0,,3,0,17,36,47.22,0,,0,13,17,76.47,0,,0,17,13,130.77,0,,0
235e4ed9,1510750,N Timmers,N Timmers,Joburg Super Kings,2026-01-19,2026-01-22,2,2,0,47,46,39,23.5,102.17,0,0,5,0,10.87,45.65,1.0,0,0,0,0,,,,,0,0,,1,0,26,28,92.86,0,,0,21,18,116.67,0,,0,0,0,,0,,0
f6bb92c1,1082298,DA Randika,DA Randika,Jaffna Kings,2021-12-16,2022-12-12,5,3,1,47,24,27,23.5,195.83,0,0,4,3,29.17,29.17,3.0,0,0,0,0,,,,,0,0,,2,0,12,7,171.43,0,,0,23,12,191.67,0,,0,12,5,240.0,0,,0
fec369cd,1022671,E Barnes,E Barnes,Derbyshire,2020-08-31,2023-06-30,5,1,0,7,6,7,7.0,116.67,0,0,1,0,16.67,33.33,11.0,5,78,159,2,79.5,12.23,39.0,2/27,0,0,21.79,1,0,0,0,,30,12.4,0,0,0,,24,13.75,0,7,6,116.67,24,10.5,2
457cab44,1260070,D Ibrahim,D Ibrahim,Sussex,2023-06-03,2023-06-16,4,4,0,47,40,18,11.75,117.5,0,0,5,1,15.0,40.0,6.0,0,0,0,0,,,,,0,0,,0,0,3,5,60.0,0,,0,26,18,144.44,0,,0,18,17,105.88,0,,0
926c7443,1451028,SU Parakh,SU Parakh,Delhi Capitals,2026-04-27,2026-05-24,4,4,0,46,33,24,11.5,139.39,0,0,5,2,21.21,42.42,2.5,0,0,0,0,,,,,0,0,,1,0,24,14,171.43,0,,0,22,19,115.79,0,,0,0,0,,0,,0
9211d267,42439,Rafatullah Mohmand,Rafatullah Mohmand,Islamabad United,2017-02-18,2017-02-24,3,3,0,46,37,18,15.33,124.32,0,0,2,4,16.22,54.05,2.0,0,0,0,0,,,,,0,0,,0,0,45,33,136.36,0,,0,1,4,25.0,0,,0,0,0,,0,,0
a319edf8,1129328,AT Nidamanuru,AT Nidamanuru,Auckland,2017-12-13,2018-01-01,4,1,1,6,4,6*,,150.0,0,0,1,0,25.0,25.0,10.0,4,60,107,2,53.5,10.7,30.0,1/25,0,0,26.67,1,0,0,0,,12,17.0,0,0,0,,42,9.57,2,6,4,150.0,6,6.0,0
dc610ed5,277800,MV Houghton,MV Houghton,Wellington,2013-01-20,2013-01-20,1,1,0,6,3,6,6.0,200.0,0,0,1,0,33.33,33.33,10.0,1,24,30,2,15.0,7.5,12.0,2/30,0,0,50.0,0,0,0,0,,18,6.33,2,0,0,,0,,0,6,3,200.0,6,11.0,0
9fc73711,376179,CJM Sabburg,CJM Sabburg,Brisbane Heat,2013-01-15,2022-01-14,8,4,2,45,57,19*,22.5,78.95,0,0,1,0,1.75,42.11,6.5,1,6,5,0,,5.0,,0/5,0,0,16.67,4,0,0,0,,0,,0,14,26,53.85,6,5.0,0,31,31,100.0,0,,0
54c58a5e,238672,Nauman Ali,Nauman Ali,Multan Sultans,2019-02-20,2019-03-01,4,2,0,5,7,3,2.5,71.43,0,0,0,0,0.0,42.86,8.5,4,66,87,2,43.5,7.91,33.0,2/14,0,0,36.36,1,0,0,0,,36,10.0,1,0,0,,30,5.4,1,5,7,71.43,0,,0
32885b08,716779,Mohammad Irfan (5),Mohammad Irfan (5),Khulna Titans,2017-12-03,2019-03-04,5,3,2,5,5,4*,5.0,100.0,0,0,1,0,20.0,60.0,8.3,5,86,139,2,69.5,9.7,43.0,1/20,0,0,27.91,0,0,0,0,,0,,0,0,0,,66,9.09,1,5,5,100.0,20,11.7,1
c7f6dd3b,348054,SW Ambris,SW Ambris,St Lucia Zouks,2014-07-19,2017-08-31,9,4,2,45,59,17,22.5,76.27,0,0,4,0,6.78,49.15,5.2,0,0,0,0,,,,,0,0,,0,0,9,11,81.82,0,,0,28,33,84.85,0,,0,8,15,53.33,0,,0
d9792701,314651,SE Thomas,SE Thomas,Antigua Hawksbills,2014-07-11,2014-08-03,5,5,1,45,77,20,11.25,58.44,0,0,2,1,3.9,58.44,4.4,0,0,0,0,,,,,0,0,,0,0,10,30,33.33,0,,0,33,43,76.74,0,,0,2,4,50.0,0,,0
57330536,560767,AJ Hickey,AJ Hickey,Durham,2017-07-07,2017-07-23,4,3,0,25,25,15,8.33,100.0,0,0,4,0,16.0,60.0,1.0,1,18,11,1,11.0,3.67,18.0,1/11,0,0,50.0,1,0,25,25,100.0,0,,0,0,0,,12,4.5,0,0,0,,6,2.0,1
bbe68b55,1026351,HRD Adair,HRD Adair,Durham,2019-08-23,2019-08-30,3,3,0,45,48,32,15.0,93.75,0,0,2,1,6.25,39.58,3.0,0,0,0,0,,,,,0,0,,2,0,18,17,105.88,0,,0,27,31,87.1,0,,0,0,0,,0,,0
fdcb08c2,35586,A Uniyal,A Uniyal,Rajasthan Royals,2010-03-13,2010-03-15,2,2,1,4,7,4*,4.0,57.14,0,0,0,0,0.0,42.86,8.0,2,36,66,2,33.0,11.0,18.0,2/41,0,0,22.22,0,0,0,0,,12,11.0,1,0,0,,6,18.0,0,4,7,57.14,18,8.67,1
b816c2a5,541777,KR Smith,KR Smith,Adelaide Strikers,2015-01-19,2018-12-23,3,3,1,44,42,41*,22.0,104.76,0,0,4,0,9.52,38.1,5.3,1,6,7,0,,7.0,,0/7,0,0,33.33,0,0,2,1,200.0,6,7.0,0,28,28,100.0,0,,0,14,13,107.69,0,,0
f59b2121,1171126,Muhammad Shahzad,Muhammad Shahzad,Islamabad United,2025-04-11,2025-05-23,6,4,1,24,18,24,8.0,133.33,0,0,3,1,22.22,50.0,4.5,4,21,43,1,43.0,12.29,21.0,1/4,0,0,42.86,4,0,24,16,150.0,0,,0,0,2,0.0,6,9.0,0,0,0,,15,13.6,1
67954d19,501848,GJ Harte,GJ Harte,Durham,2017-07-23,2019-08-30,5,4,0,24,25,11,6.0,96.0,0,0,2,0,8.0,40.0,5.0,2,18,20,1,20.0,6.67,18.0,1/11,0,0,11.11,4,0,4,4,100.0,0,,0,19,17,111.76,18,6.67,1,1,4,25.0,0,,0
4bf5c12f,1150572,L Doneathy,L Doneathy,Durham,2021-07-09,2023-06-18,7,4,1,24,21,12,8.0,114.29,0,0,1,1,9.52,33.33,8.5,1,12,19,1,19.0,9.5,12.0,1/19,0,0,16.67,0,0,0,0,,0,,0,5,2,250.0,12,9.5,1,19,19,100.0,0,,0
2ae8618a,1264860,SIM King,SIM King,Nottinghamshire,2024-07-19,2024-07-19,1,1,0,44,25,44,44.0,176.0,0,0,2,3,20.0,24.0,3.0,0,0,0,0,,,,,0,0,,1,0,16,13,123.08,0,,0,28,12,233.33,0,,0,0,0,,0,,0
12963b14,1438209,ARG Thomas,ARG Thomas,Surrey,2026-05-22,2026-07-01,4,2,0,44,43,32,22.0,102.33,0,0,4,1,11.63,41.86,2.0,0,0,0,0,,,,,0,0,,3,0,22,30,73.33,0,,0,22,13,169.23,0,,0,0,0,,0,,0
698fd649,1129632,JJNP Bhula,JJNP Bhula,Wellington,2022-01-06,2023-02-05,4,3,1,44,49,35*,22.0,89.8,0,0,3,1,8.16,44.9,6.7,1,12,17,0,,8.5,,0/17,0,0,33.33,3,0,4,2,200.0,0,,0,31,36,86.11,12,8.5,0,9,11,81.82,0,,0
e515ed23,1412752,ZAJ Cumming,ZAJ Cumming,Otago,2026-01-09,2026-01-18,3,1,0,4,2,4,4.0,200.0,0,0,1,0,50.0,50.0,9.0,3,54,76,2,38.0,8.44,27.0,1/17,0,0,33.33,0,0,0,0,,6,8.0,0,0,0,,48,8.5,2,4,2,200.0,0,,0
94bc776b,30719,D Kalyankrishna,D Kalyankrishna,Deccan Chargers,2008-04-24,2008-05-01,3,1,0,3,8,3,3.0,37.5,0,0,0,0,0.0,62.5,9.0,3,48,87,2,43.5,10.88,24.0,1/30,0,0,20.83,1,0,0,0,,0,,0,0,0,,42,10.0,2,3,8,37.5,6,17.0,0
30e37810,35282,Sunny Singh,Sunny Singh,Kings XI Punjab,2011-04-10,2011-05-06,6,5,1,43,31,20,10.75,138.71,0,0,6,1,22.58,38.71,6.0,0,0,0,0,,,,,0,0,,1,0,15,8,187.5,0,,0,21,14,150.0,0,,0,7,9,77.78,0,,0
97b8d15e,1460540,Shahid Bhutta,Shahid Bhutta,Abu Dhabi Knight Riders,2025-01-12,2025-01-18,3,1,1,3,9,3*,,33.33,0,0,0,0,0.0,66.67,11.0,3,60,119,2,59.5,11.9,30.0,1/27,0,0,28.33,0,0,0,0,,6,18.0,0,0,0,,36,8.5,1,3,9,33.33,18,16.67,1
443b47a6,1152217,HG Duke,HG Duke,Yorkshire,2021-07-02,2025-07-18,11,6,0,43,32,37,7.17,134.38,0,0,2,4,18.75,53.12,5.5,0,0,0,0,,,,,0,0,,6,1,39,21,185.71,0,,0,1,5,20.0,0,,0,3,6,50.0,0,,0
2649b254,459519,OMR Pringle,OMR Pringle,Auckland,2020-12-24,2020-12-31,3,2,1,3,6,2*,3.0,50.0,0,0,0,0,0.0,50.0,9.0,3,48,95,2,47.5,11.88,24.0,1/23,0,0,29.17,0,0,0,0,,12,12.5,1,0,0,,36,11.67,1,3,6,50.0,0,,0
b3034790,1421679,Fawad Ali,Fawad Ali,Karachi Kings,2025-04-12,2025-05-22,5,1,1,2,2,2*,,100.0,0,0,0,0,0.0,50.0,11.0,5,72,108,2,54.0,9.0,36.0,1/19,0,0,31.94,0,0,0,0,,18,13.0,0,0,0,,42,8.43,1,2,2,100.0,12,5.0,1
a7bc76a0,46149,E Leie,E Leie,St Lucia Zouks,2015-06-21,2017-08-22,5,1,1,2,2,2*,,100.0,0,0,0,0,0.0,50.0,11.0,4,78,87,2,43.5,6.69,39.0,2/25,0,0,48.72,2,0,0,0,,12,8.5,0,0,0,,60,6.4,2,2,2,100.0,6,6.0,0
f211a4c1,269238,Taposh Ghosh,Taposh Ghosh,Rangpur Riders,2013-01-23,2013-02-07,5,2,1,2,5,1*,2.0,40.0,0,0,0,0,0.0,60.0,9.0,4,54,79,2,39.5,8.78,27.0,1/25,0,0,24.07,0,0,0,0,,0,,0,1,4,25.0,54,8.78,2,1,1,100.0,0,,0
30b60511,48487,LHD Dilhara,LHD Dilhara,Chittagong Kings,2013-02-19,2013-02-19,1,1,0,2,3,2,2.0,66.67,0,0,0,0,0.0,33.33,8.0,1,24,29,2,14.5,7.25,12.0,2/29,0,0,37.5,0,0,0,0,,18,6.33,1,2,3,66.67,0,,0,0,0,,6,10.0,1
7ffe4817,1266476,C Tear,C Tear,Sussex,2026-07-08,2026-07-12,3,2,1,42,33,40*,42.0,127.27,0,0,1,4,15.15,48.48,6.0,0,0,0,0,,,,,0,0,,2,0,0,0,,0,,0,5,8,62.5,0,,0,37,25,148.0,0,,0
343407f3,1300569,TK Parkes,TK Parkes,Otago,2022-12-28,2024-01-23,5,4,1,42,54,25*,14.0,77.78,0,0,3,1,7.41,51.85,3.5,0,0,0,0,,,,,0,0,,1,0,16,24,66.67,0,,0,7,15,46.67,0,,0,19,15,126.67,0,,0
025c4400,1175426,MJ Suthar,MJ Suthar,Gujarat Titans,2024-05-04,2026-05-03,5,1,0,1,2,1,1.0,50.0,0,0,0,0,0.0,50.0,9.0,4,48,94,2,47.0,11.75,24.0,1/19,0,0,35.42,2,0,0,0,,12,13.0,0,0,0,,18,11.33,1,1,2,50.0,18,11.33,1
92500ad5,1175457,SS Mishra,SS Mishra,Rajasthan Royals,2026-05-19,2026-05-27,2,1,1,1,3,1*,,33.33,0,0,0,0,0.0,66.67,10.0,2,38,67,2,33.5,10.58,19.0,2/21,0,0,39.47,0,0,0,0,,6,13.0,0,0,0,,24,10.5,1,1,3,33.33,8,9.0,1
d0eb7868,1469223,M Bean,M Bean,Hobart Hurricanes,2025-01-16,2025-01-19,2,1,1,1,1,1*,,100.0,0,0,0,0,0.0,0.0,11.0,2,48,77,2,38.5,9.62,24.0,1/32,0,0,39.58,0,0,0,0,,18,9.67,1,0,0,,18,5.67,1,1,1,100.0,12,15.5,0
15b39832,1088615,R Hadley,R Hadley,Sydney Thunder,2025-12-28,2026-01-16,4,1,0,1,2,1,1.0,50.0,0,0,0,0,0.0,50.0,11.0,4,68,145,2,72.5,12.79,34.0,2/37,0,0,22.06,0,0,0,0,,30,11.2,0,0,0,,24,16.0,0,1,2,50.0,14,10.71,2
506caa6a,245377,JJ Athanaze,JJ Athanaze,Antigua Hawksbills,2014-07-11,2014-08-09,3,2,1,1,2,1*,1.0,50.0,0,0,0,0,0.0,50.0,9.0,2,30,45,2,22.5,9.0,15.0,2/25,0,0,26.67,0,0,0,0,,0,,0,0,0,,30,9.0,2,1,2,50.0,0,,0
4fef092b,1174726,Bilal Sami,Bilal Sami,Noakhali Express,2025-12-29,2026-01-09,3,3,1,1,5,1*,0.5,20.0,0,0,0,0,0.0,80.0,10.0,3,48,76,2,38.0,9.5,24.0,1/14,0,0,39.58,0,0,0,0,,36,10.17,1,0,2,0.0,6,7.0,1,1,3,33.33,6,8.0,0
fe0c5457,632172,H Hameed,H Hameed,Nottinghamshire,2023-06-22,2023-07-02,2,2,0,41,37,23,20.5,110.81,0,0,3,0,8.11,24.32,5.0,0,0,0,0,,,,,0,0,,2,0,5,5,100.0,0,,0,36,31,116.13,0,,0,0,1,0.0,0,,0
747b3e1d,1488697,JJ Feldman,JJ Feldman,Middlesex,2025-07-18,2025-07-18,1,1,1,1,1,1*,,100.0,0,0,0,0,0.0,0.0,11.0,1,24,40,2,20.0,10.0,12.0,2/40,0,0,25.0,0,0,0,0,,6,19.0,0,0,0,,12,6.5,1,1,1,100.0,6,8.0,1
d74ce089,1311039,DJ Ahmed,DJ Ahmed,Gloucestershire,2026-06-26,2026-07-01,2,1,1,1,1,1*,,100.0,0,0,0,0,0.0,0.0,9.0,2,36,63,2,31.5,10.5,18.0,2/35,0,0,16.67,0,0,0,0,,0,,0,0,0,,24,9.25,1,1,1,100.0,12,13.0,1
ace31a5c,596068,JH Brown,JH Brown,Northern Districts,2025-12-31,2026-01-25,6,1,1,1,3,1*,,33.33,0,0,0,0,0.0,66.67,10.0,4,42,71,2,35.5,10.14,21.0,1/9,0,0,28.57,5,0,0,0,,0,,0,0,0,,36,9.33,2,1,3,33.33,6,15.0,0
030f3089,1206495,K Yadav,K Yadav,Rajasthan Royals,2021-10-05,2023-05-07,3,1,1,0,4,0*,,0.0,0,0,0,0,0.0,100.0,10.0,3,54,84,2,42.0,9.33,27.0,1/18,0,0,24.07,0,0,0,0,,18,8.67,0,0,0,,24,7.5,0,0,4,0.0,12,14.0,2
c695b423,1252337,PH Solanki,PH Solanki,Chennai Super Kings,2022-05-15,2022-05-20,2,0,0,0,0,0,,,0,0,0,0,,,,2,36,38,2,19.0,6.33,18.0,2/20,0,0,30.56,0,0,0,0,,0,,0,0,0,,24,5.75,1,0,0,,12,7.5,1
a457cfb5,942367,Mayank Dagar,Mayank Dagar,Royal Challengers Bengaluru,2023-04-21,2024-04-06,8,1,0,0,1,0,0.0,0.0,0,0,0,0,0.0,100.0,9.0,8,137,203,2,101.5,8.89,68.5,1/23,0,0,31.39,3,0,0,0,,12,14.5,0,0,0,,108,8.44,2,0,1,0.0,17,7.76,0
d4d929b0,1155262,V Kaverappa,V Kaverappa,Punjab Kings,2024-05-09,2024-05-09,1,0,0,0,0,0,,,0,0,0,0,,,,1,24,36,2,18.0,9.0,12.0,2/36,0,0,45.83,0,0,0,0,,18,6.67,2,0,0,,6,16.0,0,0,0,,0,,0
1be70c88,50431,LPC Silva,LPC Silva,Deccan Chargers,2008-05-18,2008-05-25,3,3,1,40,26,23*,20.0,153.85,0,0,5,1,23.08,34.62,4.3,1,6,21,0,,21.0,,0/21,0,0,0.0,3,0,9,7,128.57,0,,0,8,9,88.89,0,,0,23,10,230.0,6,21.0,0
f24ca2ba,32093,C Nanda,C Nanda,Mumbai Indians,2009-05-10,2009-05-16,3,1,0,0,1,0,0.0,0.0,0,0,0,0,0.0,100.0,10.0,3,48,57,2,28.5,7.12,24.0,1/4,0,0,27.08,0,0,0,0,,0,,0,0,0,,42,7.0,2,0,1,0.0,6,8.0,0
6ec424a9,12440,ND Doshi,ND Doshi,Rajasthan Royals,2010-04-24,2011-05-15,4,1,0,0,13,0,0.0,0.0,0,0,0,0,0.0,100.0,11.0,4,56,79,2,39.5,8.46,28.0,1/15,0,0,42.86,0,0,0,0,,18,10.67,1,0,0,,26,8.31,0,0,13,0.0,12,5.5,1
cedc1d9a,431213,P Suyal,P Suyal,Mumbai Indians,2013-05-05,2015-04-17,5,0,0,0,0,0,,,0,0,0,0,,,,5,96,151,2,75.5,9.44,48.0,1/21,0,0,37.5,1,0,0,0,,60,9.1,1,0,0,,12,9.0,1,0,0,,24,10.5,0
5f222a64,641419,MW Edwards,MW Edwards,Sydney Sixers,2018-01-03,2021-12-26,3,1,1,0,0,0*,,,0,0,0,0,,,10.0,3,54,84,2,42.0,9.33,27.0,1/19,0,0,35.19,3,0,0,0,,18,11.0,0,0,0,,30,8.6,2,0,0,,6,8.0,0
9dfd54a5,588906,GA West,GA West,Adelaide Strikers,2016-01-13,2018-12-27,3,1,1,0,1,0*,,0.0,0,0,0,0,0.0,100.0,11.0,3,42,85,2,42.5,12.14,21.0,2/24,0,0,33.33,1,0,0,0,,12,18.5,0,0,0,,30,9.6,2,0,1,0.0,0,,0
97af3515,1295847,T Whitney,T Whitney,Brisbane Heat,2024-12-18,2024-12-22,2,0,0,0,0,0,,,0,0,0,0,,,,2,36,55,2,27.5,9.17,18.0,1/27,0,0,30.56,0,0,0,0,,12,14.0,1,0,0,,18,5.67,1,0,0,,6,10.0,0
10735e1d,1303197,JS Buckingham,JS Buckingham,Adelaide Strikers,2025-01-11,2025-01-18,3,1,1,0,2,0*,,0.0,0,0,0,0,0.0,100.0,11.0,3,60,96,2,48.0,9.6,30.0,1/23,0,0,36.67,1,0,0,0,,12,6.5,0,0,0,,36,9.17,1,0,2,0.0,12,14.0,1
098229a5,905853,CH Stobo,CH Stobo,Sydney Sixers,2024-06-14,2025-12-14,2,0,0,0,0,0,,,0,0,0,0,,,,2,18,25,2,12.5,8.33,9.0,1/12,0,0,38.89,0,0,0,0,,12,10.0,2,0,0,,6,5.0,0,0,0,,0,,0
6d62117a,6844,BE McGain,BE McGain,Adelaide Strikers,2011-12-23,2012-01-19,3,1,1,0,0,0*,,,0,0,0,0,,,11.0,3,60,113,2,56.5,11.3,30.0,1/43,0,0,25.0,0,0,0,0,,0,,0,0,0,,48,10.38,2,0,0,,12,15.0,0
c9078a9a,499661,ND Bills,ND Bills,Sydney Thunder,2012-01-17,2012-01-17,1,0,0,0,0,0,,,0,0,0,0,,,,1,24,44,2,22.0,11.0,12.0,2/44,0,0,37.5,0,0,0,0,,18,9.33,2,0,0,,0,,0,0,0,,6,16.0,0
73a0e5d8,1161605,Maaz Khan,Maaz Khan,Lahore Qalandars,2020-02-28,2020-03-10,3,0,0,0,0,0,,,0,0,0,0,,,,3,42,76,2,38.0,10.86,21.0,2/31,0,0,28.57,1,0,0,0,,12,16.5,0,0,0,,30,8.6,2,0,0,,0,,0
38d1def2,884527,Raja Farzan,Raja Farzan,Lahore Qalandars,2020-03-07,2020-03-15,2,0,0,0,0,0,,,0,0,0,0,,,,2,36,35,2,17.5,5.83,18.0,2/24,0,0,52.78,0,0,0,0,,0,,0,0,0,,30,5.4,1,0,0,,6,8.0,1
9cdc8c06,1424258,Tayyab Abbas,Tayyab Abbas (2),Lahore Qalandars,2024-03-09,2024-03-10,2,0,0,0,0,0,,,0,0,0,0,,,,2,24,37,2,18.5,9.25,12.0,2/23,0,0,33.33,0,0,0,0,,0,,0,0,0,,24,9.25,2,0,0,,0,,0
0ad1b607,1524557,Khalil Ahmed,Khalil Ahmed,Quetta Gladiators,2026-04-10,2026-04-25,3,0,0,0,0,0,,,0,0,0,0,,,,3,60,98,2,49.0,9.8,30.0,2/38,0,0,33.33,2,0,0,0,,24,11.25,1,0,0,,24,9.0,0,0,0,,12,8.5,1
0077eaa3,890323,GD Pope,GD Pope,St Lucia Zouks,2016-07-30,2016-08-04,3,1,0,0,1,0,0.0,0.0,0,0,0,0,0.0,100.0,8.0,3,36,32,2,16.0,5.33,18.0,1/8,0,0,36.11,1,0,0,0,,0,,0,0,0,,36,5.33,2,0,1,0.0,0,,0
50a92895,416190,KY Ottley,KY Ottley,St Kitts and Nevis Patriots,2019-09-04,2019-09-15,3,2,0,40,42,25,20.0,95.24,0,0,6,0,14.29,52.38,1.0,0,0,0,0,,,,,0,0,,3,0,37,37,100.0,0,,0,3,5,60.0,0,,0,0,0,,0,,0
4ef73fb3,1448008,M Govia,M Govia,St Lucia Kings,2024-09-01,2024-09-22,3,0,0,0,0,0,,,0,0,0,0,,,,3,54,82,2,41.0,9.11,27.0,1/18,0,0,44.44,2,0,0,0,,6,13.0,0,0,0,,42,9.14,1,0,0,,6,5.0,1
adbf0400,1209110,Basil Hameed,Basil Hameed,Sharjah Warriors,2023-02-01,2024-02-02,7,6,1,40,47,24*,8.0,85.11,0,0,3,2,10.64,59.57,6.0,0,0,0,0,,,,,0,0,,0,0,9,17,52.94,0,,0,4,11,36.36,0,,0,27,19,142.11,0,,0
c6cc27f4,1411737,Wahidullah Zadran,Wahidullah Zadran,Gulf Giants,2025-01-18,2025-01-19,2,0,0,0,0,0,,,0,0,0,0,,,,2,42,59,2,29.5,8.43,21.0,1/27,0,0,45.24,0,0,0,0,,24,8.5,1,0,0,,18,8.33,1,0,0,,0,,0
695b4273,1511714,Haider Razzaq,Haider Razzaq,Gulf Giants,2025-12-04,2025-12-23,6,1,0,0,1,0,0.0,0.0,0,0,0,0,0.0,100.0,10.0,4,72,103,2,51.5,8.58,36.0,1/28,0,0,22.22,1,0,0,0,,0,,0,0,0,,60,8.5,1,0,1,0.0,12,9.0,1
3752f712,1343910,Iqbal Hossain Emon,Iqbal Hossain Emon,Fortune Barishal,2025-01-02,2025-01-02,1,1,1,0,2,0*,,0.0,0,0,0,0,0.0,100.0,11.0,1,18,41,2,20.5,13.67,9.0,2/41,0,0,27.78,0,0,0,0,,6,13.0,2,0,0,,12,14.0,0,0,2,0.0,0,,0
be4883ba,990255,Tipu Sultan,Tipu Sultan,Sylhet Strikers,2025-01-20,2025-01-20,1,0,0,0,0,0,,,0,0,0,0,,,,1,24,26,2,13.0,6.5,12.0,2/26,0,0,45.83,0,0,0,0,,12,3.5,1,0,0,,12,9.5,1,0,0,,0,,0
cbfd2a67,218562,TL Maynard,TL Maynard,Sylhet Royals,2012-02-19,2012-02-25,3,3,1,40,42,22*,20.0,95.24,0,0,4,0,9.52,38.1,3.0,0,0,0,0,,,,,0,0,,1,0,11,7,157.14,0,,0,26,32,81.25,0,,0,3,3,100.0,0,,0
8d70ab3e,386101,Bishawnath Halder,Bishawnath Halder,Sylhet Royals,2013-01-18,2013-02-12,5,0,0,0,0,0,,,0,0,0,0,,,,5,96,108,2,54.0,6.75,48.0,1/18,0,0,33.33,2,0,0,0,,12,13.0,0,0,0,,84,5.86,2,0,0,,0,,0
5173fb9d,282599,Murad Khan,Murad Khan,Rangpur Riders,2013-02-05,2013-02-09,3,1,0,0,1,0,0.0,0.0,0,0,0,0,0.0,100.0,10.0,3,60,97,2,48.5,9.7,30.0,2/29,0,0,23.33,0,0,0,0,,18,10.33,1,0,0,,36,8.17,1,0,1,0.0,6,17.0,0
106fe7a6,1152432,KKV Perera,KKV Perera,Dambulla Aura,2022-12-18,2022-12-18,1,1,0,0,1,0,0.0,0.0,0,0,0,0,0.0,100.0,10.0,1,18,27,2,13.5,9.0,9.0,2/27,0,0,27.78,0,0,0,0,,12,11.0,2,0,0,,0,,0,0,1,0.0,6,5.0,0
44f11bd0,1474136,SV Wiig,SV Wiig,Texas Super Kings,2025-06-15,2025-06-15,1,0,0,0,0,0,,,0,0,0,0,,,,1,18,25,2,12.5,8.33,9.0,2/25,0,0,44.44,0,0,0,0,,6,14.0,1,0,0,,12,5.5,1,0,0,,0,,0
c56819b2,643425,CAJ Brodrick,CAJ Brodrick,Derbyshire,2017-07-19,2017-08-18,6,4,0,40,34,14,10.0,117.65,0,0,4,0,11.76,35.29,6.8,0,0,0,0,,,,,0,0,,2,0,0,0,,0,,0,29,24,120.83,0,,0,11,10,110.0,0,,0
9835bd79,767447,JEG Logan,JEG Logan,Kent,2021-06-09,2021-06-11,2,0,0,0,0,0,,,0,0,0,0,,,,2,24,18,2,9.0,4.5,12.0,1/4,0,0,25.0,1,0,0,0,,6,4.0,1,0,0,,18,4.67,1,0,0,,0,,0
9a089b15,1012835,GS Drissell,GS Drissell,Durham,2022-05-29,2024-06-21,6,1,0,0,1,0,0.0,0.0,0,0,0,0,0.0,100.0,10.0,5,73,101,2,50.5,8.3,36.5,1/20,0,0,39.73,3,0,0,0,,48,7.75,2,0,1,0.0,25,9.36,0,0,0,,0,,0
a6f2b2ef,1154721,AK Russell,AK Russell,Northamptonshire,2022-06-03,2023-06-09,2,1,1,0,0,0*,,,0,0,0,0,,,11.0,2,48,54,2,27.0,6.75,24.0,1/27,0,0,29.17,0,0,0,0,,0,,0,0,0,,42,6.71,1,0,0,,6,7.0,1
32ccd79b,1377629,LS Robinson,LS Robinson,Durham,2023-06-04,2026-07-08,4,0,0,0,0,0,,,0,0,0,0,,,,4,54,109,2,54.5,12.11,27.0,2/28,0,0,24.07,0,0,0,0,,24,13.25,0,0,0,,30,11.2,2,0,0,,0,,0
ad112e71,405117,M Higginbottom,M Higginbottom,Derbyshire,2014-06-13,2014-07-25,4,0,0,0,0,0,,,0,0,0,0,,,,4,66,127,2,63.5,11.55,33.0,1/34,0,0,19.7,4,0,0,0,,24,12.75,0,0,0,,18,7.33,1,0,0,,24,13.5,1
ac7fa28f,47623,IJL Trott,IJL Trott,Warwickshire,2014-06-19,2014-06-20,2,2,0,40,45,39,20.0,88.89,0,0,0,1,2.22,33.33,3.0,0,0,0,0,,,,,0,0,,0,0,5,6,83.33,0,,0,23,31,74.19,0,,0,12,8,150.0,0,,0
141a340d,415102,J Harrison,J Harrison,Durham,2016-07-20,2016-07-20,1,0,0,0,0,0,,,0,0,0,0,,,,1,24,47,2,23.5,11.75,12.0,2/47,0,0,20.83,0,0,0,0,,6,16.0,0,0,0,,6,8.0,0,0,0,,12,11.5,2
3b298ff2,388750,JJ Boult,JJ Boult,Northern Districts,2014-01-17,2014-01-18,2,0,0,0,0,0,,,0,0,0,0,,,,2,30,49,2,24.5,9.8,15.0,2/25,0,0,10.0,1,0,0,0,,6,12.0,0,0,0,,24,9.25,2,0,0,,0,,0
3ae3f034,430401,AUK Pathan,AUK Pathan,Royal Challengers Bangalore,2011-04-09,2012-05-06,8,7,2,39,23,14,7.8,169.57,0,0,5,2,30.43,47.83,5.0,3,39,63,0,,9.69,,0/14,0,0,23.08,2,0,14,5,280.0,0,,0,11,8,137.5,24,8.75,0,14,10,140.0,15,11.2,0
e01b6c44,685869,TL Lawford,TL Lawford,Melbourne Renegades,2014-12-22,2017-01-07,6,5,3,19,19,6*,9.5,100.0,0,0,2,0,10.53,42.11,7.2,6,90,141,1,141.0,9.4,90.0,1/16,0,0,27.78,1,0,0,0,,36,8.0,0,2,5,40.0,24,8.5,1,17,14,121.43,30,11.8,0
318a546e,798167,Rubel Mia,Rubel Mia,Sylhet Thunder,2019-12-28,2019-12-28,1,1,0,39,44,39,39.0,88.64,0,0,2,1,6.82,40.91,2.0,0,0,0,0,,,,,0,0,,0,0,11,21,52.38,0,,0,28,23,121.74,0,,0,0,0,,0,,0
5284c884,56032,Mahbubul Alam,Mahbubul Alam,Dhaka Gladiators,2013-02-02,2013-02-12,3,2,1,19,9,13*,19.0,211.11,0,0,1,2,33.33,44.44,9.5,2,18,47,1,47.0,15.67,18.0,1/26,0,0,22.22,2,0,0,0,,6,12.0,0,0,0,,12,17.5,1,19,9,211.11,0,,0
dc4a6a35,1295555,MG Hughes,MG Hughes,Central Districts,2022-01-08,2026-01-16,5,5,0,39,43,12,7.8,90.7,0,0,4,2,13.95,62.79,1.6,0,0,0,0,,,,,0,0,,4,0,39,43,90.7,0,,0,0,0,,0,,0,0,0,,0,,0
4cbf2e06,547085,Saad Ali,Saad Ali,Hyderabad Kingsmen,2019-03-11,2026-04-01,3,3,0,38,40,23,12.67,95.0,0,0,1,1,5.0,30.0,5.3,0,0,0,0,,,,,0,0,,0,0,1,3,33.33,0,,0,33,32,103.12,0,,0,4,5,80.0,0,,0
f53d6c10,351424,MD Bates,MD Bates (2),Hampshire,2014-05-16,2015-07-23,7,5,2,38,33,15,12.67,115.15,0,0,4,0,12.12,30.3,9.4,0,0,0,0,,,,,0,0,,4,4,0,0,,0,,0,15,8,187.5,0,,0,23,25,92.0,0,,0
928670cc,38924,BJ Watling,BJ Watling,Northern Districts,2014-01-17,2014-01-18,2,1,0,37,30,37,37.0,123.33,0,0,2,2,13.33,40.0,5.0,0,0,0,0,,,,,0,0,,2,1,6,9,66.67,0,,0,31,21,147.62,0,,0,0,0,,0,,0
dbb23cba,1161029,Awais Zafar,Awais Zafar,Multan Sultans,2026-04-19,2026-04-19,1,1,0,36,27,36,36.0,133.33,0,0,5,1,22.22,40.74,1.0,0,0,0,0,,,,,0,0,,1,0,25,15,166.67,0,,0,11,12,91.67,0,,0,0,0,,0,,0
a4ff3629,1275937,M Clarke,McKenny Clarke,St Lucia Kings,2023-08-26,2026-09-09,11,6,3,36,20,15*,12.0,180.0,0,0,0,5,25.0,55.0,8.8,7,60,139,0,,13.9,,0/11,0,0,23.33,6,0,0,0,,18,11.67,0,0,4,0.0,36,13.83,0,36,16,225.0,6,21.0,0
1f28c0f2,253980,RI Newton,RI Newton,Northamptonshire,2014-05-16,2017-07-22,7,5,0,36,44,12,7.2,81.82,0,0,3,0,6.82,47.73,5.8,0,0,0,0,,,,,0,0,,0,0,1,2,50.0,0,,0,19,26,73.08,0,,0,16,16,100.0,0,,0
8492a4de,1148476,FS Middleton,FS Middleton,Hampshire,2024-06-20,2025-07-17,3,3,1,36,29,18,18.0,124.14,0,0,5,1,20.69,48.28,4.7,0,0,0,0,,,,,0,0,,1,0,27,16,168.75,0,,0,7,12,58.33,0,,0,2,1,200.0,0,,0
549e0f4e,1519753,AA Jones,AA Jones,Auckland,2026-01-16,2026-01-30,3,3,0,36,31,28,12.0,116.13,0,0,5,0,16.13,35.48,3.0,0,0,0,0,,,,,0,0,,1,0,10,15,66.67,0,,0,26,16,162.5,0,,0,0,0,,0,,0
f4f0fafd,253798,B Sumanth,B Sumanth,Deccan Chargers,2010-04-10,2010-04-22,5,4,3,35,37,16,35.0,94.59,0,0,3,0,8.11,37.84,7.2,0,0,0,0,,,,,0,0,,4,0,0,0,,0,,0,9,11,81.82,0,,0,26,26,100.0,0,,0
4e602f29,1152410,ND Paranavithana,ND Paranavithana,Colombo Stars,2022-12-08,2022-12-17,5,4,0,15,17,8,3.75,88.24,0,0,3,0,17.65,70.59,3.5,3,42,48,1,48.0,6.86,42.0,1/28,0,0,35.71,2,0,13,15,86.67,6,9.0,0,2,2,100.0,30,5.0,1,0,0,,6,14.0,0
f4d4a5f5,331368,HKP Boam,HKP Boam,Wellington,2013-01-20,2013-01-20,1,1,0,35,41,35,35.0,85.37,0,0,1,1,4.88,39.02,7.0,0,0,0,0,,,,,0,0,,1,0,0,0,,0,,0,18,30,60.0,0,,0,17,11,154.55,0,,0
2e6a4807,737915,L Banks,L Banks,Birmingham Bears,2019-07-21,2019-08-07,6,5,3,34,21,24*,17.0,161.9,0,0,2,1,14.29,19.05,6.6,0,0,0,0,,,,,0,0,,2,0,0,0,,0,,0,5,7,71.43,0,,0,29,14,207.14,0,,0
a6ae5f7f,272467,DR Salpietro,DR Salpietro,Adelaide Strikers,2012-01-08,2012-01-10,2,2,0,13,27,12,6.5,48.15,0,0,0,0,0.0,55.56,8.5,2,48,65,1,65.0,8.12,48.0,1/28,0,0,31.25,1,0,0,0,,6,16.0,0,6,14,42.86,30,6.4,1,7,13,53.85,12,8.5,0
03ff4a44,537613,Salman Hossain,Salman Hossain,Fortune Barishal,2022-01-21,2023-02-10,5,4,2,33,30,18*,16.5,110.0,0,0,5,1,20.0,56.67,7.5,1,6,8,0,,8.0,,0/8,0,0,16.67,3,0,0,0,,0,,0,6,9,66.67,6,8.0,0,27,21,128.57,0,,0
3370303b,1337997,MYB Naeem,MYB Naeem,Derbyshire,2026-06-28,2026-07-12,6,5,0,33,26,20,6.6,126.92,0,0,4,2,23.08,57.69,3.8,0,0,0,0,,,,,0,0,,5,0,29,24,120.83,0,,0,0,0,,0,,0,4,2,200.0,0,,0
5c2a33c2,314647,H Miller,H Miller,Jamaica Tallawahs,2015-06-23,2015-07-04,4,2,0,32,29,30,16.0,110.34,0,0,2,1,10.34,34.48,5.5,0,0,0,0,,,,,0,0,,1,0,0,0,,0,,0,26,24,108.33,0,,0,6,5,120.0,0,,0
a71d0f89,1388460,R Chopra,R Chopra,Dubai Capitals,2024-01-20,2024-02-17,9,6,3,32,40,20,10.67,80.0,0,0,3,0,7.5,50.0,7.2,0,0,0,0,,,,,0,0,,3,0,0,3,0.0,0,,0,23,27,85.19,0,,0,9,10,90.0,0,,0
bf7842c9,222354,TAM Siriwardana,TAM Siriwardana,Galle Gladiators,2016-11-18,2020-12-05,5,4,1,32,26,13*,10.67,123.08,0,0,4,1,19.23,42.31,6.0,2,30,55,0,,11.0,,0/26,0,0,23.33,1,0,0,0,,0,,0,15,11,136.36,30,11.0,0,17,15,113.33,0,,0
413aa65b,1434859,CM Falconer,CM Falconer,Middlesex,2026-05-22,2026-05-31,4,3,0,32,47,16,10.67,68.09,0,0,2,0,4.26,46.81,4.7,0,0,0,0,,,,,0,0,,2,0,4,3,133.33,0,,0,28,44,63.64,0,,0,0,0,,0,,0
2af9c105,574965,R Gibson,R Gibson,Yorkshire,2015-07-14,2015-07-24,3,2,0,32,22,18,16.0,145.45,0,0,2,1,13.64,27.27,8.0,2,18,30,0,,10.0,,0/13,0,0,22.22,1,0,0,0,,0,,0,2,3,66.67,6,8.0,0,30,19,157.89,12,11.0,0
fe9bab59,875603,J Goodwin,J Goodwin,Hampshire,2016-07-29,2016-07-29,1,1,0,32,29,32,32.0,110.34,0,0,5,0,17.24,44.83,2.0,0,0,0,0,,,,,0,0,,0,0,24,17,141.18,0,,0,8,12,66.67,0,,0,0,0,,0,,0
aedc3b7c,554700,NS Naik,NS Naik,Kolkata Knight Riders,2016-04-23,2020-09-23,4,4,0,31,50,22,7.75,62.0,0,0,2,0,4.0,56.0,5.0,0,0,0,0,,,,,0,0,,3,0,7,16,43.75,0,,0,11,12,91.67,0,,0,13,22,59.09,0,,0
75de770f,55805,T Taibu,T Taibu,Kolkata Knight Riders,2008-05-08,2008-05-13,3,3,0,31,26,15,10.33,119.23,0,0,3,0,11.54,34.62,5.0,0,0,0,0,,,,,0,0,,1,0,0,0,,0,,0,19,18,105.56,0,,0,12,8,150.0,0,,0
0a4ebc61,45434,T Henderson,T Henderson,Rajasthan Royals,2009-04-18,2009-05-20,2,2,0,11,16,11,5.5,68.75,0,0,0,1,6.25,68.75,6.0,2,36,40,1,40.0,6.67,36.0,1/30,0,0,38.89,0,0,2,10,20.0,0,,0,9,6,150.0,18,4.33,1,0,0,,18,9.0,0
64a4c383,34118,S Sriram,S Sriram,Royal Challengers Bangalore,2010-04-10,2011-05-15,2,2,0,31,36,27,15.5,86.11,0,0,3,0,8.33,44.44,2.5,2,18,49,0,,16.33,,0/24,0,0,11.11,0,0,13,11,118.18,0,,0,18,25,72.0,18,16.33,0,0,0,,0,,0
82585454,1319840,Ekansh Singh,Ekansh Singh,Kent,2026-07-10,2026-07-12,2,2,0,11,12,6,5.5,91.67,0,0,1,0,8.33,41.67,6.5,2,23,32,1,32.0,8.35,23.0,1/21,0,0,26.09,0,0,0,0,,6,8.0,0,6,7,85.71,11,10.91,1,5,5,100.0,6,4.0,0
5e365152,1345807,TW Gray,TW Gray,Sydney Thunder,2024-01-12,2024-01-12,1,1,0,10,7,10,10.0,142.86,0,0,1,0,14.29,14.29,9.0,1,12,18,1,18.0,9.0,12.0,1/18,0,0,25.0,0,0,0,0,,0,,0,0,0,,12,9.0,1,10,7,142.86,0,,0
86b6e495,321154,Gauhar Ali,Gauhar Ali,Lahore Qalandars,2019-02-23,2019-02-28,3,3,0,30,22,21,10.0,136.36,0,0,4,1,22.73,45.45,3.7,0,0,0,0,,,,,0,0,,1,0,25,17,147.06,0,,0,0,0,,0,,0,5,5,100.0,0,,0
c68554a6,1275935,TJ Bishop,TJ Bishop,Antigua and Barbuda Falcons,2022-09-11,2024-08-30,3,2,0,10,13,9,5.0,76.92,0,0,2,0,15.38,69.23,1.0,1,18,25,1,25.0,8.33,18.0,1/25,0,0,38.89,0,0,10,13,76.92,12,4.0,1,0,0,,0,,0,0,0,,6,17.0,0
2dac322b,1108828,D Nedd,D Nedd,St Lucia Kings,2026-08-09,2026-08-19,3,3,0,30,34,17,10.0,88.24,0,0,1,2,8.82,50.0,6.3,0,0,0,0,,,,,0,0,,3,0,0,1,0.0,0,,0,28,28,100.0,0,,0,2,5,40.0,0,,0
ee833654,1309252,Arif Ahmed,Arif Ahmed,Khulna Tigers,2024-02-16,2024-02-23,3,2,1,10,16,6*,10.0,62.5,0,0,1,0,6.25,56.25,9.5,3,66,106,1,106.0,9.64,66.0,1/19,0,0,25.76,1,0,0,0,,6,4.0,0,0,0,,42,9.0,1,10,16,62.5,18,13.0,0
61f05b05,40250,Fawad Alam,Fawad Alam,Duronto Rajshahi,2012-02-11,2012-02-14,2,2,1,10,8,8,10.0,125.0,0,0,1,0,12.5,12.5,7.5,1,12,15,1,15.0,7.5,12.0,1/15,0,0,16.67,1,0,0,0,,0,,0,8,5,160.0,12,7.5,1,2,3,66.67,0,,0
f41598c1,11728,AN Cook,AN Cook,Essex,2014-05-17,2015-06-05,2,2,0,30,30,22,15.0,100.0,0,0,3,0,10.0,43.33,2.0,0,0,0,0,,,,,0,0,,1,0,23,20,115.0,0,,0,7,10,70.0,0,,0,0,0,,0,,0
8ba20313,928009,LR Johns,LR Johns,Wellington,2019-02-09,2020-12-24,3,3,1,30,27,19,15.0,111.11,0,0,2,1,11.11,37.04,7.0,0,0,0,0,,,,,0,0,,3,0,0,0,,0,,0,18,16,112.5,0,,0,12,11,109.09,0,,0
d8d67045,1300795,Akshat Raghuwanshi,Akshat Raghuwanshi,Lucknow Super Giants,2026-05-04,2026-05-10,3,2,0,29,25,18,14.5,116.0,0,0,1,1,8.0,28.0,6.0,0,0,0,0,,,,,0,0,,1,0,0,0,,0,,0,29,25,116.0,0,,0,0,0,,0,,0
b69e69ed,6938,AA Noffke,AA Noffke,Royal Challengers Bangalore,2008-04-18,2008-04-18,1,1,0,9,10,9,9.0,90.0,0,0,1,0,10.0,40.0,8.0,1,24,40,1,40.0,10.0,24.0,1/40,0,0,25.0,0,0,0,0,,6,22.0,0,9,10,90.0,6,7.0,0,0,0,,12,5.5,1
6dbcf855,554699,VH Zol,VH Zol,Royal Challengers Bangalore,2014-05-11,2014-05-24,3,2,0,29,26,16,14.5,111.54,0,0,3,1,15.38,50.0,3.0,0,0,0,0,,,,,0,0,,0,0,22,21,104.76,0,,0,7,5,140.0,0,,0,0,0,,0,,0
aba0412a,270460,MR Day,MR Day,Sydney Thunder,2012-01-17,2012-01-17,1,1,1,29,20,29*,,145.0,0,0,1,1,10.0,30.0,8.0,1,12,25,0,,12.5,,0/25,0,0,16.67,1,0,0,0,,0,,0,1,1,100.0,12,12.5,0,28,19,147.37,0,,0
edcd7fdd,937535,Zahiduzzaman,Zahiduzzaman,Chattogram Royals,2023-02-07,2026-01-23,3,2,0,29,34,18,14.5,85.29,0,0,2,0,5.88,41.18,5.5,0,0,0,0,,,,,0,0,,4,0,1,1,100.0,0,,0,22,22,100.0,0,,0,6,11,54.55,0,,0
c13310a4,1265804,Rahmat Ali,Rahmat Ali,Dhaka Capitals,2025-02-01,2026-01-18,2,2,0,9,11,9,4.5,81.82,0,0,2,0,18.18,72.73,5.0,2,30,36,1,36.0,7.2,30.0,1/24,0,0,33.33,1,0,9,10,90.0,6,5.0,0,0,0,,24,7.75,1,0,1,0.0,0,,0
a6581d15,1319834,JK Denly,JK Denly,Kent,2026-07-12,2026-07-12,1,1,0,9,8,9,9.0,112.5,0,0,1,0,12.5,25.0,5.0,1,18,21,1,21.0,7.0,18.0,1/21,0,0,33.33,0,0,0,0,,0,,0,8,6,133.33,18,7.0,1,1,2,50.0,0,,0
21e1e7bd,1357424,L Holt,L Holt,Perth Scorchers,2026-01-11,2026-01-17,3,1,1,8,4,8*,,200.0,0,0,0,1,25.0,50.0,9.0,3,30,52,1,52.0,10.4,30.0,1/22,0,0,33.33,2,0,0,0,,6,10.0,1,0,0,,24,10.5,0,8,4,200.0,0,,0
a5c2ef8c,7743,CP Simpson,CP Simpson,Melbourne Stars,2011-12-27,2012-01-09,2,1,1,8,5,8*,,160.0,0,0,1,0,20.0,0.0,9.0,1,18,25,1,25.0,8.33,18.0,1/25,0,0,38.89,0,0,0,0,,12,8.0,0,0,0,,6,9.0,1,8,5,160.0,0,,0
82e81007,414397,Hamza Tariq,Hamza Tariq,Trinbago Knight Riders,2017-09-07,2017-09-09,2,2,0,28,35,18,14.0,80.0,0,0,2,0,5.71,40.0,3.5,0,0,0,0,,,,,0,0,,0,0,19,24,79.17,0,,0,9,11,81.82,0,,0,0,0,,0,,0
090f9211,56149,Shahadat Hossain,Shahadat Hossain,Comilla Victorians,2013-01-18,2019-02-01,6,2,2,8,6,7*,,133.33,0,0,1,0,16.67,16.67,10.5,6,102,169,1,169.0,9.94,102.0,1/22,0,0,31.37,0,0,0,0,,48,9.0,1,0,0,,24,9.0,0,8,6,133.33,30,12.2,0
ecf9fb2e,1120259,JS Rymell,JS Rymell,Essex,2021-07-18,2023-06-16,3,3,0,28,28,21,9.33,100.0,0,0,5,0,17.86,53.57,4.7,0,0,0,0,,,,,0,0,,2,0,7,11,63.64,0,,0,8,11,72.73,0,,0,13,6,216.67,0,,0
bb1c1950,4504,AR Beadle,AR Beadle,Sydney Thunder,2015-01-12,2015-01-22,3,1,0,7,7,7,7.0,100.0,0,0,0,0,0.0,14.29,7.0,2,48,61,1,61.0,7.62,48.0,1/39,0,0,20.83,0,0,0,0,,0,,0,0,0,,42,5.14,1,7,7,100.0,6,25.0,0
7bc1a2d1,208269,Naved Yasin,Naved Yasin,Lahore Qalandars,2016-02-05,2016-02-16,5,3,1,27,33,25,13.5,81.82,0,0,2,1,9.09,54.55,6.3,0,0,0,0,,,,,0,0,,1,0,13,14,92.86,0,,0,12,14,85.71,0,,0,2,5,40.0,0,,0
2eccc4bf,1161486,LJA Julien,LJA Julien,Trinbago Knight Riders,2021-09-07,2023-09-17,4,4,0,27,40,17,6.75,67.5,0,0,3,0,7.5,57.5,1.5,0,0,0,0,,,,,0,0,,1,0,22,34,64.71,0,,0,5,6,83.33,0,,0,0,0,,0,,0
17efdeb8,56093,Raqibul Hasan,Raqibul Hasan,Dhaka Gladiators,2013-02-05,2017-12-06,9,5,1,27,24,17,6.75,112.5,0,0,3,0,12.5,33.33,5.2,0,0,0,0,,,,,0,0,,2,0,0,1,0.0,0,,0,10,14,71.43,0,,0,17,9,188.89,0,,0
702c0d92,989883,Mahfijul Islam,Mahfijul Islam,Chattogram Royals,2025-12-26,2026-01-17,4,4,0,27,42,16,6.75,64.29,0,0,2,1,7.14,66.67,4.0,0,0,0,0,,,,,0,0,,0,0,8,24,33.33,0,,0,19,18,105.56,0,,0,0,0,,0,,0
7457f8e1,1427097,Tofael Ahmed,Tofael Ahmed,Dhaka Capitals,2026-01-12,2026-01-18,2,2,1,7,9,6*,7.0,77.78,0,0,1,0,11.11,55.56,9.0,2,24,44,1,44.0,11.0,24.0,1/27,0,0,45.83,0,0,0,0,,6,17.0,0,0,0,,12,4.0,1,7,9,77.78,6,19.0,0
9b79b9de,50163,KTGD Prasad,KTGD Prasad,Colombo Kings,2020-12-01,2020-12-07,2,2,1,7,6,7,7.0,116.67,0,0,1,0,16.67,33.33,10.0,2,27,57,1,57.0,12.67,27.0,1/33,0,0,29.63,0,0,0,0,,6,5.0,0,3,3,100.0,18,13.33,1,4,3,133.33,3,24.0,0
965bc78f,301871,Ishan Jayaratne,Ishan Jayaratne,Kandy Warriors,2021-12-06,2021-12-07,2,2,1,27,20,18,27.0,135.0,0,0,2,1,15.0,30.0,8.0,1,18,22,0,,7.33,,0/22,0,0,27.78,1,0,0,0,,12,7.5,0,1,2,50.0,0,,0,26,18,144.44,6,7.0,0
fccb94c3,786639,Kaveen Bandara,Kaveen Bandara,Kandy Falcons,2022-12-18,2022-12-18,1,1,0,27,16,27,27.0,168.75,0,0,3,0,18.75,18.75,1.0,0,0,0,0,,,,,0,0,,0,0,27,16,168.75,0,,0,0,0,,0,,0,0,0,,0,,0
3d65556f,404461,FOE van den Bergh,FOE van den Bergh,Surrey,2018-07-06,2018-08-15,4,3,1,27,26,19*,13.5,103.85,0,0,2,0,7.69,26.92,7.7,3,36,67,0,,11.17,,0/16,0,0,22.22,1,0,0,0,,18,6.0,0,10,10,100.0,18,16.33,0,17,16,106.25,0,,0
2d140b79,1403153,AA Kulkarni,AA Kulkarni,Lucknow Super Giants,2024-04-30,2026-05-23,4,4,0,26,33,17,6.5,78.79,0,0,3,0,9.09,57.58,2.0,0,0,0,0,,,,,0,0,,0,0,17,21,80.95,0,,0,9,12,75.0,0,,0,0,0,,0,,0
670709ec,29725,SB Joshi,SB Joshi,Royal Challengers Bangalore,2008-04-18,2008-04-30,4,2,0,6,14,3,3.0,42.86,0,0,0,0,0.0,57.14,9.5,4,55,82,1,82.0,8.95,55.0,1/27,0,0,32.73,0,0,0,0,,0,,0,6,13,46.15,48,8.62,0,0,1,0.0,7,11.14,1
ecbad6c6,1357423,HT Dixon,HT Dixon,Melbourne Renegades,2025-01-12,2026-01-15,4,4,1,26,24,13,8.67,108.33,0,0,1,2,12.5,50.0,6.2,0,0,0,0,,,,,0,0,,0,0,0,0,,0,,0,24,16,150.0,0,,0,2,8,25.0,0,,0
6b75c2b1,820685,NR Kirton,NR Kirton,Jamaica Tallawahs,2020-08-19,2020-09-06,3,3,0,26,22,25,8.67,118.18,0,0,1,2,13.64,50.0,4.0,0,0,0,0,,,,,0,0,,0,0,1,7,14.29,0,,0,3,4,75.0,0,,0,22,11,200.0,0,,0
ebb74564,1070754,A Simelane,A Simelane,Sunrisers Eastern Cape,2025-01-29,2025-02-08,2,2,1,26,32,21,26.0,81.25,0,0,1,0,3.12,37.5,7.5,2,12,26,0,,13.0,,0/12,0,0,33.33,1,0,0,0,,0,,0,7,10,70.0,12,13.0,0,19,22,86.36,0,,0
6176f240,534734,Chirag Suri,Chirag Suri,Dubai Capitals,2023-01-19,2023-01-28,3,3,0,26,30,16,8.67,86.67,0,0,3,0,10.0,50.0,3.0,0,0,0,0,,,,,0,0,,0,0,17,18,94.44,0,,0,9,12,75.0,0,,0,0,0,,0,,0
e06f7116,477057,Sujit Nayak,Sujit Nayak,Seattle Orcas,2025-06-16,2025-06-27,3,3,0,26,38,15,8.67,68.42,0,0,2,0,5.26,50.0,6.7,0,0,0,0,,,,,0,0,,2,0,1,1,100.0,0,,0,25,37,67.57,0,,0,0,0,,0,,0
56c80c90,1098182,JOI Campbell,JOI Campbell,Durham,2021-06-30,2021-07-02,2,1,0,6,8,6,6.0,75.0,0,0,1,0,12.5,62.5,11.0,1,12,21,1,21.0,10.5,12.0,1/21,0,0,33.33,0,0,0,0,,6,17.0,0,0,0,,6,4.0,1,6,8,75.0,0,,0
12d8efc8,1153264,TL Greatwood,TL Greatwood,Middlesex,2022-06-05,2023-06-23,3,1,0,6,6,6,6.0,100.0,0,0,0,0,0.0,33.33,11.0,3,60,117,1,117.0,11.7,60.0,1/35,0,0,15.0,1,0,0,0,,18,11.67,1,0,0,,30,12.4,0,6,6,100.0,12,10.0,0
b0f2baf4,1132219,Sanvir Singh,Sanvir Singh,Sunrisers Hyderabad,2023-05-15,2024-05-21,6,5,3,25,21,8*,12.5,119.05,0,0,2,1,14.29,38.1,7.8,0,0,0,0,,,,,0,0,,3,0,7,5,140.0,0,,0,0,2,0.0,0,,0,18,14,128.57,0,,0
f4426e58,1161030,Jahanzaib Sultan,Jahanzaib Sultan,Multan Sultans,2025-05-18,2025-05-18,1,1,0,25,21,25,25.0,119.05,0,0,2,1,14.29,47.62,3.0,0,0,0,0,,,,,0,0,,1,0,18,18,100.0,0,,0,7,3,233.33,0,,0,0,0,,0,,0
395179e8,1294144,D Parashar,D Parashar,Desert Vipers,2025-01-18,2025-02-05,6,1,0,5,11,5,5.0,45.45,0,0,0,0,0.0,54.55,7.0,4,34,40,1,40.0,7.06,34.0,1/9,0,0,41.18,0,0,0,1,0.0,18,8.33,0,5,10,50.0,0,,0,0,0,,16,5.62,1
98d7059f,1176738,Shafiqullah Ghafari,Shafiqullah Ghafari,Sylhet Strikers,2023-02-12,2023-02-12,1,1,0,5,5,5,5.0,100.0,0,0,1,0,20.0,60.0,2.0,1,24,21,1,21.0,5.25,24.0,1/21,0,0,41.67,0,0,5,5,100.0,0,,0,0,0,,24,5.25,1,0,0,,0,,0
b2b9a7a0,297441,JL Clare,JL Clare,Derbyshire,2014-05-16,2014-05-16,1,1,1,5,9,5*,,55.56,0,0,0,0,0.0,55.56,7.0,1,24,43,1,43.0,10.75,24.0,1/43,0,0,16.67,0,0,0,0,,6,14.0,0,0,0,,6,5.0,0,5,9,55.56,12,12.0,1
31fa4a14,1215021,BM Johnson,BM Johnson,Central Districts,2022-12-27,2022-12-31,3,3,2,5,4,5*,5.0,125.0,0,0,0,0,0.0,50.0,8.0,3,42,65,1,65.0,9.29,42.0,1/30,0,0,21.43,1,0,0,0,,0,,0,0,0,,36,9.83,0,5,4,125.0,6,6.0,1
f209ee79,1193530,JJA Frew,JJA Frew,Canterbury,2026-01-14,2026-01-19,2,2,0,25,20,23,12.5,125.0,0,0,2,1,15.0,30.0,7.0,0,0,0,0,,,,,0,0,,1,0,0,0,,0,,0,23,17,135.29,0,,0,2,3,66.67,0,,0
5724e517,1125960,Tanush Kotian,Tanush Kotian,Rajasthan Royals,2024-04-13,2024-04-13,1,1,0,24,31,24,24.0,77.42,0,0,3,0,9.68,54.84,2.0,0,0,0,0,,,,,0,0,,0,0,18,20,90.0,0,,0,6,11,54.55,0,,0,0,0,,0,,0
b274dbbd,340841,ER Dwivedi,ER Dwivedi,Gujarat Lions,2016-05-19,2016-05-27,4,2,0,24,14,19,12.0,171.43,0,0,2,2,28.57,42.86,4.5,0,0,0,0,,,,,0,0,,2,0,5,5,100.0,0,,0,0,0,,0,,0,19,9,211.11,0,,0
f58839ad,6480,GA Manou,GA Manou,Melbourne Renegades,2011-12-18,2012-01-18,6,3,2,24,29,18*,24.0,82.76,0,0,1,0,3.45,34.48,8.0,0,0,0,0,,,,,0,0,,4,2,0,0,,0,,0,2,4,50.0,0,,0,22,25,88.0,0,,0
9ef8ebb9,5550,MG Gale,MG Gale,Melbourne Renegades,2014-01-01,2014-01-22,4,2,2,4,10,4*,,40.0,0,0,0,0,0.0,70.0,7.0,4,72,103,1,103.0,8.58,72.0,1/22,0,0,31.94,0,0,0,0,,42,9.14,1,0,0,,30,7.8,0,4,10,40.0,0,,0
8a8d0649,1122405,Saqib Khan,Saqib Khan (2),Quetta Gladiators,2026-04-17,2026-04-19,2,1,0,4,2,4,4.0,200.0,0,0,1,0,50.0,50.0,8.0,2,30,44,1,44.0,8.8,30.0,1/22,0,0,23.33,0,0,0,0,,6,11.0,0,4,2,200.0,24,8.25,1,0,0,,0,,0
d69c9b12,230552,NT Pascal,NT Pascal,St Lucia Zouks,2013-07-30,2013-08-10,2,1,1,4,4,4*,,100.0,0,0,0,0,0.0,25.0,11.0,2,30,60,1,60.0,12.0,30.0,1/32,0,0,23.33,0,0,0,0,,0,,0,0,0,,24,10.25,1,4,4,100.0,6,19.0,0
dc002962,50737,Tillakaratne Sampath,Tillakaratne Sampath,Kandy Warriors,2021-12-07,2021-12-11,3,3,2,24,12,19*,24.0,200.0,0,0,3,1,33.33,25.0,5.0,3,36,62,0,,10.33,,0/13,0,0,33.33,1,0,0,1,0.0,24,13.0,0,5,2,250.0,12,5.0,0,19,9,211.11,0,,0
fc1608a2,746417,GT Hankins,GT Hankins,Gloucestershire,2017-07-16,2020-09-04,7,4,0,24,39,14,6.0,61.54,0,0,1,0,2.56,48.72,4.2,0,0,0,0,,,,,0,0,,1,0,8,12,66.67,0,,0,13,23,56.52,0,,0,3,4,75.0,0,,0
6dd03875,654797,CJ Taylor,CJ Taylor,Essex,2015-05-15,2017-08-18,9,6,1,24,35,14,4.8,68.57,0,0,1,1,5.71,57.14,7.3,1,6,19,0,,19.0,,0/19,0,0,16.67,1,0,0,0,,0,,0,10,19,52.63,6,19.0,0,14,16,87.5,0,,0
59e1210c,857965,OE Westbury,OE Westbury,Worcestershire,2018-08-10,2018-08-10,1,1,0,24,16,24,24.0,150.0,0,0,5,0,31.25,43.75,1.0,0,0,0,0,,,,,0,0,,0,0,24,16,150.0,0,,0,0,0,,0,,0,0,0,,0,,0
88211932,1262574,ARJ Ogborne,ARJ Ogborne,Somerset,2026-06-07,2026-06-28,2,1,0,4,4,4,4.0,100.0,0,0,0,0,0.0,50.0,10.0,2,36,63,1,63.0,10.5,36.0,1/37,0,0,33.33,1,0,0,0,,24,8.0,1,0,0,,6,12.0,0,4,4,100.0,6,19.0,0
fd094249,696455,M Sclanders,M Sclanders,Auckland,2024-12-29,2025-01-10,3,3,0,24,26,23,8.0,92.31,0,0,2,0,7.69,50.0,3.0,0,0,0,0,,,,,0,0,,0,0,12,15,80.0,0,,0,12,11,109.09,0,,0,0,0,,0,,0
4d3097d8,37248,GJ Hopkins,GJ Hopkins,Auckland,2014-01-03,2014-01-03,1,1,0,24,14,24,24.0,171.43,0,0,4,0,28.57,28.57,3.0,0,0,0,0,,,,,0,0,,2,0,20,12,166.67,0,,0,4,2,200.0,0,,0,0,0,,0,,0
8e6cb06c,599399,JD Sole,JD Sole,Auckland,2014-01-03,2014-01-03,1,1,1,24,18,24*,,133.33,0,0,2,1,16.67,33.33,8.0,0,0,0,0,,,,,0,0,,0,0,0,0,,0,,0,1,3,33.33,0,,0,23,15,153.33,0,,0
f663ef00,26291,J Arunkumar,J Arunkumar,Royal Challengers Bangalore,2008-05-08,2008-05-17,3,3,0,23,23,22,7.67,100.0,0,0,5,0,21.74,65.22,1.0,0,0,0,0,,,,,0,0,,0,0,23,23,100.0,0,,0,0,0,,0,,0,0,0,,0,,0
1137b65a,500182,BS Dean,BS Dean,Sydney Thunder,2013-12-21,2013-12-21,1,1,0,3,6,3,3.0,50.0,0,0,0,0,0.0,66.67,7.0,1,12,29,1,29.0,14.5,12.0,1/29,0,0,25.0,0,0,0,0,,0,,0,0,0,,12,14.5,1,3,6,50.0,0,,0
77079be1,52490,D Mohammed,D Mohammed,Antigua Hawksbills,2013-08-01,2013-08-11,4,2,1,3,4,2,3.0,75.0,0,0,0,0,0.0,50.0,8.5,3,35,45,1,45.0,7.71,35.0,1/24,0,0,28.57,0,0,0,0,,0,,0,0,0,,30,7.2,1,3,4,75.0,5,10.8,0
f76d7466,605680,JN Malan,JN Malan,Joburg Super Kings,2023-01-11,2023-01-14,3,3,0,23,37,16,7.67,62.16,0,0,2,1,8.11,67.57,1.0,0,0,0,0,,,,,0,0,,1,0,23,37,62.16,0,,0,0,0,,0,,0,0,0,,0,,0
23667d99,932433,Fardeen Hasan,Fardeen Hasan,Cumilla Warriors,2020-01-07,2020-01-10,2,2,0,23,27,22,11.5,85.19,0,0,0,1,3.7,48.15,4.5,0,0,0,0,,,,,0,0,,0,0,1,4,25.0,0,,0,7,12,58.33,0,,0,15,11,136.36,0,,0
4703db1f,1539667,A Immanuel,A Immanuel,San Francisco Unicorns,2026-07-04,2026-07-08,2,1,1,3,4,3*,,75.0,0,0,0,0,0.0,25.0,11.0,2,18,30,1,30.0,10.0,18.0,1/18,0,0,27.78,0,0,0,0,,0,,0,0,0,,18,10.0,1,3,4,75.0,0,,0
5c86c3c2,1044665,JPA Taylor,JPA Taylor,Surrey,2020-08-28,2020-08-30,2,1,0,3,6,3,3.0,50.0,0,0,0,0,0.0,66.67,8.0,2,12,34,1,34.0,17.0,12.0,1/6,0,0,25.0,0,0,0,0,,12,17.0,1,0,0,,0,,0,3,6,50.0,0,,0
d112c570,602569,RN Sidebottom,RN Sidebottom,Birmingham Bears,2021-07-09,2021-07-09,1,1,0,3,6,3,3.0,50.0,0,0,0,0,0.0,50.0,11.0,1,24,37,1,37.0,9.25,24.0,1/37,0,0,25.0,1,0,0,0,,6,13.0,0,0,0,,12,8.5,1,3,6,50.0,6,7.0,0
195aa28e,436690,TM Lortan,TM Lortan,Canterbury,2019-01-01,2019-01-06,2,2,1,23,33,13*,23.0,69.7,0,0,3,0,9.09,57.58,7.0,0,0,0,0,,,,,0,0,,1,0,0,0,,0,,0,13,25,52.0,0,,0,10,8,125.0,0,,0
8831b92e,1161034,Raunaq Kapur,Raunaq Kapur,Canterbury,2026-01-23,2026-01-23,1,1,1,3,3,3*,,100.0,0,0,0,0,0.0,0.0,9.0,1,18,41,1,41.0,13.67,18.0,1/41,0,0,16.67,0,0,0,0,,6,16.0,0,0,0,,0,,0,3,3,100.0,12,12.5,1
b2b23612,424219,RG More,RG More,Chennai Super Kings,2015-04-30,2015-05-02,2,1,1,2,2,2*,,100.0,0,0,0,0,0.0,0.0,11.0,2,35,59,1,59.0,10.11,35.0,1/31,0,0,11.43,1,0,0,0,,6,15.0,0,0,0,,12,9.0,1,2,2,100.0,17,9.18,0
3300d23c,290462,SF Mire,SF Mire,Melbourne Renegades,2014-01-18,2017-12-05,3,3,0,2,5,1,0.67,40.0,0,0,0,0,0.0,60.0,4.3,1,6,4,1,4.0,4.0,6.0,1/4,0,0,50.0,0,0,0,2,0.0,0,,0,0,0,,6,4.0,1,2,3,66.67,0,,0
5c88fab9,278491,Awais Zia,Awais Zia,Karachi Kings,2019-02-23,2019-02-24,2,2,0,22,30,19,11.0,73.33,0,0,2,0,6.67,53.33,3.0,1,1,4,0,,24.0,,0/4,0,0,0.0,0,0,17,22,77.27,0,,0,5,8,62.5,0,,0,0,0,,1,24.0,0
aa8b4568,793429,Umair Masood,Umair Masood,Lahore Qalandars,2019-03-05,2019-03-05,1,1,0,22,28,22,22.0,78.57,0,0,1,0,3.57,42.86,6.0,0,0,0,0,,,,,0,0,,0,0,0,0,,0,,0,14,20,70.0,0,,0,8,8,100.0,0,,0
cb749279,1342545,A Goodridge,A Goodridge,St Lucia Kings,2026-08-16,2026-09-06,6,3,1,22,19,13,11.0,115.79,0,0,0,2,10.53,42.11,8.0,2,23,53,0,,13.83,,0/23,0,0,43.48,0,0,0,0,,18,12.33,0,8,11,72.73,0,,0,14,8,175.0,5,19.2,0
dcac91d4,300449,JC Guillen,JC Guillen,Trinidad & Tobago Red Steel,2013-07-31,2013-08-03,2,2,0,22,25,22,11.0,88.0,0,0,3,0,12.0,60.0,2.0,0,0,0,0,,,,,0,0,,0,0,22,25,88.0,0,,0,0,0,,0,,0,0,0,,0,,0
9f308dfc,541991,JP Kotze,JP Kotze,Dhaka Capitals,2025-01-16,2025-01-29,3,3,0,22,35,9,7.33,62.86,0,0,3,0,8.57,62.86,3.7,0,0,0,0,,,,,0,0,,1,0,11,12,91.67,0,,0,11,23,47.83,0,,0,0,0,,0,,0
5edd9f96,1343909,Maruf Mridha,Maruf Mridha,Dhaka Capitals,2025-01-17,2026-01-18,3,2,1,2,4,2*,2.0,50.0,0,0,0,0,0.0,50.0,10.5,3,72,117,1,117.0,9.75,72.0,1/41,0,0,31.94,0,0,0,0,,24,8.25,0,0,0,,36,9.83,0,2,4,50.0,12,12.5,1
e3e9f70a,601407,Amit Kumar,Amit Kumar,Rangpur Riders,2013-01-23,2013-01-29,3,1,0,2,2,2,2.0,100.0,0,0,0,0,0.0,0.0,11.0,3,36,56,1,56.0,9.33,36.0,1/29,0,0,25.0,0,0,0,0,,0,,0,0,0,,36,9.33,1,2,2,100.0,0,,0
3473e5f2,499592,DS Weerakkody,DS Weerakkody,Dambulla Giants,2021-12-19,2021-12-21,2,2,0,22,21,12,11.0,104.76,0,0,3,0,14.29,38.1,3.0,0,0,0,0,,,,,0,0,,0,0,22,20,110.0,0,,0,0,1,0.0,0,,0,0,0,,0,,0
2ef64bd1,959763,FJM Murray,FJM Murray,Central Districts,2018-12-27,2018-12-29,2,1,0,2,3,2,2.0,66.67,0,0,0,0,0.0,33.33,10.0,2,42,50,1,50.0,7.14,42.0,1/24,0,0,30.95,0,0,0,0,,0,,0,0,0,,36,5.5,1,2,3,66.67,6,17.0,0
ff1e68fa,477069,B Indrajith,B Indrajith,Kolkata Knight Riders,2022-04-28,2022-05-07,3,3,0,21,30,15,7.0,70.0,0,0,2,0,6.67,56.67,2.0,0,0,0,0,,,,,0,0,,1,0,19,27,70.37,0,,0,2,3,66.67,0,,0,0,0,,0,,0
57ca01b3,1207295,Kumar Kushagra,Kumar Kushagra,Delhi Capitals,2024-04-07,2026-04-04,5,4,0,21,21,18,5.25,100.0,0,0,3,0,14.29,52.38,5.8,0,0,0,0,,,,,0,0,,2,0,19,15,126.67,0,,0,2,5,40.0,0,,0,0,1,0.0,0,,0
c27b5a0e,1392201,PVSN Raju,PVSN Raju,Mumbai Indians,2025-03-23,2025-03-29,2,1,1,1,1,1*,,100.0,0,0,0,0,0.0,0.0,11.0,2,24,53,1,53.0,13.25,24.0,1/40,0,0,12.5,1,0,0,0,,6,13.0,0,0,0,,6,12.0,0,1,1,100.0,12,14.0,1
4b4d1957,327127,PM Sarvesh Kumar,PM Sarvesh Kumar,Deccan Chargers,2008-05-15,2008-05-27,2,1,1,1,2,1*,,50.0,0,0,0,0,0.0,50.0,11.0,2,30,42,1,42.0,8.4,30.0,1/18,0,0,36.67,0,0,0,0,,6,8.0,0,0,0,,24,8.5,1,1,2,50.0,0,,0
c56fc66d,1202236,J Clayton,J Clayton,Brisbane Heat,2022-01-06,2022-01-08,2,2,0,21,23,15,10.5,91.3,0,0,4,0,17.39,60.87,2.0,0,0,0,0,,,,,0,0,,0,0,21,23,91.3,0,,0,0,0,,0,,0,0,0,,0,,0
e93f608d,41244,Kashif Bhatti,Kashif Bhatti,Karachi Kings,2017-02-17,2026-04-10,2,1,1,1,1,1*,,100.0,0,0,0,0,0.0,0.0,8.0,2,36,60,1,60.0,10.0,36.0,1/36,0,0,38.89,0,0,0,0,,12,12.0,0,0,0,,18,7.67,1,1,1,100.0,6,13.0,0
494a0503,1216919,Abdul Nasir,Abdul Nasir,Quetta Gladiators,2020-02-20,2021-06-19,2,2,1,1,4,1*,1.0,25.0,0,0,0,0,0.0,75.0,8.0,2,42,41,1,41.0,5.86,42.0,1/15,0,0,35.71,2,0,0,0,,6,3.0,0,0,0,,36,6.33,1,1,4,25.0,0,,0
30f4ac6f,1323726,SA Lewis,SA Lewis,Trinbago Knight Riders,2022-09-01,2022-09-24,3,1,0,1,3,1,1.0,33.33,0,0,0,0,0.0,66.67,11.0,3,42,58,1,58.0,8.29,42.0,1/12,0,0,47.62,0,0,0,0,,12,6.5,0,0,0,,18,6.67,1,1,3,33.33,12,12.5,0
407563b0,1406542,S Stolk,S Stolk,Pretoria Capitals,2025-01-10,2025-02-02,3,3,1,21,22,13,10.5,95.45,0,0,2,1,13.64,59.09,4.0,0,0,0,0,,,,,0,0,,1,0,21,18,116.67,0,,0,0,0,,0,,0,0,4,0.0,0,,0
9ff33bef,1161341,Ifran Hossain,Ifran Hossain,Cumilla Warriors,2020-01-10,2020-01-10,1,1,1,1,3,1*,,33.33,0,0,0,0,0.0,66.67,11.0,1,18,38,1,38.0,12.67,18.0,1/38,0,0,27.78,0,0,0,0,,12,11.5,1,0,0,,0,,0,1,3,33.33,6,15.0,0
0a396666,1197013,MD Wagstaff,MD Wagstaff,Derbyshire,2024-06-01,2024-07-18,6,2,2,1,3,1*,,33.33,0,0,0,0,0.0,66.67,9.0,6,102,142,1,142.0,8.35,102.0,1/31,0,0,21.57,4,0,0,0,,6,14.0,0,0,0,,90,8.13,1,1,3,33.33,6,6.0,0
86781001,1336614,JE Home,JE Home,Worcestershire,2024-07-18,2024-07-18,1,1,1,1,1,1*,,100.0,0,0,0,0,0.0,0.0,10.0,1,24,33,1,33.0,8.25,24.0,1/33,0,0,29.17,0,0,0,0,,12,7.5,1,0,0,,6,5.0,0,1,1,100.0,6,13.0,0
c57f5c4c,1113633,AA Rao,AA Rao,Gloucestershire,2025-05-30,2025-06-01,2,1,0,1,5,1,1.0,20.0,0,0,0,0,0.0,80.0,10.0,2,30,53,1,53.0,10.6,30.0,1/32,0,0,20.0,1,0,0,0,,12,10.5,0,1,5,20.0,12,11.0,0,0,0,,6,10.0,1
c1f62b71,1181709,R Lord,R Lord,Nottinghamshire,2025-06-13,2025-06-13,1,1,0,1,2,1,1.0,50.0,0,0,0,0,0.0,50.0,10.0,1,24,46,1,46.0,11.5,24.0,1/46,0,0,25.0,0,0,0,0,,6,13.0,0,0,0,,12,10.5,1,1,2,50.0,6,12.0,0
60de7b0a,1258289,SML Fernandes,SML Fernandes,Essex,2026-05-22,2026-07-03,5,4,1,21,26,10*,7.0,80.77,0,0,0,0,0.0,26.92,7.5,0,0,0,0,,,,,0,0,,1,0,0,0,,0,,0,15,16,93.75,0,,0,6,10,60.0,0,,0
94fb837c,1412653,NS Perera,NS Perera,Auckland,2023-12-19,2024-01-01,2,1,1,1,1,1*,,100.0,0,0,0,0,0.0,0.0,11.0,2,34,55,1,55.0,9.71,34.0,1/23,0,0,26.47,0,0,0,0,,0,,0,0,0,,24,10.75,1,1,1,100.0,10,7.2,0
42462766,1304794,F McGregor-Sumpter,F McGregor-Sumpter,Northern Districts,2024-01-18,2024-01-23,3,3,1,21,35,10*,10.5,60.0,0,0,0,1,2.86,57.14,5.3,0,0,0,0,,,,,0,0,,0,0,3,12,25.0,0,,0,18,23,78.26,0,,0,0,0,,0,,0
b51f72a5,1079668,SS Agarwal,SS Agarwal,Gujarat Lions,2017-04-23,2017-04-23,1,0,0,0,0,0,,,0,0,0,0,,,,1,24,42,1,42.0,10.5,24.0,1/42,0,0,29.17,1,0,0,0,,6,11.0,0,0,0,,18,10.33,1,0,0,,0,,0
b822e99c,853259,NB Singh,NB Singh,Gujarat Lions,2017-04-23,2017-04-27,2,0,0,0,0,0,,,0,0,0,0,,,,2,24,15,1,15.0,3.75,24.0,1/7,0,0,54.17,0,0,0,0,,24,3.75,1,0,0,,0,,0,0,0,,0,,0
cfa4bd2b,1121579,Y Prithvi Raj,Y Prithvi Raj,Kolkata Knight Riders,2019-04-21,2019-04-25,2,1,1,0,1,0*,,0.0,0,0,0,0,0.0,100.0,9.0,2,30,57,1,57.0,11.4,30.0,1/29,0,0,26.67,0,0,0,0,,12,16.5,0,0,0,,18,8.0,1,0,1,0.0,0,,0
d3611425,573930,LI Meriwala,LI Meriwala,Delhi Capitals,2021-04-18,2021-04-18,1,0,0,0,0,0,,,0,0,0,0,,,,1,18,32,1,32.0,10.67,18.0,1/32,0,0,33.33,0,0,0,0,,12,14.0,0,0,0,,6,4.0,1,0,0,,0,,0
fdf7491e,967603,IC Porel,IC Porel,Punjab Kings,2021-09-21,2021-09-21,1,0,0,0,0,0,,,0,0,0,0,,,,1,24,39,1,39.0,9.75,24.0,1/39,0,0,29.17,0,0,0,0,,12,12.5,0,0,0,,12,7.0,1,0,0,,0,,0
d621b427,1316430,Musheer Khan,Musheer Khan,Punjab Kings,2025-05-29,2025-05-29,1,1,0,0,3,0,0.0,0.0,0,0,0,0,0.0,100.0,8.0,1,12,27,1,27.0,13.5,12.0,1/27,0,0,8.33,0,0,0,0,,0,,0,0,3,0.0,12,13.5,1,0,0,,0,,0
5b615e7c,1122621,Raghu Sharma,Raghu Sharma,Mumbai Indians,2026-05-02,2026-05-24,6,0,0,0,0,0,,,0,0,0,0,,,,5,90,130,1,130.0,8.67,90.0,1/36,0,0,25.56,1,0,0,0,,0,,0,0,0,,84,8.29,1,0,0,,6,14.0,0
dee07622,1339053,RS Ghosh,RS Ghosh,Chennai Super Kings,2026-05-02,2026-05-02,1,0,0,0,0,0,,,0,0,0,0,,,,1,18,24,1,24.0,8.0,18.0,1/24,0,0,33.33,1,0,0,0,,0,,0,0,0,,18,8.0,1,0,0,,0,,0
50758325,5472,B Geeves,B Geeves,Delhi Daredevils,2008-04-19,2008-05-24,2,0,0,0,0,0,,,0,0,0,0,,,,2,48,91,1,91.0,11.38,48.0,1/50,0,0,31.25,3,0,0,0,,24,12.5,0,0,0,,18,10.33,1,0,0,,6,10.0,0
2503e881,46569,A Nel,A Nel,Mumbai Indians,2008-05-24,2008-05-24,1,1,0,0,0,0,0.0,,0,0,0,0,,,9.0,1,18,31,1,31.0,10.33,18.0,1/31,0,0,38.89,0,0,0,0,,6,12.0,1,0,0,,6,11.0,0,0,0,,6,8.0,0
caa89a48,34402,SS Sarkar,SS Sarkar,Kolkata Knight Riders,2009-05-10,2009-05-20,2,0,0,0,0,0,,,0,0,0,0,,,,2,25,34,1,34.0,8.16,25.0,1/15,0,0,16.0,0,0,0,0,,6,15.0,0,0,0,,6,6.0,0,0,0,,13,6.0,1
0af3426f,279862,SS Mundhe,SS Mundhe,Pune Warriors,2011-05-21,2011-05-21,1,0,0,0,0,0,,,0,0,0,0,,,,1,6,6,1,6.0,6.0,6.0,1/6,0,0,66.67,0,0,0,0,,6,6.0,1,0,0,,0,,0,0,0,,0,,0
2f3817ce,34139,TP Sudhindra,TP Sudhindra,Deccan Chargers,2012-04-07,2012-05-13,3,1,1,0,0,0*,,,0,0,0,0,,,11.0,3,70,136,1,136.0,11.66,70.0,1/46,0,0,25.71,0,0,0,0,,24,10.0,0,0,0,,24,11.75,1,0,0,,22,13.36,0
912f472c,1124288,JA Freeman,JA Freeman,Hobart Hurricanes,2019-01-29,2019-01-31,2,0,0,0,0,0,,,0,0,0,0,,,,2,24,37,1,37.0,9.25,24.0,1/26,0,0,29.17,0,0,0,0,,6,17.0,0,0,0,,18,6.67,1,0,0,,0,,0
cccea5bc,1170469,J Kann,J Kann,Hobart Hurricanes,2021-12-11,2022-01-19,3,0,0,0,0,0,,,0,0,0,0,,,,3,30,76,1,76.0,15.2,30.0,1/40,0,0,16.67,1,0,0,0,,12,10.0,0,0,0,,12,17.0,1,0,0,,6,22.0,0
0dde7f22,1223053,S McGiffin,S McGiffin,Brisbane Heat,2022-01-06,2022-01-08,2,2,1,20,23,14*,20.0,86.96,0,0,1,0,4.35,39.13,7.0,2,12,23,0,,11.5,,0/7,0,0,16.67,1,0,0,0,,6,16.0,0,4,6,66.67,6,7.0,0,16,17,94.12,0,,0
8bdbb608,499488,RH McDonald,RH McDonald,Brisbane Heat,2022-01-06,2022-01-06,1,0,0,0,0,0,,,0,0,0,0,,,,1,12,21,1,21.0,10.5,12.0,1/21,0,0,25.0,1,0,0,0,,6,9.0,0,0,0,,6,12.0,1,0,0,,0,,0
46804558,1415033,AP O'Connor,AP O'Connor,Sydney Thunder,2026-01-16,2026-01-16,1,0,0,0,0,0,,,0,0,0,0,,,,1,12,17,1,17.0,8.5,12.0,1/17,0,0,41.67,0,0,0,0,,6,9.0,0,0,0,,0,,0,0,0,,6,8.0,1
2a236847,7698,CR Swan,CR Swan,Brisbane Heat,2012-01-17,2012-01-17,1,0,0,0,0,0,,,0,0,0,0,,,,1,24,16,1,16.0,4.0,24.0,1/16,0,0,62.5,0,0,0,0,,18,4.0,0,0,0,,6,4.0,1,0,0,,0,,0
0a3049c5,434804,BG McDonald,BG McDonald,Melbourne Renegades,2012-01-18,2012-01-18,1,0,0,0,0,0,,,0,0,0,0,,,,1,18,28,1,28.0,9.33,18.0,1/28,0,0,11.11,0,0,0,0,,0,,0,0,0,,12,11.0,0,0,0,,6,6.0,1
ed54033c,1125979,Ashir Qureshi,Ashir Qureshi,Quetta Gladiators,2022-01-28,2022-02-20,4,1,0,0,1,0,0.0,0.0,0,0,0,0,0.0,100.0,5.0,2,42,61,1,61.0,8.71,42.0,1/31,0,0,28.57,0,0,0,0,,0,,0,0,1,0.0,36,9.5,0,0,0,,6,4.0,1
aad2830e,1249881,Zeeshan Zameer,Zeeshan Zameer,Islamabad United,2022-02-12,2023-02-27,3,1,0,0,1,0,0.0,0.0,0,0,0,0,0.0,100.0,10.0,3,27,47,1,47.0,10.44,27.0,1/10,0,0,29.63,1,0,0,0,,15,8.8,1,0,1,0.0,12,12.5,0,0,0,,0,,0
68d11420,1294520,Mohammad Zeeshan,Mohammad Zeeshan,Peshawar Zalmi,2024-02-18,2025-05-01,4,2,0,0,2,0,0.0,0.0,0,0,0,0,0.0,100.0,9.0,4,78,134,1,134.0,10.31,78.0,1/38,0,0,35.9,0,0,0,0,,48,11.0,0,0,0,,24,9.5,0,0,2,0.0,6,8.0,1
9ff6a1ba,1331511,Jalat Khan,Jalat Khan,Rawalpindiz,2026-04-04,2026-04-04,1,0,0,0,0,0,,,0,0,0,0,,,,1,18,38,1,38.0,12.67,18.0,1/38,0,0,33.33,0,0,0,0,,6,16.0,0,0,0,,12,11.0,1,0,0,,0,,0
95fcbfb7,32257,TK Patel,TK Patel,St Lucia Stars,2017-08-15,2017-08-15,1,0,0,0,0,0,,,0,0,0,0,,,,1,18,30,1,30.0,10.0,18.0,1/30,0,0,27.78,0,0,0,0,,0,,0,0,0,,18,10.0,1,0,0,,0,,0
efcd6d23,1131646,KS Melius,KS Melius,St Lucia Zouks,2020-08-23,2023-08-16,3,3,0,20,22,12,6.67,90.91,0,0,1,1,9.09,54.55,3.0,0,0,0,0,,,,,0,0,,0,0,20,21,95.24,0,,0,0,1,0.0,0,,0,0,0,,0,,0
b319df8c,670041,PAS McSween,PAS McSween,Jamaica Tallawahs,2020-09-05,2022-09-04,2,0,0,0,0,0,,,0,0,0,0,,,,2,24,53,1,53.0,13.25,24.0,1/39,0,0,41.67,0,0,0,0,,18,13.33,1,0,0,,6,13.0,0,0,0,,0,,0
55b3c6d5,1343699,J McAllister,J McAllister,St Lucia Kings,2023-08-19,2023-08-19,1,0,0,0,0,0,,,0,0,0,0,,,,1,6,7,1,7.0,7.0,6.0,1/7,0,0,50.0,0,0,0,0,,6,7.0,1,0,0,,0,,0,0,0,,0,,0
4f3ab93a,1443401,K Campbell,K Campbell,St Lucia Kings,2024-09-10,2026-08-16,3,0,0,0,0,0,,,0,0,0,0,,,,3,36,87,1,87.0,14.5,36.0,1/35,0,0,33.33,2,0,0,0,,30,13.6,1,0,0,,0,,0,0,0,,6,19.0,0
e796c63a,1420097,Z Motara,Z Motara,Barbados Royals,2025-09-12,2025-09-14,2,1,0,0,1,0,0.0,0.0,0,0,0,0,0.0,100.0,11.0,2,36,66,1,66.0,11.0,36.0,1/39,0,0,36.11,0,0,0,0,,0,,0,0,0,,36,11.0,1,0,1,0.0,0,,0
0f1d9054,1078694,S Brathwaite,S Brathwaite,Barbados Tridents,2026-08-25,2026-08-28,2,2,0,20,29,13,10.0,68.97,0,0,2,1,10.34,68.97,2.0,0,0,0,0,,,,,0,0,,0,0,20,29,68.97,0,,0,0,0,,0,,0,0,0,,0,,0
8d474c63,1511916,ASIH Toppin,ASIH Toppin,Trinbago Knight Riders,2026-08-26,2026-08-29,3,0,0,0,0,0,,,0,0,0,0,,,,3,36,77,1,77.0,12.83,36.0,1/24,0,0,19.44,2,0,0,0,,0,,0,0,0,,24,11.25,0,0,0,,12,16.0,1
0677d2ad,52827,AP Richardson,AP Richardson,Jamaica Tallawahs,2013-08-18,2013-08-18,1,0,0,0,0,0,,,0,0,0,0,,,,1,18,20,1,20.0,6.67,18.0,1/20,0,0,55.56,1,0,0,0,,12,7.5,0,0,0,,0,,0,0,0,,6,5.0,1
96bb4af9,332187,KAM Corbin,KAM Corbin,Barbados Tridents,2015-07-26,2015-07-26,1,1,0,20,28,20,20.0,71.43,0,0,0,0,0.0,35.71,3.0,0,0,0,0,,,,,0,0,,0,0,3,6,50.0,0,,0,17,22,77.27,0,,0,0,0,,0,,0
9d50c7e1,230861,MP Siboto,MP Siboto,Joburg Super Kings,2023-01-11,2023-01-11,1,0,0,0,0,0,,,0,0,0,0,,,,1,12,39,1,39.0,19.5,12.0,1/39,0,0,16.67,0,0,0,0,,6,22.0,0,0,0,,0,,0,0,0,,6,17.0,1
2d7f2ba0,550209,WB Marshall,WB Marshall,MI Cape Town,2023-02-04,2023-02-06,2,2,0,20,21,16,10.0,95.24,0,0,3,0,14.29,47.62,2.0,0,0,0,0,,,,,0,0,,1,0,20,21,95.24,0,,0,0,0,,0,,0,0,0,,0,,0
ad19dda3,595439,N van Heerden,N van Heerden,MI Cape Town,2024-02-01,2024-02-03,2,0,0,0,0,0,,,0,0,0,0,,,,1,24,36,1,36.0,9.0,24.0,1/36,0,0,29.17,1,0,0,0,,0,,0,0,0,,18,7.0,1,0,0,,6,15.0,0
212aeedd,946483,N Peter,N Peter,Paarl Royals,2024-02-04,2025-01-25,2,0,0,0,0,0,,,0,0,0,0,,,,2,35,60,1,60.0,10.29,35.0,1/27,0,0,14.29,0,0,0,0,,0,,0,0,0,,24,9.5,0,0,0,,11,12.0,1
47c9f734,1427726,CJ King,CJ King,Durban's Super Giants,2025-02-01,2025-02-01,1,0,0,0,0,0,,,0,0,0,0,,,,1,18,17,1,17.0,5.67,18.0,1/17,0,0,33.33,0,0,0,0,,6,6.0,0,0,0,,12,5.5,1,0,0,,0,,0
e345cb6b,1479495,Janco Smit,Janco Smit,Joburg Super Kings,2025-12-27,2025-12-27,1,0,0,0,0,0,,,0,0,0,0,,,,1,24,37,1,37.0,9.25,24.0,1/37,0,0,45.83,0,0,0,0,,6,12.0,0,0,0,,18,8.33,1,0,0,,0,,0
1d3782c8,1103708,Uzair Khan,Uzair Khan,Gulf Giants,2025-01-18,2025-01-19,2,1,1,0,1,0*,,0.0,0,0,0,0,0.0,100.0,9.0,2,12,24,1,24.0,12.0,12.0,1/12,0,0,8.33,1,0,0,0,,6,12.0,1,0,0,,6,12.0,0,0,1,0.0,0,,0
6eec260b,1163753,Minhajul Abedin Afridi,Minhajul Abedin Afridi,Rajshahi Royals,2019-02-02,2019-12-13,3,0,0,0,0,0,,,0,0,0,0,,,,2,21,20,1,20.0,5.71,21.0,1/8,0,0,47.62,1,0,0,0,,0,,0,0,0,,18,6.67,0,0,0,,3,0.0,1
a2230df5,1343908,Rohanat Doullah Borson,Rohanat Doullah Borson,Comilla Victorians,2024-02-26,2024-03-01,2,0,0,0,0,0,,,0,0,0,0,,,,2,24,36,1,36.0,9.0,24.0,1/21,0,0,41.67,1,0,0,0,,18,9.0,1,0,0,,6,9.0,0,0,0,,0,,0
26ccdb37,56264,Abdullah Al Mamun,Abdullah Al Mamun,Rangpur Riders,2015-12-13,2015-12-13,1,1,0,20,23,20,20.0,86.96,0,0,1,1,8.7,52.17,2.0,0,0,0,0,,,,,0,0,,0,0,12,12,100.0,0,,0,8,11,72.73,0,,0,0,0,,0,,0
ef6aea67,465797,PHT Kaushal,PHT Kaushal,Colombo Kings,2020-12-04,2020-12-11,5,1,0,0,1,0,0.0,0.0,0,0,0,0,0.0,100.0,10.0,5,66,100,1,100.0,9.09,66.0,1/22,0,0,25.76,1,0,0,0,,0,,0,0,0,,60,8.4,1,0,1,0.0,6,16.0,0
9e3f1cc4,1162381,A Daniel,A Daniel,Kandy Falcons,2022-12-06,2022-12-12,4,0,0,0,0,0,,,0,0,0,0,,,,2,24,32,1,32.0,8.0,24.0,1/22,0,0,37.5,1,0,0,0,,0,,0,0,0,,18,9.0,1,0,0,,6,5.0,0
96f5b685,1276396,AA Paradkar,AA Paradkar,Washington Freedom,2025-06-14,2025-06-14,1,0,0,0,0,0,,,0,0,0,0,,,,1,18,32,1,32.0,10.67,18.0,1/32,0,0,44.44,0,0,0,0,,6,13.0,0,0,0,,6,10.0,0,0,0,,6,9.0,1
170f716c,568983,AJ Mellor,AJ Mellor,Warwickshire,2016-07-29,2019-08-30,9,5,2,20,26,10*,6.67,76.92,0,0,0,0,0.0,42.31,8.8,0,0,0,0,,,,,0,0,,4,0,0,0,,0,,0,0,0,,0,,0,20,26,76.92,0,,0
b8701e6d,1145108,GA Garrett,GA Garrett,Birmingham Bears,2019-08-27,2019-08-30,2,0,0,0,0,0,,,0,0,0,0,,,,2,24,39,1,39.0,9.75,24.0,1/19,0,0,16.67,0,0,0,0,,6,20.0,0,0,0,,12,6.0,1,0,0,,6,7.0,0
67b9d235,1181702,J Banton,J Banton,Worcestershire,2022-06-09,2022-06-09,1,1,0,0,1,0,0.0,0.0,0,0,0,0,0.0,100.0,8.0,1,6,6,1,6.0,6.0,6.0,1/6,0,0,50.0,0,0,0,0,,6,6.0,1,0,1,0.0,0,,0,0,0,,0,,0
92205bc7,1071011,MG Booth,MG Booth,Birmingham Bears,2024-06-21,2024-06-21,1,0,0,0,0,0,,,0,0,0,0,,,,1,6,11,1,11.0,11.0,6.0,1/11,0,0,66.67,0,0,0,0,,6,11.0,1,0,0,,0,,0,0,0,,0,,0
bf659c0f,1278003,AM Foreman,AM Foreman,Kent,2026-05-25,2026-05-25,1,0,0,0,0,0,,,0,0,0,0,,,,1,12,25,1,25.0,12.5,12.0,1/25,0,0,25.0,0,0,0,0,,6,13.0,0,0,0,,6,12.0,1,0,0,,0,,0
c3d639f8,18238,OJ Newby,OJ Newby,Essex,2014-05-17,2014-05-17,1,0,0,0,0,0,,,0,0,0,0,,,,1,12,12,1,12.0,6.0,12.0,1/12,0,0,25.0,1,0,0,0,,12,6.0,1,0,0,,0,,0,0,0,,0,,0
5147c792,405692,JS Sykes,JS Sykes,Leicestershire,2014-06-06,2015-06-19,3,0,0,0,0,0,,,0,0,0,0,,,,3,60,80,1,80.0,8.0,60.0,1/22,0,0,21.67,0,0,0,0,,18,7.67,0,0,0,,36,8.5,1,0,0,,6,6.0,0
971c3f6d,364329,FRJ Coleman,FRJ Coleman,Warwickshire,2014-07-08,2014-07-08,1,1,1,20,14,20*,,142.86,0,0,3,0,21.43,28.57,7.0,0,0,0,0,,,,,0,0,,0,0,0,0,,0,,0,0,0,,0,,0,20,14,142.86,0,,0
cdaf93fc,39905,Adeel Malik,Adeel Malik,Essex,2015-05-15,2015-06-05,2,1,0,0,0,0,0.0,,0,0,0,0,,,9.0,2,24,42,1,42.0,10.5,24.0,1/29,0,0,25.0,0,0,0,0,,0,,0,0,0,,24,10.5,1,0,0,,0,,0
c8574282,497543,MD Craig,MD Craig,Otago,2013-01-20,2017-12-26,4,2,0,20,19,19,10.0,105.26,0,0,0,1,5.26,42.11,5.0,4,48,65,0,,8.12,,0/9,0,0,27.08,3,0,2,5,40.0,18,9.33,0,18,14,128.57,24,7.25,0,0,0,,6,8.0,0
678a8133,982835,LR Dudding,LR Dudding,Central Districts,2023-01-05,2025-01-01,2,0,0,0,0,0,,,0,0,0,0,,,,2,30,51,1,51.0,10.2,30.0,1/24,0,0,33.33,0,0,0,0,,24,12.0,0,0,0,,6,3.0,1,0,0,,0,,0
2ee7206c,1412751,LD Watson,LD Watson,Auckland,2026-01-06,2026-01-10,2,2,0,20,23,11,10.0,86.96,0,0,2,1,13.04,60.87,2.0,0,0,0,0,,,,,0,0,,1,0,18,19,94.74,0,,0,2,4,50.0,0,,0,0,0,,0,,0
1b3acd33,36590,MD Bates,MD Bates,Auckland,2014-01-03,2014-01-03,1,0,0,0,0,0,,,0,0,0,0,,,,1,12,3,1,3.0,1.5,12.0,1/3,0,0,75.0,2,0,0,0,,12,1.5,1,0,0,,0,,0,0,0,,0,,0
441c72ae,1159712,P Ray Barman,P Ray Barman,Royal Challengers Bangalore,2019-03-31,2019-03-31,1,1,0,19,24,19,19.0,79.17,0,0,2,0,8.33,45.83,8.0,1,24,56,0,,14.0,,0/56,0,0,8.33,0,0,0,0,,0,,0,19,23,82.61,18,12.0,0,0,1,0.0,6,20.0,0
c1e53c3f,1327722,R Smaran,R Smaran,Sunrisers Hyderabad,2026-05-03,2026-05-27,6,4,1,19,25,9,6.33,76.0,0,0,3,0,12.0,60.0,5.0,0,0,0,0,,,,,0,0,,4,0,10,19,52.63,0,,0,4,4,100.0,0,,0,5,2,250.0,0,,0
6165bca6,302582,A Mukund,A Mukund,Chennai Super Kings,2008-05-24,2013-04-29,3,2,0,19,22,19,9.5,86.36,0,0,1,0,4.55,36.36,4.5,0,0,0,0,,,,,0,0,,3,0,14,15,93.33,0,,0,5,6,83.33,0,,0,0,1,0.0,0,,0
4d5a1617,236766,R Bishnoi,R Bishnoi,Royal Challengers Bangalore,2009-04-20,2009-05-01,3,3,0,19,17,18,6.33,111.76,0,0,1,2,17.65,64.71,6.0,0,0,0,0,,,,,0,0,,1,0,18,14,128.57,0,,0,0,1,0.0,0,,0,1,2,50.0,0,,0
69762509,6513,DR Martyn,DR Martyn,Rajasthan Royals,2010-03-18,2010-03-18,1,1,0,19,24,19,19.0,79.17,0,0,1,0,4.17,33.33,3.0,0,0,0,0,,,,,0,0,,0,0,1,3,33.33,0,,0,13,18,72.22,0,,0,5,3,166.67,0,,0
bae11797,28830,Y Gnaneswara Rao,Y Gnaneswara Rao,Kochi Tuskers Kerala,2011-05-15,2011-05-18,2,1,0,19,17,19,19.0,111.76,0,0,3,0,17.65,47.06,3.0,1,6,7,0,,7.0,,0/7,0,0,50.0,2,0,15,13,115.38,0,,0,4,4,100.0,6,7.0,0,0,0,,0,,0
ebaeab6b,571788,NL Bertus,NL Bertus,Sydney Sixers,2022-01-22,2022-01-28,2,2,0,19,22,15,9.5,86.36,0,0,0,0,0.0,31.82,3.5,0,0,0,0,,,,,0,0,,0,0,18,19,94.74,0,,0,1,3,33.33,0,,0,0,0,,0,,0
8998a68f,1159734,Sumit Kumar,Sumit Kumar,Delhi Capitals,2024-03-23,2024-04-17,4,3,1,18,24,9*,9.0,75.0,0,0,2,1,12.5,70.83,7.3,2,20,38,0,,11.4,,0/19,0,0,20.0,1,0,0,2,0.0,0,,0,16,12,133.33,18,10.0,0,2,10,20.0,2,24.0,0
9e7225b0,1287369,Saurav Chauhan,Saurav Chauhan,Royal Challengers Bengaluru,2024-04-06,2024-04-15,3,3,0,18,15,9,6.0,120.0,0,0,1,1,13.33,40.0,5.7,0,0,0,0,,,,,0,0,,0,0,0,0,,0,,0,1,2,50.0,0,,0,17,13,130.77,0,,0
53fe6ee4,6285,DS Lehmann,DS Lehmann,Rajasthan Royals,2008-04-19,2008-04-21,2,2,0,18,18,17,9.0,100.0,0,0,3,0,16.67,50.0,5.0,0,0,0,0,,,,,0,0,,0,0,4,3,133.33,0,,0,14,15,93.33,0,,0,0,0,,0,,0
a830c083,46208,ND McKenzie,ND McKenzie,Barbados Tridents,2014-07-12,2014-08-07,5,4,0,18,38,9,4.5,47.37,0,0,0,0,0.0,57.89,4.5,0,0,0,0,,,,,0,0,,2,0,0,2,0.0,0,,0,18,36,50.0,0,,0,0,0,,0,,0
ba4d600a,362603,Shafiqullah,Shafiqullah,Sylhet Thunder,2019-12-14,2020-01-03,3,3,0,18,19,10,6.0,94.74,0,0,0,2,10.53,57.89,4.3,0,0,0,0,,,,,0,0,,1,0,8,10,80.0,0,,0,10,9,111.11,0,,0,0,0,,0,,0
c5928dec,301236,HDRL Thirimanne,HDRL Thirimanne,Dhaka Dynamites,2015-11-27,2015-12-01,2,2,0,18,13,13,9.0,138.46,0,0,2,0,15.38,23.08,4.0,0,0,0,0,,,,,0,0,,1,0,2,2,100.0,0,,0,13,7,185.71,0,,0,3,4,75.0,0,,0
00863408,953285,MTMMJ Ave,MTMMJ Ave,Central Districts,2021-12-31,2023-02-03,4,3,0,18,26,12,6.0,69.23,0,0,2,0,7.69,57.69,3.0,0,0,0,0,,,,,0,0,,2,0,12,13,92.31,0,,0,6,13,46.15,0,,0,0,0,,0,,0
c8d0314b,385571,TD Cruickshank,TD Cruickshank,Sydney Thunder,2011-12-30,2012-01-17,3,3,0,17,30,15,5.67,56.67,0,0,1,1,6.67,76.67,3.7,0,0,0,0,,,,,0,0,,0,0,14,22,63.64,0,,0,1,4,25.0,0,,0,2,4,50.0,0,,0
d87404b4,5104,TP Doropoulos,TP Doropoulos,Adelaide Strikers,2012-12-09,2013-01-20,4,4,1,17,21,12*,5.67,80.95,0,0,3,0,14.29,61.9,5.8,2,12,25,0,,12.5,,0/12,0,0,25.0,1,0,4,3,133.33,0,,0,1,6,16.67,12,12.5,0,12,12,100.0,0,,0
13dd482e,1072463,Nasir Nawaz,Nasir Nawaz,Islamabad United,2019-03-01,2022-02-20,2,2,0,17,22,14,8.5,77.27,0,0,0,0,0.0,40.91,3.5,0,0,0,0,,,,,0,0,,1,0,13,14,92.86,0,,0,1,3,33.33,0,,0,3,5,60.0,0,,0
89ffd337,55889,Faisal Hossain,Faisal Hossain,Chittagong Kings,2012-02-12,2012-02-12,1,1,1,17,19,17*,,89.47,0,0,0,0,0.0,42.11,6.0,0,0,0,0,,,,,0,0,,0,0,0,0,,0,,0,3,4,75.0,0,,0,14,15,93.33,0,,0
693af62a,1153257,AH Miller,AH Miller,Northamptonshire,2024-07-07,2026-07-10,7,4,2,17,12,8*,8.5,141.67,0,0,1,1,16.67,25.0,8.0,2,12,30,0,,15.0,,0/12,0,0,16.67,2,0,0,0,,0,,0,0,0,,12,15.0,0,17,12,141.67,0,,0
57e1d7e4,698321,R de Swardt,R de Swardt,Leicestershire,2026-07-08,2026-07-12,3,3,0,17,19,15,5.67,89.47,0,0,2,0,10.53,47.37,7.0,2,24,43,0,,10.75,,0/21,0,0,25.0,1,0,0,0,,12,15.0,0,17,19,89.47,12,6.5,0,0,0,,0,,0
47190c4a,459509,AWR Barrow,AWR Barrow,Somerset,2016-07-08,2016-07-08,1,1,1,17,19,17*,,89.47,0,0,1,0,5.26,31.58,7.0,0,0,0,0,,,,,0,0,,0,0,0,0,,0,,0,6,9,66.67,0,,0,11,10,110.0,0,,0
39ed0d2f,1246518,KS Sharma,KS Sharma,Lucknow Super Giants,2022-05-10,2023-05-20,3,3,0,16,25,9,5.33,64.0,0,0,1,0,4.0,48.0,2.7,0,0,0,0,,,,,0,0,,0,0,10,15,66.67,0,,0,6,10,60.0,0,,0,0,0,,0,,0
dd7e9b3b,1292498,YV Dhull,YV Dhull,Delhi Capitals,2023-04-11,2023-05-20,4,3,0,16,23,13,5.33,69.57,0,0,1,0,4.35,43.48,4.3,0,0,0,0,,,,,0,0,,2,0,2,9,22.22,0,,0,14,14,100.0,0,,0,0,0,,0,,0
bc3e60ae,1278861,Hamayun Altaf,Hamayun Altaf,Multan Sultans,2025-05-18,2025-05-18,1,1,0,16,13,16,16.0,123.08,0,0,2,0,15.38,38.46,5.0,0,0,0,0,,,,,0,0,,0,0,0,0,,0,,0,16,13,123.08,0,,0,0,0,,0,,0
68790da2,742489,N Brand,N Brand,Joburg Super Kings,2023-01-21,2023-01-24,2,1,0,16,16,16,16.0,100.0,0,0,2,0,12.5,43.75,3.0,2,24,35,0,,8.75,,0/7,0,0,20.83,1,0,11,9,122.22,0,,0,5,7,71.43,24,8.75,0,0,0,,0,,0
53bc7b84,56266,Aftab Ahmed,Aftab Ahmed,Chittagong Kings,2012-02-14,2013-02-14,3,3,1,16,21,9,8.0,76.19,0,0,1,0,4.76,38.1,6.3,1,6,16,0,,16.0,,0/16,0,0,0.0,0,0,0,0,,0,,0,5,9,55.56,0,,0,11,12,91.67,6,16.0,0
981b9303,786645,Sammu Ashan,Sammu Ashan,Jaffna Kings,2021-12-05,2022-12-06,2,2,0,16,21,15,8.0,76.19,0,0,1,0,4.76,42.86,6.0,1,6,5,0,,5.0,,0/5,0,0,33.33,0,0,0,0,,0,,0,15,19,78.95,6,5.0,0,1,2,50.0,0,,0
f350fb5f,1172653,TJ MacRury,TJ MacRury,Canterbury,2019-01-26,2019-02-02,2,2,0,16,21,16,8.0,76.19,0,0,2,0,9.52,61.9,2.0,0,0,0,0,,,,,0,0,,0,0,16,21,76.19,0,,0,0,0,,0,,0,0,0,,0,,0
9601c534,422342,SD Lad,SD Lad,Mumbai Indians,2019-04-10,2019-04-10,1,1,0,15,13,15,15.0,115.38,0,0,1,1,15.38,61.54,2.0,0,0,0,0,,,,,0,0,,0,0,15,13,115.38,0,,0,0,0,,0,,0,0,0,,0,,0
26d76ad9,720465,Virat Singh,Virat Singh,Sunrisers Hyderabad,2021-04-17,2021-04-25,3,2,0,15,26,11,7.5,57.69,0,0,1,0,3.85,53.85,4.0,0,0,0,0,,,,,0,0,,2,0,0,2,0.0,0,,0,15,24,62.5,0,,0,0,0,,0,,0
2eeb4370,31104,C Madan,C Madan,Mumbai Indians,2010-04-13,2010-04-13,1,1,0,15,19,15,15.0,78.95,0,0,3,0,15.79,68.42,1.0,0,0,0,0,,,,,0,0,,0,0,15,19,78.95,0,,0,0,0,,0,,0,0,0,,0,,0
30811a4b,333766,TJ Armstrong,TJ Armstrong,Sydney Thunder,2012-01-08,2013-12-26,3,2,0,15,29,11,7.5,51.72,0,0,1,0,3.45,65.52,6.0,0,0,0,0,,,,,0,0,,1,0,0,0,,0,,0,4,18,22.22,0,,0,11,11,100.0,0,,0
0251a22f,1199393,Abdul Bangalzai,Abdul Bangalzai,Quetta Gladiators,2022-02-03,2023-02-21,5,4,0,15,23,14,3.75,65.22,0,0,0,1,4.35,56.52,2.5,0,0,0,0,,,,,0,0,,0,0,15,23,65.22,0,,0,0,0,,0,,0,0,0,,0,,0
1a772306,276297,Akbar-ur-Rehman,Akbar-ur-Rehman,Quetta Gladiators,2016-02-04,2016-02-14,7,3,0,15,19,11,5.0,78.95,0,0,1,0,5.26,47.37,6.0,3,24,29,0,,7.25,,0/3,0,0,37.5,3,0,1,4,25.0,0,,0,12,13,92.31,24,7.25,0,2,2,100.0,0,,0
a9d595ee,1294456,R Herrmann,R Herrmann,Joburg Super Kings,2024-01-13,2024-01-15,2,2,0,15,17,9,7.5,88.24,0,0,2,0,11.76,52.94,3.0,0,0,0,0,,,,,0,0,,1,0,10,9,111.11,0,,0,5,8,62.5,0,,0,0,0,,0,,0
baae12df,1282470,S Rajapaksa,S Rajapaksa,Galle Marvels,2024-07-15,2024-07-15,1,1,0,15,17,15,15.0,88.24,0,0,2,0,11.76,47.06,4.0,0,0,0,0,,,,,0,0,,0,0,5,6,83.33,0,,0,10,11,90.91,0,,0,0,0,,0,,0
7c3c0337,1159732,Auqib Nabi,Auqib Nabi,Delhi Capitals,2026-04-11,2026-05-24,5,2,1,14,4,10*,14.0,350.0,0,0,2,1,75.0,25.0,8.5,5,78,149,0,,11.46,,0/17,0,0,30.77,1,0,0,0,,72,11.58,0,4,1,400.0,6,10.0,0,10,3,333.33,0,,0
9531d48f,1364325,VS Halambage,VS Halambage,Kandy Royals,2025-12-27,2026-07-21,3,3,0,14,20,7,4.67,70.0,0,0,2,0,10.0,60.0,1.7,0,0,0,0,,,,,0,0,,1,0,14,20,70.0,0,,0,0,0,,0,,0,0,0,,0,,0
29e676b0,596489,R Moonsamy,R Moonsamy,Joburg Super Kings,2026-01-14,2026-01-22,3,3,0,14,27,10,4.67,51.85,0,0,0,1,3.7,70.37,2.0,0,0,0,0,,,,,0,0,,1,0,14,27,51.85,0,,0,0,0,,0,,0,0,0,,0,,0
9e432a38,1141545,Khalid Shah,Khalid Shah,Dubai Capitals,2025-01-20,2025-01-28,4,3,0,14,16,10,4.67,87.5,0,0,1,1,12.5,68.75,4.0,0,0,0,0,,,,,0,0,,1,0,6,9,66.67,0,,0,8,7,114.29,0,,0,0,0,,0,,0
d12cead8,1098178,Zain-ul-Hassan,Zain-ul-Hassan,Glamorgan,2023-06-02,2023-06-16,3,2,1,14,9,11,14.0,155.56,0,0,2,0,22.22,33.33,7.5,3,54,114,0,,12.67,,0/23,0,0,11.11,1,0,0,0,,12,13.0,0,0,0,,36,12.0,0,14,9,155.56,6,16.0,0
8e510697,258511,DJ Redfern,DJ Redfern,Leicestershire,2014-06-20,2014-07-25,2,2,0,14,12,14,7.0,116.67,0,0,2,0,16.67,41.67,4.5,2,36,45,0,,7.5,,0/18,0,0,33.33,2,0,0,2,0.0,18,6.0,0,14,10,140.0,12,7.5,0,0,0,,6,12.0,0
faa7365d,590327,DR Shorey,DR Shorey,Chennai Super Kings,2018-05-05,2019-04-26,2,2,0,13,17,8,6.5,76.47,0,0,0,1,5.88,52.94,5.0,0,0,0,0,,,,,0,0,,0,0,0,0,,0,,0,13,17,76.47,0,,0,0,0,,0,,0
f48cf4da,32389,DT Patil,DT Patil,Royal Challengers Bangalore,2008-05-05,2008-05-17,2,2,0,13,13,9,6.5,100.0,0,0,1,0,7.69,38.46,7.5,0,0,0,0,,,,,0,0,,2,0,0,0,,0,,0,9,12,75.0,0,,0,4,1,400.0,0,,0
96ab3402,670039,LS Lugg,LS Lugg,St Lucia Kings,2022-09-01,2022-09-01,1,1,0,13,21,13,13.0,61.9,0,0,1,0,4.76,52.38,2.0,0,0,0,0,,,,,0,0,,1,0,13,21,61.9,0,,0,0,0,,0,,0,0,0,,0,,0
71a110dd,1342552,JF Jeremiah,JF Jeremiah,St Lucia Kings,2024-10-02,2026-08-21,3,3,1,13,17,11,6.5,76.47,0,0,2,0,11.76,64.71,4.0,0,0,0,0,,,,,0,0,,1,0,11,10,110.0,0,,0,1,4,25.0,0,,0,1,3,33.33,0,,0
2f838fa4,1070739,M Boast,M Boast,Pretoria Capitals,2025-02-02,2025-02-02,1,1,0,13,9,13,13.0,144.44,0,0,1,1,22.22,55.56,9.0,1,12,35,0,,17.5,,0/35,0,0,8.33,1,0,0,0,,6,16.0,0,13,9,144.44,6,19.0,0,0,0,,0,,0
003e7738,55929,Imtiaz Hossain,Imtiaz Hossain,Sylhet Royals,2013-02-13,2013-02-13,1,1,0,13,11,13,13.0,118.18,0,0,3,0,27.27,63.64,3.0,0,0,0,0,,,,,0,0,,0,0,13,11,118.18,0,,0,0,0,,0,,0,0,0,,0,,0
77708937,1214967,S de Livera,S de Livera,Galle Titans,2023-08-11,2023-08-19,3,2,0,13,15,12,6.5,86.67,0,0,1,0,6.67,46.67,4.5,0,0,0,0,,,,,0,0,,3,1,1,4,25.0,0,,0,12,11,109.09,0,,0,0,0,,0,,0
40737b8d,1403162,AD Chopra,AD Chopra,MI New York,2025-06-13,2025-06-15,2,2,0,13,15,8,6.5,86.67,0,0,3,0,20.0,73.33,1.0,0,0,0,0,,,,,0,0,,0,0,13,15,86.67,0,,0,0,0,,0,,0,0,0,,0,,0
270ffa69,259772,MA Thornely,MA Thornely,Leicestershire,2014-05-23,2014-06-01,2,1,1,13,10,13*,,130.0,0,0,1,0,10.0,20.0,7.0,0,0,0,0,,,,,0,0,,0,0,0,0,,0,,0,0,0,,0,,0,13,10,130.0,0,,0
a11be10c,1240507,MW Hay,MW Hay,Canterbury,2020-12-29,2023-12-30,5,2,0,13,14,11,6.5,92.86,0,0,2,0,14.29,50.0,7.0,0,0,0,0,,,,,0,0,,0,0,0,0,,0,,0,11,10,110.0,0,,0,2,4,50.0,0,,0
afe3355a,327123,AR Bawne,AR Bawne,Delhi Daredevils,2017-04-28,2017-04-28,1,1,1,12,12,12*,,100.0,0,0,1,0,8.33,33.33,7.0,0,0,0,0,,,,,0,0,,0,0,0,0,,0,,0,0,0,,0,,0,12,12,100.0,0,,0
bafd0398,1350762,R Minz,R Minz,Mumbai Indians,2025-03-23,2026-05-02,4,4,1,12,19,5,4.0,63.16,0,0,1,0,5.26,57.89,6.2,0,0,0,0,,,,,0,0,,0,0,0,0,,0,,0,6,15,40.0,0,,0,6,4,150.0,0,,0
f12fe2a1,1460372,T Dahiya,T Dahiya,Kolkata Knight Riders,2026-05-20,2026-05-24,2,2,0,12,15,11,6.0,80.0,0,0,2,0,13.33,60.0,7.0,0,0,0,0,,,,,0,0,,1,0,0,0,,0,,0,1,3,33.33,0,,0,11,12,91.67,0,,0
27e71d47,431876,K Upadhyay,K Upadhyay,Pune Warriors,2012-05-11,2013-05-09,3,2,2,12,9,11*,,133.33,0,0,0,1,11.11,33.33,11.0,3,54,81,0,,9.0,,0/19,0,0,37.04,1,0,0,0,,36,9.83,0,0,0,,18,7.33,0,12,9,133.33,0,,0
b960524d,1139518,Pritom Kumar,Pritom Kumar,Fortune Barishal,2024-01-23,2025-01-06,3,3,0,12,21,8,4.0,57.14,0,0,1,0,4.76,61.9,2.7,0,0,0,0,,,,,0,0,,3,0,12,21,57.14,0,,0,0,0,,0,,0,0,0,,0,,0
40caa465,331855,T Kohli,T Kohli,Rajasthan Royals,2008-04-19,2009-04-21,4,4,1,11,19,7,3.67,57.89,0,0,0,1,5.26,68.42,5.5,0,0,0,0,,,,,0,0,,1,0,7,12,58.33,0,,0,0,0,,0,,0,4,7,57.14,0,,0
1e0d5c4d,505118,MJ Buchanan,MJ Buchanan,Melbourne Renegades,2011-12-18,2011-12-18,1,1,0,11,17,11,11.0,64.71,0,0,1,0,5.88,58.82,2.0,0,0,0,0,,,,,0,0,,0,0,11,17,64.71,0,,0,0,0,,0,,0,0,0,,0,,0
2834ae2d,771649,RO Cato,RO Cato,St Lucia Zouks,2019-09-12,2019-09-15,2,2,0,11,15,10,5.5,73.33,0,0,2,0,13.33,66.67,4.5,0,0,0,0,,,,,0,0,,1,0,10,12,83.33,0,,0,0,0,,0,,0,1,3,33.33,0,,0
f25cebec,596137,C Fortuin,C Fortuin,Pretoria Capitals,2023-01-23,2023-01-23,1,1,0,11,14,11,11.0,78.57,0,0,0,0,0.0,42.86,6.0,0,0,0,0,,,,,0,0,,0,0,0,0,,0,,0,11,14,78.57,0,,0,0,0,,0,,0
730d2283,1460539,Saghir Khan,Saghir Khan,Gulf Giants,2025-01-12,2025-12-26,6,2,0,11,6,11,5.5,183.33,0,0,1,1,33.33,50.0,8.5,2,18,20,0,,6.67,,0/9,0,0,27.78,1,0,0,0,,0,,0,0,0,,18,6.67,0,11,6,183.33,0,,0
600dce49,429947,Yashodha Lanka,Yashodha Lanka,Colombo Strikers,2023-07-30,2023-07-30,1,1,0,11,16,11,11.0,68.75,0,0,1,0,6.25,56.25,6.0,0,0,0,0,,,,,0,0,,0,0,0,0,,0,,0,9,14,64.29,0,,0,2,2,100.0,0,,0
47f7b2cf,465093,RG White,RG White,Middlesex,2018-08-03,2018-08-09,3,2,1,11,11,11*,11.0,100.0,0,0,1,0,9.09,45.45,7.5,0,0,0,0,,,,,0,0,,1,0,0,0,,0,,0,0,2,0.0,0,,0,11,9,122.22,0,,0
ae01eb1e,462292,HR Hosein,HR Hosein,Derbyshire,2016-07-01,2020-09-13,9,4,4,11,11,10*,,100.0,0,0,0,0,0.0,9.09,9.8,0,0,0,0,,,,,0,0,,8,0,0,0,,0,,0,0,0,,0,,0,11,11,100.0,0,,0
e898ab57,641395,SJ Pearce,SJ Pearce,Glamorgan,2021-06-29,2021-07-18,4,3,1,11,13,5,5.5,84.62,0,0,1,0,7.69,46.15,8.3,4,68,117,0,,10.32,,0/14,0,0,26.47,1,0,0,0,,12,11.5,0,1,1,100.0,56,10.07,0,10,12,83.33,0,,0
e59077ea,1265961,SSE Gumbs,SSE Gumbs,Leicestershire,2026-07-10,2026-07-10,1,1,0,11,11,11,11.0,100.0,0,0,2,0,18.18,54.55,3.0,0,0,0,0,,,,,0,0,,1,0,11,11,100.0,0,,0,0,0,,0,,0,0,0,,0,,0
62faf735,216596,DM Housego,DM Housego,Gloucestershire,2014-06-06,2014-06-13,3,2,1,11,16,6*,11.0,68.75,0,0,0,0,0.0,50.0,6.5,0,0,0,0,,,,,0,0,,3,0,0,0,,0,,0,5,11,45.45,0,,0,6,5,120.0,0,,0
cece48c0,277913,BP Rodden,BP Rodden,Auckland,2020-12-24,2020-12-31,3,2,0,11,11,6,5.5,100.0,0,0,1,0,9.09,36.36,7.0,0,0,0,0,,,,,0,0,,1,0,0,0,,0,,0,7,7,100.0,0,,0,4,4,100.0,0,,0
e6f51ab7,1202441,KLD Vishvaka,KLD Vishvaka,Wellington,2023-01-04,2023-01-23,4,4,0,11,18,7,2.75,61.11,0,0,0,1,5.56,72.22,1.0,0,0,0,0,,,,,0,0,,0,0,11,18,61.11,0,,0,0,0,,0,,0,0,0,,0,,0
b63e358a,642531,RK Bhui,RK Bhui,Sunrisers Hyderabad,2018-04-22,2024-03-28,4,4,0,10,26,7,2.5,38.46,0,0,0,0,0.0,69.23,3.2,0,0,0,0,,,,,0,0,,0,0,0,7,0.0,0,,0,10,18,55.56,0,,0,0,1,0.0,0,,0
e48a4814,1454586,Krish Bhagat,Krish Bhagat,Mumbai Indians,2026-04-20,2026-05-02,3,2,1,10,21,7,10.0,47.62,0,0,0,0,0.0,57.14,8.5,3,36,63,0,,10.5,,0/10,0,0,41.67,1,0,0,0,,18,9.33,0,4,8,50.0,0,,0,6,13,46.15,18,11.67,0
1763bc6c,319744,X Thalaivan Sargunam,X Thalaivan Sargunam,Sunrisers Hyderabad,2013-04-25,2013-04-25,1,1,0,10,17,10,10.0,58.82,0,0,0,0,0.0,52.94,6.0,0,0,0,0,,,,,0,0,,0,0,0,0,,0,,0,8,14,57.14,0,,0,2,3,66.67,0,,0
782b4a8e,837609,JM Carder,JM Carder,Sydney Sixers,2022-01-26,2022-01-26,1,1,0,10,13,10,10.0,76.92,0,0,0,0,0.0,38.46,3.0,0,0,0,0,,,,,0,0,,0,0,5,8,62.5,0,,0,5,5,100.0,0,,0,0,0,,0,,0
439083c2,422015,AR Keath,AR Keath,Melbourne Stars,2013-01-16,2015-01-10,4,2,0,10,11,6,5.0,90.91,0,0,0,0,0.0,36.36,7.0,1,6,27,0,,27.0,,0/27,0,0,0.0,0,0,0,0,,6,27.0,0,1,3,33.33,0,,0,9,8,112.5,0,,0
cddafe26,1178586,V Aravind,V Aravind,Desert Vipers,2023-01-24,2026-01-04,10,3,2,10,13,4*,10.0,76.92,0,0,0,0,0.0,53.85,6.7,0,0,0,0,,,,,0,0,,5,1,3,7,42.86,0,,0,3,3,100.0,0,,0,4,3,133.33,0,,0
2d614d14,348082,Jashimuddin,Jashimuddin,Comilla Victorians,2016-11-14,2016-11-14,1,1,0,10,14,10,10.0,71.43,0,0,1,0,7.14,57.14,2.0,0,0,0,0,,,,,0,0,,0,1,10,14,71.43,0,,0,0,0,,0,,0,0,0,,0,,0
1d048deb,366725,BOP Fernando,BOP Fernando,Galle Gladiators,2020-11-28,2022-12-19,3,2,1,10,9,10*,10.0,111.11,0,0,0,1,11.11,44.44,2.5,0,0,0,0,,,,,0,0,,0,0,10,9,111.11,0,,0,0,0,,0,,0,0,0,,0,,0
34c7b9d2,772327,JM Cooke,JM Cooke,Glamorgan,2022-05-26,2022-05-27,2,1,1,10,6,10*,,166.67,0,0,2,0,33.33,33.33,7.0,0,0,0,0,,,,,0,0,,0,0,0,0,,0,,0,0,0,,0,,0,10,6,166.67,0,,0
d4e39566,1169066,B Nikitaras,B Nikitaras,Sydney Thunder,2023-01-19,2025-01-03,3,2,0,9,14,8,4.5,64.29,0,0,1,0,7.14,64.29,2.0,0,0,0,0,,,,,0,0,,1,0,9,14,64.29,0,,0,0,0,,0,,0,0,0,,0,,0
bcc154fa,1088164,Nabi Gul,Nabi Gul,Peshawar Zalmi,2019-03-15,2019-03-17,2,1,0,9,12,9,9.0,75.0,0,0,0,0,0.0,33.33,5.0,1,5,4,0,,4.8,,0/4,0,0,20.0,1,0,0,0,,0,,0,9,12,75.0,0,,0,0,0,,5,4.8,0
9b384e28,1361874,JP King,JP King,Joburg Super Kings,2025-02-05,2025-02-05,1,1,0,9,10,9,9.0,90.0,0,0,1,0,10.0,50.0,3.0,0,0,0,0,,,,,0,0,,0,0,4,5,80.0,0,,0,5,5,100.0,0,,0,0,0,,0,,0
5d69930d,946453,D Smith,Daniel Smith,Pretoria Capitals,2025-12-27,2025-12-27,1,1,0,9,12,9,9.0,75.0,0,0,1,0,8.33,58.33,6.0,0,0,0,0,,,,,0,0,,2,0,0,0,,0,,0,8,9,88.89,0,,0,1,3,33.33,0,,0
33f8789e,1061090,Riaz Hassan,Riaz Hassan,Dhaka Capitals,2025-01-10,2025-02-01,5,3,1,9,16,5,4.5,56.25,0,0,0,0,0.0,62.5,5.3,0,0,0,0,,,,,0,0,,1,0,0,4,0.0,0,,0,3,4,75.0,0,,0,6,8,75.0,0,,0
761590b6,1304696,Masood Gurbaz,Masood Gurbaz,Chattogram Royals,2025-12-26,2025-12-29,2,1,0,9,15,9,9.0,60.0,0,0,1,0,6.67,60.0,6.0,0,0,0,0,,,,,0,0,,2,0,0,0,,0,,0,9,15,60.0,0,,0,0,0,,0,,0
e1d6101f,361162,LAC Ruwansiri,LAC Ruwansiri,Galle Gladiators,2020-12-13,2020-12-13,1,1,0,9,14,9,9.0,64.29,0,0,0,0,0.0,42.86,7.0,0,0,0,0,,,,,0,0,,1,0,0,0,,0,,0,9,14,64.29,0,,0,0,0,,0,,0
40db4769,1364328,G Sanketh,G Sanketh,Kandy Royals,2024-07-06,2026-08-05,5,4,3,9,15,6*,9.0,60.0,0,0,1,0,6.67,60.0,10.5,5,94,203,0,,12.96,,0/19,0,0,22.34,1,0,0,0,,12,10.5,0,0,0,,54,13.67,0,9,15,60.0,28,12.64,0
a2500c86,1265084,HM Crawshaw,HM Crawshaw,Durham,2021-06-30,2021-07-09,3,2,0,9,7,5,4.5,128.57,0,0,2,0,28.57,57.14,9.5,3,30,46,0,,9.2,,0/10,0,0,30.0,0,0,0,0,,24,10.0,0,0,0,,6,6.0,0,9,7,128.57,0,,0
24b07267,1336571,HS Mustard,HS Mustard,Durham,2024-06-07,2024-06-08,2,1,0,9,11,9,9.0,81.82,0,0,1,0,9.09,54.55,7.0,0,0,0,0,,,,,0,0,,1,0,0,0,,0,,0,1,3,33.33,0,,0,8,8,100.0,0,,0
fe1e8fe9,1440260,J Minto,J Minto,Durham,2026-06-06,2026-06-06,1,1,1,9,8,9*,,112.5,0,0,1,0,12.5,37.5,9.0,1,12,25,0,,12.5,,0/25,0,0,41.67,1,0,0,0,,6,14.0,0,0,0,,6,11.0,0,9,8,112.5,0,,0
9c3c5dee,562086,TD Rouse,TD Rouse,Somerset,2016-07-15,2016-07-15,1,1,0,9,10,9,9.0,90.0,0,0,1,0,10.0,50.0,5.0,0,0,0,0,,,,,0,0,,1,0,0,0,,0,,0,9,10,90.0,0,,0,0,0,,0,,0
50276fee,566148,PJ Grieshaber,PJ Grieshaber,Gloucestershire,2016-08-10,2016-08-10,1,1,0,9,11,9,9.0,81.82,0,0,0,0,0.0,36.36,9.0,0,0,0,0,,,,,0,0,,0,0,0,0,,0,,0,7,7,100.0,0,,0,2,4,50.0,0,,0
8ac93ca2,500135,P Chopra,P Chopra,Rajasthan Royals,2018-05-11,2019-04-07,2,1,0,8,6,8,8.0,133.33,0,0,2,0,33.33,66.67,5.0,0,0,0,0,,,,,0,0,,0,0,0,0,,0,,0,8,6,133.33,0,,0,0,0,,0,,0
a76d10ba,35401,TM Srivastava,TM Srivastava,Kings XI Punjab,2008-04-27,2009-05-03,7,3,2,8,11,7,8.0,72.73,0,0,0,0,0.0,45.45,7.7,0,0,0,0,,,,,0,0,,2,0,0,0,,0,,0,2,4,50.0,0,,0,6,7,85.71,0,,0
2e5a9e70,1171130,Rizwan Mehmood,Rizwan Mehmood,Hyderabad Kingsmen,2026-03-26,2026-03-26,1,1,0,8,15,8,8.0,53.33,0,0,0,0,0.0,46.67,6.0,0,0,0,0,,,,,0,0,,2,0,0,0,,0,,0,8,15,53.33,0,,0,0,0,,0,,0
a227a3c7,1339134,Shahzaib Khan,Shahzaib Khan,Rawalpindiz,2026-04-18,2026-04-26,3,3,0,8,14,7,2.67,57.14,0,0,1,0,7.14,64.29,1.3,0,0,0,0,,,,,0,0,,0,0,8,14,57.14,0,,0,0,0,,0,,0,0,0,,0,,0
23a508f8,726101,DK Jacobs,DK Jacobs,Barbados Tridents,2017-08-20,2017-09-03,2,1,0,8,8,8,8.0,100.0,0,0,1,0,12.5,50.0,10.0,2,12,35,0,,17.5,,0/12,0,0,0.0,0,0,0,0,,0,,0,0,0,,12,17.5,0,8,8,100.0,0,,0
e6ce0f4a,1414159,S Kalyan,S Kalyan,Abu Dhabi Knight Riders,2024-01-31,2024-02-10,4,3,0,8,17,7,2.67,47.06,0,0,1,0,5.88,70.59,7.3,0,0,0,0,,,,,0,0,,1,0,1,2,50.0,0,,0,6,12,50.0,0,,0,1,3,33.33,0,,0
4c7c6f58,218430,RJMGM Rupasinghe,RJMGM Rupasinghe,Rangpur Riders,2016-11-30,2016-11-30,1,1,0,8,8,8,8.0,100.0,0,0,0,1,12.5,62.5,4.0,0,0,0,0,,,,,0,0,,0,0,8,8,100.0,0,,0,0,0,,0,,0,0,0,,0,,0
b82354b3,42433,Raza Ali Dar,Raza Ali Dar,Sylhet Royals,2012-02-19,2012-02-19,1,1,0,8,19,8,8.0,42.11,0,0,0,0,0.0,57.89,5.0,1,8,18,0,,13.5,,0/18,0,0,12.5,0,0,0,0,,6,13.0,0,8,19,42.11,2,15.0,0,0,0,,0,,0
93b6157d,1162436,Mohamed Shamaz,Mohamed Shamaz,Galle Gladiators,2021-12-12,2021-12-14,2,2,1,8,11,6*,8.0,72.73,0,0,0,0,0.0,45.45,7.0,0,0,0,0,,,,,0,0,,1,0,0,0,,0,,0,8,11,72.73,0,,0,0,0,,0,,0
600fa134,513355,RJ Montgomery,RJ Montgomery,Gloucestershire,2014-07-25,2014-07-25,1,1,1,8,4,8*,,200.0,0,0,0,1,25.0,50.0,9.0,1,18,50,0,,16.67,,0/50,0,0,22.22,0,0,0,0,,6,19.0,0,0,0,,12,15.5,0,8,4,200.0,0,,0
7023d182,220435,AN Ghosh,AN Ghosh,Kolkata Knight Riders,2009-04-27,2009-05-12,2,2,0,7,8,7,3.5,87.5,0,0,1,0,12.5,62.5,4.5,0,0,0,0,,,,,0,0,,1,0,7,7,100.0,0,,0,0,1,0.0,0,,0,0,0,,0,,0
943fd425,31088,I Malhotra,I Malhotra,Deccan Chargers,2011-05-05,2011-05-05,1,1,1,7,4,7*,,175.0,0,0,1,0,25.0,0.0,7.0,1,6,23,0,,23.0,,0/23,0,0,0.0,0,0,0,0,,0,,0,0,0,,6,23.0,0,7,4,175.0,0,,0
91b9300b,262533,UA Birla,UA Birla,Pune Warriors,2013-05-05,2013-05-09,2,1,0,7,14,7,7.0,50.0,0,0,1,0,7.14,71.43,4.0,0,0,0,0,,,,,0,0,,1,0,6,9,66.67,0,,0,1,5,20.0,0,,0,0,0,,0,,0
87addb93,384530,Adil Amin,Adil Amin,Peshawar Zalmi,2020-03-13,2020-03-13,1,1,1,7,7,7*,,100.0,0,0,1,0,14.29,42.86,8.0,0,0,0,0,,,,,0,0,,0,0,0,0,,0,,0,0,0,,0,,0,7,7,100.0,0,,0
5efbe408,1266706,Tahjibul Islam,Tahjibul Islam,Durdanto Dhaka,2024-02-09,2024-02-10,2,1,0,7,5,7,7.0,140.0,0,0,0,1,20.0,60.0,7.0,0,0,0,0,,,,,0,0,,1,0,0,0,,0,,0,7,5,140.0,0,,0,0,0,,0,,0
b743f01b,56160,Syed Rasel,Syed Rasel,Duronto Rajshahi,2012-02-11,2012-02-14,2,2,1,7,5,6*,7.0,140.0,0,0,1,0,20.0,40.0,10.0,2,24,46,0,,11.5,,0/13,0,0,33.33,1,0,0,0,,24,11.5,0,0,0,,0,,0,7,5,140.0,0,,0
020f0699,1303555,K Pathiratne,K Pathiratne,Kandy Falcons,2024-07-09,2024-07-10,2,1,1,7,13,7*,,53.85,0,0,0,0,0.0,61.54,9.0,0,0,0,0,,,,,0,0,,1,0,0,0,,0,,0,0,0,,0,,0,7,13,53.85,0,,0
8fdfa195,319465,SR Wells,SR Wells,Otago,2014-01-03,2014-01-03,1,1,0,7,6,7,7.0,116.67,0,0,1,0,16.67,33.33,7.0,0,0,0,0,,,,,0,0,,0,0,0,0,,0,,0,7,6,116.67,0,,0,0,0,,0,,0
5f5d3ad4,377437,SS Shaikh,SS Shaikh,Kolkata Knight Riders,2009-05-16,2009-05-20,2,1,0,6,7,6,6.0,85.71,0,0,1,0,14.29,57.14,7.0,0,0,0,0,,,,,0,0,,2,0,0,0,,0,,0,6,7,85.71,0,,0,0,0,,0,,0
43d9353a,1291729,Syed Faridoun,Syed Faridoun,Melbourne Stars,2021-12-05,2021-12-05,1,1,1,6,5,6*,,120.0,0,0,1,0,20.0,40.0,11.0,1,24,37,0,,9.25,,0/37,0,0,33.33,0,0,0,0,,6,5.0,0,6,5,120.0,12,11.5,0,0,0,,6,9.0,0
3207b7d2,1076394,Mohammad Taha,Mohammad Taha,Karachi Kings,2022-01-27,2022-02-06,5,2,0,6,11,6,3.0,54.55,0,0,0,0,0.0,54.55,8.0,1,24,32,0,,8.0,,0/32,0,0,16.67,0,0,0,0,,0,,0,6,11,54.55,18,9.0,0,0,0,,6,5.0,0
0b2f7328,1404710,Muhammad Riazullah,Muhammad Riazullah,Karachi Kings,2025-04-18,2025-04-18,1,1,0,6,9,6,6.0,66.67,0,0,0,0,0.0,33.33,4.0,0,0,0,0,,,,,0,0,,0,0,0,0,,0,,0,6,9,66.67,0,,0,0,0,,0,,0
a08a3c52,530816,LM Edward,LM Edward,St Lucia Kings,2022-09-11,2022-09-18,3,1,1,6,6,6*,,100.0,0,0,1,0,16.67,50.0,10.0,3,24,36,0,,9.0,,0/4,0,0,33.33,1,0,0,0,,18,10.67,0,0,0,,6,4.0,0,6,6,100.0,0,,0
7fe17a67,56158,Saghir Hossain,Saghir Hossain,Khulna Royal Bengals,2012-02-12,2012-02-26,3,1,0,6,15,6,6.0,40.0,0,0,1,0,6.67,80.0,9.0,0,0,0,0,,,,,0,0,,2,3,0,0,,0,,0,6,10,60.0,0,,0,0,5,0.0,0,,0
e59ec361,42383,Qaisar Abbas,Qaisar Abbas,Duronto Rajshahi,2012-02-14,2012-02-14,1,1,0,6,4,6,6.0,150.0,0,0,1,0,25.0,25.0,7.0,1,24,42,0,,10.5,,0/42,0,0,29.17,0,0,0,0,,12,10.5,0,0,0,,12,10.5,0,6,4,150.0,0,,0
0f71478c,307195,YSD Seneveratne,YSD Seneveratne,Dambulla Giants,2021-12-06,2021-12-06,1,1,0,6,7,6,6.0,85.71,0,0,0,0,0.0,28.57,5.0,0,0,0,0,,,,,0,0,,1,0,0,0,,0,,0,6,7,85.71,0,,0,0,0,,0,,0
aa844d38,985497,M Lakshan,M Lakshan,Colombo Stars,2022-12-06,2026-07-18,3,2,1,6,5,6*,6.0,120.0,0,0,1,0,20.0,40.0,9.5,2,24,53,0,,13.25,,0/20,0,0,8.33,0,0,0,0,,0,,0,6,3,200.0,24,13.25,0,0,2,0.0,0,,0
d4410428,596303,LEK Edirisinghe,LEK Edirisinghe,Dambulla Aura,2023-08-14,2023-08-14,1,1,0,6,6,6,6.0,100.0,0,0,1,0,16.67,50.0,3.0,0,0,0,0,,,,,0,0,,1,0,0,0,,0,,0,6,6,100.0,0,,0,0,0,,0,,0
e7199177,1070762,S van Staden,S van Staden,MI New York,2023-07-28,2023-07-28,1,1,0,6,12,6,6.0,50.0,0,0,1,0,8.33,75.0,2.0,0,0,0,0,,,,,0,0,,0,0,6,12,50.0,0,,0,0,0,,0,,0,0,0,,0,,0
2f979390,1260207,TW Boorman,TW Boorman,Gloucestershire,2025-07-18,2025-07-18,1,1,0,6,5,6,6.0,120.0,0,0,0,1,20.0,80.0,3.0,0,0,0,0,,,,,0,0,,0,0,6,5,120.0,0,,0,0,0,,0,,0,0,0,,0,,0
d0bec581,1261838,AR Shetty,Arav Shetty,Lancashire,2025-09-13,2025-09-13,1,1,0,6,9,6,6.0,66.67,0,0,0,0,0.0,44.44,6.0,0,0,0,0,,,,,0,0,,0,0,0,0,,0,,0,6,9,66.67,0,,0,0,0,,0,,0
7db8d00b,10610,WD Bragg,WD Bragg,Glamorgan,2015-05-22,2015-05-22,1,1,0,6,6,6,6.0,100.0,0,0,1,0,16.67,50.0,4.0,0,0,0,0,,,,,0,0,,0,0,0,0,,0,,0,6,6,100.0,0,,0,0,0,,0,,0
6fe62d00,1387156,R Mudford,R Mudford,Auckland,2025-01-13,2025-01-27,3,2,1,6,11,6*,6.0,54.55,0,0,0,0,0.0,54.55,8.0,0,0,0,0,,,,,0,0,,0,0,0,0,,0,,0,0,0,,0,,0,6,11,54.55,0,,0
7f87204d,467420,SP Terry,SP Terry,Perth Scorchers,2015-07-14,2019-02-09,2,2,0,5,8,4,2.5,62.5,0,0,0,0,0.0,50.0,6.5,0,0,0,0,,,,,0,0,,1,0,0,0,,0,,0,1,3,33.33,0,,0,4,5,80.0,0,,0
b1d5b43c,262161,JD Smith,JD Smith,Adelaide Strikers,2012-12-13,2012-12-13,1,1,0,5,9,5,5.0,55.56,0,0,0,0,0.0,44.44,1.0,0,0,0,0,,,,,0,0,,0,0,5,9,55.56,0,,0,0,0,,0,,0,0,0,,0,,0
a76d4082,1411891,T Suri,T Suri,Desert Vipers,2024-01-21,2025-01-22,7,2,1,5,4,5*,5.0,125.0,0,0,1,0,25.0,50.0,9.0,0,0,0,0,,,,,0,0,,4,1,0,0,,0,,0,0,0,,0,,0,5,4,125.0,0,,0
424a7994,1241280,Nilansh Keswani,Nilansh Keswani,Sharjah Warriors,2024-02-04,2024-02-11,2,1,0,5,8,5,5.0,62.5,0,0,0,0,0.0,50.0,10.0,1,5,10,0,,12.0,,0/10,0,0,20.0,1,0,0,0,,0,,0,0,0,,5,12.0,0,5,8,62.5,0,,0
cb57dcf4,1462316,Azizul Hakim,Azizul Hakim,Rangpur Riders,2025-01-02,2025-01-30,4,4,0,5,21,5,1.25,23.81,0,0,0,0,0.0,80.95,3.2,0,0,0,0,,,,,0,0,,3,0,5,20,25.0,0,,0,0,0,,0,,0,0,1,0.0,0,,0
fd39eca8,1231047,V Kelley,V Kelley,Birmingham Bears,2020-09-01,2020-09-01,1,1,0,5,10,5,5.0,50.0,0,0,0,0,0.0,50.0,10.0,0,0,0,0,,,,,0,0,,0,2,0,0,,0,,0,0,0,,0,,0,5,10,50.0,0,,0
08a935b0,854357,TN Cullen,TN Cullen,Glamorgan,2021-06-18,2021-06-18,1,1,0,5,9,5,5.0,55.56,0,0,0,0,0.0,44.44,9.0,0,0,0,0,,,,,0,0,,1,0,0,0,,0,,0,0,0,,0,,0,5,9,55.56,0,,0
aa5d8c9e,1081183,A Tomar,A Tomar,Kolkata Knight Riders,2022-05-18,2022-05-18,1,1,0,4,8,4,4.0,50.0,0,0,1,0,12.5,87.5,2.0,0,0,0,0,,,,,0,0,,0,0,4,8,50.0,0,,0,0,0,,0,,0,0,0,,0,,0
548516a6,1461577,Ravi Singh,Ravi Singh,Rajasthan Royals,2026-05-17,2026-05-17,1,1,0,4,2,4,4.0,200.0,0,0,1,0,50.0,50.0,6.0,0,0,0,0,,,,,0,0,,0,0,0,0,,0,,0,4,2,200.0,0,,0,0,0,,0,,0
a3ecf01f,34078,RS Sodhi,RS Sodhi,Kings XI Punjab,2010-04-09,2010-04-16,3,1,1,4,2,4*,,200.0,0,0,1,0,50.0,50.0,6.0,0,0,0,0,,,,,0,0,,2,0,0,0,,0,,0,0,0,,0,,0,4,2,200.0,0,,0
32866fe7,7173,CA Philipson,CA Philipson,Sydney Thunder,2011-12-17,2011-12-23,2,2,0,4,15,2,2.0,26.67,0,0,0,0,0.0,73.33,5.0,0,0,0,0,,,,,0,0,,0,0,0,0,,0,,0,4,15,26.67,0,,0,0,0,,0,,0
4f7279a4,343548,Raza Hasan,Raza Hasan,Lahore Qalandars,2018-02-23,2018-02-24,2,2,0,4,12,4,2.0,33.33,0,0,0,0,0.0,66.67,8.0,2,30,47,0,,9.4,,0/19,0,0,36.67,0,0,0,0,,18,7.67,0,4,11,36.36,6,13.0,0,0,1,0.0,6,11.0,0
28b61a48,1295902,Ghazi Ghori,Ghazi Ghori,Islamabad United,2025-05-19,2025-05-21,2,1,0,4,5,4,4.0,80.0,0,0,0,0,0.0,40.0,10.0,0,0,0,0,,,,,0,0,,2,0,0,0,,0,,0,0,0,,0,,0,4,5,80.0,0,,0
5ec126fa,437506,I Manack,I Manack,Paarl Royals,2023-01-15,2023-01-15,1,1,1,4,3,4*,,133.33,0,0,0,0,0.0,0.0,10.0,1,12,20,0,,10.0,,0/20,0,0,50.0,0,0,0,0,,6,9.0,0,0,0,,6,11.0,0,4,3,133.33,0,,0
099135ad,1058989,Aryan Lakra,Aryan Lakra,Desert Vipers,2024-01-24,2024-01-28,3,1,1,4,5,4*,,80.0,0,0,0,0,0.0,20.0,9.0,1,2,8,0,,24.0,,0/8,0,0,0.0,0,0,0,0,,0,,0,0,0,,0,,0,4,5,80.0,2,24.0,0
2cb7d600,924007,S Pahal,S Pahal,Desert Vipers,2025-12-21,2025-12-30,2,1,0,4,2,4,4.0,200.0,0,0,1,0,50.0,50.0,8.0,2,18,15,0,,5.0,,0/1,0,0,61.11,1,0,0,0,,6,11.0,0,0,0,,6,3.0,0,4,2,200.0,6,1.0,0
525c3f54,36192,AR Adams,AR Adams,Khulna Royal Bengals,2012-02-12,2012-02-26,2,1,0,4,5,4,4.0,80.0,0,0,1,0,20.0,80.0,8.0,2,24,36,0,,9.0,,0/14,0,0,29.17,1,0,0,0,,18,10.33,0,4,5,80.0,0,,0,0,0,,6,5.0,0
b54b66b3,848109,L Embuldeniya,L Embuldeniya,Kandy Tuskers,2020-11-26,2020-12-05,2,1,0,4,10,4,4.0,40.0,0,0,0,0,0.0,60.0,8.0,1,18,24,0,,8.0,,0/24,0,0,44.44,0,0,0,0,,0,,0,1,5,20.0,18,8.0,0,3,5,60.0,0,,0
0940c7e0,1104893,NMJ Reifer,NMJ Reifer,Surrey,2022-06-21,2022-06-23,2,2,0,4,4,4,2.0,100.0,0,0,1,0,25.0,75.0,5.0,0,0,0,0,,,,,0,0,,0,0,0,2,0.0,0,,0,0,0,,0,,0,4,2,200.0,0,,0
33cb3411,43652,Younis Khan,Younis Khan,Rajasthan Royals,2008-05-28,2008-05-28,1,1,0,3,7,3,3.0,42.86,0,0,0,0,0.0,57.14,3.0,0,0,0,0,,,,,0,0,,1,0,3,7,42.86,0,,0,0,0,,0,,0,0,0,,0,,0
34ba03c3,1130758,P Rowe,P Rowe,Melbourne Stars,2022-01-03,2022-01-03,1,1,0,3,6,3,3.0,50.0,0,0,0,0,0.0,50.0,6.0,0,0,0,0,,,,,0,0,,0,1,0,0,,0,,0,3,6,50.0,0,,0,0,0,,0,,0
7f2163a0,1170468,LD Hearne,LD Hearne,Brisbane Heat,2025-12-31,2026-01-05,2,2,0,3,8,2,1.5,37.5,0,0,0,0,0.0,75.0,2.5,0,0,0,0,,,,,0,0,,0,0,3,8,37.5,0,,0,0,0,,0,,0,0,0,,0,,0
6917a7fb,275936,RA Wiggins,RA Wiggins,Barbados Tridents,2017-09-03,2017-09-03,1,1,0,3,6,3,3.0,50.0,0,0,0,0,0.0,66.67,8.0,1,6,24,0,,24.0,,0/24,0,0,50.0,0,0,0,0,,6,24.0,0,0,0,,0,,0,3,6,50.0,0,,0
3fbafad4,431903,AMA Dewar,AMA Dewar,Jamaica Tallawahs,2013-08-18,2013-08-18,1,1,1,3,3,3*,,100.0,0,0,0,0,0.0,33.33,9.0,1,6,11,0,,11.0,,0/11,0,0,16.67,1,0,0,0,,0,,0,0,0,,6,11.0,0,3,3,100.0,0,,0
b8f3362a,52280,LR Johnson,LR Johnson,Guyana Amazon Warriors,2014-07-19,2014-08-02,4,1,0,3,5,3,3.0,60.0,0,0,0,0,0.0,40.0,6.0,0,0,0,0,,,,,0,0,,2,0,0,0,,0,,0,3,5,60.0,0,,0,0,0,,0,,0
79eb117d,1057696,LN Malinga,LN Malinga,Galle Gladiators,2022-12-19,2022-12-19,1,1,1,3,6,3*,,50.0,0,0,0,0,0.0,66.67,10.0,1,6,5,0,,5.0,,0/5,0,0,33.33,0,0,0,0,,0,,0,0,0,,6,5.0,0,3,6,50.0,0,,0
87617f7a,547739,MJ Taylor,MJ Taylor,Wellington,2017-12-20,2017-12-20,1,1,0,3,5,3,3.0,60.0,0,0,0,0,0.0,40.0,6.0,0,0,0,0,,,,,0,0,,0,0,0,0,,0,,0,3,5,60.0,0,,0,0,0,,0,,0
c2dd89ea,917231,BR Sharath,BR Sharath,Gujarat Titans,2024-04-07,2024-04-07,1,1,0,2,5,2,2.0,40.0,0,0,0,0,0.0,60.0,4.0,0,0,0,0,,,,,0,0,,1,0,0,0,,0,,0,2,5,40.0,0,,0,0,0,,0,,0
e1d9ae9c,1380113,Shivam Singh,Shivam Singh,Punjab Kings,2024-05-19,2024-05-19,1,1,1,2,3,2*,,66.67,0,0,0,0,0.0,33.33,7.0,0,0,0,0,,,,,0,0,,2,0,0,0,,0,,0,0,0,,0,,0,2,3,66.67,0,,0
9e6032fa,1421992,DV Malewar,DV Malewar,Mumbai Indians,2026-04-20,2026-04-23,2,2,0,2,5,2,1.0,40.0,0,0,0,0,0.0,60.0,2.0,0,0,0,0,,,,,0,0,,0,0,2,5,40.0,0,,0,0,0,,0,,0,0,0,,0,,0
38f2c66c,307448,VS Yeligati,VS Yeligati,Mumbai Indians,2008-04-23,2008-05-21,2,1,0,2,2,2,2.0,100.0,0,0,0,0,0.0,50.0,11.0,2,30,59,0,,11.8,,0/16,0,0,20.0,0,0,0,0,,6,12.0,0,0,0,,18,11.33,0,2,2,100.0,6,13.0,0
0ed0cdbf,236810,H Das,H Das,Deccan Chargers,2008-05-18,2008-05-18,1,1,0,2,5,2,2.0,40.0,0,0,0,0,0.0,60.0,8.0,0,0,0,0,,,,,0,0,,0,0,0,0,,0,,0,0,0,,0,,0,2,5,40.0,0,,0
9ff100a6,28792,RS Gavaskar,RS Gavaskar,Kolkata Knight Riders,2010-03-14,2010-03-16,2,1,0,2,8,2,2.0,25.0,0,0,0,0,0.0,75.0,8.0,1,6,8,0,,8.0,,0/8,0,0,33.33,0,0,0,0,,0,,0,2,8,25.0,0,,0,0,0,,6,8.0,0
e5ee7c83,1062338,XA Crone,XA Crone,Melbourne Stars,2022-01-02,2025-01-04,3,2,0,2,6,1,1.0,33.33,0,0,0,0,0.0,66.67,8.0,3,30,51,0,,10.2,,0/13,0,0,13.33,0,0,0,0,,6,11.0,0,0,0,,24,10.0,0,2,6,33.33,0,,0
1bcdaf62,1499150,MW Archer,MW Archer,Melbourne Renegades,2026-01-17,2026-01-17,1,1,0,2,9,2,2.0,22.22,0,0,0,0,0.0,77.78,10.0,1,12,15,0,,7.5,,0/15,0,0,16.67,0,0,0,0,,6,10.0,0,1,4,25.0,6,5.0,0,1,5,20.0,0,,0
9d2d03ef,1212781,Mohammad Huraira,Mohammad Huraira,Islamabad United,2022-02-20,2022-02-20,1,1,0,2,8,2,2.0,25.0,0,0,0,0,0.0,75.0,2.0,0,0,0,0,,,,,0,0,,0,0,2,8,25.0,0,,0,0,0,,0,,0,0,0,,0,,0
3050a1fe,1398840,Sajjad Ali,Sajjad Ali,Quetta Gladiators,2024-02-25,2024-02-25,1,1,0,2,2,2,2.0,100.0,0,0,0,0,0.0,50.0,5.0,0,0,0,0,,,,,0,0,,0,0,0,0,,0,,0,2,2,100.0,0,,0,0,0,,0,,0
cd5be077,1458779,Mohammad Hamza,Mohammad Hamza,Karachi Kings,2026-04-09,2026-04-23,2,1,0,2,4,2,2.0,50.0,0,0,0,0,0.0,50.0,11.0,2,42,79,0,,11.29,,0/30,0,0,30.95,0,0,0,0,,18,8.33,0,1,1,100.0,18,12.33,0,1,3,33.33,6,17.0,0
c3a8bc99,914577,C Archibald,C Archibald,St Kitts and Nevis Patriots,2020-09-03,2021-09-05,3,2,0,2,8,2,1.0,25.0,0,0,0,0,0.0,75.0,8.5,2,25,37,0,,8.88,,0/13,0,0,36.0,0,0,0,0,,0,,0,2,6,33.33,21,8.29,0,0,2,0.0,4,12.0,0
1a042552,677075,K Savory,K Savory,St Lucia Kings,2026-09-09,2026-09-09,1,1,0,2,4,2,2.0,50.0,0,0,0,0,0.0,50.0,6.0,0,0,0,0,,,,,0,0,,0,0,0,0,,0,,0,2,4,50.0,0,,0,0,0,,0,,0
428308fb,1337356,D Marais,D Marais,Paarl Royals,2025-02-01,2025-02-01,1,1,0,2,3,2,2.0,66.67,0,0,0,0,0.0,66.67,5.0,0,0,0,0,,,,,0,0,,0,0,2,3,66.67,0,,0,0,0,,0,,0,0,0,,0,,0
a3ae63f4,594329,GJ Snyman,GJ Snyman,MI Cape Town,2026-01-02,2026-01-10,2,1,0,2,5,2,2.0,40.0,0,0,0,0,0.0,60.0,5.0,1,12,16,0,,8.0,,0/16,0,0,41.67,0,0,0,0,,6,6.0,0,2,5,40.0,6,10.0,0,0,0,,0,,0
c65ea37b,1343907,Mahfuzur Rahman Rabby,Mahfuzur Rahman Rabby,Khulna Tigers,2025-01-16,2025-01-16,1,1,0,2,3,2,2.0,66.67,0,0,0,0,0.0,33.33,6.0,1,6,27,0,,27.0,,0/27,0,0,0.0,0,0,0,0,,0,,0,2,3,66.67,6,27.0,0,0,0,,0,,0
385ea9d4,1462325,Zawad Abrar,Zawad Abrar,Sylhet Strikers,2025-01-30,2025-01-30,1,1,0,2,7,2,2.0,28.57,0,0,0,0,0.0,71.43,1.0,0,0,0,0,,,,,0,0,,2,0,2,7,28.57,0,,0,0,0,,0,,0,0,0,,0,,0
3a026eb4,361952,Rizwan Cheema,Rizwan Cheema,Duronto Rajshahi,2012-02-27,2012-02-27,1,1,0,2,3,2,2.0,66.67,0,0,0,0,0.0,33.33,7.0,0,0,0,0,,,,,0,0,,0,0,0,0,,0,,0,2,3,66.67,0,,0,0,0,,0,,0
a6a42dd2,1316605,C Gomez,C Gomez,Kandy Falcons,2024-07-01,2024-07-18,4,1,1,2,5,2*,,40.0,0,0,0,0,0.0,60.0,10.0,1,18,38,0,,12.67,,0/38,0,0,22.22,1,0,0,0,,0,,0,0,0,,12,9.5,0,2,5,40.0,6,19.0,0
77f60c02,1379076,G Weerasinghe,G Weerasinghe,Dambulla Sixers,2026-07-29,2026-08-02,2,1,0,2,4,2,2.0,50.0,0,0,0,0,0.0,50.0,8.0,0,0,0,0,,,,,0,0,,0,0,0,0,,0,,0,0,0,,0,,0,2,4,50.0,0,,0
91f8e260,1160390,Zia Shahzad,Zia Shahzad,Texas Super Kings,2024-07-23,2024-07-23,1,1,0,2,3,2,2.0,66.67,0,0,0,0,0.0,33.33,9.0,1,12,10,0,,5.0,,0/10,0,0,25.0,0,0,0,0,,0,,0,0,0,,12,5.0,0,2,3,66.67,0,,0
b8e5ed34,1442945,DH Lategan,DH Lategan,Worcestershire,2026-07-10,2026-07-10,1,1,0,2,5,2,2.0,40.0,0,0,0,0,0.0,60.0,2.0,0,0,0,0,,,,,0,0,,4,0,2,5,40.0,0,,0,0,0,,0,,0,0,0,,0,,0
1917d713,1269389,Hamza Shaikh,Hamza Shaikh,Warwickshire,2026-07-12,2026-07-12,1,1,0,2,6,2,2.0,33.33,0,0,0,0,0.0,66.67,6.0,0,0,0,0,,,,,0,0,,3,0,1,2,50.0,0,,0,1,4,25.0,0,,0,0,0,,0,,0
9a5f2863,1349361,Mohit Rathee,Mohit Rathee,Punjab Kings,2023-04-09,2023-04-09,1,1,1,1,2,1*,,50.0,0,0,0,0,0.0,50.0,11.0,1,12,29,0,,14.5,,0/29,0,0,25.0,0,0,0,0,,0,,0,0,0,,12,14.5,0,1,2,50.0,0,,0
cc777ffa,1287067,Abdul Basith,Abdul Basith,Rajasthan Royals,2023-04-23,2023-04-23,1,1,1,1,1,1*,,100.0,0,0,0,0,0.0,0.0,8.0,0,0,0,0,,,,,0,0,,0,0,0,0,,0,,0,0,0,,0,,0,1,1,100.0,0,,0
9d704f6f,1131607,SZ Mulani,SZ Mulani,Mumbai Indians,2024-03-24,2024-03-27,2,1,1,1,1,1*,,100.0,0,0,0,0,0.0,0.0,9.0,2,30,57,0,,11.4,,0/24,0,0,23.33,0,0,0,0,,6,12.0,0,0,0,,18,8.0,0,1,1,100.0,6,21.0,0
e96801ea,1057399,MS Bhandage,MS Bhandage,Royal Challengers Bengaluru,2025-04-18,2025-04-18,1,1,0,1,4,1,1.0,25.0,0,0,0,0,0.0,75.0,8.0,0,0,0,0,,,,,0,0,,0,0,0,0,,0,,0,1,4,25.0,0,,0,0,0,,0,,0
71bbaead,605573,J Morgan,J Morgan,Perth Scorchers,2020-01-15,2020-01-15,1,1,0,1,3,1,1.0,33.33,0,0,0,0,0.0,66.67,7.0,0,0,0,0,,,,,0,0,,0,0,0,0,,0,,0,1,3,33.33,0,,0,0,0,,0,,0
a4349861,1334874,JL Curtis,JL Curtis,Perth Scorchers,2026-01-04,2026-01-04,1,1,0,1,2,1,1.0,50.0,0,0,0,0,0.0,50.0,6.0,0,0,0,0,,,,,0,0,,1,0,0,0,,0,,0,1,2,50.0,0,,0,0,0,,0,,0
1aaebfe1,30210,I Khaleel,I Khaleel,St Kitts and Nevis Patriots,2018-09-04,2018-09-04,1,1,0,1,2,1,1.0,50.0,0,0,0,0,0.0,50.0,6.0,0,0,0,0,,,,,0,0,,1,0,0,0,,0,,0,1,2,50.0,0,,0,0,0,,0,,0
f28a60e0,359746,Saad Bin Zafar,Saad Bin Zafar,St Lucia Zouks,2020-08-20,2020-08-22,2,1,1,1,2,1*,,50.0,0,0,0,0,0.0,50.0,8.0,2,18,31,0,,10.33,,0/10,0,0,38.89,0,0,0,0,,18,10.33,0,0,0,,0,,0,1,2,50.0,0,,0
d06335fd,51786,KA Edwards,KA Edwards,Barbados Tridents,2013-08-11,2013-08-11,1,1,0,1,6,1,1.0,16.67,0,0,0,0,0.0,83.33,2.0,0,0,0,0,,,,,0,0,,0,0,1,6,16.67,0,,0,0,0,,0,,0,0,0,,0,,0
5d68fe4f,1126002,Fahad Nawaz,Fahad Nawaz,Abu Dhabi Knight Riders,2023-01-13,2023-01-13,1,1,0,1,4,1,1.0,25.0,0,0,0,0,0.0,75.0,9.0,0,0,0,0,,,,,0,0,,0,0,0,0,,0,,0,0,0,,0,,0,1,4,25.0,0,,0
a4a93b67,1513945,Raees Ahmed,Raees Ahmed,Sharjah Warriorz,2025-12-03,2025-12-03,1,1,0,1,12,1,1.0,8.33,0,0,0,0,0.0,91.67,8.0,0,0,0,0,,,,,0,0,,0,0,0,0,,0,,0,0,8,0.0,0,,0,1,4,25.0,0,,0
902d916b,629066,Jubair Hossain,Jubair Hossain,Dhaka Dominators,2022-02-03,2023-02-07,5,1,1,1,2,1*,,50.0,0,0,0,0,0.0,50.0,11.0,5,61,102,0,,10.03,,0/12,0,0,21.31,2,0,0,0,,0,,0,0,0,,61,10.03,0,1,2,50.0,0,,0
0e9af639,56180,Talha Jubair,Talha Jubair,Sylhet Royals,2012-02-18,2012-02-18,1,1,1,1,2,1*,,50.0,0,0,0,0,0.0,50.0,10.0,1,6,16,0,,16.0,,0/16,0,0,0.0,0,0,0,0,,0,,0,0,0,,6,16.0,0,1,2,50.0,0,,0
909b090d,1258306,AR Sylvester,AR Sylvester,Birmingham Bears,2025-05-30,2025-05-31,2,1,1,1,1,1*,,100.0,0,0,0,0,0.0,0.0,11.0,2,24,71,0,,17.75,,0/21,0,0,25.0,0,0,0,0,,18,18.33,0,0,0,,0,,0,1,1,100.0,6,16.0,0
598b1da0,1336581,SJ Seecharan,SJ Seecharan,Nottinghamshire,2025-07-18,2025-07-18,1,1,0,1,3,1,1.0,33.33,0,0,0,0,0.0,66.67,2.0,0,0,0,0,,,,,0,0,,1,0,1,3,33.33,0,,0,0,0,,0,,0,0,0,,0,,0
b87fb772,547841,MB McEwan,MB McEwan,Auckland,2017-12-24,2017-12-24,1,1,0,1,4,1,1.0,25.0,0,0,0,0,0.0,75.0,8.0,1,6,17,0,,17.0,,0/17,0,0,0.0,0,0,0,0,,6,17.0,0,1,4,25.0,0,,0,0,0,,0,,0
98670c79,1519880,HDJ Sixton,HDJ Sixton,Otago,2026-01-24,2026-01-24,1,1,1,1,2,1*,,50.0,0,0,0,0,0.0,50.0,11.0,1,18,32,0,,10.67,,0/32,0,0,38.89,0,0,0,0,,12,11.5,0,0,0,,6,9.0,0,1,2,50.0,0,,0
c28e9f12,1082859,Tejas Baroka,Tejas Baroka,Gujarat Lions,2017-04-09,2017-04-09,1,0,0,0,0,0,,,0,0,0,0,,,,1,21,33,0,,9.43,,0/33,0,0,28.57,0,0,0,0,,6,8.0,0,0,0,,12,8.0,0,0,0,,3,18.0,0
ade90de7,1131619,S Midhun,S Midhun,Rajasthan Royals,2019-04-07,2019-04-07,1,0,0,0,0,0,,,0,0,0,0,,,,1,12,27,0,,13.5,,0/27,0,0,25.0,1,0,0,0,,0,,0,0,0,,12,13.5,0,0,0,,0,,0
fb24e76c,694209,Monu Kumar,Monu Kumar,Chennai Super Kings,2020-10-25,2020-10-25,1,0,0,0,0,0,,,0,0,0,0,,,,1,12,20,0,,10.0,,0/20,0,0,33.33,0,0,0,0,,6,7.0,0,0,0,,0,,0,0,0,,6,13.0,0
249abedf,237199,Jalaj S Saxena,Jalaj S Saxena,Punjab Kings,2021-04-18,2021-04-18,1,0,0,0,0,0,,,0,0,0,0,,,,1,18,27,0,,9.0,,0/27,0,0,27.78,0,0,0,0,,6,10.0,0,0,0,,12,8.5,0,0,0,,0,,0
33ffc3dd,1048841,R Sanjay Yadav,R Sanjay Yadav,Mumbai Indians,2022-05-17,2022-05-17,1,1,0,0,2,0,0.0,0.0,0,0,0,0,0.0,100.0,8.0,1,12,23,0,,11.5,,0/23,0,0,50.0,0,0,0,0,,6,8.0,0,0,0,,6,15.0,0,0,2,0.0,0,,0
99258814,1287033,Gurnoor Brar,Gurnoor Brar,Punjab Kings,2023-04-28,2023-04-28,1,0,0,0,0,0,,,0,0,0,0,,,,1,18,42,0,,14.0,,0/42,0,0,38.89,0,0,0,0,,12,9.0,0,0,0,,6,24.0,0,0,0,,0,,0
266849c1,1350770,R Goyal,R Goyal,Mumbai Indians,2023-05-06,2023-05-06,1,0,0,0,0,0,,,0,0,0,0,,,,1,24,33,0,,8.25,,0/33,0,0,25.0,1,0,0,0,,0,,0,0,0,,24,8.25,0,0,0,,0,,0
52294a79,1350761,H Sharma,H Sharma,Royal Challengers Bangalore,2023-05-21,2024-04-06,2,0,0,0,0,0,,,0,0,0,0,,,,2,30,57,0,,11.4,,0/28,0,0,6.67,0,0,0,0,,0,,0,0,0,,30,11.4,0,0,0,,0,,0
e3851766,1339031,KS Rathore,KS Rathore,Rajasthan Royals,2025-05-04,2025-05-04,1,1,0,0,5,0,0.0,0.0,0,0,0,0,0.0,100.0,3.0,0,0,0,0,,,,,0,0,,0,0,0,5,0.0,0,,0,0,0,,0,,0,0,0,,0,,0
2b801189,1079847,Mayank Rawat,Mayank Rawat,Mumbai Indians,2026-04-16,2026-04-16,1,1,1,0,0,0*,,,0,0,0,0,,,8.0,0,0,0,0,,,,,0,0,,0,0,0,0,,0,,0,0,0,,0,,0,0,0,,0,,0
51ec3919,1292527,T Vijay,T Vijay,Delhi Capitals,2026-05-17,2026-05-17,1,0,0,0,0,0,,,0,0,0,0,,,,1,12,29,0,,14.5,,0/29,0,0,16.67,1,0,0,0,,6,18.0,0,0,0,,6,11.0,0,0,0,,0,,0
eaa90ab4,28067,P Dharmani,P Dharmani,Kings XI Punjab,2008-04-19,2008-04-19,1,0,0,0,0,0,,,0,0,0,0,,,,0,0,0,0,,,,,0,0,,0,0,0,0,,0,,0,0,0,,0,,0,0,0,,0,,0
622cc511,30235,U Kaul,U Kaul,Kings XI Punjab,2008-05-05,2008-05-21,5,1,1,0,1,0*,,0.0,0,0,0,0,0.0,100.0,11.0,0,0,0,0,,,,,0,0,,2,0,0,0,,0,,0,0,0,,0,,0,0,1,0.0,0,,0
c9d33ef5,32305,RV Pawar,RV Pawar,Mumbai Indians,2008-05-16,2008-05-16,1,0,0,0,0,0,,,0,0,0,0,,,,0,0,0,0,,,,,0,0,,0,0,0,0,,0,,0,0,0,,0,,0,0,0,,0,,0
21ac077a,27572,RR Bose,RR Bose,Kings XI Punjab,2009-04-24,2009-04-24,1,0,0,0,0,0,,,0,0,0,0,,,,1,12,24,0,,12.0,,0/24,0,0,41.67,0,0,0,0,,12,12.0,0,0,0,,0,,0,0,0,,0,,0
7c390b03,279460,RA Shaikh,RA Shaikh,Mumbai Indians,2009-05-21,2009-05-21,1,0,0,0,0,0,,,0,0,0,0,,,,1,6,11,0,,11.0,,0/11,0,0,16.67,0,0,0,0,,6,11.0,0,0,0,,0,,0,0,0,,0,,0
798934ea,28764,C Ganapathy,C Ganapathy,Chennai Super Kings,2010-03-31,2010-03-31,1,1,1,0,0,0*,,,0,0,0,0,,,7.0,1,6,13,0,,13.0,,0/13,0,0,16.67,0,0,0,0,,0,,0,0,0,,6,13.0,0,0,0,,0,,0
86ae8ef2,240734,MB Parmar,MB Parmar,Kolkata Knight Riders,2010-04-01,2010-04-01,1,0,0,0,0,0,,,0,0,0,0,,,,1,18,33,0,,11.0,,0/33,0,0,22.22,0,0,0,0,,6,14.0,0,0,0,,12,9.5,0,0,0,,0,,0
16605a1b,422106,AA Kazi,AA Kazi,Royal Challengers Bangalore,2011-05-11,2011-05-11,1,0,0,0,0,0,,,0,0,0,0,,,,1,12,21,0,,10.5,,0/21,0,0,16.67,0,0,0,0,,0,,0,0,0,,12,10.5,0,0,0,,0,,0
ddb00822,32211,P Prasanth,P Prasanth,Kochi Tuskers Kerala,2011-05-15,2011-05-15,1,0,0,0,0,0,,,0,0,0,0,,,,1,6,18,0,,18.0,,0/18,0,0,50.0,0,0,0,0,,0,,0,0,0,,6,18.0,0,0,0,,0,,0
62e07f92,340063,KH Devdhar,KH Devdhar,Deccan Chargers,2011-05-21,2011-05-21,1,0,0,0,0,0,,,0,0,0,0,,,,0,0,0,0,,,,,0,0,,0,1,0,0,,0,,0,0,0,,0,,0,0,0,,0,,0
67af6f81,55698,RW Price,RW Price,Mumbai Indians,2011-05-22,2011-05-22,1,0,0,0,0,0,,,0,0,0,0,,,,1,18,33,0,,11.0,,0/33,0,0,5.56,0,0,0,0,,6,14.0,0,0,0,,12,9.5,0,0,0,,0,,0
7d3720ba,27150,RR Bhatkal,RR Bhatkal,Royal Challengers Bangalore,2012-04-12,2012-04-12,1,1,0,0,2,0,0.0,0.0,0,0,0,0,0.0,100.0,6.0,1,12,35,0,,17.5,,0/35,0,0,0.0,1,0,0,0,,6,20.0,0,0,0,,6,15.0,0,0,2,0.0,0,,0
c9cac448,24790,T Mishra,T Mishra,Deccan Chargers,2012-04-17,2012-04-17,1,0,0,0,0,0,,,0,0,0,0,,,,0,0,0,0,,,,,0,0,,1,0,0,0,,0,,0,0,0,,0,,0,0,0,,0,,0
ee3dfa89,271315,Sunny Gupta,Sunny Gupta,Delhi Daredevils,2012-05-25,2012-05-25,1,1,0,0,1,0,0.0,0.0,0,0,0,0,0.0,100.0,9.0,1,18,47,0,,15.67,,0/47,0,0,0.0,0,0,0,0,,6,12.0,0,0,0,,12,17.5,0,0,1,0.0,0,,0
9815de17,500270,DP Michael,DP Michael,Hobart Hurricanes,2016-12-23,2016-12-26,2,2,0,0,2,0,0.0,0.0,0,0,0,0,0.0,100.0,4.5,0,0,0,0,,,,,0,0,,0,0,0,1,0.0,0,,0,0,0,,0,,0,0,1,0.0,0,,0
cf4e0e15,437446,AG Harriott,AG Harriott,Melbourne Renegades,2017-01-20,2017-01-20,1,0,0,0,0,0,,,0,0,0,0,,,,0,0,0,0,,,,,0,0,,2,0,0,0,,0,,0,0,0,,0,,0,0,0,,0,,0
a35c119e,1124289,AW Summers,AW Summers,Karachi Kings,2017-12-21,2019-03-04,3,0,0,0,0,0,,,0,0,0,0,,,,3,66,93,0,,8.45,,0/25,0,0,28.79,1,0,0,0,,12,9.0,0,0,0,,30,8.4,0,0,0,,24,8.25,0
46fca863,1081516,D Fallins,D Fallins,Melbourne Stars,2018-01-12,2018-01-16,2,0,0,0,0,0,,,0,0,0,0,,,,2,30,44,0,,8.8,,0/19,0,0,26.67,0,0,0,0,,6,5.0,0,0,0,,24,9.75,0,0,0,,0,,0
a7060c81,1213959,BJ Stepien,BJ Stepien,Melbourne Renegades,2020-01-25,2020-01-27,2,0,0,0,0,0,,,0,0,0,0,,,,0,0,0,0,,,,,0,0,,0,0,0,0,,0,,0,0,0,,0,,0,0,0,,0,,0
068fe71c,1295979,W Sanders,W Sanders,Hobart Hurricanes,2022-01-08,2022-01-19,2,0,0,0,0,0,,,0,0,0,0,,,,2,12,26,0,,13.0,,0/9,0,0,25.0,0,0,0,0,,12,13.0,0,0,0,,0,,0,0,0,,0,,0
016188b4,1215848,RR Pawson,RR Pawson,Sydney Thunder,2023-01-27,2023-01-27,1,0,0,0,0,0,,,0,0,0,0,,,,1,12,32,0,,16.0,,0/32,0,0,8.33,0,0,0,0,,6,15.0,0,0,0,,6,17.0,0,0,0,,0,,0
44ec8c4a,307494,JM Herrick,JM Herrick,Melbourne Renegades,2012-01-18,2013-12-20,2,1,0,0,0,0,0.0,,0,0,0,0,,,10.0,2,45,60,0,,8.0,,0/23,0,0,48.89,1,0,0,0,,24,7.0,0,0,0,,6,1.0,0,0,0,,15,12.4,0
0771bb8c,428511,BS Oakley,BS Oakley,Adelaide Strikers,2013-12-22,2013-12-22,1,0,0,0,0,0,,,0,0,0,0,,,,0,0,0,0,,,,,0,0,,0,0,0,0,,0,,0,0,0,,0,,0,0,0,,0,,0
2c7ac4b9,281974,TA Copeland,TA Copeland,Sydney Sixers,2014-02-05,2014-02-05,1,0,0,0,0,0,,,0,0,0,0,,,,1,12,16,0,,8.0,,0/16,0,0,33.33,0,0,0,0,,6,3.0,0,0,0,,6,13.0,0,0,0,,0,,0
78158fc6,605577,GL Walker,GL Walker,Melbourne Renegades,2015-12-19,2015-12-19,1,0,0,0,0,0,,,0,0,0,0,,,,1,18,47,0,,15.67,,0/47,0,0,22.22,0,0,0,0,,6,11.0,0,0,0,,12,18.0,0,0,0,,0,,0
a09eb585,333639,A Ayre,A Ayre,Melbourne Renegades,2016-01-09,2016-01-09,1,1,0,0,1,0,0.0,0.0,0,0,0,0,0.0,100.0,6.0,0,0,0,0,,,,,0,0,,0,0,0,0,,0,,0,0,1,0.0,0,,0,0,0,,0,,0
f3be8d36,498875,Bilal Asif,Bilal Asif,Lahore Qalandars,2018-03-16,2018-03-16,1,0,0,0,0,0,,,0,0,0,0,,,,1,12,19,0,,9.5,,0/19,0,0,33.33,0,0,0,0,,0,,0,0,0,,12,9.5,0,0,0,,0,,0
21d6eb6a,42814,Shakeel Ansar,Shakeel Ansar,Multan Sultans,2019-02-20,2019-02-20,1,1,1,0,3,0*,,0.0,0,0,0,0,0.0,100.0,8.0,0,0,0,0,,,,,0,0,,0,0,0,0,,0,,0,0,0,,0,,0,0,3,0.0,0,,0
9e44e6fd,348151,Faizan Khan,Faizan Khan,Lahore Qalandars,2020-02-23,2020-02-23,1,1,1,0,1,0*,,0.0,0,0,0,0,0.0,100.0,8.0,0,0,0,0,,,,,0,0,,0,0,0,0,,0,,0,0,0,,0,,0,0,1,0.0,0,,0
6a633d13,1062813,Sohaibullah,Sohaibullah,Multan Sultans,2021-02-21,2021-02-21,1,0,0,0,0,0,,,0,0,0,0,,,,1,18,26,0,,8.67,,0/26,0,0,27.78,0,0,0,0,,12,8.0,0,0,0,,0,,0,0,0,,6,10.0,0
55d3d4e8,1122913,Athar Mahmood,Athar Mahmood,Islamabad United,2022-02-20,2022-02-25,3,1,1,0,0,0*,,,0,0,0,0,,,10.0,3,48,49,0,,6.12,,0/9,0,0,39.58,1,0,0,0,,48,6.12,0,0,0,,0,,0,0,0,,0,,0
019ca34a,1339088,Shawaiz Irfan,Shawaiz Irfan,Lahore Qalandars,2023-03-07,2023-03-07,1,1,0,0,6,0,0.0,0.0,0,0,0,0,0.0,100.0,1.0,0,0,0,0,,,,,0,0,,0,0,0,6,0.0,0,,0,0,0,,0,,0,0,0,,0,,0
6b972db7,681051,Tayyab Abbas,Tayyab Abbas,Lahore Qalandars,2024-03-06,2024-03-06,1,0,0,0,0,0,,,0,0,0,0,,,,1,12,15,0,,7.5,,0/15,0,0,33.33,0,0,0,0,,0,,0,0,0,,12,7.5,0,0,0,,0,,0
a81abb8c,1413970,Mohammad Azab,Mohammad Azab,Lahore Qalandars,2025-04-24,2025-04-24,1,1,0,0,2,0,0.0,0.0,0,0,0,0,0.0,100.0,11.0,1,12,23,0,,11.5,,0/23,0,0,25.0,0,0,0,0,,6,15.0,0,0,0,,6,8.0,0,0,2,0.0,0,,0
a90fd86c,1401075,Shehzad Gul,Shehzad Gul,Multan Sultans,2026-03-28,2026-04-01,2,0,0,0,0,0,,,0,0,0,0,,,,2,42,78,0,,11.14,,0/18,0,0,26.19,2,0,0,0,,24,8.0,0,0,0,,12,8.0,0,0,0,,6,30.0,0
feb9238a,547095,Saifullah Bangash,Saifullah Bangash,Karachi Kings,2016-02-05,2016-02-17,4,1,0,0,1,0,0.0,0.0,0,0,0,0,0.0,100.0,8.0,0,0,0,0,,,,,0,0,,2,0,0,0,,0,,0,0,1,0.0,0,,0,0,0,,0,,0
b8a75ca8,39853,Adnan Rasool,Adnan Rasool,Lahore Qalandars,2016-02-06,2016-02-17,3,0,0,0,0,0,,,0,0,0,0,,,,2,36,67,0,,11.17,,0/30,0,0,36.11,0,0,0,0,,24,7.0,0,0,0,,12,19.5,0,0,0,,0,,0
92b925f7,596114,K Ramsaran,K Ramsaran,St Lucia Zouks,2016-06-29,2016-07-03,2,0,0,0,0,0,,,0,0,0,0,,,,2,24,44,0,,11.0,,0/16,0,0,29.17,0,0,0,0,,0,,0,0,0,,24,11.0,0,0,0,,0,,0
1013ace8,467349,PG Wintz,PG Wintz,Guyana Amazon Warriors,2015-06-26,2016-07-02,2,0,0,0,0,0,,,0,0,0,0,,,,2,30,38,0,,7.6,,0/17,0,0,30.0,1,0,0,0,,18,8.67,0,0,0,,12,6.0,0,0,0,,0,,0
63a64f19,1213280,K Magram,K Magram,Guyana Amazon Warriors,2020-09-01,2020-09-01,1,0,0,0,0,0,,,0,0,0,0,,,,1,6,12,0,,12.0,,0/12,0,0,0.0,0,0,0,0,,0,,0,0,0,,6,12.0,0,0,0,,0,,0
714af18b,906755,KJ Harding,KJ Harding,Barbados Tridents,2020-09-05,2020-09-05,1,0,0,0,0,0,,,0,0,0,0,,,,1,6,10,0,,10.0,,0/10,0,0,50.0,1,0,0,0,,0,,0,0,0,,6,10.0,0,0,0,,0,,0
94f9675c,1206454,N Smith,N Smith,Guyana Amazon Warriors,2021-08-28,2021-08-29,2,0,0,0,0,0,,,0,0,0,0,,,,2,24,55,0,,13.75,,0/25,0,0,16.67,0,0,0,0,,6,13.0,0,0,0,,18,14.0,0,0,0,,0,,0
025c7a63,1199306,D Sween,D Sween,Trinbago Knight Riders,2026-08-08,2026-09-05,2,0,0,0,0,0,,,0,0,0,0,,,,0,0,0,0,,,,,0,0,,1,0,0,0,,0,,0,0,0,,0,,0,0,0,,0,,0
f865034b,914517,RJ Alimohamed,RJ Alimohamed,Guyana Amazon Warriors,2026-09-13,2026-09-13,1,1,0,0,1,0,0.0,0.0,0,0,0,0,0.0,100.0,9.0,1,5,13,0,,15.6,,0/13,0,0,20.0,1,0,0,0,,0,,0,0,1,0.0,5,15.6,0,0,0,,0,,0
2e703aaa,1124724,RR Morris,RR Morris,Jamaica Kingsmen,2026-09-16,2026-09-16,1,0,0,0,0,0,,,0,0,0,0,,,,0,0,0,0,,,,,0,0,,2,0,0,0,,0,,0,0,0,,0,,0,0,0,,0,,0
3cacbb57,245373,A Martin,A Martin,Antigua Hawksbills,2013-08-04,2013-08-04,1,0,0,0,0,0,,,0,0,0,0,,,,1,24,26,0,,6.5,,0/26,0,0,45.83,0,0,0,0,,6,7.0,0,0,0,,18,6.33,0,0,0,,0,,0
a83c44b8,322818,A Gqamane,A Gqamane,Sunrisers Eastern Cape,2023-01-19,2023-01-19,1,0,0,0,0,0,,,0,0,0,0,,,,1,6,12,0,,12.0,,0/12,0,0,16.67,0,0,0,0,,6,12.0,0,0,0,,0,,0,0,0,,0,,0
20afc7e7,696439,T van Vuuren,T van Vuuren,Pretoria Capitals,2025-01-16,2025-01-18,2,0,0,0,0,0,,,0,0,0,0,,,,1,24,51,0,,12.75,,0/51,0,0,25.0,0,0,0,0,,6,14.0,0,0,0,,6,15.0,0,0,0,,12,11.0,0
b91f2a31,1058987,KP Meiyappan,KP Meiyappan,Sharjah Warriors,2023-01-14,2023-01-15,2,0,0,0,0,0,,,0,0,0,0,,,,2,24,41,0,,10.25,,0/14,0,0,20.83,0,0,0,0,,0,,0,0,0,,18,11.33,0,0,0,,6,7.0,0
ba7b21fd,1199669,A Valthapa,A Valthapa,Gulf Giants,2023-01-19,2023-01-19,1,0,0,0,0,0,,,0,0,0,0,,,,0,0,0,0,,,,,0,0,,1,0,0,0,,0,,0,0,0,,0,,0,0,0,,0,,0
94759472,1241218,Adhitya Shetty,Adhitya Shetty,Abu Dhabi Knight Riders,2024-02-05,2024-02-05,1,0,0,0,0,0,,,0,0,0,0,,,,0,0,0,0,,,,,0,0,,0,0,0,0,,0,,0,0,0,,0,,0,0,0,,0,,0
ff13b10c,1328736,Mohamed Shafeeq,Mohamed Shafeeq,MI Emirates,2025-12-17,2025-12-17,1,0,0,0,0,0,,,0,0,0,0,,,,0,0,0,0,,,,,0,0,,0,0,0,0,,0,,0,0,0,,0,,0,0,0,,0,,0
57e7ec56,858137,Pinak Ghosh,Pinak Ghosh,Chattogram Challengers,2019-12-31,2019-12-31,1,1,1,0,0,0*,,,0,0,0,0,,,8.0,0,0,0,0,,,,,0,0,,1,0,0,0,,0,,0,0,0,,0,,0,0,0,,0,,0
c2697434,858139,Shafiul Hayet,Shafiul Hayet,Sylhet Sunrisers,2022-02-12,2022-02-12,1,0,0,0,0,0,,,0,0,0,0,,,,0,0,0,0,,,,,0,0,,1,0,0,0,,0,,0,0,0,,0,,0,0,0,,0,,0
9b06106d,1276983,Ashiqur Zaman,Ashiqur Zaman,Comilla Victorians,2023-01-06,2024-02-10,3,1,0,0,2,0,0.0,0.0,0,0,0,0,0.0,100.0,10.0,3,54,98,0,,10.89,,0/22,0,0,33.33,1,0,0,0,,18,10.33,0,0,0,,36,11.17,0,0,2,0.0,0,,0
fda22a2e,633374,Zia-ur-Rehman,Zia-ur-Rehman,Chattogram Challengers,2023-01-14,2023-01-14,1,0,0,0,0,0,,,0,0,0,0,,,,1,24,26,0,,6.5,,0/26,0,0,50.0,0,0,0,0,,18,6.67,0,0,0,,6,6.0,0,0,0,,0,,0
9fd99cbf,1285154,Anamul Haque,Anamul Haque (2),Durdanto Dhaka,2024-02-17,2024-02-17,1,0,0,0,0,0,,,0,0,0,0,,,,1,18,31,0,,10.33,,0/31,0,0,22.22,0,0,0,0,,0,,0,0,0,,18,10.33,0,0,0,,0,,0
fedeb203,288899,Sajjadul Haque,Sajjadul Haque,Sylhet Strikers,2025-01-27,2025-01-27,1,1,0,0,5,0,0.0,0.0,0,0,0,0,0.0,100.0,4.0,0,0,0,0,,,,,0,0,,0,0,0,5,0.0,0,,0,0,0,,0,,0,0,0,,0,,0
59b939e4,935115,Abu Hasim,Abu Hasim,Noakhali Express,2026-01-07,2026-01-07,1,1,1,0,1,0*,,0.0,0,0,0,0,0.0,100.0,8.0,1,12,8,0,,4.0,,0/8,0,0,25.0,0,0,0,0,,0,,0,0,0,,12,4.0,0,0,1,0.0,0,,0
7e8ffb67,516434,A Mpeka,A Mpeka,Rangpur Riders,2026-01-18,2026-01-18,1,0,0,0,0,0,,,0,0,0,0,,,,0,0,0,0,,,,,0,0,,0,0,0,0,,0,,0,0,0,,0,,0,0,0,,0,,0
267269e1,40088,Faisal Iqbal,Faisal Iqbal,Sylhet Royals,2012-02-14,2012-02-14,1,0,0,0,0,0,,,0,0,0,0,,,,0,0,0,0,,,,,0,0,,1,0,0,0,,0,,0,0,0,,0,,0,0,0,,0,,0
6127377d,208237,Jubair Ahmed,Jubair Ahmed,Barisal Burners,2013-01-18,2013-01-18,1,1,0,0,1,0,0.0,0.0,0,0,0,0,0.0,100.0,7.0,0,0,0,0,,,,,0,0,,0,0,0,0,,0,,0,0,1,0.0,0,,0,0,0,,0,,0
bb1819fa,56176,Tapash Baisya,Tapash Baisya,Rangpur Riders,2013-02-04,2013-02-04,1,0,0,0,0,0,,,0,0,0,0,,,,1,12,31,0,,15.5,,0/31,0,0,0.0,0,0,0,0,,6,15.0,0,0,0,,6,16.0,0,0,0,,0,,0
363e36a7,790635,K Anjula,K Anjula,Kandy Tuskers,2020-11-26,2020-11-28,2,0,0,0,0,0,,,0,0,0,0,,,,2,42,93,0,,13.29,,0/45,0,0,19.05,0,0,0,0,,12,7.5,0,0,0,,18,13.0,0,0,0,,12,19.5,0
e279fceb,824537,HH Ramanayake,HH Ramanayake,Colombo Kings,2020-12-11,2020-12-11,1,0,0,0,0,0,,,0,0,0,0,,,,1,18,37,0,,12.33,,0/37,0,0,16.67,0,0,0,0,,6,17.0,0,0,0,,12,10.0,0,0,0,,0,,0
296d4d0f,1194736,A Wickramasinghe,A Wickramasinghe,Jaffna Kings,2024-07-06,2024-07-13,2,1,1,0,0,0*,,,0,0,0,0,,,8.0,0,0,0,0,,,,,0,0,,2,0,0,0,,0,,0,0,0,,0,,0,0,0,,0,,0
713835b9,1439495,P Maneesha,P Maneesha,Jaffna Kings,2026-08-02,2026-08-02,1,0,0,0,0,0,,,0,0,0,0,,,,1,12,35,0,,17.5,,0/35,0,0,8.33,0,0,0,0,,0,,0,0,0,,12,17.5,0,0,0,,0,,0
fe5175ce,1294031,Yasir Mohammad,Yasir Mohammad,Washington Freedom,2025-06-17,2025-06-17,1,0,0,0,0,0,,,0,0,0,0,,,,1,6,20,0,,20.0,,0/20,0,0,16.67,2,0,0,0,,0,,0,0,0,,6,20.0,0,0,0,,0,,0
03c29939,726989,Sharad Lumba,Sharad Lumba,MI New York,2025-07-06,2025-07-06,1,1,0,0,1,0,0.0,0.0,0,0,0,0,0.0,100.0,5.0,0,0,0,0,,,,,0,0,,0,0,0,0,,0,,0,0,1,0.0,0,,0,0,0,,0,,0
9c44577c,1048797,Adithya Ganesh,Adithya Ganesh,Los Angeles Knight Riders,2025-07-06,2025-07-06,1,0,0,0,0,0,,,0,0,0,0,,,,0,0,0,0,,,,,0,0,,1,1,0,0,,0,,0,0,0,,0,,0,0,0,,0,,0
cf689f00,1345498,S Ganesh,S Ganesh,San Francisco Unicorns,2026-07-05,2026-07-11,2,0,0,0,0,0,,,0,0,0,0,,,,0,0,0,0,,,,,0,0,,0,0,0,0,,0,,0,0,0,,0,,0,0,0,,0,,0
02f4b99c,474782,Aakarshit Gomel,Aakarshit Gomel,San Francisco Unicorns,2026-07-11,2026-07-11,1,0,0,0,0,0,,,0,0,0,0,,,,0,0,0,0,,,,,0,0,,1,0,0,0,,0,,0,0,0,,0,,0,0,0,,0,,0
eec81780,1094348,Hamidullah Qadri,Hamidullah Qadri,Derbyshire,2017-07-16,2017-07-16,1,0,0,0,0,0,,,0,0,0,0,,,,1,6,12,0,,12.0,,0/12,0,0,16.67,0,0,0,0,,0,,0,0,0,,6,12.0,0,0,0,,0,,0
469e4920,763311,G Wade,G Wade,Northamptonshire,2018-08-17,2018-08-17,1,0,0,0,0,0,,,0,0,0,0,,,,1,1,9,0,,54.0,,0/9,0,0,0.0,1,0,0,0,,1,54.0,0,0,0,,0,,0,0,0,,0,,0
5f6eccd1,1232547,SA Wisniewski,SA Wisniewski,Yorkshire,2020-09-17,2020-09-20,2,0,0,0,0,0,,,0,0,0,0,,,,2,24,32,0,,8.0,,0/15,0,0,29.17,0,0,0,0,,0,,0,0,0,,24,8.0,0,0,0,,0,,0
cac638ae,1015247,BD Birkhead,BD Birkhead,Yorkshire,2020-09-20,2020-09-20,1,0,0,0,0,0,,,0,0,0,0,,,,0,0,0,0,,,,,0,0,,1,0,0,0,,0,,0,0,0,,0,,0,0,0,,0,,0
3385b875,1265831,J Blake,J Blake,Surrey,2023-06-20,2023-06-22,2,0,0,0,0,0,,,0,0,0,0,,,,0,0,0,0,,,,,0,0,,4,0,0,0,,0,,0,0,0,,0,,0,0,0,,0,,0
0126ff20,1148522,BJ Gibbon,BJ Gibbon,Worcestershire,2025-07-17,2025-07-17,1,0,0,0,0,0,,,0,0,0,0,,,,1,12,24,0,,12.0,,0/24,0,0,16.67,2,0,0,0,,0,,0,0,0,,12,12.0,0,0,0,,0,,0
5a37ec26,18655,MS Panesar,MS Panesar,Essex,2014-05-17,2014-05-23,2,0,0,0,0,0,,,0,0,0,0,,,,2,30,58,0,,11.6,,0/21,0,0,10.0,0,0,0,0,,12,8.0,0,0,0,,12,12.5,0,0,0,,6,17.0,0
916508da,395862,ACF Wyatt,ACF Wyatt,Leicestershire,2014-05-23,2014-05-23,1,0,0,0,0,0,,,0,0,0,0,,,,1,18,23,0,,7.67,,0/23,0,0,38.89,0,0,0,0,,18,7.67,0,0,0,,0,,0,0,0,,0,,0
4457365c,370856,Tanveer Sikandar,Tanveer Sikandar,Essex,2014-05-23,2014-05-23,1,0,0,0,0,0,,,0,0,0,0,,,,1,12,29,0,,14.5,,0/29,0,0,16.67,1,0,0,0,,12,14.5,0,0,0,,0,,0,0,0,,0,,0
6c75310b,16281,J Lewis,J Lewis,Sussex,2014-05-30,2014-05-30,1,0,0,0,0,0,,,0,0,0,0,,,,1,24,36,0,,9.0,,0/36,0,0,29.17,0,0,0,0,,18,8.33,0,0,0,,6,11.0,0,0,0,,0,,0
95085a7d,514400,TC Moore,TC Moore,Essex,2014-05-30,2014-05-30,1,0,0,0,0,0,,,0,0,0,0,,,,1,6,10,0,,10.0,,0/10,0,0,33.33,0,0,0,0,,6,10.0,0,0,0,,0,,0,0,0,,0,,0
e9c2f964,567039,PJ McKay,PJ McKay,Warwickshire,2014-07-08,2014-07-11,2,0,0,0,0,0,,,0,0,0,0,,,,0,0,0,0,,,,,0,0,,2,0,0,0,,0,,0,0,0,,0,,0,0,0,,0,,0
e3db0e03,405682,PM Best,PM Best,Warwickshire,2014-07-18,2014-07-18,1,0,0,0,0,0,,,0,0,0,0,,,,1,24,29,0,,7.25,,0/29,0,0,20.83,1,0,0,0,,0,,0,0,0,,24,7.25,0,0,0,,0,,0
18899e2b,210281,MA Chambers,MA Chambers,Northamptonshire,2014-07-25,2014-07-25,1,0,0,0,0,0,,,0,0,0,0,,,,1,12,26,0,,13.0,,0/26,0,0,33.33,0,0,0,0,,6,17.0,0,0,0,,6,9.0,0,0,0,,0,,0
4c239537,512626,ME Hobden,ME Hobden,Sussex,2014-07-25,2014-07-25,1,0,0,0,0,0,,,0,0,0,0,,,,1,12,36,0,,18.0,,0/36,0,0,33.33,0,0,0,0,,12,18.0,0,0,0,,0,,0,0,0,,0,,0
81137262,355091,ND Pinner,ND Pinner,Leicestershire,2015-05-28,2015-05-29,2,0,0,0,0,0,,,0,0,0,0,,,,2,12,21,0,,10.5,,0/6,0,0,41.67,0,0,0,0,,12,10.5,0,0,0,,0,,0,0,0,,0,,0
b2fe023a,407878,TP Milnes,TP Milnes,Derbyshire,2016-07-08,2016-07-08,1,1,0,0,2,0,0.0,0.0,0,0,0,0,0.0,100.0,10.0,1,18,30,0,,10.0,,0/30,0,0,27.78,0,0,0,0,,12,9.0,0,0,0,,6,12.0,0,0,2,0.0,0,,0
8a6ba092,599398,MJ Barry,MJ Barry,Auckland,2018-01-01,2018-01-01,1,0,0,0,0,0,,,0,0,0,0,,,,0,0,0,0,,,,,0,0,,0,0,0,0,,0,,0,0,0,,0,,0,0,0,,0,,0
6c1beb66,38111,MHW Papps,MHW Papps,Wellington,2013-01-20,2013-01-20,1,1,0,0,4,0,0.0,0.0,0,0,0,0,0.0,100.0,3.0,0,0,0,0,,,,,0,0,,0,0,0,4,0.0,0,,0,0,0,,0,,0,0,0,,0,,0
526a1047,388796,MJ Tugaga,MJ Tugaga,Wellington,2013-01-20,2013-01-20,1,0,0,0,0,0,,,0,0,0,0,,,,1,24,23,0,,5.75,,0/23,0,0,41.67,0,0,0,0,,18,4.33,0,0,0,,6,10.0,0,0,0,,0,,0
549aefcd,36950,BJ Diamanti,BJ Diamanti,Canterbury,2014-01-17,2014-01-17,1,1,0,0,6,0,0.0,0.0,0,0,0,0,0.0,100.0,7.0,0,0,0,0,,,,,0,0,,0,0,0,0,,0,,0,0,4,0.0,0,,0,0,2,0.0,0,,0
6ce98e65,440518,JD Hickey,JD Hickey,Northern Districts,2014-01-18,2014-01-18,1,0,0,0,0,0,,,0,0,0,0,,,,0,0,0,0,,,,,0,0,,0,0,0,0,,0,,0,0,0,,0,,0,0,0,,0,,0
