id,cricinfo_id,name,unique_name,team,first,last,matches,bat_inns,not_outs,runs,balls,hs,bat_avg,bat_sr,hundreds,fifties,fours,sixes,boundary_pct,dot_pct,usual_position,bowl_inns,bowl_balls,bowl_runs,wkts,bowl_avg,econ,bowl_sr,best,four_w,five_w,bowl_dot_pct,catches,stumpings,powerplay_bat_runs,powerplay_bat_balls,powerplay_bat_sr,powerplay_bowl_balls,powerplay_econ,powerplay_wkts,middle_bat_runs,middle_bat_balls,middle_bat_sr,middle_bowl_balls,middle_econ,middle_wkts,death_bat_runs,death_bat_balls,death_bat_sr,death_bowl_balls,death_econ,death_wkts
ba607b88,253802,V Kohli,V Kohli,India,2008-08-18,2026-07-19,311,300,46,14819,15784,183,58.34,93.89,54,77,1378,171,9.81,44.81,3.2,50,662,680,5,136.0,6.16,132.4,1/13,0,0,36.1,166,0,2187,2975,73.51,19,5.68,0,11032,11734,94.02,584,5.98,3,1600,1075,148.84,59,8.14,2
7dc35884,56143,Shakib Al Hasan,Shakib Al Hasan,Bangladesh,2006-08-06,2023-11-06,211,200,26,6638,7930,124*,38.15,83.71,8,52,618,51,8.44,49.04,4.6,205,10632,8139,258,31.55,4.59,41.21,5/30,8,3,52.86,55,0,541,695,77.84,1014,4.41,28,5284,6608,79.96,8262,4.3,182,813,627,129.67,1356,6.5,48
740742ef,34102,RG Sharma,RG Sharma,India,2007-06-23,2026-07-19,281,273,35,11532,12478,264,48.45,92.42,33,60,1086,357,11.56,52.85,2.2,40,610,533,9,59.22,5.24,67.78,2/27,0,0,38.36,106,0,3939,4894,80.49,0,,0,6486,6859,94.56,527,5.0,7,1107,725,152.69,83,6.8,2
6b71e6cf,50710,KC Sangakkara,KC Sangakkara,Sri Lanka,2002-06-27,2015-03-18,298,284,32,11640,14315,169,46.19,81.31,24,76,1122,77,8.38,52.31,3.3,0,0,0,0,,,,,0,0,,324,75,1907,2963,64.36,0,,0,8520,10481,81.29,0,,0,1213,871,139.27,0,,0
5bdcdb72,48472,TM Dilshan,TM Dilshan,Sri Lanka,2003-05-19,2016-08-28,280,259,30,9212,10538,161*,40.23,87.42,21,42,1021,49,10.15,51.13,3.2,180,5073,4161,87,47.83,4.92,58.31,4/4,1,0,44.83,98,0,3527,3858,91.42,384,4.91,10,4744,5865,80.89,4122,4.83,61,941,815,115.46,567,5.63,16
4a8a2e3b,28081,MS Dhoni,MS Dhoni,India,2004-12-23,2019-07-09,331,279,79,10274,11820,148,51.37,86.92,9,72,787,210,8.43,48.82,5.5,2,36,31,1,31.0,5.17,36.0,1/14,0,0,47.22,308,118,194,301,64.45,0,,0,6243,8522,73.26,36,5.17,1,3837,2997,128.03,0,,0
c4487b84,44936,AB de Villiers,AB de Villiers,South Africa,2005-02-02,2018-02-16,222,213,38,9435,9323,176,53.91,101.2,25,52,825,200,10.99,43.55,3.8,9,192,202,7,28.86,6.31,27.43,2/15,0,0,44.27,174,5,846,1147,73.76,0,,0,7102,7311,97.14,150,6.12,6,1487,865,171.91,42,7.0,1
9ab63e7b,41434,Mohammad Hafeez,Mohammad Hafeez,Pakistan,2003-04-03,2019-07-05,204,202,15,6351,8179,140*,33.96,77.65,11,37,634,106,9.05,58.81,2.3,164,7217,4989,128,38.98,4.15,56.38,4/41,1,0,51.77,78,0,1914,3021,63.36,909,4.02,17,3930,4791,82.03,5765,4.04,95,507,367,138.15,543,5.5,16
1c914163,36084,Yuvraj Singh,Yuvraj Singh,India,2002-06-29,2017-06-30,226,210,34,6932,7889,150,39.39,87.87,12,42,727,133,10.9,53.95,4.6,126,4018,3444,92,37.43,5.14,43.67,5/31,2,1,45.69,68,0,327,514,63.62,6,16.0,0,5110,6290,81.24,3492,4.91,75,1495,1085,137.79,520,6.58,17
0dc00542,42639,Shahid Afridi,Shahid Afridi,Pakistan,2003-02-11,2015-03-20,207,186,18,3913,2878,124,23.29,135.96,3,15,339,177,17.93,40.17,6.1,200,10228,7950,242,32.85,4.66,42.26,7/12,3,7,48.94,58,0,441,348,126.72,90,4.73,1,2106,1712,123.01,9101,4.52,200,1366,818,166.99,1037,5.92,41
db584dad,51880,CH Gayle,CH Gayle,West Indies,2003-02-09,2019-08-14,201,198,10,6433,7190,215,34.22,89.47,13,34,670,254,12.85,60.9,1.3,116,4401,3505,95,36.89,4.78,46.33,5/46,1,1,45.99,81,0,3523,4053,86.92,30,6.0,0,2695,3012,89.48,3490,4.46,66,215,125,172.0,881,6.0,29
4329fbb5,8180,SR Watson,SR Watson,Australia,2003-01-09,2015-09-05,164,150,22,5357,5844,185*,41.85,91.67,9,31,541,123,11.36,53.59,2.6,140,5575,4663,146,31.94,5.02,38.18,4/36,2,0,52.14,58,0,2111,2502,84.37,372,5.1,6,2740,2943,93.1,4284,4.61,92,506,399,126.82,919,6.87,48
64c34cd0,42657,Shoaib Malik,Shoaib Malik,Pakistan,2003-04-03,2019-06-16,224,207,33,5981,7192,128,34.37,83.16,5,37,474,92,7.87,50.64,4.9,163,5572,4396,114,38.56,4.73,48.88,3/6,0,0,49.03,78,0,482,801,60.17,18,2.67,0,4260,5452,78.14,4928,4.61,88,1239,939,131.95,626,5.75,26
a343262c,303669,JE Root,JE Root,England,2013-01-11,2026-07-19,186,177,28,7578,8672,166*,50.86,87.38,19,47,617,52,7.71,44.37,3.4,76,1704,1678,29,57.86,5.91,58.76,3/52,0,0,39.2,82,0,1110,1488,74.6,133,5.19,5,5674,6534,86.84,1420,5.75,21,794,650,122.15,151,8.07,3
b61a3e1a,38699,LRPL Taylor,LRPL Taylor,New Zealand,2006-03-01,2022-04-04,224,209,35,8126,9791,181*,46.7,82.99,20,48,674,133,8.24,50.4,3.9,4,42,35,0,,5.0,,0/2,0,0,47.62,133,0,605,1008,60.02,0,,0,6087,7763,78.41,42,5.0,0,1434,1020,140.59,0,,0
d18f9182,49289,DPMD Jayawardene,DPMD Jayawardene,Sri Lanka,2002-06-27,2015-03-18,283,264,23,8069,9993,144,33.48,80.75,12,51,741,52,7.94,51.44,3.8,5,67,63,1,63.0,5.64,67.0,1/5,0,0,47.76,140,0,1229,1739,70.67,14,8.14,0,5977,7542,79.25,42,5.57,0,863,712,121.21,11,2.73,1
896d78ad,49764,AD Mathews,AD Mathews,Sri Lanka,2008-11-30,2023-11-09,216,185,46,5646,6741,139*,40.62,83.76,3,39,454,85,8.0,49.25,5.5,158,5126,3971,120,33.09,4.65,42.72,6/20,2,1,55.09,49,0,62,158,39.24,1454,4.0,28,3482,4786,72.75,3185,4.57,73,2102,1797,116.97,487,7.07,19
f842c2cf,4578,MJ Clarke,MJ Clarke,Australia,2003-01-19,2015-03-29,217,198,37,6988,8938,130,43.4,78.18,8,50,575,45,6.94,51.94,4.2,92,2225,1821,52,35.02,4.91,42.79,5/35,1,1,42.92,91,0,672,1081,62.16,6,2.0,1,5022,6757,74.32,1944,4.86,40,1294,1100,117.64,275,5.35,11
d027ba9f,277906,KS Williamson,KS Williamson,New Zealand,2010-08-10,2025-10-29,173,165,17,7145,8749,148,48.28,81.67,15,46,654,60,8.16,51.58,3.3,65,1467,1310,37,35.41,5.36,39.65,4/22,1,0,42.33,76,0,1363,2197,62.04,12,8.0,0,5247,6117,85.78,1194,5.22,24,535,435,122.99,261,5.89,13
e798611a,43906,HM Amla,HM Amla,South Africa,2008-03-09,2019-06-28,177,174,13,7834,8861,159,48.66,88.41,26,38,795,49,9.52,48.3,1.5,0,0,0,0,,,,,0,0,,86,0,3325,3902,85.21,0,,0,4080,4640,87.93,0,,0,429,319,134.48,0,,0
3b041a12,56194,Tamim Iqbal,Tamim Iqbal,Bangladesh,2007-03-17,2023-09-23,218,215,12,7648,9681,158,37.67,79.0,12,55,839,96,9.66,57.6,1.1,2,6,13,0,,13.0,,0/6,0,0,33.33,64,0,3691,5007,73.72,0,,0,3756,4534,82.84,0,,0,201,140,143.57,6,13.0,0
fe93fd9d,234675,RA Jadeja,RA Jadeja,India,2009-02-08,2026-01-18,207,141,52,2880,3362,87,32.36,85.66,0,13,209,55,7.85,48.3,7.0,199,10236,8364,225,37.17,4.9,45.49,5/33,6,2,49.37,79,0,2,4,50.0,126,4.48,4,1272,1944,65.43,8922,4.81,178,1606,1414,113.58,1188,5.67,43
2be41edb,226492,MJ Guptill,MJ Guptill,New Zealand,2009-02-01,2022-09-08,194,191,18,7124,8164,237*,41.18,87.26,17,38,731,184,11.21,57.1,1.4,11,109,98,4,24.5,5.39,27.25,2/6,0,0,46.79,100,0,3339,4038,82.69,0,,0,3422,3918,87.34,80,6.15,0,363,208,174.52,29,3.31,4
a94e08ea,56029,Mushfiqur Rahim,Mushfiqur Rahim,Bangladesh,2006-08-06,2025-02-24,241,227,40,7096,8783,144,37.95,80.79,9,44,568,94,7.54,49.72,4.9,0,0,0,0,,,,,0,0,,217,46,406,808,50.25,0,,0,5275,6875,76.73,0,,0,1415,1100,128.64,0,,0
372455c4,379143,Q de Kock,Q de Kock,South Africa,2013-01-19,2025-12-06,159,159,8,7014,7248,178,46.45,96.77,23,31,791,131,12.72,50.84,1.5,0,0,0,0,,,,,0,0,,207,18,3137,3560,88.12,0,,0,3781,3640,103.87,0,,0,96,48,200.0,0,,0
7d415ea5,7133,RT Ponting,RT Ponting,Australia,2003-01-09,2012-02-19,198,190,17,6979,8481,164,40.34,82.29,16,43,664,93,8.93,54.05,3.0,0,0,0,0,,,,,0,0,,95,0,1405,1892,74.26,0,,0,5100,6217,82.03,0,,0,474,372,127.42,0,,0
d2c2b2d5,35320,SR Tendulkar,SR Tendulkar,India,2002-06-29,2012-03-18,146,144,10,6433,7414,200*,48.01,86.77,16,37,773,59,11.22,55.68,2.1,53,1491,1383,27,51.22,5.57,55.22,4/54,1,0,42.45,45,0,2377,3130,75.94,0,,0,3676,4017,91.51,1132,5.08,16,380,267,142.32,359,7.09,11
d2a6c0e6,24598,EJG Morgan,EJG Morgan,England,2007-03-15,2022-06-19,231,215,32,6953,7578,124*,37.99,91.75,12,43,600,190,10.42,51.31,4.6,0,0,0,0,,,,,0,0,,85,0,389,650,59.85,0,,0,5312,6076,87.43,0,,0,1252,852,146.95,0,,0
a12e1d51,49758,SL Malinga,SL Malinga,Sri Lanka,2004-07-23,2019-07-26,213,111,33,508,689,56,6.51,73.73,0,1,41,19,8.71,64.73,10.0,208,10336,9251,322,28.73,5.37,32.1,6/38,11,7,53.97,30,0,0,0,,4032,4.64,99,188,280,67.14,4176,5.38,103,320,409,78.24,2128,6.73,120
8ba8195d,35263,V Sehwag,V Sehwag,India,2002-06-29,2013-01-03,169,165,2,5763,5442,219,35.36,105.9,10,27,768,107,16.08,52.59,1.6,86,2417,2037,54,37.72,5.06,44.76,4/6,1,0,44.56,65,0,3202,3247,98.61,12,8.5,0,2466,2144,115.02,1973,4.98,37,95,51,186.27,432,5.32,17
86dc8f2e,45789,JH Kallis,JH Kallis,South Africa,2003-02-09,2014-07-12,138,132,21,4929,6453,128*,44.41,76.38,8,38,415,53,7.25,52.19,3.2,116,3871,3305,92,35.92,5.12,42.08,3/3,0,0,50.92,54,0,842,1306,64.47,186,4.87,3,3473,4645,74.77,3084,4.79,66,614,502,122.31,601,6.89,23
0a476045,28235,S Dhawan,S Dhawan,India,2010-10-20,2022-12-10,166,163,10,6733,7358,143,44.01,91.51,17,38,838,78,12.45,53.25,1.9,0,0,0,0,,,,,0,0,,83,0,3034,3673,82.6,0,,0,3646,3644,100.05,0,,0,53,41,129.27,0,,0
bf1d7d3e,56025,Mahmudullah,Mahmudullah,Bangladesh,2007-07-25,2025-02-24,215,189,47,5131,6585,128*,36.13,77.92,4,29,390,99,7.43,53.18,5.9,137,3983,3559,75,47.45,5.36,53.11,3/4,0,0,44.79,73,0,205,331,61.93,54,3.56,1,3060,4656,65.72,3558,5.16,54,1866,1598,116.77,371,7.54,20
dcce6f09,219889,DA Warner,DA Warner,Australia,2009-01-18,2023-11-19,156,154,5,6623,6828,179,44.45,97.0,21,32,699,125,12.07,51.52,1.5,1,6,8,0,,8.0,,0/8,0,0,33.33,70,0,3089,3319,93.07,0,,0,3323,3376,98.43,6,8.0,0,211,133,158.65,0,,0
7ed9fd56,50747,WU Tharanga,WU Tharanga,Sri Lanka,2005-08-02,2019-03-16,217,206,17,6482,8565,174*,34.3,75.68,14,36,741,52,9.26,59.53,1.8,0,0,0,0,,,,,0,0,,47,0,2849,4035,70.61,0,,0,3171,4173,75.99,0,,0,462,357,129.41,0,,0
8a75e999,348144,Babar Azam,Babar Azam,Pakistan,2015-05-31,2026-06-04,137,134,16,6328,7260,158,53.63,87.16,20,34,587,66,8.99,49.02,3.1,0,0,0,0,,,,,0,0,,63,0,1168,1619,72.14,0,,0,4506,5167,87.21,0,,0,654,474,137.97,0,,0
1dc12ab9,33335,SK Raina,SK Raina,India,2005-07-31,2018-07-17,220,190,34,5585,5955,116*,35.8,93.79,5,36,475,120,9.99,47.02,5.1,100,2124,1807,36,50.19,5.1,59.0,3/34,0,0,44.21,102,0,214,325,65.85,6,13.0,0,3979,4580,86.88,1832,4.95,26,1392,1050,132.57,286,5.96,10
87e562a9,51439,DJ Bravo,DJ Bravo,West Indies,2004-04-24,2014-10-17,146,127,19,2760,3398,112*,25.56,81.22,2,10,219,53,8.0,53.47,5.6,134,5821,5213,177,29.45,5.37,32.89,4/19,6,0,49.0,68,0,116,175,66.29,432,5.29,12,1877,2543,73.81,4075,4.85,95,767,680,112.79,1314,7.03,70
2e8994e7,44932,JP Duminy,JP Duminy,South Africa,2004-08-28,2019-07-06,193,174,38,4928,5858,129,36.24,84.12,3,27,342,67,6.98,46.5,5.0,131,3387,3063,67,45.72,5.43,50.55,4/16,1,0,44.29,80,0,255,334,76.35,147,5.63,1,3131,4322,72.44,2987,5.32,54,1542,1202,128.29,253,6.52,12
30a45b23,267192,SPD Smith,SPD Smith,Australia,2010-02-19,2025-03-04,167,151,19,5668,6522,164,42.94,86.91,12,34,510,57,8.69,48.34,3.8,40,1076,971,28,34.68,5.41,38.43,3/16,0,0,42.1,87,0,917,1239,74.01,0,,0,3909,4654,83.99,980,5.29,25,842,629,133.86,96,6.69,3
f233bbb4,49209,ST Jayasuriya,ST Jayasuriya,Sri Lanka,2002-06-27,2011-06-28,135,133,6,4414,4625,152,34.76,95.44,14,15,515,89,13.06,56.28,1.9,105,4003,3184,89,35.78,4.77,44.98,5/17,3,1,45.39,24,0,2247,2630,85.44,0,,0,2102,1951,107.74,3411,4.52,67,65,44,147.73,592,6.25,22
dd09ff8e,6278,B Lee,B Lee,Australia,2003-01-09,2012-07-07,154,81,31,865,1057,59,17.3,81.84,0,2,50,24,7.0,53.36,8.6,151,7727,6139,257,23.89,4.77,30.07,5/22,9,7,61.33,46,0,0,0,,3676,4.34,117,231,388,59.54,2881,4.56,82,634,669,94.77,1170,6.62,58
a386e91b,10772,PD Collingwood,PD Collingwood,England,2002-06-27,2011-03-11,158,145,29,4148,5413,120*,35.76,76.63,3,23,299,60,6.63,53.24,5.3,120,4234,3425,86,39.83,4.85,49.23,4/15,1,0,48.09,89,0,114,172,66.28,18,8.0,0,3076,4416,69.66,3707,4.64,63,958,825,116.12,509,6.27,23
1fc6ef83,581379,SD Hope,SD Hope,West Indies,2016-11-16,2026-07-21,144,141,20,5857,7191,170,48.4,81.45,18,30,468,120,8.18,52.3,2.9,0,0,0,0,,,,,0,0,,152,16,1321,1899,69.56,0,,0,3771,4720,79.89,0,,0,765,572,133.74,0,,0
afe57f7a,55870,SC Williams,SC Williams,Zimbabwe,2005-02-25,2025-08-31,134,130,14,4351,4912,174,37.51,88.58,6,31,400,52,9.2,49.02,4.8,111,4167,3510,70,50.14,5.05,59.53,4/43,1,0,48.43,46,0,229,375,61.07,108,4.0,2,3458,4018,86.06,3414,4.83,46,664,519,127.94,645,6.39,22
249d60c9,244497,AU Rashid,AU Rashid,England,2009-08-27,2026-07-19,159,85,29,942,1016,69,16.82,92.72,0,1,92,14,10.43,49.11,9.4,154,7949,7463,234,31.89,5.63,33.97,5/27,10,2,44.66,53,0,0,1,0.0,48,6.25,3,310,447,69.35,7080,5.44,185,632,568,111.27,821,7.29,46
72861603,47270,GC Smith,GC Smith,South Africa,2003-02-16,2013-11-27,155,152,7,5280,6467,141,36.41,81.65,8,36,588,38,9.68,55.91,1.4,33,808,724,15,48.27,5.38,53.87,3/30,0,0,41.83,87,0,2526,3407,74.14,0,,0,2630,2958,88.91,666,5.33,11,124,102,121.57,142,5.58,4
99b75528,308967,JC Buttler,JC Buttler,England,2012-02-21,2026-07-19,197,171,31,5529,4771,162*,39.49,115.89,11,29,448,186,13.29,41.4,5.8,0,0,0,0,,,,,0,0,,237,38,86,112,76.79,0,,0,3375,3447,97.91,0,,0,2068,1212,170.63,0,,0
0f12f9df,233514,NLTC Perera,NLTC Perera,Sri Lanka,2009-12-24,2021-03-14,161,128,14,2233,1980,140,19.59,112.78,1,10,168,83,12.68,42.73,7.2,152,5666,5563,164,33.92,5.89,34.55,6/44,5,3,48.15,57,0,10,7,142.86,916,5.36,20,1108,1112,99.64,4014,5.44,94,1115,861,129.5,736,9.0,50
3355b542,44828,F du Plessis,F du Plessis,South Africa,2011-01-18,2019-07-06,141,135,19,5445,6175,185,46.94,88.18,12,34,493,61,8.97,48.15,3.7,11,192,189,2,94.5,5.91,96.0,1/8,0,0,36.98,76,0,808,1184,68.24,0,,0,4027,4564,88.23,186,5.77,2,610,427,142.86,6,10.0,0
e186f49c,56007,Mashrafe Mortaza,Mashrafe Mortaza,Bangladesh,2003-02-11,2020-03-06,175,122,24,1304,1567,44,13.31,83.22,0,0,108,42,9.57,56.67,8.8,175,8539,7233,209,34.61,5.08,40.86,6/26,4,1,55.37,43,0,0,0,,4165,4.31,70,396,738,53.66,2981,4.88,60,908,829,109.53,1393,7.81,79
f5180fe6,6033,MG Johnson,MG Johnson,Australia,2006-02-26,2015-03-29,147,88,31,934,976,73*,16.39,95.7,0,2,80,22,10.45,50.31,8.5,144,7187,5790,226,25.62,4.83,31.8,6/31,7,3,58.26,34,0,0,0,,1939,4.47,53,217,322,67.39,4146,4.58,116,717,654,109.63,1102,6.43,57
33155d1b,9062,IR Bell,IR Bell,England,2004-11-28,2015-03-09,156,153,12,5289,6865,141,37.51,77.04,4,33,509,31,7.87,55.85,2.8,6,88,88,6,14.67,6.0,14.67,3/9,0,0,44.32,54,0,1783,2408,74.04,0,,0,3207,4189,76.56,48,6.25,1,299,268,111.57,40,5.7,5
3fb19989,311592,MA Starc,MA Starc,Australia,2010-10-20,2025-10-25,126,75,26,579,748,52*,11.82,77.41,0,1,43,14,7.62,56.15,9.1,126,6452,5661,239,23.69,5.26,27.0,6/28,11,9,57.35,46,0,0,0,,2540,4.99,84,155,303,51.16,2875,5.07,87,424,445,95.28,1037,6.47,68
f846de6a,52983,MN Samuels,MN Samuels,West Indies,2003-05-17,2018-12-14,152,143,20,4205,5527,133*,34.19,76.08,9,20,384,102,8.79,58.89,4.2,98,3632,2905,57,50.96,4.8,63.72,3/12,0,0,49.04,39,0,505,841,60.05,114,4.47,4,3176,4315,73.6,2903,4.61,36,524,371,141.24,615,5.76,17
26d041c4,299572,Sikandar Raza,Sikandar Raza,Zimbabwe,2013-05-03,2026-09-15,129,121,19,3762,4298,135*,36.88,87.53,6,21,314,86,9.31,51.88,4.9,103,4316,3583,77,46.53,4.98,56.05,4/55,1,0,48.82,51,0,360,525,68.57,192,4.97,3,2436,3065,79.48,3580,4.79,53,966,708,136.44,544,6.22,21
b8d490fd,5334,AJ Finch,AJ Finch,Australia,2013-01-11,2022-09-11,143,139,3,5188,5990,153*,38.15,86.61,16,29,510,118,10.48,56.14,1.7,21,284,259,4,64.75,5.47,71.0,1/2,0,0,42.61,70,0,2295,2863,80.16,0,,0,2835,3081,92.02,280,5.51,3,58,46,126.09,4,3.0,1
d12143bf,8608,JM Anderson,JM Anderson,England,2003-01-11,2015-03-09,179,73,40,254,498,28,7.7,51.0,0,0,22,0,4.42,68.07,10.7,177,8843,7321,250,29.28,4.97,35.37,5/23,10,2,58.93,48,0,0,0,,4559,4.29,104,92,174,52.87,2791,4.65,75,162,324,50.0,1493,7.63,71
53597be1,55814,BRM Taylor,BRM Taylor,Zimbabwe,2004-04-20,2026-09-15,164,163,9,5153,6848,145*,33.46,75.25,10,27,479,66,7.96,56.83,3.2,16,258,277,4,69.25,6.44,64.5,1/6,0,0,36.82,104,17,1061,1770,59.94,0,,0,3684,4729,77.9,162,6.15,1,408,349,116.91,96,6.94,3
b681e71e,325026,GJ Maxwell,GJ Maxwell,Australia,2012-08-28,2025-03-04,144,132,16,3695,2975,108,31.85,124.2,3,22,354,138,16.54,43.93,5.7,115,3852,3519,74,47.55,5.48,52.05,4/40,4,0,43.85,89,0,118,93,126.88,204,4.47,6,2125,2025,104.94,3287,5.38,53,1452,857,169.43,361,7.01,15
0f721006,391485,JO Holder,JO Holder,West Indies,2013-02-01,2023-07-01,129,108,23,2144,2395,99*,25.22,89.52,0,12,156,64,9.19,49.19,7.2,127,6024,5572,151,36.9,5.55,39.89,5/27,5,2,53.75,57,0,34,25,136.0,2788,4.64,52,1455,1787,81.42,2287,5.35,44,655,583,112.35,949,8.68,55
469ea22b,49535,KMDN Kulasekara,KMDN Kulasekara,Sri Lanka,2003-11-18,2017-07-10,179,121,36,1323,1611,73,15.56,82.12,0,4,95,39,8.32,53.88,8.4,176,8029,6615,192,34.45,4.94,41.82,5/22,4,1,58.71,45,0,6,8,75.0,4283,4.31,89,589,906,65.01,2702,4.95,62,728,697,104.45,1044,7.52,41
b8a55852,37737,BB McCullum,BB McCullum,New Zealand,2002-12-29,2016-02-08,212,187,23,5157,5347,131,31.45,96.45,4,29,490,172,12.38,53.39,3.9,0,0,0,0,,,,,0,0,,212,14,2055,1899,108.21,0,,0,2170,2742,79.14,0,,0,932,706,132.01,0,,0
d7c6af50,38710,DL Vettori,DL Vettori,New Zealand,2002-12-29,2015-03-29,159,98,27,1450,1703,79,20.42,85.14,0,3,117,8,7.34,46.86,7.8,153,7925,5254,184,28.55,3.98,43.07,5/7,4,2,56.01,55,0,40,55,72.73,198,4.27,3,909,1187,76.58,6956,3.84,146,501,461,108.68,771,5.18,35
48fd7349,5939,MEK Hussey,MEK Hussey,Australia,2004-02-01,2012-09-03,175,148,38,5076,5920,109*,46.15,85.74,3,37,352,70,7.13,46.03,5.4,13,240,235,2,117.5,5.88,120.0,1/22,0,0,47.5,100,0,95,205,46.34,0,,0,3169,4287,73.92,198,5.52,1,1812,1428,126.89,42,7.57,1
13c35c9e,232364,TG Southee,TG Southee,New Zealand,2008-06-15,2023-11-15,152,93,33,715,750,55,11.92,95.33,0,1,56,25,10.8,51.87,9.5,150,7690,7146,215,33.24,5.58,35.77,7/33,5,3,54.84,44,0,0,0,,3234,4.63,73,243,261,93.1,3129,5.6,79,472,489,96.52,1327,7.83,63
bb345e0b,28763,G Gambhir,G Gambhir,India,2003-04-21,2013-01-27,138,134,11,4981,5804,150*,40.5,85.82,11,32,525,17,9.34,50.47,2.0,1,6,13,0,,13.0,,0/13,0,0,50.0,31,0,1883,2318,81.23,0,,0,2933,3364,87.19,6,13.0,0,165,122,135.25,0,,0
4c5d73db,247235,CR Woakes,CR Woakes,England,2011-01-23,2023-11-11,119,86,23,1514,1683,95*,24.03,89.96,0,6,117,21,8.2,46.64,7.8,116,5659,5111,173,29.54,5.42,32.71,6/45,11,3,54.5,49,0,0,0,,2640,4.54,75,691,944,73.2,2022,5.36,41,823,739,111.37,997,7.87,57
bd77eb62,7702,A Symonds,A Symonds,Australia,2003-01-09,2009-05-03,126,105,24,3589,3960,151,44.31,90.63,5,24,304,73,9.52,50.38,5.0,92,3402,2894,69,41.94,5.1,49.3,5/18,0,1,47.68,53,0,93,132,70.45,0,,0,2511,3132,80.17,2957,4.99,51,985,696,141.52,445,5.85,18
e087956b,311158,BA Stokes,BA Stokes,England,2011-08-25,2023-11-11,113,98,15,3461,3613,182,41.7,95.79,5,24,282,109,10.82,48.96,5.1,87,3086,3125,74,42.23,6.08,41.7,5/61,1,1,43.39,54,0,140,213,65.73,72,4.58,3,2514,2809,89.5,2388,5.87,43,807,591,136.55,626,7.03,28
d2babdd5,55343,E Chigumbura,E Chigumbura,Zimbabwe,2004-04-20,2018-10-26,160,151,21,3266,4143,117,25.12,78.83,2,14,264,73,8.13,55.93,6.3,108,3555,3490,80,43.62,5.89,44.44,3/25,0,0,51.93,52,0,50,73,68.49,893,5.48,22,2138,3082,69.37,2238,5.51,40,1078,988,109.11,424,8.77,18
33cb3411,43652,Younis Khan,Younis Khan,Pakistan,2003-02-11,2015-11-11,177,170,11,4777,6297,123*,30.04,75.86,5,32,388,36,6.73,52.33,3.8,15,212,215,1,215.0,6.08,212.0,1/3,0,0,35.38,89,0,790,1394,56.67,0,,0,3394,4386,77.38,150,6.28,1,593,517,114.7,62,5.61,0
7eae4418,41378,Misbah-ul-Haq,Misbah-ul-Haq,Pakistan,2003-04-08,2015-03-20,149,137,26,4752,6411,96*,42.81,74.12,0,39,318,76,6.15,52.82,4.9,1,24,30,0,,7.5,,0/30,0,0,29.17,60,0,118,327,36.09,0,,0,3430,5035,68.12,0,,0,1204,1049,114.78,24,7.5,0
7fb32e5b,37740,KD Mills,KD Mills,New Zealand,2002-12-29,2015-01-31,131,76,24,871,966,54,16.75,90.17,0,2,65,35,10.35,54.14,9.2,130,6397,5027,191,26.32,4.72,33.49,5/25,8,1,60.81,32,0,1,9,11.11,3478,4.15,79,266,366,72.68,2059,4.6,61,604,591,102.2,860,7.25,51
e824e6ee,388802,TWM Latham,TWM Latham,New Zealand,2012-02-03,2026-07-21,169,156,20,4583,5427,145*,33.7,84.45,8,26,386,60,8.22,49.18,4.2,0,0,0,0,,,,,0,0,,142,18,625,958,65.24,0,,0,3261,3954,82.47,0,,0,697,515,135.34,0,,0
d67d5f00,321777,DA Miller,DA Miller,South Africa,2010-05-22,2025-03-05,175,152,45,4573,4396,139,42.74,104.03,7,24,340,143,10.99,42.93,5.7,0,0,0,0,,,,,0,0,,86,0,63,70,90.0,0,,0,2661,3081,86.37,0,,0,1849,1245,148.51,0,,0
ddc0828d,12856,A Flintoff,A Flintoff,England,2002-06-27,2009-04-03,83,74,14,2168,2377,123,36.13,91.21,2,11,213,56,11.32,54.06,5.3,76,3772,2676,119,22.49,4.26,31.7,5/19,5,2,61.29,25,0,45,74,60.81,438,3.75,10,1562,1912,81.69,2627,4.0,65,561,391,143.48,707,5.51,44
e237b28c,43650,Yousuf Youhana,Mohammad Yousuf,Pakistan,2003-02-11,2010-11-08,136,129,19,4523,5845,117,41.12,77.38,6,35,362,33,6.76,51.17,4.2,2,2,1,1,1.0,3.0,2.0,1/0,0,0,50.0,21,0,218,457,47.7,0,,0,3614,4760,75.92,2,3.0,1,691,628,110.03,0,,0
57efa3be,38407,SB Styris,SB Styris,New Zealand,2003-01-04,2011-03-29,111,97,15,3184,3906,141,38.83,81.52,3,22,258,41,7.65,50.82,4.6,93,3217,2497,67,37.27,4.66,48.01,4/43,1,0,52.44,53,0,213,342,62.28,36,2.33,0,2354,3112,75.64,2783,4.37,53,617,452,136.5,398,6.87,14
bb351c23,8917,MM Ali,MM Ali,England,2014-02-28,2023-11-11,135,110,14,2278,2357,128,23.73,96.65,3,6,199,71,11.46,50.15,5.8,126,5886,5210,111,46.94,5.31,53.03,4/46,2,0,44.34,48,0,447,452,98.89,222,4.92,10,1142,1376,82.99,5452,5.21,97,689,529,130.25,212,8.35,4
5d1e7582,629074,BKG Mendis,BKG Mendis,Sri Lanka,2016-06-18,2026-06-03,141,138,11,4491,5148,143,35.36,87.24,6,31,465,71,10.41,51.88,3.3,2,20,28,0,,8.4,,0/13,0,0,30.0,85,16,1031,1389,74.23,0,,0,3208,3557,90.19,20,8.4,0,252,202,124.75,0,,0
e4a0deae,502714,MJ Santner,MJ Santner,New Zealand,2015-06-09,2026-07-21,127,94,33,1641,1784,67,26.9,91.98,0,3,116,53,9.47,49.66,7.6,122,6100,4831,136,35.52,4.75,44.85,5/50,0,2,51.23,54,0,0,0,,252,4.29,4,662,960,68.96,5042,4.55,101,979,824,118.81,806,6.14,31
2b6e6dec,5390,AC Gilchrist,AC Gilchrist,Australia,2003-01-09,2008-03-04,121,118,6,4355,4153,172,38.88,104.86,7,27,552,75,15.1,53.86,1.1,0,0,0,0,,,,,0,0,,186,19,2771,2733,101.39,0,,0,1541,1386,111.18,0,,0,43,34,126.47,0,,0
39f01cdb,19296,KP Pietersen,KP Pietersen,England,2004-11-28,2013-09-16,125,118,15,4202,4897,130,40.8,85.81,9,23,401,71,9.64,52.26,3.7,22,389,364,7,52.0,5.61,55.57,2/22,0,0,45.24,35,0,699,899,77.75,0,,0,2854,3515,81.19,341,5.44,6,649,483,134.37,48,6.88,1
a818c1be,277912,TA Boult,TA Boult,New Zealand,2012-07-11,2023-11-15,111,52,28,216,279,21*,9.0,77.42,0,0,20,7,9.68,61.65,10.8,110,6018,5060,206,24.56,5.04,29.21,7/34,10,6,58.62,43,0,0,0,,2958,4.31,90,57,111,51.35,2155,5.1,58,159,168,94.64,905,7.32,58
31fbf891,55608,H Masakadza,H Masakadza,Zimbabwe,2004-12-01,2019-07-07,156,155,0,3955,5503,111,25.52,71.87,2,24,419,57,8.65,62.53,2.1,60,1223,1162,19,61.16,5.7,64.37,2/52,0,0,42.6,50,0,1844,2819,65.41,14,5.57,1,2074,2650,78.26,1061,5.48,15,37,34,108.82,148,7.3,3
14f96089,379504,A Zampa,A Zampa,Australia,2016-02-06,2026-09-15,119,65,25,401,620,36,10.03,64.68,0,0,34,2,5.81,60.97,10.0,119,6213,5699,193,29.53,5.5,32.19,5/35,12,1,44.87,21,0,0,0,,48,5.38,1,167,272,61.4,5267,5.33,143,234,348,67.24,898,6.51,49
390ff45b,39836,Abdul Razzaq,Abdul Razzaq,Pakistan,2003-02-11,2011-11-18,116,100,30,2327,2604,109*,33.24,89.36,2,9,174,67,9.25,51.46,7.1,112,4373,3599,96,37.49,4.94,45.55,4/29,4,0,55.89,18,0,47,45,104.44,546,5.2,6,911,1586,57.44,3441,4.67,66,1369,973,140.7,386,6.95,24
3d8feaf8,272450,MR Marsh,MR Marsh,Australia,2011-10-19,2026-09-15,98,94,12,3102,3284,177*,37.83,94.46,4,20,289,102,11.91,52.44,4.2,69,2195,2011,57,35.28,5.5,38.51,5/33,1,1,48.93,36,0,653,721,90.57,180,5.2,5,1834,2128,86.18,1800,5.23,42,615,435,141.38,215,7.98,10
d1c36f5c,298438,JJ Roy,JJ Roy,England,2015-05-08,2023-03-06,114,109,3,4237,4015,180,39.97,105.53,12,21,508,81,14.67,49.99,1.0,0,0,0,0,,,,,0,0,,46,0,2253,2362,95.39,0,,0,1977,1643,120.33,0,,0,7,10,70.0,0,,0
8b5b6769,29264,Harbhajan Singh,Harbhajan Singh,India,2002-06-29,2015-10-25,154,85,23,917,1119,49,14.79,81.95,0,0,63,28,8.13,54.24,8.3,145,7951,5834,166,35.14,4.4,47.9,5/31,0,2,53.48,46,0,0,0,,228,4.26,5,301,545,55.23,6866,4.2,126,616,574,107.32,857,6.04,35
8fd1a8f5,47492,DW Steyn,DW Steyn,South Africa,2005-08-17,2019-03-13,124,51,12,365,562,60,9.36,64.95,0,1,35,9,7.83,67.26,9.3,123,6195,5039,193,26.11,4.88,32.1,6/39,4,3,59.48,28,0,0,0,,2666,4.56,50,149,262,56.87,2374,4.47,67,216,300,72.0,1155,6.45,76
8cf9814c,481896,Mohammed Shami,Mohammed Shami,India,2013-01-06,2025-03-09,106,48,20,224,271,25,8.0,82.66,0,0,17,9,9.59,55.72,9.5,105,5223,4865,200,24.32,5.59,26.11,7/57,9,6,55.68,32,0,0,0,,2244,4.58,52,44,63,69.84,1842,5.45,72,180,208,86.54,1137,7.8,76
91a4a398,30102,Z Khan,Z Khan,India,2002-06-29,2012-08-04,132,63,20,531,745,34*,12.35,71.28,0,0,47,16,8.46,63.36,9.4,129,6582,5500,180,30.56,5.01,36.57,5/42,2,1,56.67,29,0,0,0,,3164,4.41,71,166,359,46.24,2183,5.02,52,365,386,94.56,1235,6.54,57
4ba44e19,49636,M Muralitharan,M Muralitharan,Sri Lanka,2003-01-09,2011-04-02,126,66,23,317,379,32,7.37,83.64,0,0,30,7,9.76,56.73,10.0,124,6717,4579,190,24.1,4.09,35.35,5/29,7,2,55.1,32,0,0,0,,108,4.83,5,112,125,89.6,5507,3.86,146,205,254,80.71,1102,5.16,39
5fa06777,32685,IK Pathan,IK Pathan,India,2004-01-09,2012-08-04,100,72,15,1226,1516,83,21.51,80.87,0,3,116,29,9.56,57.45,6.7,98,4846,4301,144,29.87,5.33,33.65,5/27,4,2,55.49,19,0,127,196,64.8,1914,4.85,51,662,900,73.56,2129,5.04,52,437,420,104.05,803,7.2,41
8d2c70ad,559235,Kuldeep Yadav,Kuldeep Yadav,India,2017-06-23,2026-01-18,117,42,21,202,399,19,9.62,50.63,0,0,15,0,3.76,62.66,9.2,114,5965,5088,191,26.64,5.12,31.23,6/25,9,2,49.51,18,0,0,0,,78,6.08,3,57,160,35.62,5261,4.98,152,145,239,60.67,626,6.12,36
5bb5a915,46538,M Morkel,M Morkel,South Africa,2007-06-06,2018-02-16,116,47,18,268,354,32*,9.24,75.71,0,0,24,7,8.76,59.04,9.8,113,5700,4700,187,25.13,4.95,30.48,5/21,7,2,58.3,31,0,0,0,,1615,4.52,38,72,130,55.38,3160,4.64,88,196,224,87.5,925,6.73,61
36d33dd0,52969,RR Sarwan,RR Sarwan,West Indies,2003-02-09,2013-06-11,120,113,17,3717,5022,115*,38.72,74.01,1,28,316,38,7.05,55.16,3.7,18,371,390,14,27.86,6.31,26.5,3/31,0,0,36.39,27,0,500,858,58.28,6,0.0,0,2761,3791,72.83,239,5.67,4,456,373,122.25,126,7.81,10
cf494ffe,303427,PR Stirling,PR Stirling,Ireland,2008-08-25,2025-05-25,116,110,2,3548,4054,162,32.85,87.52,8,16,404,86,12.09,58.14,1.8,45,1458,1214,22,55.18,5.0,66.27,2/27,0,0,48.22,41,0,1892,2179,86.83,19,4.42,0,1549,1805,85.82,1262,4.82,21,107,70,152.86,177,6.34,1
eba6a852,10617,SCJ Broad,SCJ Broad,England,2006-08-30,2016-02-14,117,67,24,509,665,45*,11.84,76.54,0,0,34,10,6.62,55.19,9.0,117,5913,5236,173,30.27,5.31,34.18,5/23,9,1,55.45,26,0,0,0,,1831,5.05,34,190,288,65.97,3040,4.68,80,319,377,84.62,1042,7.62,59
3eac9d95,38062,JDP Oram,JDP Oram,New Zealand,2002-12-29,2012-11-06,106,70,9,1546,1711,101*,25.34,90.36,1,9,114,51,9.64,51.37,6.6,103,4760,3478,120,28.98,4.38,39.67,5/36,3,1,59.64,38,0,0,3,0.0,607,4.18,15,826,1160,71.21,3446,3.95,74,720,548,131.39,707,6.7,31
d8699ab7,5616,ML Hayden,ML Hayden,Australia,2003-01-09,2008-03-04,99,96,9,3939,4818,181*,45.28,81.76,7,20,411,58,9.73,57.47,1.9,0,0,0,0,,,,,0,0,,41,0,1796,2372,75.72,0,,0,2010,2380,84.45,0,,0,133,66,201.52,0,,0
888e32bf,56283,Abdur Razzak,Abdur Razzak,Bangladesh,2004-07-17,2014-08-25,122,79,27,644,854,53*,12.38,75.41,0,1,47,17,7.49,57.85,9.5,121,6250,4815,163,29.54,4.62,38.34,5/29,3,4,56.16,26,0,0,0,,900,4.4,21,243,442,54.98,4343,4.3,91,401,412,97.33,1007,6.21,51
05d74535,42699,Saeed Ajmal,Saeed Ajmal,Pakistan,2008-07-02,2015-04-19,108,69,23,323,534,33,7.02,60.49,0,0,25,0,4.68,60.49,10.0,107,5748,4048,175,23.13,4.23,32.85,5/24,5,2,55.76,24,0,0,0,,192,3.59,0,77,187,41.18,4377,3.82,114,246,347,70.89,1179,5.82,61
1777c020,512191,Fakhar Zaman,Fakhar Zaman,Pakistan,2017-06-07,2025-11-16,87,86,6,3802,4066,210*,47.52,93.51,11,19,422,83,12.42,53.34,1.6,7,135,111,1,111.0,4.93,135.0,1/19,0,0,48.89,41,0,1620,1926,84.11,0,,0,2010,2037,98.67,135,4.93,1,172,103,166.99,0,,0
881a9bdd,51469,S Chanderpaul,S Chanderpaul,West Indies,2003-02-09,2011-03-23,114,108,21,3804,5484,127*,43.72,69.37,6,27,290,40,6.02,56.71,3.7,2,26,19,0,,4.38,,0/0,0,0,38.46,29,0,619,1113,55.62,0,,0,2604,3852,67.6,26,4.38,0,581,519,111.95,0,,0
495d42a5,26421,R Ashwin,R Ashwin,India,2010-06-05,2023-10-08,115,63,20,707,813,65,16.44,86.96,0,1,60,7,8.24,46.0,8.0,113,6244,5149,153,33.65,4.95,40.81,4/25,1,0,48.86,31,0,0,0,,270,5.4,7,284,418,67.94,5287,4.79,118,423,395,107.09,687,5.97,28
e1d1b294,45224,HH Gibbs,HH Gibbs,South Africa,2003-02-09,2010-02-27,110,102,7,3766,4344,175,39.64,86.69,10,20,414,72,11.19,56.38,2.7,0,0,0,0,,,,,0,0,,48,0,1148,1605,71.53,0,,0,2340,2536,92.27,0,,0,278,203,136.95,0,,0
b68d14a9,20387,AJ Strauss,AJ Strauss,England,2003-11-18,2011-03-26,114,112,6,3729,4606,158,35.18,80.96,5,24,397,25,9.16,55.58,2.0,1,6,3,0,,3.0,,0/3,0,0,66.67,53,0,1552,2105,73.73,0,,0,2027,2367,85.64,0,,0,150,134,111.94,6,3.0,0
0184dc35,28114,R Dravid,R Dravid,India,2002-06-29,2011-09-16,127,118,20,3723,5128,103*,37.99,72.6,1,34,348,17,7.12,55.09,4.0,0,0,0,0,,,,,0,0,,76,5,420,774,54.26,0,,0,2582,3795,68.04,0,,0,721,559,128.98,0,,0
e84ac20c,506612,MJ Henry,MJ Henry,New Zealand,2014-01-31,2025-11-22,93,38,12,270,290,48*,10.38,93.1,0,0,22,11,11.38,55.86,9.5,91,4868,4232,171,24.75,5.22,28.47,5/30,13,3,57.93,31,0,0,0,,2352,4.2,75,50,67,74.63,1798,5.46,48,220,223,98.65,718,7.93,48
c58b0108,629063,Mehedi Hasan Miraz,Mehedi Hasan Miraz,Bangladesh,2017-03-25,2026-07-11,108,79,11,1408,1779,100*,20.71,79.15,1,3,127,25,8.54,55.93,6.9,106,5232,4164,114,36.53,4.78,45.89,4/25,5,0,50.99,51,0,145,204,71.08,966,4.5,14,747,1050,71.14,3956,4.73,87,516,525,98.29,310,6.23,13
a757b0d8,230559,KA Pollard,KA Pollard,West Indies,2007-04-10,2022-02-06,117,108,8,2608,2802,119,26.08,93.08,3,13,165,129,10.49,53.6,6.0,77,2155,2059,54,38.13,5.73,39.91,3/27,0,0,39.44,63,0,46,102,45.1,12,5.5,0,1796,2140,83.93,1647,5.35,32,766,560,136.79,496,7.02,22
e62dd25d,550215,K Rabada,K Rabada,South Africa,2015-07-10,2025-03-05,103,45,18,401,507,31*,14.85,79.09,0,0,30,12,8.28,55.03,9.0,101,5285,4501,164,27.45,5.11,32.23,6/16,6,2,58.39,40,0,0,0,,2334,4.74,56,106,193,54.92,2084,4.85,57,295,314,93.95,867,6.73,51
abb83e27,297433,JM Bairstow,JM Bairstow,England,2011-09-16,2023-11-11,103,95,8,3671,3596,141*,42.2,102.09,10,16,417,83,13.9,52.2,2.5,0,0,0,0,,,,,0,0,,53,3,1603,1602,100.06,0,,0,1960,1914,102.4,0,,0,108,80,135.0,0,,0
8dd02a98,300628,LD Chandimal,LD Chandimal,Sri Lanka,2010-06-01,2022-06-24,151,137,20,3657,4970,111,31.26,73.58,3,24,248,42,5.84,52.27,4.3,0,0,0,0,,,,,0,0,,56,7,306,623,49.12,0,,0,2862,3841,74.51,0,,0,489,506,96.64,0,,0
0a8fce53,330902,Mustafizur Rahman,Mustafizur Rahman,Bangladesh,2015-06-18,2026-07-06,112,57,32,165,342,20,6.6,48.25,0,0,18,1,5.56,72.22,10.6,110,5332,4607,174,26.48,5.18,30.64,6/43,5,6,54.84,16,0,0,0,,1530,4.7,39,60,111,54.05,2707,4.91,69,105,231,45.45,1095,6.54,66
dbe50b21,625371,HH Pandya,HH Pandya,India,2016-10-16,2025-03-09,92,67,10,1897,1708,92*,33.28,111.07,0,11,141,76,12.7,43.44,6.0,86,3359,3137,87,36.06,5.6,38.61,4/24,1,0,50.67,34,0,1,3,33.33,627,6.04,12,1125,1154,97.49,2420,5.33,61,771,551,139.93,312,6.83,14
16dfcc19,43524,Umar Gul,Umar Gul,Pakistan,2003-04-03,2016-09-04,120,63,17,442,630,39,9.61,70.16,0,0,35,13,7.62,62.06,9.3,118,5597,4897,157,31.19,5.25,35.65,6/42,4,1,57.91,14,0,7,7,100.0,2438,4.58,53,124,224,55.36,2217,5.01,42,311,399,77.94,942,7.54,62
acee4cc4,40618,Imran Tahir,Imran Tahir,South Africa,2011-02-24,2019-07-06,106,36,16,157,225,29,7.85,69.78,0,0,21,1,9.78,65.78,10.8,103,5499,4268,169,25.25,4.66,32.54,7/45,6,3,52.35,24,0,0,0,,156,4.69,6,34,54,62.96,4629,4.43,129,123,171,71.93,714,6.12,34
b410bd3d,960361,S Lamichhane,S Lamichhane,Nepal,2018-08-30,2026-09-12,75,49,14,479,550,49,13.69,87.09,0,0,40,9,8.91,50.36,9.6,73,4073,2951,152,19.41,4.35,26.8,6/11,9,3,58.34,12,0,0,0,,222,3.76,12,246,282,87.23,3218,4.0,117,233,268,86.94,633,6.34,23
88fccd6c,46774,SM Pollock,SM Pollock,South Africa,2003-02-09,2008-02-03,98,69,24,1358,1450,130,30.18,93.66,1,6,113,24,9.45,46.48,7.1,94,4966,2840,108,26.3,3.43,45.98,5/23,1,1,67.74,27,0,0,0,,2736,3.0,65,688,852,80.75,1860,3.49,32,670,598,112.04,370,6.31,11
12b610c2,530011,TM Head,TM Head,Australia,2016-06-13,2026-09-15,78,75,6,2952,2807,154*,42.78,105.17,7,16,340,72,14.68,50.02,3.0,42,1185,1137,28,40.61,5.76,42.32,4/28,2,0,41.94,19,0,1210,1056,114.58,36,8.83,0,1417,1510,93.84,1050,5.58,22,325,241,134.85,99,6.48,6
7ca5e05d,10582,RS Bopara,RS Bopara,England,2007-02-02,2015-02-01,117,108,21,2689,3450,101*,30.91,77.94,1,14,204,34,6.9,52.35,5.1,73,1812,1492,38,39.26,4.94,47.68,4/38,1,0,49.06,34,0,272,461,59.0,42,5.43,1,1820,2453,74.19,1586,4.84,32,597,536,111.38,184,5.71,5
c03c6200,53115,DJG Sammy,DJG Sammy,West Indies,2004-09-15,2015-03-21,121,103,28,1853,1857,89,24.71,99.78,0,9,144,84,12.28,52.56,7.7,115,4832,3776,77,49.04,4.69,62.75,4/26,1,0,51.78,63,0,20,10,200.0,648,4.05,13,940,1185,79.32,3808,4.59,51,893,662,134.89,376,6.78,13
2e81a32d,326016,B Kumar,B Kumar,India,2012-12-30,2022-01-21,120,55,16,552,747,53*,14.15,73.9,0,1,46,8,7.23,55.02,8.7,119,5799,4926,141,34.94,5.1,41.13,5/42,4,1,57.42,29,0,0,0,,3310,4.36,57,110,261,42.15,1366,4.89,32,442,486,90.95,1123,7.53,52
ded9240e,489889,PJ Cummins,PJ Cummins,Australia,2011-10-19,2024-11-08,88,58,21,525,635,37,14.19,82.68,0,0,42,12,8.5,56.38,8.6,88,4585,4029,140,28.78,5.27,32.75,5/70,6,1,55.49,24,0,0,0,,1350,4.83,29,198,291,68.04,2366,4.99,53,327,344,95.06,869,6.75,58
95a5e066,519070,MG Erasmus,MG Erasmus,Namibia,2019-04-27,2026-09-13,71,69,6,2253,2941,121*,35.76,76.61,1,19,179,50,7.79,56.27,4.2,56,1894,1459,53,27.53,4.62,35.74,5/28,1,2,56.71,40,0,174,318,54.72,132,5.55,2,1831,2428,75.41,1492,4.25,44,248,195,127.18,270,6.24,7
b17e2f24,422108,KL Rahul,KL Rahul,India,2016-06-11,2026-07-19,93,86,20,3283,3607,112*,49.74,91.02,8,19,254,75,9.12,45.88,4.1,0,0,0,0,,,,,0,0,,81,9,361,545,66.24,0,,0,2128,2534,83.98,0,,0,794,528,150.38,0,,0
4c61a0f9,4185,NW Bracken,NW Bracken,Australia,2003-01-19,2009-09-17,100,32,16,174,263,21,10.88,66.16,0,0,10,3,4.94,60.46,9.9,100,5009,3706,154,24.06,4.44,32.53,5/47,5,2,59.27,23,0,0,0,,2304,3.77,59,45,85,52.94,1830,4.19,44,129,178,72.47,875,6.71,51
e21bc7f3,25490,RD Berrington,RD Berrington,Scotland,2008-07-29,2026-08-13,104,97,14,2972,3847,127,35.81,77.26,7,13,217,75,7.59,55.24,4.5,35,745,645,14,46.07,5.19,53.21,2/31,0,0,51.81,36,0,150,374,40.11,36,7.67,0,2239,3101,72.2,648,5.06,9,583,372,156.72,61,5.11,5
f708a0bc,5681,GB Hogg,GB Hogg,Australia,2003-01-09,2008-03-02,97,49,16,647,802,71*,19.61,80.67,0,2,40,5,5.61,45.01,7.9,87,4237,3167,129,24.55,4.48,32.84,5/41,3,1,52.58,26,0,0,0,,6,2.0,0,239,385,62.08,3772,4.48,98,408,417,97.84,459,4.52,31
c5928dec,301236,HDRL Thirimanne,HDRL Thirimanne,Sri Lanka,2010-01-05,2019-10-02,124,103,14,3164,4368,139*,35.55,72.44,4,21,245,25,6.18,53.32,4.2,4,104,94,3,31.33,5.42,34.67,2/36,0,0,45.19,36,0,560,958,58.46,1,0.0,0,2181,2994,72.85,103,5.48,3,423,416,101.68,0,,0
f41598c1,11728,AN Cook,AN Cook,England,2006-06-28,2014-12-16,91,91,4,3204,4147,137,36.83,77.26,5,19,363,10,8.99,57.92,1.1,0,0,0,0,,,,,0,0,,36,0,1585,2200,72.05,0,,0,1561,1880,83.03,0,,0,58,67,86.57,0,,0
b0946605,670031,AS Joseph,AS Joseph,West Indies,2016-10-02,2026-07-21,81,49,16,478,633,49,14.48,75.51,0,0,37,21,9.16,62.88,9.7,80,4118,3729,136,27.42,5.43,30.28,5/56,6,1,53.45,24,0,1,6,16.67,1254,5.22,35,304,421,72.21,2107,4.92,54,173,206,83.98,757,7.23,47
9a963804,19264,LE Plunkett,LE Plunkett,England,2005-12-10,2019-07-14,85,47,18,536,492,44,18.48,108.94,0,0,45,15,12.2,42.68,8.9,84,3981,3817,131,29.14,5.75,30.39,5/52,6,1,48.71,26,0,0,0,,540,6.1,15,79,132,59.85,2750,5.4,72,457,360,126.94,691,6.89,44
b4b99816,1070173,Shubman Gill,Shubman Gill,India,2019-01-31,2026-07-19,64,64,9,3141,3171,208,57.11,99.05,8,19,361,65,13.43,50.68,2.1,2,18,25,0,,8.33,,0/11,0,0,22.22,38,0,1350,1461,92.4,0,,0,1641,1615,101.61,18,8.33,0,150,95,157.89,0,,0
eade4650,381743,DJ Mitchell,DJ Mitchell,New Zealand,2021-03-20,2026-07-16,61,56,8,2810,2968,137,58.54,94.68,9,13,230,72,10.18,46.8,4.2,18,339,335,14,23.93,5.93,24.21,3/25,0,0,43.95,39,0,89,156,57.05,0,,0,2272,2501,90.84,309,5.84,12,449,311,144.37,30,6.8,2
f21043a5,300631,MDKJ Perera,MDKJ Perera,Sri Lanka,2013-01-13,2023-11-09,112,107,5,3077,3300,135,30.17,93.24,6,16,344,51,11.97,52.09,2.2,0,0,0,0,,,,,0,0,,48,3,1477,1533,96.35,0,,0,1526,1708,89.34,0,,0,74,59,125.42,0,,0
1252f71a,659081,MRJ Watt,MRJ Watt,Scotland,2016-09-08,2026-08-13,84,61,19,916,1106,66,21.81,82.82,0,2,69,25,8.5,52.8,8.0,82,4296,3089,108,28.6,4.31,39.78,5/33,3,1,57.17,30,0,0,1,0.0,480,3.7,15,353,580,60.86,3240,4.12,77,563,525,107.24,576,5.92,16
85ec8e33,642519,SS Iyer,SS Iyer,India,2017-12-10,2026-07-19,78,72,5,3053,3124,128*,45.57,97.73,5,24,280,74,11.33,46.13,4.0,5,37,39,0,,6.32,,0/1,0,0,48.65,29,0,239,272,87.87,0,,0,2436,2591,94.02,18,6.0,0,378,261,144.83,19,6.63,0
b3118300,43590,Wahab Riaz,Wahab Riaz,Pakistan,2008-02-02,2020-11-03,89,65,14,725,840,54*,14.22,86.31,0,3,54,29,9.88,57.02,8.8,88,4222,4051,116,34.92,5.76,36.4,5/46,5,1,49.08,29,0,0,0,,384,5.58,9,197,308,63.96,2871,4.99,48,528,532,99.25,967,8.09,59
fd2bf2a0,317273,Umar Akmal,Umar Akmal,Pakistan,2009-08-01,2019-03-31,117,108,15,3032,3575,102*,32.6,84.81,1,19,255,48,8.48,50.6,5.6,0,0,0,0,,,,,0,0,,74,13,43,64,67.19,0,,0,2259,2930,77.1,0,,0,730,581,125.65,0,,0
243431b5,24605,KJ O'Brien,KJ O'Brien,Ireland,2006-06-13,2021-06-07,90,84,10,1990,2087,113,26.89,95.35,1,8,198,48,11.79,51.08,5.4,67,2320,2182,52,41.96,5.64,44.62,4/13,3,0,52.41,39,0,63,93,67.74,240,3.75,4,1447,1669,86.7,1638,5.06,27,480,325,147.69,442,8.84,21
5056011d,4451,GJ Bailey,GJ Bailey,Australia,2012-03-16,2016-12-09,88,83,9,3011,3622,156,40.69,83.13,3,22,220,55,7.59,50.88,4.5,0,0,0,0,,,,,0,0,,48,0,132,254,51.97,0,,0,2294,2936,78.13,0,,0,585,432,135.42,0,,0
58043739,9310,TT Bresnan,TT Bresnan,England,2006-06-17,2015-05-08,84,64,20,871,965,80,19.8,90.26,0,1,88,6,9.74,47.56,8.0,83,4173,3779,107,35.32,5.43,39.0,5/48,3,1,51.52,20,0,0,0,,1218,4.95,26,358,449,79.73,2170,4.94,44,513,516,99.42,785,7.57,37
462411b3,625383,JJ Bumrah,JJ Bumrah,India,2016-01-23,2026-07-16,89,26,14,110,171,20*,9.17,64.33,0,0,13,2,8.77,67.25,10.2,88,4574,3507,145,24.19,4.6,31.54,6/19,5,2,58.7,18,0,0,0,,1944,3.97,45,4,34,11.76,1525,4.55,33,106,137,77.37,1105,5.78,67
14b14cd8,277472,DM Bravo,DM Bravo,West Indies,2009-06-26,2022-02-11,118,114,13,3007,4321,124,29.77,69.59,4,17,246,71,7.34,59.89,3.6,0,0,0,0,,,,,0,0,,33,0,551,1022,53.91,0,,0,2118,3034,69.81,0,,0,338,265,127.55,0,,0
b0c772ee,5560,BJ Haddin,BJ Haddin,Australia,2004-01-29,2015-03-29,118,108,15,3003,3569,110,32.29,84.14,2,16,283,70,9.89,55.7,4.6,0,0,0,0,,,,,0,0,,160,9,782,1056,74.05,0,,0,1638,2002,81.82,0,,0,583,511,114.09,0,,0
ab89348d,49638,MF Maharoof,MF Maharoof,Sri Lanka,2004-04-27,2016-06-29,89,62,12,799,970,58*,15.98,82.37,0,1,60,17,7.94,51.55,7.7,86,3783,3056,110,27.78,4.85,34.39,6/14,4,2,58.47,24,0,0,0,,984,4.76,27,225,435,51.72,2454,4.59,66,574,535,107.29,345,6.9,17
a97c8ec2,784379,PWH de Silva,PWH de Silva,Sri Lanka,2017-07-02,2026-06-03,63,54,8,1031,965,80*,22.41,106.84,0,4,87,33,12.44,45.49,7.6,62,2944,2526,98,25.78,5.15,30.04,7/19,4,4,51.02,16,0,8,26,30.77,174,4.76,8,452,508,88.98,2468,5.04,85,571,431,132.48,302,6.22,5
c96311d4,55412,CR Ervine,CR Ervine,Zimbabwe,2010-05-28,2026-09-15,103,99,11,2982,3792,130*,33.89,78.64,4,20,294,38,8.76,56.59,3.7,0,0,0,0,,,,,0,0,,39,0,595,926,64.25,0,,0,2052,2590,79.23,0,,0,335,276,121.38,0,,0
d1988788,307808,Rohan Mustafa,Rohan Mustafa,United Arab Emirates,2015-02-19,2023-07-06,75,69,5,1401,2193,109,21.89,63.89,1,7,112,26,6.29,63.25,4.4,74,3484,2606,79,32.99,4.49,44.1,5/25,1,1,52.87,33,0,380,512,74.22,258,3.35,6,768,1432,53.63,2673,4.16,55,253,249,101.61,553,6.59,18
45a7e761,1072470,Shaheen Shah Afridi,Shaheen Shah Afridi,Pakistan,2018-09-23,2026-06-04,71,40,17,321,375,37,13.96,85.6,0,0,28,13,10.93,58.13,9.2,70,3536,3337,133,25.09,5.66,26.59,6/35,7,3,55.94,19,0,0,0,,1673,5.2,48,125,149,83.89,1227,5.28,36,196,226,86.73,636,7.61,49
28131839,414966,MA Leask,MA Leask,Scotland,2014-01-23,2026-05-20,88,71,14,1558,1373,107*,27.33,113.47,1,8,120,67,13.62,46.03,6.9,76,2546,2135,69,30.94,5.03,36.9,4/24,3,0,51.34,33,0,22,18,122.22,84,5.29,0,738,854,86.42,2246,4.93,59,798,501,159.28,216,6.03,10
9de271ef,55820,P Utseya,P Utseya,Zimbabwe,2004-04-20,2015-08-04,118,99,40,1114,1891,68*,18.88,58.91,0,3,75,11,4.55,61.5,8.6,115,6133,4773,91,52.45,4.67,67.4,5/36,1,1,50.07,31,0,0,0,,342,4.46,4,458,1082,42.33,5214,4.52,66,656,809,81.09,577,6.15,21
436c763a,949473,BJ McMullen,BJ McMullen,Scotland,2022-12-01,2026-08-13,47,42,5,1572,1684,151,42.49,93.35,5,7,154,49,12.05,54.57,3.5,43,1961,1487,68,21.87,4.55,28.84,5/34,1,1,63.08,27,0,375,502,74.7,1086,3.9,37,1117,1134,98.5,707,4.71,26,80,48,166.67,168,8.07,5
20a941bb,46592,M Ntini,M Ntini,South Africa,2003-02-09,2009-04-17,89,27,13,101,143,16*,7.21,70.63,0,0,7,4,7.69,64.34,10.6,88,4434,3521,141,24.97,4.76,31.45,6/22,5,2,60.49,9,0,0,0,,2193,4.36,57,12,34,35.29,1515,4.3,40,89,109,81.65,726,6.94,44
29e95537,277916,AM Rahane,AM Rahane,India,2011-09-03,2018-02-16,89,86,3,2906,3701,111,35.01,78.52,3,23,288,33,8.67,54.77,2.4,0,0,0,0,,,,,0,0,,48,0,990,1408,70.31,0,,0,1794,2184,82.14,0,,0,122,109,111.93,0,,0
808f425a,270484,JP Faulkner,JP Faulkner,Australia,2013-02-01,2017-10-01,67,51,22,1025,984,116,35.34,104.17,1,4,82,29,11.28,43.8,7.6,65,3151,2922,94,31.09,5.56,33.52,4/32,4,0,47.48,20,0,0,0,,330,5.18,4,359,420,85.48,2103,5.1,48,666,564,118.09,718,7.1,42
ea0cdc12,268739,BAW Mendis,BAW Mendis,Sri Lanka,2008-04-10,2015-12-26,82,41,18,185,261,21*,8.04,70.88,0,0,16,2,6.9,60.15,10.2,79,3920,3221,136,23.68,4.93,28.82,6/13,7,2,50.2,15,0,0,0,,186,4.29,6,34,79,43.04,3061,4.65,87,151,182,82.97,673,6.37,43
6a26221c,600498,AK Markram,AK Markram,South Africa,2017-10-22,2025-12-06,80,77,7,2539,2596,175,36.27,97.8,4,12,263,57,12.33,49.23,3.1,39,1142,1120,18,62.22,5.88,63.44,2/18,0,0,44.31,38,0,693,819,84.62,138,5.35,2,1609,1637,98.29,912,6.02,12,237,140,169.29,92,5.35,4
03806cf8,288284,JR Hazlewood,JR Hazlewood,Australia,2010-06-22,2025-10-25,94,38,29,135,166,23*,15.0,81.33,0,0,14,3,10.24,59.04,10.9,93,4876,3864,138,28.0,4.75,35.33,6/52,1,3,59.47,31,0,0,0,,2298,4.3,49,66,72,91.67,1937,4.69,51,69,94,73.4,641,6.59,38
2f26ac1a,323389,Mohammad Rizwan,Mohammad Rizwan,Pakistan,2015-04-17,2026-03-15,99,90,21,2881,3401,131*,41.75,84.71,4,18,244,35,8.2,48.22,4.6,0,0,0,0,,,,,0,0,,107,7,122,235,51.91,0,,0,2183,2672,81.7,0,,0,576,494,116.6,0,,0
ac7fa28f,47623,IJL Trott,IJL Trott,England,2009-08-27,2013-09-14,68,65,10,2819,3658,137,51.25,77.06,4,22,216,3,5.99,48.74,2.9,10,183,166,2,83.0,5.44,91.5,2/31,0,0,39.89,14,0,514,772,66.58,0,,0,2063,2636,78.26,174,5.48,2,242,250,96.8,9,4.67,0
40c041ea,568276,Imam-ul-Haq,Imam-ul-Haq,Pakistan,2017-10-18,2025-04-05,69,68,7,2854,3440,151,46.79,82.97,9,17,235,29,7.67,50.0,1.4,0,0,0,0,,,,,0,0,,13,0,1028,1516,67.81,0,,0,1766,1861,94.9,0,,0,60,63,95.24,0,,0
1747ea18,794707,DS Airee,DS Airee,Nepal,2018-08-30,2026-09-12,78,73,7,1667,2135,105,25.26,78.08,2,10,130,24,7.21,53.72,5.7,71,2648,1795,59,30.42,4.07,44.88,4/24,1,0,55.74,38,0,63,101,62.38,228,5.34,5,1257,1716,73.25,2077,3.7,37,347,318,109.12,343,5.46,17
75de770f,55805,T Taibu,T Taibu,Zimbabwe,2003-02-10,2012-02-09,106,100,14,2837,4156,107*,32.99,68.26,2,21,195,32,5.46,58.23,4.9,1,24,19,0,,4.75,,0/19,0,0,45.83,87,25,207,403,51.36,0,,0,2122,3240,65.49,24,4.75,0,508,513,99.03,0,,0
f53b3e1d,800675,Karan KC,Karan KC,Nepal,2018-08-30,2026-09-12,71,53,11,714,793,65*,17.0,90.04,0,1,48,37,10.72,56.75,8.9,71,3148,2656,106,25.06,5.06,29.7,5/29,7,4,59.43,10,0,0,0,,1594,4.19,43,169,301,56.15,961,4.79,21,545,492,110.77,593,7.84,42
725529bc,28779,SC Ganguly,SC Ganguly,India,2002-06-29,2007-11-15,77,74,7,2452,3405,112*,36.6,72.01,3,16,230,44,8.05,59.77,2.1,38,1026,877,19,46.16,5.13,54.0,3/22,0,0,48.44,18,0,669,1108,60.38,6,8.0,0,1570,2131,73.67,996,5.03,19,213,166,128.31,24,8.5,0
bcce309e,50804,WPUJC Vaas,WPUJC Vaas,Sri Lanka,2002-06-27,2008-08-27,95,70,19,579,844,37*,11.35,68.6,0,0,44,3,5.57,55.45,8.1,95,4755,3289,112,29.37,4.15,42.46,5/39,2,1,65.22,17,0,0,0,,2706,3.6,59,204,404,50.5,1584,4.15,33,375,440,85.23,465,7.34,20
9219eff0,355269,JDS Neesham,JDS Neesham,New Zealand,2013-01-19,2023-11-01,75,65,12,1495,1496,97*,28.21,99.93,0,7,128,38,11.1,46.52,6.2,71,2388,2525,66,38.26,6.34,36.18,5/27,2,1,47.74,27,0,34,47,72.34,114,5.58,1,821,988,83.1,1820,5.69,41,640,461,138.83,454,9.16,24
732c038e,784367,KIC Asalanka,KIC Asalanka,Sri Lanka,2021-06-29,2026-06-03,73,67,6,2420,2702,127,39.67,89.56,5,14,198,57,9.44,49.56,4.9,33,754,626,19,32.95,4.98,39.68,4/18,1,0,50.27,19,0,110,208,52.88,31,8.13,0,1806,2127,84.91,666,5.07,12,504,367,137.33,57,2.21,7
ff077124,41028,Kamran Akmal,Kamran Akmal,Pakistan,2003-09-09,2017-04-11,134,118,9,2746,3307,124,25.19,83.04,4,9,316,32,10.52,58.33,4.0,0,0,0,0,,,,,0,0,,137,30,1030,1399,73.62,0,,0,1293,1588,81.42,0,,0,423,320,132.19,0,,0
72e60730,25056,A Vala,A Vala,Papua New Guinea,2016-11-04,2023-04-05,56,56,1,1783,2557,104,32.42,69.73,1,11,147,26,6.77,58.35,3.3,51,1998,1308,46,28.43,3.93,43.43,3/17,0,0,57.71,29,0,329,526,62.55,120,3.6,1,1348,1949,69.16,1727,3.73,38,106,82,129.27,151,6.4,7
4d9f9686,436677,Soumya Sarkar,Soumya Sarkar,Bangladesh,2014-12-01,2026-07-11,78,73,4,2334,2456,169,33.83,95.03,3,15,264,59,13.15,54.72,2.5,28,588,595,17,35.0,6.07,34.59,3/18,0,0,42.52,41,0,1098,1233,89.05,0,,0,1141,1158,98.53,511,5.64,9,95,65,146.15,77,8.96,8
ec02b798,24611,WTS Porterfield,WTS Porterfield,Ireland,2007-03-15,2022-01-16,90,89,0,2670,3881,139,30.0,68.8,6,15,274,27,7.76,62.15,1.5,0,0,0,0,,,,,0,0,,42,0,994,1675,59.34,0,,0,1542,2088,73.85,0,,0,134,118,113.56,0,,0
78eb4223,230553,KAJ Roach,KAJ Roach,West Indies,2009-07-26,2022-02-11,90,59,36,308,593,34,13.39,51.94,0,0,24,6,5.06,69.48,10.1,88,4321,3683,118,31.21,5.11,36.62,6/27,3,3,57.46,21,0,0,0,,2106,4.6,46,110,273,40.29,1556,5.11,37,198,320,61.88,659,6.77,35
ab6b1c45,540316,AL Phehlukwayo,AL Phehlukwayo,South Africa,2016-09-25,2024-12-19,81,54,17,827,969,69*,22.35,85.35,0,2,74,32,10.94,57.48,7.4,75,3049,2950,92,32.07,5.81,33.14,4/22,3,0,47.13,17,0,0,0,,96,5.5,2,393,595,66.05,2349,5.45,56,434,374,116.04,604,7.22,34
7f048519,308251,DJ Willey,DJ Willey,England,2015-05-08,2023-11-11,72,45,19,656,689,51,25.23,95.21,0,2,56,24,11.61,52.1,8.7,71,3170,2903,100,29.03,5.49,31.7,5/30,4,1,53.41,27,0,9,12,75.0,1800,4.96,48,307,381,80.58,820,5.45,20,340,296,114.86,550,7.32,32
6ef13460,303423,A Balbirnie,A Balbirnie,Ireland,2010-07-07,2025-05-25,88,83,5,2628,3487,135,33.69,75.37,8,13,254,34,8.26,57.41,2.9,1,24,31,1,31.0,7.75,24.0,1/31,0,0,41.67,32,0,518,932,55.58,0,,0,1934,2407,80.35,18,6.33,1,176,148,118.92,6,12.0,0
2498e163,5702,JR Hopes,JR Hopes,Australia,2005-03-01,2010-10-20,83,61,8,1326,1415,63*,25.02,93.71,0,3,123,6,9.12,44.59,6.7,74,3103,2349,66,35.59,4.54,47.02,5/14,0,1,53.4,24,0,108,125,86.4,96,4.44,0,386,597,64.66,2713,4.37,58,832,693,120.06,294,6.16,8
508a1ea7,6683,SE Marsh,SE Marsh,Australia,2008-06-24,2019-06-15,72,71,4,2622,3255,131,39.13,80.55,6,15,231,31,8.05,53.52,2.6,0,0,0,0,,,,,0,0,,22,0,783,1153,67.91,0,,0,1576,1911,82.47,0,,0,263,191,137.7,0,,0
f3cb53a1,44111,MV Boucher,MV Boucher,South Africa,2003-02-09,2011-10-28,132,106,28,2617,2909,147*,33.55,89.96,1,12,199,55,8.73,47.27,6.0,0,0,0,0,,,,,0,0,,173,9,10,29,34.48,0,,0,1576,2094,75.26,0,,0,1031,786,131.17,0,,0
c03449e0,44956,GD Elliott,GD Elliott,New Zealand,2008-06-18,2016-02-08,77,66,9,1913,2344,115,33.56,81.61,2,11,149,27,7.51,51.11,5.1,52,1200,1100,35,31.43,5.5,34.29,4/31,1,0,46.0,16,0,51,149,34.23,24,4.75,1,1417,1858,76.26,1081,5.22,27,445,337,132.05,95,8.84,7
f43dd8c2,414970,SM Sharif,SM Sharif,Scotland,2011-06-29,2026-08-13,80,53,25,583,752,40*,20.82,77.53,0,0,40,11,6.78,52.79,8.8,79,3585,2964,101,29.35,4.96,35.5,5/33,2,1,56.85,18,0,0,0,,1260,4.71,22,174,295,58.98,1841,4.46,50,409,457,89.5,484,7.52,29
f8fd6e3f,259410,Ahmed Shehzad,Ahmed Shehzad,Pakistan,2009-04-24,2017-10-16,80,80,1,2555,3540,124,32.34,72.18,6,13,262,18,7.91,60.08,1.8,9,115,140,2,70.0,7.3,57.5,1/22,0,0,29.57,28,0,1164,1814,64.17,0,,0,1359,1693,80.27,109,7.1,2,32,33,96.97,6,11.0,0
1adb8ee8,701215,Sompal Kami,Sompal Kami,Nepal,2018-08-30,2026-07-27,70,52,15,753,999,67,20.35,75.38,0,2,55,16,7.11,58.76,8.3,69,3081,2767,92,30.08,5.39,33.49,5/33,2,1,57.64,16,0,19,37,51.35,1612,4.49,36,329,616,53.41,900,5.41,21,405,346,117.05,569,7.9,35
7d608e12,465793,DM de Silva,DM de Silva,Sri Lanka,2016-08-21,2026-01-27,82,76,8,1769,2269,93,26.01,77.96,0,9,177,15,8.46,55.09,5.3,68,2048,1766,41,43.07,5.17,49.95,3/32,0,0,45.07,37,0,246,296,83.11,282,4.96,6,1249,1715,72.83,1670,5.2,29,274,258,106.2,96,5.38,6
ff014c34,671805,HG Munsey,HG Munsey,Scotland,2017-01-22,2026-08-09,71,69,7,2557,2769,191,41.24,92.34,3,17,270,83,12.75,56.88,3.1,0,0,0,0,,,,,0,0,,34,0,851,820,103.78,0,,0,1446,1784,81.05,0,,0,260,165,157.58,0,,0
3a60e0b5,265564,WD Parnell,WD Parnell,South Africa,2009-01-30,2023-03-21,73,43,15,574,723,56,20.5,79.39,0,1,43,9,7.19,50.35,7.7,69,3224,3010,99,30.4,5.6,32.57,5/48,3,2,52.67,13,0,21,27,77.78,1020,5.4,32,212,361,58.73,1709,5.22,43,341,335,101.79,495,7.35,24
f56cd097,300619,Rubel Hossain,Rubel Hossain,Bangladesh,2009-01-14,2021-03-26,95,45,21,112,224,15*,4.67,50.0,0,0,11,2,5.8,70.54,10.4,93,4282,4078,122,33.43,5.71,35.1,6/26,7,1,50.33,18,0,0,0,,995,5.3,19,33,74,44.59,2533,5.26,61,79,150,52.67,754,7.77,42
9948e262,337790,HE van der Dussen,HE van der Dussen,South Africa,2019-01-19,2025-03-05,68,63,11,2529,2912,134,48.63,86.85,6,15,197,47,8.38,48.21,3.7,1,6,3,1,3.0,3.0,6.0,1/3,0,0,50.0,28,0,245,411,59.61,0,,0,1855,2203,84.2,0,,0,429,298,143.96,6,3.0,1
f32dbc84,55354,CJ Chibhabha,CJ Chibhabha,Zimbabwe,2005-08-31,2023-01-23,87,87,2,1987,3053,99,23.38,65.08,0,12,205,11,7.08,64.2,2.7,49,1377,1371,28,48.96,5.97,49.18,2/25,0,0,51.42,25,0,914,1445,63.25,156,4.65,5,1028,1567,65.6,1041,5.52,11,45,41,109.76,180,9.73,12
2e171977,554691,AR Patel,AR Patel,India,2014-06-15,2026-07-19,74,52,13,918,995,64*,23.54,92.26,0,4,58,32,9.05,45.73,6.8,69,3460,2619,80,32.74,4.54,43.25,4/62,1,0,54.34,29,0,4,16,25.0,168,4.36,5,577,684,84.36,2907,4.32,59,337,295,114.24,385,6.26,16
4180d897,53191,JE Taylor,JE Taylor,West Indies,2003-06-11,2017-09-29,80,38,7,258,296,43*,8.32,87.16,0,0,29,5,11.49,57.43,9.4,78,3803,3351,113,29.65,5.29,33.65,5/48,3,1,55.19,19,0,0,0,,1704,4.6,41,110,159,69.18,1427,5.18,30,148,137,108.03,672,7.26,42
1a3cc554,1072488,RK Paudel,RK Paudel,Nepal,2018-08-30,2026-09-12,86,81,6,2232,3058,126,29.76,72.99,2,11,155,39,6.34,56.31,4.3,21,544,377,14,26.93,4.16,38.86,4/22,1,0,56.8,28,0,156,352,44.32,24,5.0,1,1879,2513,74.77,412,3.74,11,197,193,102.07,108,5.56,2
99cddc5e,348034,GH Dockrell,GH Dockrell,Ireland,2010-07-07,2025-05-25,98,73,23,1197,1426,91*,23.94,83.94,0,4,97,26,8.63,51.89,7.7,76,3191,2643,65,40.66,4.97,49.09,4/24,1,0,51.33,28,0,22,38,57.89,102,6.06,0,655,909,72.06,2741,4.71,54,520,479,108.56,348,6.71,11
ef18b66e,538506,Taskin Ahmed,Taskin Ahmed,Bangladesh,2014-06-17,2026-07-11,80,44,12,253,423,21,7.91,59.81,0,0,18,9,6.38,66.67,9.4,78,3824,3446,112,30.77,5.41,34.14,5/28,4,2,55.81,11,0,0,0,,1236,4.67,32,69,175,39.43,2010,5.08,48,184,248,74.19,578,8.11,32
0404d43c,536936,Liton Das,Liton Das,Bangladesh,2015-06-18,2026-06-14,94,93,9,2478,2906,176,29.5,85.27,4,12,255,46,10.36,54.44,2.5,0,0,0,0,,,,,0,0,,71,5,924,1276,72.41,0,,0,1479,1568,94.32,0,,0,75,62,120.97,0,,0
2bb09eb2,55988,Mohammad Ashraful,Mohammad Ashraful,Bangladesh,2003-02-18,2013-05-08,118,113,8,2301,3345,109,21.91,68.79,3,14,241,15,7.65,60.6,3.7,26,397,353,8,44.12,5.34,49.62,2/28,0,0,45.09,22,0,479,886,54.06,6,5.0,0,1637,2293,71.39,350,5.14,8,185,166,111.45,41,7.02,0
57ee1fde,430246,YS Chahal,YS Chahal,India,2016-06-11,2023-01-24,71,14,5,77,141,18*,8.56,54.61,0,0,8,0,5.67,70.21,10.2,68,3679,3247,119,27.29,5.3,30.92,6/42,5,2,48.17,14,0,0,0,,108,5.56,3,24,67,35.82,3051,5.12,85,53,74,71.62,520,6.29,31
9de62878,922943,Shadab Khan,Shadab Khan,Pakistan,2017-04-07,2026-06-04,68,41,12,814,995,86,28.07,81.81,0,5,46,20,6.63,51.46,7.4,65,3310,2910,82,35.49,5.27,40.37,4/27,5,0,46.37,18,0,0,0,,30,6.6,1,500,733,68.21,2893,5.18,64,314,262,119.85,387,5.88,17
221ad9d9,20431,GP Swann,GP Swann,England,2007-10-01,2013-06-13,76,47,12,475,516,34,13.57,92.05,0,0,46,4,9.69,47.48,8.7,73,3659,2801,98,28.58,4.59,37.34,5/28,2,1,49.41,24,0,0,0,,96,4.69,2,144,204,70.59,3192,4.43,76,331,312,106.09,371,5.98,20
bbd41817,276298,AD Russell,AD Russell,West Indies,2011-03-11,2019-06-17,55,47,9,1034,794,92*,27.21,130.23,0,4,94,57,19.02,47.36,7.6,54,2254,2200,70,31.43,5.86,32.2,4/35,5,0,51.24,11,0,0,0,,491,5.23,14,599,516,116.09,1362,5.18,27,435,278,156.47,401,8.93,29
03521fd3,539511,HM Nicholls,HM Nicholls,New Zealand,2015-12-26,2026-07-21,92,90,16,2415,3065,124*,32.64,78.79,1,17,226,19,7.99,53.21,3.7,0,0,0,0,,,,,0,0,,38,0,586,951,61.62,0,,0,1477,1872,78.9,0,,0,352,242,145.45,0,,0
d9273ee7,325012,MP Stoinis,MP Stoinis,Australia,2015-09-11,2024-11-10,69,63,8,1489,1584,146*,27.07,94.0,1,6,133,49,11.49,52.02,5.5,62,2023,2031,46,44.15,6.02,43.98,3/16,0,0,43.94,18,0,115,151,76.16,234,4.54,4,865,1027,84.23,1485,5.68,24,509,406,125.37,304,8.86,18
d68e7f48,52912,R Rampaul,R Rampaul,West Indies,2003-11-23,2015-11-07,80,39,11,338,438,86*,12.07,77.17,0,1,31,13,10.05,63.24,10.1,76,3561,3040,103,29.51,5.12,34.57,5/49,8,2,55.97,12,0,0,0,,1848,4.36,36,182,256,71.09,1255,5.59,37,156,182,85.71,458,6.89,30
69d03465,326434,AT Carey,AT Carey,Australia,2018-01-19,2026-09-15,90,84,13,2378,2681,106,33.49,88.7,1,13,225,24,9.29,49.05,5.5,0,0,0,0,,,,,0,0,,92,8,180,254,70.87,0,,0,1522,1854,82.09,0,,0,676,573,117.98,0,,0
2911de16,681305,Hasan Ali,Hasan Ali,Pakistan,2016-08-18,2025-08-12,66,38,10,377,327,59,13.46,115.29,0,2,28,23,15.6,51.07,8.9,64,3166,3084,100,30.84,5.84,31.66,5/34,2,4,50.16,12,0,0,0,,666,6.19,14,156,137,113.87,1856,5.08,54,221,190,116.32,644,7.7,32
c8a3f688,398513,SN Netravalkar,SN Netravalkar,United States of America,2019-04-27,2026-06-12,70,36,21,163,277,19*,10.87,58.84,0,0,15,2,6.14,64.98,10.5,69,3607,2429,110,22.08,4.04,32.79,5/32,2,2,62.74,13,0,0,0,,1782,3.21,43,24,72,33.33,1153,3.74,24,139,205,67.8,672,6.77,43
e85d03d6,330223,BM Scholtz,BM Scholtz,Namibia,2019-04-27,2026-09-09,69,43,17,313,478,31*,12.04,65.48,0,0,23,4,5.65,59.41,9.7,68,3672,2048,102,20.08,3.35,36.0,5/22,4,2,65.63,6,0,0,0,,348,3.47,10,120,225,53.33,3018,3.24,83,193,253,76.28,306,4.22,9
fa463154,26184,AB Agarkar,AB Agarkar,India,2002-06-29,2007-09-05,68,37,0,352,539,53,9.51,65.31,0,1,26,6,5.94,61.22,7.9,65,3263,2719,100,27.19,5.0,32.63,6/42,3,2,60.16,12,0,0,0,,1242,4.83,34,193,344,56.1,1391,4.11,30,159,195,81.54,630,7.3,36
5bb1a1c4,236779,I Sharma,I Sharma,India,2007-06-29,2016-01-23,79,28,13,72,203,13,4.8,35.47,0,0,6,0,2.96,75.37,10.6,77,3709,3536,114,31.02,5.72,32.54,4/34,6,0,53.65,18,0,0,0,,1032,5.23,20,30,113,26.55,1953,5.22,58,42,90,46.67,724,7.77,36
342d8ade,48835,CRD Fernando,CRD Fernando,Sri Lanka,2002-06-27,2012-01-11,89,40,23,175,257,20,10.29,68.09,0,0,17,2,7.39,63.04,10.6,85,3910,3442,108,31.87,5.28,36.2,6/27,2,1,57.03,10,0,0,0,,876,5.63,24,56,96,58.33,2504,4.78,68,119,161,73.91,530,7.09,16
92aeac25,249866,AD Hales,AD Hales,England,2014-08-27,2019-03-02,67,65,3,2330,2438,171,37.58,95.57,6,13,270,45,12.92,52.99,2.2,0,0,0,0,,,,,0,0,,27,0,1039,1151,90.27,0,,0,1235,1240,99.6,0,,0,56,47,119.15,0,,0
5673a3fc,37749,NL McCullum,NL McCullum,New Zealand,2009-09-08,2015-08-19,84,62,11,1070,1220,65,20.98,87.7,0,4,69,33,8.36,49.92,7.9,81,3536,2956,63,46.92,5.02,56.13,3/24,0,0,48.33,41,0,0,0,,288,4.92,3,552,746,73.99,3029,4.86,49,518,474,109.28,219,7.34,11
2f28dc94,49619,RAS Lakmal,RAS Lakmal,Sri Lanka,2009-12-18,2021-03-14,83,47,21,229,391,26,8.81,58.57,0,0,16,3,4.86,61.89,10.1,81,3743,3443,105,32.79,5.52,35.65,4/13,3,0,54.56,19,0,0,0,,1758,4.53,39,89,161,55.28,1471,5.3,43,140,230,60.87,514,9.51,23
4f629497,36326,SE Bond,SE Bond,New Zealand,2003-01-08,2010-03-13,60,30,17,173,266,22*,13.31,65.04,0,0,10,3,4.89,61.28,10.3,60,3282,2310,107,21.59,4.22,30.67,6/23,4,2,64.9,10,0,0,0,,1710,3.51,45,22,64,34.38,1109,4.2,28,151,202,74.75,463,6.92,34
8ee36b18,1028655,P Nissanka,P Nissanka,Sri Lanka,2021-03-10,2026-06-03,67,67,3,2311,2714,137,36.11,85.15,5,17,294,25,11.75,57.11,1.3,0,0,0,0,,,,,0,0,,17,0,1145,1415,80.92,0,,0,1118,1259,88.8,0,,0,48,40,120.0,0,,0
35205dfc,53118,DR Smith,DR Smith,West Indies,2004-01-25,2015-03-15,87,74,4,1261,1406,97,18.01,89.69,0,8,120,48,11.95,57.97,4.9,60,2185,1852,52,35.62,5.09,42.02,5/45,2,1,53.14,25,0,414,509,81.34,276,4.46,6,635,732,86.75,1670,4.79,33,212,165,128.48,239,7.86,13
85d8110a,25446,KJ Coetzer,KJ Coetzer,Scotland,2009-04-01,2023-02-21,63,63,5,2280,2776,156,39.31,82.13,4,14,290,30,11.53,60.48,1.6,5,168,132,1,132.0,4.71,168.0,1/17,0,0,50.0,13,0,1174,1404,83.62,0,,0,1062,1330,79.85,138,3.83,1,44,42,104.76,30,8.8,0
bb134e5c,553821,JJ Smit,JJ Smit,Namibia,2019-04-27,2026-09-09,58,52,7,1053,1388,60,23.4,75.86,0,2,55,53,7.78,58.93,6.5,44,2022,1437,62,23.18,4.26,32.61,6/27,2,3,61.03,17,0,0,0,,984,3.36,19,690,1076,64.13,740,4.25,25,363,312,116.35,298,7.29,18
2254ab79,227760,Sarfraz Ahmed,Sarfraz Ahmed,Pakistan,2007-11-18,2021-04-07,115,89,22,2289,2601,105,34.16,88.0,2,11,173,12,7.11,43.1,5.7,1,12,15,0,,7.5,,0/15,0,0,33.33,117,24,207,272,76.1,0,,0,1437,1751,82.07,0,,0,645,578,111.59,12,7.5,0
b699df47,643197,MP O'Dowd,MP O'Dowd,Netherlands,2019-06-19,2026-07-31,70,70,4,2258,3079,158*,34.21,73.34,1,16,218,36,8.25,59.43,2.0,11,129,149,1,149.0,6.93,129.0,1/16,0,0,50.39,19,0,1094,1513,72.31,0,,0,1077,1501,71.75,122,6.79,1,87,65,133.85,7,9.43,0
34464143,585083,Zeeshan Maqsood,Zeeshan Maqsood,Oman,2019-04-27,2024-09-26,46,45,5,1196,1813,109,29.9,65.97,2,6,101,15,6.4,59.07,4.3,44,2129,1500,54,27.78,4.23,39.43,4/15,4,0,55.38,23,0,109,209,52.15,96,4.44,2,920,1454,63.27,1710,4.01,38,167,150,111.33,323,5.29,14
f834dcfc,542023,L Ngidi,L Ngidi,South Africa,2018-02-07,2025-12-06,70,29,17,123,247,20*,10.25,49.8,0,0,8,6,5.67,75.3,10.5,69,3242,3147,107,29.41,5.82,30.3,6/58,4,2,53.05,18,0,0,0,,1512,5.26,36,29,87,33.33,1267,5.66,39,94,160,58.75,463,8.13,32
8abdf100,277662,CJ Anderson,CJ Anderson,New Zealand,2013-06-16,2017-06-09,48,43,3,1102,1012,131*,27.55,108.89,1,4,85,55,13.83,49.51,5.8,42,1445,1464,58,25.24,6.08,24.91,5/63,2,1,47.4,11,0,13,24,54.17,48,3.75,2,816,798,102.26,1112,5.73,39,273,190,143.68,285,7.83,17
69762509,6513,DR Martyn,DR Martyn,Australia,2003-01-09,2006-11-05,82,73,17,2239,2907,101*,39.98,77.02,2,19,202,7,7.19,53.04,3.9,3,90,78,1,78.0,5.2,90.0,1/34,0,0,36.67,27,0,248,314,78.98,0,,0,1617,2283,70.83,42,4.71,1,374,310,120.65,48,5.62,0
d0513f63,8291,CL White,CL White,Australia,2005-10-07,2018-01-26,88,75,16,2053,2555,105,34.8,80.35,2,11,145,44,7.4,51.31,5.2,17,303,317,10,31.7,6.28,30.3,3/5,0,0,38.61,33,0,45,121,37.19,0,,0,1313,1899,69.14,291,6.31,9,695,535,129.91,12,5.5,1
5fbe14fc,280734,Imrul Kayes,Imrul Kayes,Bangladesh,2008-11-07,2018-12-11,72,72,1,2242,3160,144,31.58,70.95,4,14,219,36,8.07,59.97,2.1,0,0,0,0,,,,,0,0,,22,0,884,1418,62.34,0,,0,1277,1674,76.28,0,,0,81,68,119.12,0,,0
cf73ad76,37004,JEC Franklin,JEC Franklin,New Zealand,2004-06-29,2013-06-16,77,62,23,1107,1389,98*,28.38,79.7,0,4,84,17,7.27,50.9,7.3,65,2461,2131,56,38.05,5.2,43.95,5/42,0,1,56.56,17,0,2,3,66.67,630,4.88,13,554,907,61.08,1614,5.06,33,551,479,115.03,217,7.13,10
25d7f1ac,1159641,MD Patel,MD Patel,United States of America,2019-04-27,2026-06-12,71,70,3,2221,2728,130,33.15,81.41,3,16,185,32,7.95,51.83,3.0,0,0,0,0,,,,,0,0,,38,2,552,741,74.49,0,,0,1576,1918,82.17,0,,0,93,69,134.78,0,,0
fc4375ef,1036191,BFW de Leede,BFW de Leede,Netherlands,2019-06-19,2026-07-31,54,50,6,1336,1817,123,30.36,73.53,1,7,97,28,6.88,58.34,4.6,40,1480,1479,44,33.61,6.0,33.64,5/52,1,1,50.41,24,0,89,180,49.44,72,7.42,1,1027,1478,69.49,1155,5.37,23,220,159,138.36,253,8.47,20
cc1e8c68,376116,UT Yadav,UT Yadav,India,2010-05-28,2018-10-24,75,24,14,79,134,18*,7.9,58.96,0,0,8,1,6.72,66.42,10.5,73,3559,3565,106,33.63,6.01,33.58,4/31,4,0,52.71,22,0,0,0,,1387,5.22,29,18,28,64.29,1391,5.88,39,61,106,57.55,781,7.65,38
e957b38f,417381,AR McBrine,AR McBrine,Ireland,2014-09-08,2025-05-25,72,47,13,812,1068,79,23.88,76.03,0,2,82,14,8.99,59.08,6.6,68,3372,2721,69,39.43,4.84,48.87,4/28,2,0,51.75,26,0,190,308,61.69,210,4.49,8,422,540,78.15,2934,4.76,52,200,220,90.91,228,6.21,9
96fd40ae,31820,A Nehra,A Nehra,India,2002-12-29,2011-03-30,79,33,13,90,171,16*,4.5,52.63,0,0,9,2,6.43,71.35,10.4,79,3618,3279,105,31.23,5.44,34.46,6/23,5,1,54.15,11,0,0,0,,1386,5.39,32,31,48,64.58,1591,4.67,41,59,123,47.97,641,7.43,32
fa433be6,787987,M Labuschagne,M Labuschagne,Australia,2020-01-14,2026-06-14,70,63,5,1966,2400,124,33.9,81.92,2,13,159,10,7.04,47.54,4.4,19,356,387,11,35.18,6.52,32.36,3/39,0,0,39.89,40,0,180,303,59.41,0,,0,1577,1927,81.84,269,6.33,3,209,170,122.94,87,7.1,8
4d6d6280,42683,Salman Butt,Salman Butt,Pakistan,2004-09-22,2010-06-19,64,64,3,2186,2866,136,35.84,76.27,6,11,273,7,9.77,59.94,1.1,6,69,90,0,,7.83,,0/10,0,0,39.13,16,0,989,1459,67.79,0,,0,1096,1330,82.41,54,7.11,0,101,77,131.17,15,10.4,0
0fdabe05,55787,V Sibanda,V Sibanda,Zimbabwe,2003-11-23,2016-06-15,99,98,3,2125,3374,103*,22.37,62.98,1,14,233,25,7.65,67.96,1.9,11,267,265,3,88.33,5.96,89.0,1/12,0,0,41.57,31,0,997,1775,56.17,0,,0,1076,1543,69.73,234,5.56,3,52,56,92.86,33,8.73,0
9d430b40,230558,SP Narine,SP Narine,West Indies,2011-12-05,2016-10-05,64,45,12,363,441,36,11.0,82.31,0,0,36,12,10.88,61.45,9.6,64,3480,2380,91,26.15,4.1,38.24,6/27,4,2,59.31,13,0,0,0,,330,3.49,9,187,228,82.02,2630,4.01,59,176,213,82.63,520,4.97,23
ccdd8308,210283,ST Finn,ST Finn,England,2011-01-30,2017-05-29,69,30,13,136,223,35,8.0,60.99,0,0,11,3,6.28,65.02,10.4,67,3550,2996,102,29.37,5.06,34.8,5/33,4,2,58.03,15,0,0,0,,1512,4.36,33,55,103,53.4,1597,4.92,44,81,120,67.5,441,8.0,25
9c376401,232435,CS MacLeod,CS MacLeod,Scotland,2009-04-01,2022-08-17,62,61,2,2015,2524,175,34.15,79.83,6,9,207,26,9.23,55.71,3.2,33,728,620,8,77.5,5.11,91.0,2/46,0,0,52.2,43,0,398,617,64.51,66,5.18,1,1370,1735,78.96,588,4.99,5,247,172,143.6,74,6.0,2
33f28243,42272,Naved-ul-Hasan,Naved-ul-Hasan,Pakistan,2003-04-04,2010-01-31,62,44,17,449,510,33,16.63,88.04,0,0,31,14,8.82,51.76,8.9,60,2842,2600,86,30.23,5.49,33.05,4/25,6,0,57.53,11,0,0,0,,1344,4.78,34,125,204,61.27,960,5.71,11,324,306,105.88,538,6.87,41
ff6a7ab5,698317,R Trumpelmann,R Trumpelmann,Namibia,2021-11-26,2026-09-13,56,44,9,566,685,55*,16.17,82.63,0,2,40,24,9.34,57.23,8.5,54,2640,2100,80,26.25,4.77,33.0,5/30,3,1,61.63,16,0,0,0,,1182,4.01,24,362,468,77.35,1038,4.75,26,204,217,94.01,420,6.97,30
10a91f35,42655,Shoaib Akhtar,Shoaib Akhtar,Pakistan,2003-02-11,2011-03-08,70,42,17,217,246,43,8.68,88.21,0,0,14,10,9.76,59.35,10.1,69,3403,2839,97,29.27,5.01,35.08,4/28,5,0,59.24,7,0,0,0,,1649,4.43,35,78,89,87.64,1152,4.82,30,139,157,88.54,602,6.95,32
b59db04f,1127317,SA Edwards,SA Edwards,Netherlands,2019-06-19,2026-07-31,69,64,11,2156,2495,83,40.68,86.41,0,21,150,19,6.77,46.29,5.0,0,0,0,0,,,,,0,0,,67,10,25,41,60.98,0,,0,1627,2031,80.11,0,,0,504,423,119.15,0,,0
8b261d84,417268,MH Cross,MH Cross,Scotland,2014-01-23,2026-08-13,104,91,4,2152,2931,114,24.74,73.42,2,13,189,22,7.2,57.25,3.3,0,0,0,0,,,,,0,0,,116,11,608,969,62.75,0,,0,1220,1739,70.16,0,,0,324,223,145.29,0,,0
84dc72db,1203754,Junaid Siddique,Junaid Siddique (2),United Arab Emirates,2019-12-08,2026-08-11,69,50,21,152,250,16*,5.24,60.8,0,0,5,11,6.4,70.4,10.0,68,3226,2731,100,27.31,5.08,32.26,6/49,1,1,58.4,5,0,0,0,,1584,4.46,43,57,117,48.72,1001,5.21,27,95,133,71.43,641,6.4,30
ea42ddb9,21585,ME Trescothick,ME Trescothick,England,2002-06-27,2006-09-05,64,63,4,2109,2527,121,35.75,83.46,6,11,279,13,11.56,58.88,1.0,7,150,147,2,73.5,5.88,75.0,1/17,0,0,47.33,30,0,1041,1416,73.52,0,,0,987,1046,94.36,138,5.65,2,81,65,124.62,12,8.5,0
086f5984,259551,Junaid Khan,Junaid Khan,Pakistan,2011-04-23,2019-05-17,73,31,17,68,127,25,4.86,53.54,0,0,4,1,3.94,66.14,10.6,73,3475,3135,104,30.14,5.41,33.41,4/15,3,0,54.91,7,0,0,0,,1620,4.51,38,5,21,23.81,1102,5.15,30,63,106,59.43,753,7.73,36
24bb1c2f,1161606,Haris Rauf,Haris Rauf,Pakistan,2020-10-30,2026-06-04,56,22,8,104,141,35,7.43,73.76,0,0,6,9,10.64,71.63,10.4,56,2722,2631,102,25.79,5.8,26.69,5/29,5,1,50.99,12,0,0,0,,654,5.93,15,20,30,66.67,1565,5.51,43,84,111,75.68,503,6.54,44
eea6b7f1,37000,SP Fleming,SP Fleming,New Zealand,2002-12-29,2007-04-24,68,66,4,2133,2932,134*,34.4,72.75,3,14,259,30,9.86,65.25,1.8,0,0,0,0,,,,,0,0,,32,0,955,1441,66.27,0,,0,1164,1466,79.4,0,,0,14,25,56.0,0,,0
235c2bb6,436757,H Klaasen,H Klaasen,South Africa,2018-02-07,2025-03-05,59,55,7,2131,1816,174,44.4,117.35,4,11,199,71,14.87,42.18,5.1,2,30,33,0,,6.6,,0/14,0,0,26.67,50,7,61,100,61.0,0,,0,1556,1428,108.96,30,6.6,0,514,288,178.47,0,,0
94eac556,6903,CJ McKay,CJ McKay,Australia,2009-11-05,2014-01-26,58,31,10,190,337,30,9.05,56.38,0,0,15,2,5.04,64.69,9.6,58,2911,2346,96,24.44,4.84,30.32,5/28,4,2,57.68,4,0,0,0,,1164,4.06,29,69,132,52.27,1273,4.57,39,121,205,59.02,474,7.44,28
dcbea954,1058514,Aasif Sheikh,Aasif Sheikh,Nepal,2021-09-07,2026-09-12,73,73,5,2075,2765,110,30.51,75.05,2,14,233,26,9.37,61.37,2.0,0,0,0,0,,,,,0,0,,55,10,1088,1454,74.83,0,,0,966,1292,74.77,0,,0,21,19,110.53,0,,0
d1523761,52917,D Ramdin,D Ramdin,West Indies,2005-07-31,2016-10-05,128,103,19,2072,2593,169,24.67,79.91,2,7,153,31,7.1,50.48,6.3,0,0,0,0,,,,,0,0,,164,7,45,89,50.56,0,,0,1554,2055,75.62,0,,0,473,449,105.35,0,,0
0ebfb1ad,431901,E Lewis,E Lewis,West Indies,2016-10-05,2025-08-12,61,59,5,2051,2325,176*,37.98,88.22,5,10,193,73,11.44,58.06,1.9,0,0,0,0,,,,,0,0,,23,0,975,1221,79.85,0,,0,1004,1065,94.27,0,,0,72,39,184.62,0,,0
5bbabe59,425639,TL Chatara,TL Chatara,Zimbabwe,2013-05-03,2023-07-04,70,46,24,176,360,23,8.0,48.89,0,0,14,2,4.44,69.44,10.3,70,3433,3092,93,33.25,5.4,36.91,4/33,1,0,55.4,5,0,0,0,,1596,4.5,30,75,168,44.64,1113,4.97,21,101,192,52.6,724,8.07,42
8a686d30,48124,MS Atapattu,MS Atapattu,Sri Lanka,2002-06-27,2007-02-17,70,65,7,2025,2953,124,34.91,68.57,3,10,201,0,6.81,57.94,2.9,0,0,0,0,,,,,0,0,,17,0,530,926,57.24,0,,0,1273,1831,69.52,0,,0,222,196,113.27,0,,0
c654af19,46393,R McLaren,R McLaren,South Africa,2009-11-08,2014-11-23,53,41,15,485,680,71*,18.65,71.32,0,1,42,6,7.06,56.47,7.3,50,2349,2053,77,26.66,5.24,30.51,4/19,5,0,53.6,12,0,0,0,,228,4.5,3,228,420,54.29,1756,4.82,54,257,260,98.85,365,7.73,20
fd835ab3,5766,DJ Hussey,DJ Hussey,Australia,2008-07-04,2013-01-23,67,59,6,1672,1878,79,31.55,89.03,0,14,122,24,7.77,45.9,5.3,37,778,684,17,40.24,5.28,45.76,4/21,2,0,42.8,29,0,41,58,70.69,12,8.5,0,1067,1408,75.78,683,5.01,13,564,412,136.89,83,7.01,4
8afe73e2,547749,WA Young,WA Young,New Zealand,2021-03-20,2026-07-21,62,62,5,1996,2360,120,35.02,84.58,4,11,224,26,10.59,55.21,2.0,0,0,0,0,,,,,0,0,,30,0,863,1186,72.77,0,,0,1114,1164,95.7,0,,0,19,10,190.0,0,,0
b80dd12c,307756,Jatinder Singh,Jatinder Singh,Oman,2019-04-27,2026-09-10,68,67,2,1973,2567,130,30.35,76.86,5,10,210,33,9.47,60.65,1.6,4,48,41,1,41.0,5.12,48.0,1/11,0,0,52.08,21,0,1006,1420,70.85,0,,0,925,1114,83.03,48,5.12,1,42,33,127.27,0,,0
dcdb87f2,937953,Bilal Khan,Bilal Khan,Oman,2019-04-27,2024-07-24,47,20,10,30,73,9,3.0,41.1,0,0,1,1,2.74,73.97,10.9,47,2420,2036,98,20.78,5.05,24.69,5/31,4,4,57.81,4,0,0,0,,1170,4.06,35,10,29,34.48,610,5.23,24,20,44,45.45,640,6.68,39
e174dadd,290948,Mohammad Amir,Mohammad Amir,Pakistan,2009-07-30,2019-10-02,60,30,10,363,444,73*,18.15,81.76,0,2,32,8,9.01,56.76,9.6,59,2953,2359,81,29.12,4.79,36.46,5/30,1,1,56.76,7,0,0,0,,1500,4.2,32,154,195,78.97,888,4.38,19,209,249,83.94,565,7.03,30
ee7d0c82,6565,GD McGrath,GD McGrath,Australia,2003-01-11,2007-04-28,66,15,9,18,41,5*,3.0,43.9,0,0,0,0,0.0,63.41,10.9,65,3213,2060,98,21.02,3.85,32.79,7/15,0,1,66.95,13,0,0,0,,1500,3.29,41,1,7,14.29,1292,3.79,39,17,34,50.0,421,6.01,18
89f64c19,53116,LMP Simmons,LMP Simmons,West Indies,2006-12-07,2015-03-21,67,64,3,1958,2679,122,32.1,73.09,2,16,162,50,7.91,60.54,3.0,12,156,172,1,172.0,6.62,156.0,1/3,0,0,33.97,28,0,551,868,63.48,0,,0,1180,1630,72.39,138,6.65,1,227,181,125.41,18,6.33,0
2f9d0389,493773,LH Ferguson,LH Ferguson,New Zealand,2016-12-04,2023-11-15,63,30,13,122,236,19,7.18,51.69,0,0,6,3,3.81,64.41,10.1,62,3203,3068,92,33.35,5.75,34.82,5/45,1,1,53.86,14,0,0,0,,420,5.51,7,38,104,36.54,2197,5.5,54,84,132,63.64,586,6.84,31
e38bce7a,326968,MG Bracewell,MG Bracewell,New Zealand,2022-03-29,2026-07-21,48,41,12,1042,969,140,35.93,107.53,2,3,87,44,13.52,48.3,6.5,43,1936,1591,46,34.59,4.93,42.09,4/26,2,0,50.77,33,0,7,15,46.67,102,4.35,6,648,694,93.37,1668,4.69,35,387,260,148.85,166,7.7,5
7c503806,44149,J Botha,J Botha,South Africa,2005-11-16,2012-03-03,74,49,17,594,698,46,18.56,85.1,0,0,53,3,8.02,48.85,8.0,71,3625,2781,68,40.9,4.6,53.31,4/19,1,0,47.14,34,0,0,0,,60,2.7,2,238,340,70.0,3237,4.39,51,356,358,99.44,328,7.08,15
3241e3fd,604302,N Pooran,N Pooran,West Indies,2019-02-20,2023-07-07,57,54,7,1829,1868,118,38.91,97.91,3,9,142,75,11.62,50.75,4.6,7,169,174,6,29.0,6.18,28.17,4/48,1,0,39.64,20,1,59,107,55.14,12,7.0,0,1449,1551,93.42,141,5.87,6,321,210,152.86,16,8.25,0
f0e293b0,384525,Zahoor Khan,Zahoor Khan,United Arab Emirates,2017-01-24,2024-03-05,60,39,17,143,257,23,6.5,55.64,0,0,10,4,5.45,68.87,10.4,60,2787,2320,90,25.78,4.99,30.97,6/34,2,1,53.14,14,0,0,0,,408,4.37,9,62,112,55.36,1692,4.54,32,81,145,55.86,687,6.5,49
12bffe91,47666,LL Tsotsobe,LL Tsotsobe,South Africa,2009-01-30,2013-12-11,60,21,13,58,109,16*,7.25,53.21,0,0,7,1,7.34,72.48,10.7,59,2910,2314,94,24.62,4.77,30.96,4/22,7,0,61.17,9,0,0,0,,1557,4.03,43,9,29,31.03,1085,5.64,33,49,80,61.25,268,5.53,18
9920dd86,574287,CA Soper,CA Soper,Papua New Guinea,2016-11-04,2023-04-05,50,48,13,653,1167,46*,18.66,55.96,0,0,30,7,3.17,61.18,8.2,50,2329,1714,64,26.78,4.42,36.39,6/41,1,2,60.41,13,0,4,8,50.0,472,4.17,23,304,727,41.82,1462,3.94,24,345,432,79.86,395,6.46,17
3c87f0c3,482478,JN Frylinck,JN Frylinck,Namibia,2019-04-27,2026-09-13,56,52,7,1233,1697,114,27.4,72.66,2,8,93,17,6.48,55.86,4.9,31,1256,922,35,26.34,4.4,35.89,5/13,0,1,58.12,20,0,126,287,43.9,294,3.24,8,821,1146,71.64,780,4.14,19,286,264,108.33,182,7.42,8
7cd0a092,318788,Haris Sohail,Haris Sohail,Pakistan,2013-07-19,2023-01-13,43,42,5,1709,1968,130,46.19,86.84,2,14,135,28,8.28,47.05,4.3,20,606,583,11,53.0,5.77,55.09,3/45,0,0,41.25,17,0,171,237,72.15,0,,0,1222,1477,82.74,576,5.55,11,316,254,124.41,30,10.0,0
a9231c3f,348133,SR Taylor,Steven Ryan Taylor,United States of America,2019-04-27,2024-08-21,46,46,0,1139,1473,114,24.76,77.33,1,6,130,24,10.45,62.73,1.5,41,1478,1113,39,28.54,4.52,37.9,4/23,1,0,55.21,19,0,656,870,75.4,138,3.65,4,472,596,79.19,1279,4.54,33,11,7,157.14,61,6.0,2
b9a3d8c6,40570,Inzamam-ul-Haq,Inzamam-ul-Haq,Pakistan,2003-02-11,2007-03-21,69,62,10,1916,2426,123,36.85,78.98,1,12,167,24,7.87,52.51,4.7,0,0,0,0,,,,,0,0,,23,0,66,114,57.89,0,,0,1435,1970,72.84,0,,0,415,342,121.35,0,,0
adbf0400,1209110,Basil Hameed,Basil Hameed,United Arab Emirates,2019-12-08,2024-11-09,48,45,2,1051,1423,71,24.44,73.86,0,5,74,30,7.31,57.62,5.9,40,1378,957,43,22.26,4.17,32.05,5/17,2,1,56.17,18,0,11,24,45.83,78,4.77,2,805,1168,68.92,1153,4.1,31,235,231,101.73,147,4.41,10
6b0c3a20,45396,AJ Hall,AJ Hall,South Africa,2003-02-22,2007-07-01,55,30,9,387,451,56*,18.43,85.81,0,2,30,6,7.98,48.78,7.6,52,2548,1952,76,25.68,4.6,33.53,5/18,3,1,56.99,14,0,34,61,55.74,192,4.47,4,147,197,74.62,1760,4.2,39,206,193,106.74,596,5.81,33
9ffd1ac1,372116,T Bavuma,T Bavuma,South Africa,2016-09-25,2025-12-06,51,49,5,1894,2141,144,43.05,88.46,5,7,188,26,10.0,51.1,2.5,1,37,22,0,,3.57,,0/22,0,0,64.86,28,0,681,795,85.66,0,,0,1112,1247,89.17,31,3.29,0,101,99,102.02,6,5.0,0
9f0270e0,55346,AG Cremer,AG Cremer,Zimbabwe,2009-01-31,2018-03-22,68,51,11,507,882,37,12.68,57.48,0,0,33,1,3.85,60.54,8.5,67,3196,2582,69,37.42,4.85,46.32,5/29,2,1,49.81,25,0,0,0,,12,2.5,2,315,624,50.48,2945,4.74,57,192,258,74.42,239,6.33,10
89c16049,623977,Agha Salman,Agha Salman,Pakistan,2022-08-16,2026-06-04,50,42,7,1507,1562,134,43.06,96.48,3,9,132,28,10.24,45.71,5.4,37,1090,1062,19,55.89,5.85,57.37,4/32,1,0,46.7,22,0,29,55,52.73,78,5.23,2,1099,1223,89.86,970,5.75,17,379,284,133.45,42,9.14,0
211de69f,39037,Azhar Ali,Azhar Ali,Pakistan,2012-02-15,2018-01-13,52,52,3,1806,2413,102,36.86,74.84,3,12,164,14,7.38,54.08,1.7,14,258,260,4,65.0,6.05,64.5,2/26,0,0,38.76,8,0,734,1072,68.47,0,,0,1037,1296,80.02,216,5.89,3,35,45,77.78,42,6.86,1
d5403021,52337,BC Lara,BC Lara,West Indies,2003-02-09,2007-04-21,71,67,11,1878,2404,116,33.54,78.12,1,10,173,40,8.86,57.99,4.3,0,0,0,0,,,,,0,0,,26,0,145,284,51.06,0,,0,1527,1961,77.87,0,,0,206,159,129.56,0,,0
cddafe26,1178586,V Aravind,V Aravind,United Arab Emirates,2019-12-08,2025-05-06,63,63,3,1865,2731,115*,31.08,68.29,2,9,180,16,7.18,60.45,2.9,0,0,0,0,,,,,0,0,,38,9,594,922,64.43,0,,0,1149,1721,66.76,0,,0,122,88,138.64,0,,0
26ff4c29,46750,RJ Peterson,RJ Peterson,South Africa,2003-02-22,2014-11-23,66,36,13,523,627,68,22.74,83.41,0,1,49,5,8.61,51.67,7.4,62,2774,2247,67,33.54,4.86,41.4,4/12,2,0,49.86,28,0,70,72,97.22,96,2.69,5,192,298,64.43,2399,4.95,42,261,257,101.56,279,4.86,20
e3386c8a,794713,K Bhurtel,K Bhurtel,Nepal,2021-09-07,2026-07-29,71,70,2,1598,1947,120*,23.5,82.07,2,8,177,34,10.84,60.55,1.4,24,570,492,13,37.85,5.18,43.85,4/20,1,0,49.82,45,0,881,1153,76.41,6,6.0,0,693,767,90.35,510,5.13,13,24,27,88.89,54,5.56,0
67af6f81,55698,RW Price,RW Price,Zimbabwe,2003-04-05,2012-02-09,78,45,11,315,527,46,9.26,59.77,0,0,26,4,5.69,63.38,9.9,76,4101,2820,77,36.62,4.13,53.26,3/16,0,0,56.3,11,0,0,0,,480,2.9,10,105,232,45.26,3186,4.01,51,210,295,71.19,435,6.32,16
b4296080,451947,Milind Kumar,Milind Kumar,United States of America,2024-08-13,2026-06-12,28,26,8,1209,1231,155*,67.17,98.21,4,7,100,33,10.8,47.6,5.1,25,996,731,32,22.84,4.4,31.12,5/66,1,1,55.62,13,0,7,29,24.14,144,4.38,6,776,930,83.44,734,4.22,20,426,272,156.62,118,5.59,6
a48fc79d,24249,EC Joyce,EC Joyce,Ireland,2006-06-13,2018-03-16,60,60,4,1845,2603,116*,32.95,70.88,4,10,181,16,7.57,58.97,2.6,0,0,0,0,,,,,0,0,,21,0,509,846,60.17,0,,0,1209,1654,73.1,0,,0,127,103,123.3,0,,0
99d63244,290716,KM Jadhav,KM Jadhav,India,2014-11-16,2020-02-08,71,50,19,1318,1273,120,42.52,103.53,2,5,136,23,12.49,44.85,5.9,41,1145,993,26,38.19,5.2,44.04,3/23,0,0,44.89,32,0,17,32,53.12,0,,0,688,785,87.64,1073,5.03,25,613,456,134.43,72,7.83,1
3feda4fa,391832,RL Chase,RL Chase,West Indies,2017-06-23,2026-06-03,64,50,8,1037,1326,59,24.69,78.21,0,5,75,14,6.71,49.32,6.0,56,2338,1981,40,49.52,5.08,58.45,3/44,0,0,47.65,30,0,4,7,57.14,156,5.23,3,902,1202,75.04,1942,4.84,29,131,117,111.97,240,6.95,8
e938e1bc,30732,P Kumar,P Kumar,India,2007-11-18,2012-03-18,68,33,12,292,331,54*,13.9,88.22,0,1,25,7,9.67,51.36,8.8,67,3242,2774,77,36.03,5.13,42.1,4/31,3,0,56.32,11,0,0,0,,1704,4.33,41,69,121,57.02,1116,5.18,19,223,210,106.19,422,8.27,17
59ea70a4,961407,HT Tector,HT Tector,Ireland,2020-07-30,2025-05-25,49,44,6,1775,2111,140,46.71,84.08,4,14,143,42,8.76,51.78,4.0,8,180,193,2,96.5,6.43,90.0,1/5,0,0,37.78,22,0,124,260,47.69,0,,0,1260,1583,79.6,174,6.41,2,391,268,145.9,6,7.0,0
6020a3c6,820677,KU Carty,KU Carty,West Indies,2022-05-31,2026-07-21,52,49,5,1814,2401,170,41.23,75.55,4,6,157,29,7.75,56.27,3.6,4,28,30,0,,6.43,,0/1,0,0,42.86,9,0,340,560,60.71,0,,0,1342,1751,76.64,28,6.43,0,132,90,146.67,0,,0
2503e881,46569,A Nel,A Nel,South Africa,2003-07-10,2008-09-03,60,19,10,123,156,30*,13.67,78.85,0,0,14,3,10.9,58.97,9.7,57,2840,2200,84,26.19,4.65,33.81,5/45,3,1,61.51,13,0,0,0,,497,4.91,15,28,81,34.57,1843,3.91,52,95,75,126.67,500,7.09,17
afa7e784,230193,MS Wade,MS Wade,Australia,2012-02-05,2021-07-26,95,82,12,1792,2180,100*,25.6,82.2,1,10,127,33,7.34,51.42,5.7,0,0,0,0,,,,,0,0,,104,9,197,348,56.61,0,,0,1023,1409,72.6,0,,0,572,423,135.22,0,,0
ba5e1069,959767,R Ravindra,R Ravindra,New Zealand,2023-03-25,2025-11-22,38,34,1,1392,1283,123*,42.18,108.5,5,6,154,33,14.58,47.31,3.3,23,949,917,20,45.85,5.8,47.45,4/60,1,0,43.2,13,0,479,490,97.76,6,4.0,0,853,741,115.11,774,5.57,14,60,52,115.38,169,6.89,6
a36915ce,524253,N Vanua,N Vanua,Papua New Guinea,2016-11-04,2023-04-05,51,49,4,769,957,60,17.09,80.36,0,2,39,45,8.78,60.92,8.0,49,2119,1823,51,35.75,5.16,41.55,4/24,3,0,56.02,15,0,15,24,62.5,684,4.85,18,370,615,60.16,977,4.37,16,384,318,120.75,458,7.32,17
9811e35e,1253822,Gulsan Jha,Gulsan Jha,Nepal,2022-03-26,2026-09-12,50,43,10,986,1184,67*,29.88,83.28,0,6,66,49,9.71,59.38,7.3,44,1359,1350,40,33.75,5.96,33.98,5/38,0,2,51.73,14,0,13,31,41.94,186,6.39,7,594,839,70.8,979,5.45,26,379,314,120.7,194,8.13,7
f24c6701,1138316,M Theekshana,M Theekshana,Sri Lanka,2021-09-07,2026-06-03,51,31,13,284,557,38*,15.78,50.99,0,0,19,1,3.59,65.53,9.2,50,2504,1835,75,24.47,4.4,33.39,4/25,7,0,56.07,12,0,0,0,,732,4.17,17,112,284,39.44,1534,4.32,45,172,273,63.0,238,5.6,13
1274d7ab,629058,Nazmul Hossain Shanto,Nazmul Hossain Shanto,Bangladesh,2018-09-21,2026-07-11,58,57,4,1742,2218,122*,32.87,78.54,3,10,193,17,9.47,56.31,3.0,7,100,102,2,51.0,6.12,50.0,1/10,0,0,41.0,19,0,519,741,70.04,0,,0,1177,1433,82.14,42,7.14,1,46,44,104.55,58,5.38,1
64d43928,43265,Sohail Tanvir,Sohail Tanvir,Pakistan,2007-10-18,2014-12-17,61,40,11,399,458,59,13.76,87.12,0,1,44,6,10.92,52.62,8.5,59,2903,2534,69,36.72,5.24,42.07,5/48,3,1,56.8,15,0,0,0,,1536,4.45,30,120,165,72.73,748,4.93,11,279,293,95.22,619,7.56,28
9cb8d7a6,227758,Imad Wasim,Imad Wasim,Pakistan,2015-07-19,2020-11-01,54,39,16,937,840,63*,40.74,111.55,0,5,86,19,12.5,38.21,7.1,52,2343,1909,42,45.45,4.89,55.79,5/14,0,1,47.8,11,0,0,0,,312,4.6,3,274,337,81.31,1831,4.83,33,663,503,131.81,200,5.91,6
f0f628c7,32965,MM Patel,MM Patel,India,2006-04-03,2011-09-16,69,27,16,74,112,15,6.73,66.07,0,0,7,1,7.14,61.61,11.0,66,3100,2555,85,30.06,4.95,36.47,4/29,3,0,58.13,11,0,0,0,,1062,4.37,19,11,25,44.0,1536,4.55,35,63,87,72.41,502,7.37,31
d2d15439,1241265,Aayan Afzal Khan,Aayan Afzal Khan,United Arab Emirates,2022-11-14,2026-09-12,42,38,9,647,904,94*,22.31,71.57,0,3,59,14,8.08,59.51,7.2,42,2168,1487,56,26.55,4.12,38.71,5/34,1,1,59.18,7,0,11,12,91.67,486,3.6,9,346,644,53.73,1513,4.04,35,290,248,116.94,169,6.21,12
509a7ca1,345821,MD Gunathilaka,MD Gunathilaka,Sri Lanka,2015-11-01,2022-06-24,46,45,1,1592,1833,133,36.18,86.85,2,11,171,20,10.42,52.92,1.6,22,402,371,8,46.38,5.54,50.25,3/48,0,0,42.79,14,0,829,965,85.91,6,3.0,0,753,854,88.17,390,5.51,8,10,14,71.43,6,10.0,0
51a3c5ef,319439,MJ McClenaghan,MJ McClenaghan,New Zealand,2013-01-19,2016-01-25,48,14,10,108,138,34*,27.0,78.26,0,0,10,3,9.42,60.14,10.6,45,2336,2313,82,28.21,5.94,28.49,5/58,6,1,52.1,4,0,0,0,,642,5.24,18,21,46,45.65,1272,5.79,29,87,92,94.57,422,7.45,35
6f02fe2a,1241277,Waseem Muhammad,Waseem Muhammad,United Arab Emirates,2022-02-05,2026-05-03,69,69,0,1745,2000,119,25.29,87.25,1,9,144,83,11.35,60.75,2.3,7,71,92,0,,7.77,,0/0,0,0,43.66,33,0,891,1010,88.22,0,,0,756,917,82.44,36,6.83,0,98,73,134.25,35,8.74,0
0b60eb09,267724,KA Maharaj,KA Maharaj,South Africa,2017-05-27,2025-12-06,54,31,8,324,403,40,14.09,80.4,0,0,37,4,10.17,55.58,8.8,53,2765,2201,70,31.44,4.78,39.5,5/33,3,1,49.51,12,0,0,1,0.0,204,4.15,4,138,186,74.19,2447,4.74,63,186,216,86.11,114,6.68,3
6eea0b32,300618,Nasir Hossain,Nasir Hossain,Bangladesh,2011-08-14,2018-01-25,64,51,8,1240,1545,100,28.84,80.26,1,6,111,14,8.09,52.04,6.6,42,1241,980,24,40.83,4.74,51.71,3/26,0,0,49.48,33,0,2,8,25.0,102,4.82,3,748,1088,68.75,1019,4.55,14,490,449,109.13,120,6.25,7
7bf96684,20123,OA Shah,OA Shah,England,2003-01-11,2009-10-02,56,52,4,1579,1919,107*,32.9,82.28,1,10,124,26,7.82,49.92,4.7,10,193,184,7,26.29,5.72,27.57,3/15,0,0,38.34,15,0,112,147,76.19,0,,0,1071,1472,72.76,169,5.47,6,396,300,132.0,24,7.5,1
a8e3170f,429981,Mohammad Irfan,Mohammad Irfan,Pakistan,2010-09-10,2016-09-01,60,33,21,48,149,12,4.0,32.21,0,0,5,2,4.7,85.23,10.9,60,3109,2549,83,30.71,4.92,37.46,4/30,2,0,58.83,11,0,0,0,,1524,4.35,40,24,50,48.0,1143,4.69,29,24,99,24.24,442,7.47,14
cd4d7695,701217,Aarif Sheikh,Aarif Sheikh,Nepal,2018-08-30,2026-07-29,73,63,9,1518,2287,84,28.11,66.38,0,9,106,16,5.33,55.88,5.9,36,947,737,9,81.89,4.67,105.22,1/9,0,0,53.01,33,0,31,70,44.29,80,5.92,1,1111,1867,59.51,819,4.46,7,376,350,107.43,48,6.12,1
70d205c9,33141,AT Rayudu,AT Rayudu,India,2013-07-24,2019-03-08,53,49,14,1637,2094,124*,46.77,78.18,3,9,141,26,7.98,52.63,3.9,9,121,124,3,41.33,6.15,40.33,1/5,0,0,42.15,17,0,90,231,38.96,0,,0,1309,1663,78.71,103,5.77,2,238,200,119.0,18,8.33,1
84826f48,24289,NJ O'Brien,NJ O'Brien,Ireland,2007-03-15,2018-03-18,64,63,6,1692,2351,109,29.68,71.97,1,12,140,25,7.02,57.25,4.2,0,0,0,0,,,,,0,0,,67,6,222,367,60.49,0,,0,1335,1858,71.85,0,,0,135,126,107.14,0,,0
99639abf,36185,NJ Astle,NJ Astle,New Zealand,2002-12-29,2007-01-23,44,43,6,1571,2028,145*,42.46,77.47,4,9,163,19,8.97,58.28,2.4,21,401,340,6,56.67,5.09,66.83,3/34,0,0,43.64,13,0,475,692,68.64,6,7.0,0,868,1185,73.25,301,4.47,4,228,151,150.99,94,6.96,2
2c13defe,24705,TM Odoyo,TM Odoyo,Kenya,2003-02-12,2014-01-30,39,35,5,830,1183,111*,27.67,70.16,1,3,71,18,7.52,60.52,6.5,36,1559,1151,43,26.77,4.43,36.26,4/28,3,0,63.95,5,0,10,20,50.0,913,3.44,20,577,904,63.83,394,5.1,10,243,259,93.82,252,6.95,13
f468293b,1071473,JN Loftie-Eaton,JN Loftie-Eaton,Namibia,2022-03-06,2026-09-13,54,50,10,1044,1417,73,26.1,73.68,0,5,80,20,7.06,56.1,5.7,37,981,883,32,27.59,5.4,30.66,4/34,2,0,49.13,36,0,38,60,63.33,6,3.0,0,813,1200,67.75,795,5.22,22,193,157,122.93,180,6.27,10
803dbf1d,1195672,A Dutt,A Dutt,Netherlands,2021-05-19,2026-07-31,57,40,8,219,373,23*,6.84,58.71,0,0,10,8,4.83,64.88,9.5,56,2798,2171,73,29.74,4.66,38.33,6/34,1,1,59.15,15,0,0,0,,534,4.42,10,68,159,42.77,1896,4.2,46,151,214,70.56,368,7.34,17
df5a6881,379140,DP Conway,DP Conway,New Zealand,2021-03-20,2026-01-18,42,41,3,1672,1908,152*,44.0,87.63,5,6,207,22,12.0,55.71,1.7,0,0,0,0,,,,,0,0,,20,0,679,871,77.96,0,,0,930,997,93.28,0,,0,63,40,157.5,0,,0
d1c94b25,45963,CK Langeveldt,CK Langeveldt,South Africa,2003-02-12,2010-10-31,62,19,9,70,119,12,7.0,58.82,0,0,8,0,6.72,64.71,10.5,61,2990,2600,80,32.5,5.22,37.38,5/39,0,1,55.75,11,0,0,0,,588,4.77,11,9,22,40.91,1704,4.6,40,61,97,62.89,698,7.1,29
fc55ec67,526441,MR Adair,MR Adair,Ireland,2019-05-03,2025-02-18,49,34,13,448,410,32,21.33,109.27,0,0,34,21,13.41,48.05,7.9,47,2225,2139,61,35.07,5.77,36.48,4/40,5,0,55.46,21,0,0,1,0.0,1080,4.78,21,188,223,84.3,678,5.5,10,260,186,139.78,467,8.43,30
f7d267f7,1041679,NP Kenjige,NP Kenjige,United States of America,2019-12-08,2026-06-12,62,43,17,440,636,43,16.92,69.18,0,0,30,5,5.5,55.82,9.0,61,2933,2053,61,33.66,4.2,48.08,5/11,0,1,57.28,27,0,1,4,25.0,500,2.98,8,106,287,36.93,2232,4.35,41,333,345,96.52,201,5.58,12
b3b39bed,940593,Aqib Ilyas,Aqib Ilyas,Oman,2019-04-27,2024-09-26,31,29,2,1191,1622,109*,44.11,73.43,2,9,113,12,7.71,57.21,3.0,27,895,710,23,30.87,4.76,38.91,4/36,1,0,52.18,6,0,292,398,73.37,18,4.33,0,836,1158,72.19,727,4.5,14,63,66,95.45,150,6.08,9
8d92a2c3,351588,MA Wood,MA Wood,England,2015-05-08,2025-02-22,65,26,15,147,140,43*,13.36,105.0,0,0,13,5,12.86,45.71,10.6,65,3284,3055,75,40.73,5.58,43.79,4/33,2,0,51.58,13,0,0,0,,1128,5.34,21,72,50,144.0,1500,5.38,30,75,90,83.33,656,6.47,24
c03f1114,30045,KD Karthik,KD Karthik,India,2004-09-05,2019-07-09,90,76,20,1624,2212,79,29.0,73.42,0,8,162,15,8.0,57.59,4.0,0,0,0,0,,,,,0,0,,62,7,407,643,63.3,0,,0,997,1334,74.74,0,,0,220,235,93.62,0,,0
17aa4f1d,957645,Aaron Jones,Aaron Jones,United States of America,2019-04-27,2025-02-18,51,51,3,1620,2253,123*,33.75,71.9,1,11,114,32,6.48,56.28,4.2,10,197,189,0,,5.76,,0/3,0,0,47.72,17,0,201,345,58.26,6,12.0,0,1192,1731,68.86,156,5.23,0,227,177,128.25,35,7.03,0
6e3f5a5c,806241,R Ngarava,R Ngarava,Zimbabwe,2017-06-15,2026-07-09,49,31,14,271,324,48,15.94,83.64,0,0,28,8,11.11,58.33,10.0,47,2216,1975,67,29.48,5.35,33.07,5/32,1,1,56.59,6,0,0,0,,1091,4.52,23,179,237,75.53,682,5.01,19,92,87,105.75,443,7.9,25
bd0a4a7d,364343,CA Young,CA Young,Ireland,2014-09-08,2024-10-07,42,23,13,149,168,40*,14.9,88.69,0,0,12,5,10.12,53.57,10.4,39,2018,1826,73,25.01,5.43,27.64,5/46,1,1,57.23,12,0,0,0,,732,5.09,24,69,74,93.24,960,4.88,32,80,94,85.11,326,7.82,17
1abb78f8,475281,SN Thakur,SN Thakur,India,2017-08-31,2023-10-19,46,25,6,329,313,50*,17.32,105.11,0,1,31,9,12.78,44.09,7.9,45,1904,1983,64,30.98,6.25,29.75,4/37,3,0,51.21,8,0,0,0,,462,6.42,11,93,116,80.17,1197,5.58,44,236,197,119.8,245,9.21,9
45963d9e,429754,N Dickwella,N Dickwella,Sri Lanka,2014-11-16,2022-06-21,55,52,1,1604,1717,116,31.45,93.42,2,9,187,12,11.59,50.03,1.8,0,0,0,0,,,,,0,0,,41,11,839,841,99.76,0,,0,758,869,87.23,0,,0,7,7,100.0,0,,0
782fb776,440522,LV van Beek,LV van Beek,Netherlands,2021-05-19,2026-07-29,37,34,11,524,624,59,22.78,83.97,0,1,32,13,7.21,51.6,7.7,36,1863,1685,54,31.2,5.43,34.5,4/24,4,0,56.41,20,0,0,0,,726,4.88,19,243,376,64.63,792,4.59,19,281,248,113.31,345,8.5,16
68ddabdb,41324,Mohammad Sami,Mohammad Sami,Pakistan,2003-03-04,2015-05-29,49,25,9,246,357,46,15.38,68.91,0,0,12,8,5.6,57.98,9.5,48,2376,1979,67,29.54,5.0,35.46,5/10,1,1,59.85,9,0,0,0,,1032,4.27,19,88,174,50.57,855,4.67,32,158,183,86.34,489,7.1,16
c3d35165,46248,JA Morkel,JA Morkel,South Africa,2005-02-25,2012-03-03,52,39,8,705,708,97,22.74,99.58,0,2,64,22,12.15,49.29,6.6,46,1831,1707,44,38.8,5.59,41.61,4/29,2,0,48.88,14,0,1,5,20.0,144,6.29,3,315,403,78.16,1368,5.32,24,389,300,129.67,319,6.43,17
478a63e7,595921,C Campher,C Campher,Ireland,2020-07-30,2025-02-18,38,30,2,963,1196,120,34.39,80.52,1,7,97,13,9.2,55.77,5.1,33,1072,1003,31,32.35,5.61,34.58,4/37,1,0,52.05,11,0,125,178,70.22,36,5.33,2,681,903,75.42,946,5.34,27,157,115,136.52,90,8.6,2
2f49c897,940973,Mohammed Siraj,Mohammed Siraj,India,2019-01-15,2026-01-18,49,21,13,57,134,9*,7.12,42.54,0,0,3,0,2.24,69.4,10.1,48,2197,1849,76,24.33,5.05,28.91,6/21,2,1,60.63,7,0,0,0,,1182,4.29,42,8,34,23.53,674,5.18,21,49,100,49.0,341,7.41,13
3ff033bb,437316,MD Shanaka,MD Shanaka,Sri Lanka,2016-06-18,2024-01-08,62,56,5,1153,1291,108*,22.61,89.31,2,4,87,38,9.68,50.58,6.4,40,915,839,21,39.95,5.5,43.57,3/27,0,0,46.67,16,0,15,40,37.5,174,5.69,1,824,998,82.57,704,5.27,18,314,253,124.11,37,9.08,2
4d84ad05,332980,CJA Amini,CJA Amini,Papua New Guinea,2018-03-04,2023-04-05,45,45,0,952,1517,77,21.16,62.76,0,6,78,4,5.41,60.84,4.5,40,1592,1288,31,41.55,4.85,51.35,4/27,1,0,53.2,19,0,189,280,67.5,42,4.71,2,667,1154,57.8,1418,4.68,24,96,83,115.66,132,6.82,5
4d7f517e,530812,AJ Hosein,AJ Hosein,West Indies,2021-01-20,2025-10-23,40,30,9,309,396,60,14.71,78.03,0,1,18,12,7.58,54.55,8.8,40,2210,1769,63,28.08,4.8,35.08,4/39,2,0,53.26,17,0,0,0,,264,4.25,8,206,255,80.78,1760,4.82,45,103,141,73.05,186,5.39,10
e7ba1233,55612,S Matsikenyeri,S Matsikenyeri,Zimbabwe,2003-03-15,2015-02-24,79,78,6,1309,1887,86,18.18,69.37,0,5,130,10,7.42,61.26,4.4,26,668,557,13,42.85,5.0,51.38,2/25,0,0,42.07,20,0,346,652,53.07,12,4.5,0,683,1016,67.22,582,4.75,13,280,219,127.85,74,7.05,0
6e1b1ec0,22182,MP Vaughan,MP Vaughan,England,2003-01-17,2007-04-21,59,56,6,1382,2071,90*,27.64,66.73,0,10,142,10,7.34,62.87,2.8,18,516,418,9,46.44,4.86,57.33,3/39,0,0,42.64,22,0,508,816,62.25,0,,0,815,1207,67.52,408,4.79,4,59,48,122.92,108,5.11,5
37f501d7,55761,HH Streak,HH Streak,Zimbabwe,2003-02-10,2005-08-31,31,27,11,736,1079,72*,46.0,68.21,0,6,58,9,6.21,59.96,7.3,30,1488,1040,41,25.37,4.19,36.29,4/21,1,0,62.43,10,0,9,21,42.86,874,3.41,19,391,778,50.26,323,4.89,10,336,280,120.0,291,5.77,12
cfad138c,209457,CK Kapugedera,CK Kapugedera,Sri Lanka,2006-01-29,2017-10-18,92,76,7,1505,2111,95,21.81,71.29,0,8,99,28,6.02,55.47,5.6,10,264,225,2,112.5,5.11,132.0,1/24,0,0,43.18,27,0,58,114,50.88,0,,0,1050,1653,63.52,258,5.0,2,397,344,115.41,6,10.0,0
6adf9347,40591,Iftikhar Anjum,Iftikhar Anjum,Pakistan,2004-09-30,2010-01-31,57,30,16,203,325,32,14.5,62.46,0,0,12,3,4.62,59.69,9.9,55,2678,2200,67,32.84,4.93,39.97,5/30,1,1,57.39,10,0,0,0,,544,4.69,8,41,120,34.17,1792,4.5,41,162,205,79.02,342,7.54,18
331ea488,215155,UT Khawaja,UT Khawaja,Australia,2013-01-11,2019-07-06,39,38,2,1539,1828,104,42.75,84.19,2,12,149,13,8.86,49.67,2.2,0,0,0,0,,,,,0,0,,13,0,516,639,80.75,0,,0,935,1122,83.33,0,,0,88,67,131.34,0,,0
09a9d073,333066,J Charles,J Charles,West Indies,2012-03-16,2023-07-07,58,58,0,1537,1803,130,26.5,85.25,2,7,172,44,11.98,60.84,1.6,1,5,12,0,,14.4,,0/12,0,0,40.0,25,2,921,1077,85.52,0,,0,616,724,85.08,5,14.4,0,0,2,0.0,0,,0
156d0ea2,1193310,SR Mukkamalla,SR Mukkamalla,United States of America,2022-05-28,2026-06-12,43,42,5,1532,1863,137*,41.41,82.23,4,8,119,26,7.78,50.03,3.8,0,0,0,0,,,,,0,0,,13,0,127,223,56.95,0,,0,1242,1503,82.63,0,,0,163,137,118.98,0,,0
79b4839e,245490,Ahmed Raza,Ahmed Raza,United Arab Emirates,2014-05-04,2022-11-18,47,36,6,391,630,50,13.03,62.06,0,1,28,8,5.71,62.7,8.9,47,2494,1721,57,30.19,4.14,43.75,5/26,1,1,56.26,20,0,0,0,,150,3.32,3,178,361,49.31,2087,4.08,47,213,269,79.18,257,5.09,7
e94915e6,662973,SM Curran,SM Curran,England,2018-06-24,2026-07-19,43,32,3,658,735,95*,22.69,89.52,0,2,46,22,9.25,47.89,7.2,43,1657,1679,43,39.05,6.08,38.53,5/48,2,1,48.46,11,0,0,4,0.0,444,5.16,16,425,540,78.7,950,5.8,15,233,191,121.99,263,8.65,12
81c36ee9,696401,M Jansen,M Jansen,South Africa,2022-01-19,2025-12-06,31,26,5,553,491,75*,26.33,112.63,0,2,44,25,14.05,46.84,7.1,31,1518,1608,48,33.5,6.36,31.62,5/39,0,1,55.53,11,0,0,0,,708,5.7,23,317,343,92.42,566,6.41,10,236,148,159.46,244,8.11,15
1a8eebbe,288305,Shafiul Islam,Shafiul Islam,Bangladesh,2010-01-04,2020-03-03,58,33,11,132,239,24*,6.0,55.23,0,0,13,2,6.28,68.62,9.9,58,2470,2463,69,35.7,5.98,35.8,4/21,4,0,53.72,8,0,0,0,,1129,5.12,21,11,55,20.0,914,5.56,19,121,184,65.76,427,9.16,29
9a46c4e5,823509,GD Phillips,GD Phillips,New Zealand,2022-07-10,2026-01-18,46,38,9,1191,1143,106*,41.07,104.2,2,4,88,47,11.81,45.67,5.9,31,798,812,16,50.75,6.11,49.88,3/37,0,0,38.72,29,0,0,5,0.0,0,,0,710,813,87.33,726,5.94,15,481,325,148.0,72,7.75,1
48a1d7b7,670025,SO Hetmyer,SO Hetmyer,West Indies,2017-12-20,2026-07-21,52,48,4,1509,1395,139,34.3,108.17,5,5,110,59,12.11,44.95,4.5,0,0,0,0,,,,,0,0,,20,0,96,134,71.64,0,,0,1197,1129,106.02,0,,0,216,132,163.64,0,,0
6581d753,45797,JM Kemp,JM Kemp,South Africa,2005-01-30,2007-10-23,64,55,16,1226,1434,100*,31.44,85.5,1,8,77,53,9.07,54.18,6.2,31,656,514,14,36.71,4.7,46.86,3/21,0,0,53.96,26,0,5,8,62.5,0,,0,609,988,61.64,620,4.52,13,612,438,139.73,36,7.83,1
6b8eb6e5,34274,S Sreesanth,S Sreesanth,India,2005-10-25,2011-04-02,50,21,10,44,121,10*,4.0,36.36,0,0,2,0,1.65,71.9,10.6,49,2368,2352,73,32.22,5.96,32.44,6/55,2,1,55.91,7,0,0,0,,1010,5.69,20,6,27,22.22,968,5.41,26,38,94,40.43,390,8.02,27
d2fcce2f,49178,HMRKB Herath,HMRKB Herath,Sri Lanka,2004-04-27,2015-03-01,66,30,15,140,217,17*,9.33,64.52,0,0,10,2,5.53,57.14,9.5,63,3026,2228,68,32.76,4.42,44.5,4/20,1,0,49.74,9,0,0,0,,114,4.21,5,39,64,60.94,2631,4.24,50,101,153,66.01,281,6.17,13
a03bba42,379145,T Shamsi,T Shamsi,South Africa,2016-06-07,2025-02-12,55,15,11,39,69,11*,9.75,56.52,0,0,4,0,5.8,69.57,10.9,52,2697,2510,73,34.38,5.58,36.95,5/49,3,1,48.02,9,0,0,0,,6,7.0,0,32,42,76.19,2246,5.42,52,7,27,25.93,445,6.38,21
9e52a414,990031,Towhid Hridoy,Towhid Hridoy,Bangladesh,2023-03-18,2026-07-11,45,41,6,1493,1868,100,42.66,79.93,1,12,97,27,6.64,49.89,4.9,1,1,2,0,,12.0,,0/2,0,0,0.0,13,0,74,133,55.64,0,,0,1137,1517,74.95,0,,0,282,218,129.36,1,12.0,0
327b58d3,552152,PVD Chameera,PVD Chameera,Sri Lanka,2015-01-29,2026-06-03,54,37,12,292,489,29,11.68,59.71,0,0,21,3,4.91,64.21,9.6,53,2293,2116,60,35.27,5.54,38.22,5/16,1,1,54.03,10,0,0,2,0.0,894,5.22,23,67,165,40.61,1075,5.2,25,225,322,69.88,324,7.54,12
5f26f677,521637,BM Duckett,BM Duckett,England,2016-10-07,2026-07-19,36,36,1,1491,1491,165,42.6,100.0,4,9,169,22,12.81,49.36,2.4,0,0,0,0,,,,,0,0,,12,0,571,599,95.33,0,,0,881,862,102.2,0,,0,39,30,130.0,0,,0
7fca84b7,670035,BA King,BA King,West Indies,2020-01-07,2025-10-23,57,57,2,1491,1785,112,27.11,83.53,3,8,181,30,11.82,59.72,2.0,0,0,0,0,,,,,0,0,,20,0,655,832,78.73,0,,0,770,899,85.65,0,,0,66,54,122.22,0,,0
641ac5ff,559066,IS Sodhi,IS Sodhi,New Zealand,2015-08-02,2024-11-19,54,26,4,210,289,35,9.55,72.66,0,0,8,10,6.23,56.75,9.5,50,2557,2350,64,36.72,5.51,39.95,6/39,1,1,45.01,14,0,0,0,,30,6.2,1,49,85,57.65,2229,5.47,47,161,204,78.92,298,5.78,16
5574750c,669855,JC Archer,JC Archer,England,2019-05-03,2026-07-19,37,22,11,205,185,38*,18.64,110.81,0,0,21,8,15.68,51.35,9.6,37,1955,1639,64,25.61,5.03,30.55,6/40,2,1,59.85,9,0,0,0,,972,4.64,21,43,54,79.63,696,4.78,21,162,131,123.66,287,6.94,22
c3d1402f,35280,RP Singh,RP Singh,India,2005-09-04,2011-09-16,55,19,9,103,241,23,10.3,42.74,0,0,5,1,2.49,70.12,10.0,54,2469,2258,69,32.72,5.49,35.78,4/35,2,0,56.99,12,0,0,0,,864,5.16,17,48,134,35.82,1200,5.26,26,55,107,51.4,405,6.86,26
a7489342,51246,IDR Bradshaw,IDR Bradshaw,West Indies,2004-05-02,2007-04-10,48,25,11,259,414,37,18.5,62.56,0,0,18,4,5.31,60.14,9.3,48,2446,1735,61,28.44,4.26,40.1,3/15,0,0,61.94,6,0,0,0,,1038,3.8,25,85,172,49.42,1198,3.9,24,174,242,71.9,210,8.51,12
7ff3fcaa,55973,Mohammad Rafique,Mohammad Rafique,Bangladesh,2003-02-11,2007-06-10,58,46,12,492,730,72,14.47,67.4,0,1,39,14,7.26,63.97,8.3,57,2886,2139,49,43.65,4.45,58.9,4/65,1,0,53.98,12,0,38,38,100.0,48,3.75,0,197,388,50.77,2366,4.12,31,257,304,84.54,472,6.15,18
3c6ffae8,32498,YK Pathan,YK Pathan,India,2008-06-10,2012-03-18,57,41,11,810,713,123*,27.0,113.6,2,3,62,43,14.73,47.41,6.2,50,1490,1365,33,41.36,5.5,45.15,3/49,0,0,42.28,17,0,15,11,136.36,48,5.0,0,457,460,99.35,1306,5.34,27,338,242,139.67,136,7.19,6
60beb01b,52057,WW Hinds,WW Hinds,West Indies,2003-02-09,2010-02-19,42,38,5,1066,1576,127*,32.3,67.64,4,3,90,21,7.04,63.58,3.4,19,610,506,20,25.3,4.98,30.5,3/24,0,0,47.05,5,0,255,568,44.89,30,5.6,2,597,824,72.45,538,4.72,17,214,184,116.3,42,7.86,1
02e83ac5,56054,Naeem Islam,Naeem Islam,Bangladesh,2008-11-07,2014-02-26,51,45,14,842,1211,84,27.16,69.53,0,5,73,12,7.02,57.14,6.6,41,1393,1144,31,36.9,4.93,44.94,3/32,0,0,47.52,16,0,28,73,38.36,114,4.16,1,515,810,63.58,1163,4.81,25,299,328,91.16,116,6.88,5
f144d99b,43656,Yasir Hameed,Yasir Hameed,Pakistan,2003-05-23,2007-11-18,39,39,0,1459,2178,116,37.41,66.99,2,10,159,4,7.48,63.64,1.7,0,0,0,0,,,,,0,0,,9,0,586,920,63.7,0,,0,870,1253,69.43,0,,0,3,5,60.0,0,,0
97bdec3d,670045,G Motie,G Motie,West Indies,2022-07-10,2026-07-21,40,27,5,425,462,63,19.32,91.99,0,2,43,16,12.77,59.09,8.8,39,1991,1575,51,30.88,4.75,39.04,5/47,2,1,52.89,20,0,0,0,,120,5.15,4,300,371,80.86,1782,4.6,42,125,91,137.36,89,7.15,5
2a9eee66,1153767,Vikramjit Singh,Vikramjit Singh,Netherlands,2022-03-29,2026-07-31,46,46,1,1304,1825,110,28.98,71.45,1,8,143,16,8.71,63.34,1.5,14,246,257,7,36.71,6.27,35.14,2/12,0,0,52.03,8,0,668,951,70.24,24,6.5,1,636,874,72.77,216,5.92,6,0,0,,6,18.0,0
91ffa6c6,38373,JD Ryder,JD Ryder,New Zealand,2008-02-09,2014-01-31,43,37,1,1242,1266,107,34.5,98.1,3,6,141,33,13.74,55.29,2.1,16,347,352,10,35.2,6.09,34.7,3/29,0,0,47.26,12,0,741,721,102.77,20,5.4,0,501,545,91.93,231,5.66,8,0,0,,96,7.25,2
ad9c32a2,236489,DJ Malan,DJ Malan,England,2019-05-03,2023-11-11,29,29,4,1418,1449,140,56.72,97.86,6,7,146,32,12.28,47.96,2.4,2,15,17,1,17.0,6.8,15.0,1/5,0,0,60.0,11,0,463,537,86.22,0,,0,866,836,103.59,0,,0,89,76,117.11,15,6.8,1
7eb36269,833777,M van Lingen,M van Lingen,Namibia,2021-11-26,2026-09-13,44,43,5,1396,1564,133,36.74,89.26,5,6,159,29,12.02,56.91,2.3,9,74,65,2,32.5,5.27,37.0,1/0,0,0,45.95,15,0,545,670,81.34,0,,0,716,817,87.64,73,5.34,1,135,77,175.32,1,0.0,1
44d6a8b8,956319,Ayan Khan,Ayan Khan,Oman,2021-09-14,2024-09-26,39,36,2,948,1251,105*,27.88,75.78,1,4,87,15,8.15,56.75,5.0,33,1149,923,24,38.46,4.82,47.88,3/12,0,0,55.0,13,0,85,164,51.83,12,2.0,0,696,925,75.24,995,4.73,18,167,162,103.09,142,5.66,6
5b16a806,574178,A Dananjaya,A Dananjaya,Sri Lanka,2012-11-12,2024-08-04,40,31,6,321,441,50*,12.84,72.79,0,1,29,3,7.26,54.42,8.6,38,1995,1716,55,31.2,5.16,36.27,6/29,2,2,49.97,13,0,0,0,,318,6.81,11,145,243,59.67,1514,4.7,41,176,198,88.89,163,6.26,3
4c4a06fb,42321,Nasir Jamshed,Nasir Jamshed,Pakistan,2008-01-21,2015-03-04,48,48,3,1418,1881,112,31.51,75.39,3,8,150,19,8.98,59.81,1.6,0,0,0,0,,,,,0,0,,13,0,698,1018,68.57,0,,0,695,829,83.84,0,,0,25,34,73.53,0,,0
9550470d,784369,WIA Fernando,WIA Fernando,Sri Lanka,2016-08-31,2025-02-12,48,47,0,1405,1610,127,29.89,87.27,4,7,147,23,10.56,54.78,1.7,0,0,0,0,,,,,0,0,,20,0,699,825,84.73,0,,0,646,743,86.94,0,,0,60,42,142.86,0,,0
c01d7726,914503,H Thaker,H Thaker,Canada,2023-03-29,2026-08-13,31,30,3,903,1365,111*,33.44,66.15,2,4,51,17,4.98,57.22,4.7,29,1263,945,25,37.8,4.49,50.52,3/41,0,0,52.1,13,0,31,70,44.29,78,3.15,3,687,1154,59.53,1086,4.44,19,185,141,131.21,99,6.06,3
934b36a6,585081,Khawar Ali,Khawar Ali,Oman,2019-04-27,2022-06-14,32,28,5,620,1054,79*,26.96,58.82,0,4,55,6,5.79,65.28,3.9,32,1514,1190,39,30.51,4.72,38.82,5/15,1,1,50.53,19,0,131,278,47.12,0,,0,378,654,57.8,1220,4.52,26,111,122,90.98,294,5.53,13
0fa5042b,7502,L Ronchi,L Ronchi,New Zealand,2008-06-27,2017-06-09,84,68,9,1397,1220,170*,23.68,114.51,1,4,149,43,15.74,47.05,5.6,0,0,0,0,,,,,0,0,,104,12,194,205,94.63,0,,0,691,661,104.54,0,,0,512,354,144.63,0,,0
05c2ca46,47850,RE van der Merwe,RE van der Merwe,Netherlands,2009-04-05,2026-07-31,45,31,8,334,375,57,14.52,89.07,0,1,22,8,8.0,47.47,8.2,44,2224,1680,53,31.7,4.53,41.96,3/14,0,0,50.4,16,0,12,11,109.09,78,4.85,1,180,223,80.72,1906,4.39,38,142,141,100.71,240,5.55,14
af2c687b,232359,C Munro,C Munro,New Zealand,2013-01-22,2019-06-26,56,52,2,1249,1190,87,24.98,104.96,0,8,134,36,14.29,50.34,3.5,25,552,481,7,68.71,5.23,78.86,2/10,0,0,46.38,21,0,600,551,108.89,0,,0,484,521,92.9,510,5.07,6,165,118,139.83,42,7.14,1
3086f7a4,348148,Mohammad Nawaz (3),Mohammad Nawaz (3),Pakistan,2016-08-18,2025-11-14,42,31,8,498,568,59,21.65,87.68,0,2,35,16,8.98,49.82,7.4,42,1983,1687,44,38.34,5.1,45.07,4/19,3,0,48.21,17,0,0,0,,114,4.0,0,181,265,68.3,1741,5.02,38,317,303,104.62,128,7.22,6
fb66ce1f,439952,CH Morris,CH Morris,South Africa,2013-06-10,2019-07-06,41,27,4,467,465,62,20.3,100.43,0,1,36,15,10.97,46.67,7.4,39,1858,1743,45,38.73,5.63,41.29,4/31,2,0,52.48,9,0,0,0,,486,5.1,8,212,262,80.92,1144,5.4,24,255,203,125.62,228,7.89,13
eaa76d3c,1076713,C Green,C Green,Australia,2020-12-02,2026-06-14,37,33,10,946,1134,118*,41.13,83.42,1,4,71,26,8.55,52.91,5.7,30,904,869,21,41.38,5.77,43.05,5/33,0,1,51.0,23,0,50,74,67.57,180,5.77,0,662,891,74.3,630,5.6,12,234,169,138.46,94,6.89,9
29b89ae8,24599,WB Rankin,WB Rankin,Ireland,2007-03-15,2020-01-09,49,23,16,78,179,18*,11.14,43.58,0,0,3,1,2.23,69.83,10.7,47,2357,1934,64,30.22,4.92,36.83,4/15,3,0,59.23,11,0,0,0,,972,4.91,20,21,63,33.33,1087,4.58,27,57,116,49.14,298,6.24,17
9c9af282,1158088,Naseem Shah,Naseem Shah,Pakistan,2022-08-16,2025-11-14,32,16,6,196,221,51,19.6,88.69,0,1,9,12,9.5,54.75,9.4,31,1617,1498,58,25.83,5.56,27.88,5/33,0,2,53.56,2,0,0,0,,738,5.15,18,84,87,96.55,576,5.06,15,112,134,83.58,303,7.5,25
8ea6e670,5593,NM Hauritz,NM Hauritz,Australia,2003-05-30,2011-01-21,50,28,14,295,309,53*,21.07,95.47,0,1,20,6,8.41,43.04,8.9,48,2364,1866,53,35.21,4.74,44.6,4/29,1,0,47.08,22,0,0,0,,0,,0,21,45,46.67,2229,4.62,47,274,264,103.79,135,6.71,6
50c6bc2b,403902,LS Livingstone,LS Livingstone,England,2021-03-26,2025-03-01,37,34,6,912,840,124*,32.57,108.57,1,4,55,50,12.5,46.31,6.1,29,878,921,22,41.86,6.29,39.91,3/16,0,0,42.03,15,0,15,37,40.54,0,,0,640,645,99.22,796,6.02,18,257,158,162.66,82,9.0,4
4c4fa80b,273439,SMSM Senanayake,SMSM Senanayake,Sri Lanka,2012-01-20,2015-12-28,49,33,11,290,311,42,13.18,93.25,0,0,31,6,11.9,52.41,9.1,47,2358,1874,53,35.36,4.77,44.49,4/13,1,0,52.37,19,0,0,0,,428,4.74,13,101,138,73.19,1686,4.57,31,189,173,109.25,244,6.22,9
f5390243,37712,CD McMillan,CD McMillan,New Zealand,2002-12-29,2007-04-24,50,46,7,1129,1363,117,28.95,82.83,1,7,93,32,9.17,57.08,4.7,19,460,425,11,38.64,5.54,41.82,3/23,0,0,46.52,10,0,79,168,47.02,3,8.0,0,806,1033,78.03,272,5.32,4,244,162,150.62,185,5.84,7
49b6c09f,21646,JC Tredwell,JC Tredwell,England,2010-03-02,2014-12-16,44,25,11,163,242,30,11.64,67.36,0,0,9,4,5.37,57.02,9.4,43,2062,1641,59,27.81,4.77,34.95,4/41,3,0,51.55,13,0,0,0,,60,6.4,6,50,111,45.05,1782,4.54,38,113,131,86.26,220,6.22,15
4a745f65,315594,AR Nurse,AR Nurse,West Indies,2016-11-16,2019-06-22,48,37,12,454,454,44,18.16,100.0,0,0,40,12,11.45,46.48,8.3,45,2153,1988,44,45.18,5.54,48.93,4/51,2,0,43.52,14,0,0,0,,120,5.3,2,122,179,68.16,1901,5.44,36,332,275,120.73,132,7.18,6
94d7f855,55395,C de Grandhomme,C de Grandhomme,New Zealand,2012-03-03,2022-04-04,44,35,7,742,699,74*,26.5,106.15,0,4,58,29,12.45,47.07,6.9,44,1524,1216,29,41.93,4.79,52.55,3/26,0,0,52.43,17,0,0,0,,78,5.0,1,439,478,91.84,1404,4.66,27,303,221,137.1,42,8.71,1
72b245dd,380354,Anamul Haque,Anamul Haque,Bangladesh,2012-11-30,2024-03-18,47,44,0,1322,1744,120,30.05,75.8,3,5,132,27,9.12,59.17,1.8,0,0,0,0,,,,,0,0,,14,0,560,841,66.59,0,,0,665,826,80.51,0,,0,97,77,125.97,0,,0
7147f314,373538,Sabbir Rahman,Sabbir Rahman,Bangladesh,2014-11-21,2019-07-31,62,55,7,1259,1353,102,26.23,93.05,1,5,147,21,12.42,52.92,5.5,19,288,333,3,111.0,6.94,96.0,1/12,0,0,32.29,31,0,78,115,67.83,0,,0,825,949,86.93,253,6.62,3,356,289,123.18,35,9.26,0
5ec41cd7,772471,Jasdeep Singh,Jasdeep Singh,United States of America,2019-04-27,2026-05-14,44,29,5,297,424,38,12.38,70.05,0,0,20,9,6.84,59.2,8.8,43,1954,1821,51,35.71,5.59,38.31,4/18,2,0,52.56,10,0,0,0,,342,5.61,4,115,226,50.88,1214,4.71,24,182,198,91.92,398,8.28,23
dce2019b,44410,F Behardien,F Behardien,South Africa,2013-01-22,2018-02-16,58,49,14,1074,1097,70,30.69,97.9,0,6,79,25,9.48,44.21,6.1,34,700,684,12,57.0,5.86,58.33,3/19,0,0,38.86,27,0,21,27,77.78,12,7.0,0,415,616,67.37,610,5.8,9,638,454,140.53,78,6.15,3
d84378a4,29990,M Kaif,M Kaif,India,2002-06-29,2006-11-29,70,64,11,1314,2007,93*,24.79,65.47,0,11,120,1,6.03,59.14,5.1,0,0,0,0,,,,,0,0,,29,0,162,305,53.11,0,,0,831,1397,59.48,0,,0,321,305,105.25,0,,0
50250426,316397,Asad Shafiq,Asad Shafiq,Pakistan,2010-06-21,2017-01-19,58,56,4,1312,1946,84,25.23,67.42,0,9,102,5,5.5,56.17,3.6,2,12,18,0,,9.0,,0/9,0,0,25.0,13,0,151,362,41.71,0,,0,1137,1554,73.17,12,9.0,0,24,30,80.0,0,,0
e342e5fb,457249,CR Brathwaite,CR Brathwaite,West Indies,2011-10-18,2019-08-14,40,34,2,527,595,101,16.47,88.57,1,1,34,22,9.41,52.27,7.7,37,1681,1627,39,41.72,5.81,43.1,5/27,1,1,46.28,11,0,0,0,,174,5.69,3,235,315,74.6,1149,4.9,15,292,280,104.29,358,8.77,21
350bb1b1,450860,AF Milne,AF Milne,New Zealand,2012-11-10,2024-11-19,49,22,8,180,205,36,12.86,87.8,0,0,11,4,7.32,47.32,8.8,47,2182,1989,56,35.52,5.47,38.96,4/34,1,0,55.32,22,0,0,0,,606,4.79,13,21,36,58.33,1243,5.47,27,159,169,94.08,333,6.68,16
c16d2e28,14054,SJ Harmison,SJ Harmison,England,2003-01-11,2009-04-03,47,20,10,80,133,18*,8.0,60.15,0,0,2,0,1.5,53.38,10.6,46,2283,1973,61,32.34,5.19,37.43,4/22,2,0,59.18,7,0,0,0,,780,4.68,20,19,45,42.22,1216,5.28,28,61,88,69.32,287,6.15,13
449f4e3c,827051,B Muzarabani,B Muzarabani,Zimbabwe,2018-01-15,2026-09-15,51,36,16,119,222,17*,5.95,53.6,0,0,9,3,5.41,68.02,10.3,50,2507,2109,59,35.75,5.05,42.49,5/49,2,1,56.52,14,0,0,0,,1122,4.03,21,39,110,35.45,930,5.09,15,80,112,71.43,455,7.48,23
1be70c88,50431,LPC Silva,LPC Silva,Sri Lanka,2006-12-28,2011-11-23,59,49,7,1279,1754,107*,30.45,72.92,1,11,114,10,7.07,56.84,5.3,2,42,33,1,33.0,4.71,42.0,1/21,0,0,45.24,18,0,34,55,61.82,0,,0,852,1321,64.5,24,5.25,0,393,378,103.97,18,4.0,1
4ae1755b,911707,HC Brook,HC Brook,England,2023-01-27,2026-07-19,39,39,4,1294,1235,136*,36.97,104.78,3,5,114,55,13.68,49.88,4.3,0,0,0,0,,,,,0,0,,19,0,169,205,82.44,0,,0,953,936,101.82,0,,0,172,94,182.98,0,,0
56ab442f,261354,NM Coulter-Nile,NM Coulter-Nile,Australia,2013-09-14,2019-06-20,31,21,6,252,262,92,16.8,96.18,0,1,20,6,9.92,47.33,9.0,31,1630,1519,52,29.21,5.59,31.35,4/48,1,0,54.23,7,0,0,0,,540,5.38,11,104,132,78.79,808,4.91,26,148,130,113.85,282,7.96,15
4557dc54,348109,PA van Meekeren,PA van Meekeren,Netherlands,2014-01-23,2025-06-12,34,24,8,111,156,21*,6.94,71.15,0,0,8,3,7.05,62.18,10.4,34,1708,1535,59,26.02,5.39,28.95,5/28,2,1,54.57,7,0,0,0,,306,5.33,11,18,37,48.65,1095,4.95,32,93,119,78.15,307,7.04,16
aae9ce90,24237,JF Mooney,JF Mooney,Ireland,2006-06-13,2015-10-11,37,32,8,610,728,96,25.42,83.79,0,1,62,7,9.48,55.22,7.8,31,1200,1098,34,32.29,5.49,35.29,4/27,2,0,54.92,11,0,1,2,50.0,318,4.62,6,312,447,69.8,624,5.02,11,297,279,106.45,258,7.7,17
45c2196c,4508,DE Bollinger,DE Bollinger,Australia,2009-04-24,2011-10-28,39,8,2,50,54,30,8.33,92.59,0,0,5,0,9.26,44.44,10.6,39,1941,1482,62,23.9,4.58,31.31,5/35,3,2,60.33,12,0,0,0,,827,4.61,23,6,9,66.67,828,4.08,21,44,45,97.78,286,5.94,18
98ecf62a,44708,HH Dippenaar,HH Dippenaar,South Africa,2003-02-09,2007-06-10,42,36,5,1283,1865,125*,41.39,68.79,3,9,116,7,6.6,58.28,2.6,0,0,0,0,,,,,0,0,,17,0,374,624,59.94,0,,0,797,1118,71.29,0,,0,112,123,91.06,0,,0
9061a703,928067,J Little,J Little,Ireland,2019-05-03,2025-05-25,41,14,4,81,87,29,8.1,93.1,0,0,11,2,14.94,60.92,10.7,39,1979,2068,60,34.47,6.27,32.98,6/36,3,1,50.23,7,0,0,0,,534,6.42,12,20,19,105.26,1092,5.53,33,61,68,89.71,353,8.33,15
bb34fd31,990039,Shoriful Islam,Shoriful Islam,Bangladesh,2021-05-25,2026-07-11,37,23,9,98,112,16,7.0,87.5,0,0,7,4,9.82,57.14,10.0,37,1744,1584,59,26.85,5.45,29.56,6/48,3,1,57.51,4,0,0,0,,720,4.84,19,15,24,62.5,779,5.47,24,83,88,94.32,245,7.18,16
b2ae53f5,49677,T Thushara,T Thushara,Sri Lanka,2008-04-15,2010-06-07,35,24,5,357,382,54*,18.79,93.46,0,1,31,7,9.95,50.26,8.3,35,1541,1341,46,29.15,5.22,33.5,5/47,0,1,56.46,4,0,0,0,,570,5.18,16,132,193,68.39,794,4.62,16,225,189,119.05,177,8.03,14
480ed517,40582,Imran Farhat,Imran Farhat,Pakistan,2003-11-29,2013-06-10,44,44,2,1232,1837,93,29.33,67.07,0,10,140,9,8.11,63.69,1.8,3,51,43,2,21.5,5.06,25.5,1/18,0,0,47.06,10,0,557,948,58.76,0,,0,642,856,75.0,39,5.54,1,33,33,100.0,12,3.5,1
074acfb4,315232,Asif Khan,Asif Khan,United Arab Emirates,2022-03-05,2025-05-14,38,37,4,1270,1569,151*,38.48,80.94,3,7,103,42,9.24,57.74,4.3,0,0,0,0,,,,,0,0,,9,0,100,203,49.26,0,,0,823,1173,70.16,0,,0,347,193,179.79,0,,0
3766056b,348059,BJ McCarthy,BJ McCarthy,Ireland,2016-06-18,2025-05-25,35,21,4,169,265,41,9.94,63.77,0,0,14,2,6.04,58.11,9.2,35,1761,1748,55,31.78,5.96,32.02,4/32,2,0,53.49,11,0,0,0,,719,5.16,21,102,158,64.56,722,5.68,16,67,107,62.62,320,8.38,18
9ab2914d,629076,S Samarawickrama,S Samarawickrama,Sri Lanka,2017-10-20,2025-11-16,48,44,4,1268,1411,108,31.7,89.87,1,7,132,7,9.85,49.04,3.8,0,0,0,0,,,,,0,0,,7,0,222,254,87.4,0,,0,904,1049,86.18,0,,0,142,108,131.48,0,,0
addfb70e,8076,SW Tait,SW Tait,Australia,2007-02-02,2011-03-24,35,7,5,25,29,11,12.5,86.21,0,0,3,1,13.79,68.97,11.0,34,1688,1461,62,23.56,5.19,27.23,4/39,2,0,59.06,8,0,0,0,,540,6.02,20,11,10,110.0,911,4.58,24,14,19,73.68,237,5.65,18
6b19d823,31107,A Mishra,A Mishra,India,2003-04-21,2016-10-29,33,11,3,43,82,14,5.38,52.44,0,0,4,0,4.88,69.51,9.1,31,1773,1423,61,23.33,4.82,29.07,6/48,2,2,54.6,4,0,0,0,,24,6.75,0,26,64,40.62,1421,4.31,41,17,18,94.44,328,6.88,20
cad00a4d,318845,RR Rossouw,RR Rossouw,South Africa,2014-08-21,2016-10-12,36,35,3,1239,1313,132,38.72,94.36,3,7,131,22,11.65,50.57,3.6,3,45,44,1,44.0,5.87,45.0,1/17,0,0,33.33,22,0,232,254,91.34,0,,0,909,994,91.45,30,6.0,1,98,65,150.77,15,5.6,0
c6e10e5c,532247,NK Patel,NK Patel,United States of America,2019-09-13,2023-07-06,38,33,7,477,685,52,18.35,69.64,0,1,34,8,6.13,56.35,7.1,36,1531,1191,39,30.54,4.67,39.26,4/30,1,0,52.51,5,0,2,3,66.67,12,8.5,0,272,482,56.43,1338,4.57,33,203,200,101.5,181,5.17,6
cccdde80,48122,RP Arnold,RP Arnold,Sri Lanka,2002-06-27,2007-04-28,62,55,14,1068,1509,76,26.05,70.78,0,7,71,5,5.04,53.02,6.4,20,380,360,9,40.0,5.68,42.22,3/47,0,0,38.68,10,0,16,30,53.33,6,11.0,0,601,999,60.16,319,5.04,6,451,480,93.96,55,8.84,3
7e9f1cde,1141934,Kushal Malla,Kushal Malla,Nepal,2020-02-08,2025-11-05,38,34,2,801,891,108,25.03,89.9,1,4,65,46,12.46,60.16,5.1,31,1076,770,22,35.0,4.29,48.91,2/6,0,0,54.65,6,0,114,120,95.0,90,6.6,1,601,695,86.47,907,3.94,20,86,76,113.16,79,5.7,1
74234d66,5392,JN Gillespie,JN Gillespie,Australia,2003-02-11,2005-07-12,38,14,9,115,109,44*,23.0,105.5,0,0,5,4,8.26,38.53,10.0,37,1951,1285,56,22.95,3.95,34.84,5/32,1,1,64.27,7,0,0,0,,798,3.29,18,4,6,66.67,876,3.73,22,111,103,107.77,277,6.58,16
05de1a5a,24609,GC Wilson,GC Wilson,Ireland,2007-06-23,2019-05-15,61,58,9,1232,1631,80,25.14,75.54,0,9,104,14,7.23,55.0,5.4,0,0,0,0,,,,,0,0,,38,5,77,132,58.33,0,,0,777,1176,66.07,0,,0,378,323,117.03,0,,0
1200550f,18675,MJ Prior,MJ Prior,England,2004-12-05,2011-03-26,64,58,8,1229,1613,87,24.58,76.19,0,3,132,6,8.56,58.46,3.6,0,0,0,0,,,,,0,0,,69,7,458,632,72.47,0,,0,643,859,74.85,0,,0,128,122,104.92,0,,0
00d69fa4,24728,SO Tikolo,SO Tikolo,Kenya,2003-02-12,2014-01-23,39,38,3,705,1069,89*,20.14,65.95,0,4,75,6,7.58,63.8,4.2,26,1069,902,26,34.69,5.06,41.12,4/41,1,0,49.67,19,0,106,234,45.3,0,,0,573,820,69.88,814,4.83,13,26,15,173.33,255,5.81,13
e29e9c12,681801,Shakeel Ahmed,Shakeel Ahmed (2),Oman,2024-09-18,2026-09-10,24,19,6,184,344,29*,14.15,53.49,0,0,11,6,4.94,69.77,8.3,24,1324,767,52,14.75,3.48,25.46,5/23,3,1,67.45,3,0,13,16,81.25,636,3.23,20,105,235,44.68,507,3.34,17,66,93,70.97,181,4.74,15
6ad2d5f7,913853,LN Rajbanshi,LN Rajbanshi,Nepal,2019-01-25,2026-09-12,51,29,18,43,177,11,3.91,24.29,0,0,3,0,1.69,84.75,10.9,46,2313,1510,59,25.59,3.92,39.2,5/20,3,1,61.18,12,0,0,0,,540,3.84,11,16,88,18.18,1584,3.72,38,27,89,30.34,189,5.78,10
ec4dada1,55872,MN Waller,MN Waller,Zimbabwe,2009-01-31,2018-01-23,54,51,3,1039,1351,99*,21.65,76.91,0,4,106,10,8.59,55.59,6.2,25,570,490,9,54.44,5.16,63.33,2/44,0,0,44.39,15,0,19,31,61.29,0,,0,834,1150,72.52,498,5.11,7,186,170,109.41,72,5.5,2
fcbf5a30,13411,D Gough,D Gough,England,2003-06-17,2006-09-02,39,13,6,137,197,46*,19.57,69.54,0,0,12,1,6.6,58.38,9.7,38,1909,1456,54,26.96,4.58,35.35,4/26,3,0,61.92,7,0,0,0,,1026,3.94,19,35,86,40.7,540,4.44,15,102,111,91.89,343,6.68,20
b9c225c2,56153,Shahriar Nafees,Shahriar Nafees,Bangladesh,2005-06-25,2011-12-06,52,52,2,1216,1757,123*,24.32,69.21,2,5,163,2,9.39,64.83,2.1,0,0,0,0,,,,,0,0,,11,0,543,914,59.41,0,,0,614,799,76.85,0,,0,59,44,134.09,0,,0
10a2a1ff,37091,PG Fulton,PG Fulton,New Zealand,2004-11-02,2009-02-13,45,43,5,1216,1689,83,32.0,72.0,0,8,103,18,7.16,59.33,3.7,0,0,0,0,,,,,0,0,,16,0,259,441,58.73,0,,0,899,1199,74.98,0,,0,58,49,118.37,0,,0
c5d7b244,41984,Mohammad Nadeem,Mohammad Nadeem,Oman,2019-04-27,2025-05-27,40,34,15,827,1298,76*,43.53,63.71,0,6,61,9,5.39,59.09,5.6,28,810,747,19,39.32,5.53,42.63,3/43,0,0,50.12,9,0,6,37,16.22,90,6.8,2,559,1019,54.86,602,5.04,13,262,242,108.26,118,7.07,4
2f8a9682,52445,RS Morton,RS Morton,West Indies,2005-05-18,2010-02-09,45,41,6,1205,1840,110*,34.43,65.49,2,7,90,13,5.6,59.35,3.6,1,6,2,0,,2.0,,0/2,0,0,66.67,14,0,265,492,53.86,0,,0,725,1131,64.1,6,2.0,0,215,217,99.08,0,,0
a82eb3fb,302845,TP Ura,TP Ura,Papua New Guinea,2016-11-04,2023-04-05,51,51,1,1196,1495,151,23.92,80.0,1,5,129,24,10.23,62.47,1.8,1,6,12,0,,12.0,,0/12,0,0,16.67,22,0,730,943,77.41,0,,0,415,519,79.96,6,12.0,0,51,33,154.55,0,,0
2af838ee,324358,N Pradeep,N Pradeep,Sri Lanka,2012-07-31,2022-01-18,47,24,17,35,79,7,5.0,44.3,0,0,3,1,5.06,78.48,10.9,45,2243,2263,58,39.02,6.05,38.67,4/34,1,0,49.62,7,0,0,0,,770,4.78,8,0,10,0.0,1029,5.53,29,35,69,50.72,444,9.47,21
59792462,332996,KM Jarvis,KM Jarvis,Zimbabwe,2009-10-27,2019-07-07,41,29,9,195,315,37,9.75,61.9,0,0,18,3,6.67,65.08,9.8,41,2002,1728,50,34.56,5.18,40.04,4/17,2,0,57.99,9,0,0,0,,1104,4.61,17,68,124,54.84,546,4.66,16,127,191,66.49,352,7.77,17
3b417422,55705,T Panyangara,T Panyangara,Zimbabwe,2004-04-20,2016-11-14,50,38,6,192,384,33,6.0,50.0,0,0,17,3,5.21,70.83,9.3,50,2566,2419,50,48.38,5.66,51.32,3/28,0,0,56.86,9,0,0,0,,1372,3.89,24,64,194,32.99,652,5.48,14,128,190,67.37,542,10.35,12
0b130202,36597,CL Cairns,CL Cairns,New Zealand,2003-01-08,2006-01-06,35,30,6,790,874,84*,32.92,90.39,0,4,59,28,9.95,52.97,5.8,23,924,775,20,38.75,5.03,46.2,3/39,0,0,56.49,11,0,88,91,96.7,66,4.09,2,467,613,76.18,714,4.66,12,235,170,138.24,144,7.29,6
a879b92c,938959,W Madhevere,W Madhevere,Zimbabwe,2020-03-01,2026-09-15,41,38,0,863,1094,75,22.71,78.88,0,7,78,6,7.68,52.01,4.3,29,806,701,16,43.81,5.22,50.38,3/36,0,0,45.29,15,0,107,198,54.04,24,10.25,0,686,824,83.25,704,5.09,12,70,72,97.22,78,4.85,4
502b2c81,5017,XJ Doherty,XJ Doherty,Australia,2010-11-03,2015-03-08,59,23,16,101,184,15*,14.43,54.89,0,0,5,1,3.26,61.41,10.5,55,2745,2190,54,40.56,4.79,50.83,4/28,3,0,50.42,19,0,0,0,,108,5.94,2,26,61,42.62,2435,4.57,46,75,123,60.98,202,6.77,6
b3a28446,629070,Mohammad Saifuddin,Mohammad Saifuddin,Bangladesh,2017-10-15,2026-07-11,29,18,8,360,420,51*,36.0,85.71,0,2,29,6,8.33,49.76,8.2,28,1290,1277,41,31.15,5.94,31.46,4/41,1,0,46.59,5,0,0,0,,336,5.2,8,117,209,55.98,639,5.5,14,243,211,115.17,315,7.62,19
17efdeb8,56093,Raqibul Hasan,Raqibul Hasan,Bangladesh,2008-03-09,2011-04-11,48,48,5,1177,1856,89,27.37,63.42,0,7,88,8,5.17,58.84,4.5,0,0,0,0,,,,,0,0,,17,0,83,185,44.86,0,,0,986,1583,62.29,0,,0,108,88,122.73,0,,0
4861d29b,533862,Mohammad Naveed,Mohammad Naveed,United Arab Emirates,2014-05-04,2019-04-16,31,29,9,275,258,30,13.75,106.59,0,0,23,16,15.12,56.98,8.1,31,1521,1361,45,30.24,5.37,33.8,5/28,0,1,55.56,4,0,18,15,120.0,828,4.27,20,109,92,118.48,425,6.17,13,148,151,98.01,268,7.5,12
49691d7a,55633,CB Mpofu,CB Mpofu,Zimbabwe,2004-11-28,2020-03-01,65,32,17,40,167,9*,2.67,23.95,0,0,0,0,0.0,80.84,10.9,64,3027,2827,56,50.48,5.6,54.05,4/42,2,0,55.1,6,0,0,0,,1465,4.78,13,17,71,23.94,882,5.22,11,23,96,23.96,680,7.87,32
5680f1ad,24752,CO Obuya,CO Obuya,Kenya,2003-02-12,2014-01-30,36,32,3,737,1026,98*,25.41,71.83,0,3,58,15,7.12,58.67,5.4,23,831,683,21,32.52,4.93,39.57,5/24,0,1,51.99,17,0,106,152,69.74,0,,0,503,738,68.16,706,4.57,19,128,136,94.12,125,6.96,2
d2e67105,446690,Pargat Singh,Pargat Singh,Canada,2023-03-29,2026-08-13,32,31,1,1034,1389,102,34.47,74.44,1,7,117,16,9.58,60.91,2.9,7,185,156,6,26.0,5.06,30.83,2/22,0,0,52.43,5,0,205,321,63.86,0,,0,805,1039,77.48,150,4.64,4,24,29,82.76,35,6.86,2
9868bc75,49700,BMAJ Mendis,BMAJ Mendis,Sri Lanka,2010-06-01,2019-06-28,56,42,8,593,726,72,17.44,81.68,0,1,45,12,7.85,50.55,7.1,47,1374,1185,28,42.32,5.17,49.07,3/15,0,0,41.27,10,0,0,0,,6,6.0,0,259,407,63.64,1302,5.2,24,334,319,104.7,66,4.55,4
53bc7b84,56266,Aftab Ahmed,Aftab Ahmed,Bangladesh,2004-09-15,2010-03-05,55,55,4,1061,1416,81*,20.8,74.93,0,5,116,22,9.75,62.15,3.9,18,402,374,4,93.5,5.58,100.5,2/55,0,0,40.05,15,0,289,378,76.46,1,6.0,0,706,988,71.46,389,5.51,4,66,50,132.0,12,8.0,0
14810ee7,385938,Kaleem Sana,Kaleem Sana,Canada,2023-03-29,2026-08-13,31,24,10,135,154,16*,9.64,87.66,0,0,7,9,10.39,59.09,10.1,31,1572,1172,50,23.44,4.47,31.44,4/30,3,0,62.34,6,0,0,0,,878,3.55,22,11,26,42.31,354,4.66,9,124,128,96.88,340,6.65,19
736123bb,1152427,DN Wellalage,DN Wellalage,Sri Lanka,2022-06-14,2026-01-27,31,25,4,389,478,67*,18.52,81.38,0,1,29,10,8.16,53.35,7.6,30,1391,1176,37,31.78,5.07,37.59,5/27,1,2,50.75,15,0,6,13,46.15,186,4.23,4,229,329,69.6,1097,5.03,32,154,136,113.24,108,7.0,1
012829ff,228622,JW Hastings,JW Hastings,Australia,2010-10-20,2017-06-02,29,21,11,271,273,51,27.1,99.27,0,1,29,8,13.55,52.01,8.5,29,1486,1256,42,29.9,5.07,35.38,6/45,1,1,53.7,5,0,0,0,,378,5.17,4,107,135,79.26,888,4.85,20,164,138,118.84,220,5.78,18
2764133a,38714,L Vincent,L Vincent,New Zealand,2002-12-29,2007-12-16,48,45,4,1089,1521,102,26.56,71.6,2,6,113,17,8.55,62.52,2.2,2,18,22,1,22.0,7.33,18.0,1/0,0,0,66.67,22,0,409,646,63.31,0,,0,613,805,76.15,6,1.0,0,67,70,95.71,12,10.5,1
43936951,38620,DR Tuffey,DR Tuffey,New Zealand,2002-12-29,2010-11-28,38,22,5,188,194,36,11.06,96.91,0,0,13,6,9.79,51.55,9.7,38,1881,1575,46,34.24,5.02,40.89,4/30,1,0,61.78,6,0,0,0,,936,4.85,19,42,61,68.85,736,4.29,17,146,133,109.77,209,8.38,10
469ccead,671823,CB Sole,CB Sole,Scotland,2016-08-16,2024-10-25,29,13,3,67,83,17,6.7,80.72,0,0,8,0,9.64,54.22,10.2,29,1418,1185,52,22.79,5.01,27.27,4/27,3,0,62.41,9,0,0,0,,576,4.34,22,18,29,62.07,684,5.14,17,49,54,90.74,158,6.91,13
53fe6ee4,6285,DS Lehmann,DS Lehmann,Australia,2003-01-15,2005-02-04,28,20,3,687,854,107,40.41,80.44,1,6,56,5,7.14,50.23,5.2,21,585,487,21,23.19,4.99,27.86,4/7,1,0,43.93,8,0,31,53,58.49,0,,0,493,671,73.47,506,4.9,12,163,130,125.38,79,5.62,9
2f0d7e4a,293831,RW Chakabva,RW Chakabva,Zimbabwe,2010-12-01,2022-09-03,52,50,3,1106,1621,102,23.53,68.23,1,4,88,8,5.92,56.51,4.0,0,0,0,0,,,,,0,0,,44,4,276,486,56.79,0,,0,734,1048,70.04,0,,0,96,87,110.34,0,,0
e01895bb,6038,DT Johnston,DT Johnston,Ireland,2006-06-13,2013-09-06,35,29,8,361,459,34,17.19,78.65,0,0,27,8,7.63,55.34,7.9,32,1460,1107,37,29.92,4.55,39.46,4/26,1,0,60.27,15,0,0,0,,618,3.75,20,158,259,61.0,618,4.5,8,203,200,101.5,224,6.88,9
aceb7654,370040,JDF Vandersay,JDF Vandersay,Sri Lanka,2015-12-28,2026-01-27,32,18,6,132,265,25,11.0,49.81,0,0,6,0,2.26,62.26,9.4,30,1425,1267,48,26.4,5.33,29.69,6/33,1,1,46.67,6,0,0,0,,36,10.33,1,53,147,36.05,1254,5.14,40,79,118,66.95,135,5.78,7
83904270,52790,DBL Powell,DBL Powell,West Indies,2003-06-11,2009-03-20,39,19,2,105,136,48*,6.18,77.21,0,0,4,5,6.62,54.41,9.8,39,2052,1614,49,32.94,4.72,41.88,4/40,1,0,62.09,10,0,0,0,,1110,4.15,29,38,56,67.86,774,4.75,16,67,80,83.75,168,8.32,4
f28a60e0,359746,Saad Bin Zafar,Saad Bin Zafar,Canada,2023-03-29,2026-08-13,35,31,5,456,591,40*,17.54,77.16,0,0,42,6,8.12,55.16,7.6,34,1809,1302,31,42.0,4.32,58.35,3/30,0,0,55.0,10,0,0,0,,54,3.33,0,237,365,64.93,1609,4.29,28,219,226,96.9,146,5.01,3
8716233e,596664,ZE Green,ZE Green,Namibia,2019-04-27,2026-09-13,58,49,4,1075,1409,75*,23.89,76.3,0,4,112,12,8.8,57.98,5.4,0,0,0,0,,,,,0,0,,57,6,133,248,53.63,0,,0,611,931,65.63,0,,0,331,230,143.91,0,,0
1a2676c5,398666,SA Abbott,SA Abbott,Australia,2014-10-07,2025-08-24,29,21,2,374,388,69,19.68,96.39,0,2,32,13,11.6,53.09,8.3,29,1331,1271,35,36.31,5.73,38.03,3/23,0,0,52.52,14,0,0,0,,372,5.87,10,239,283,84.45,742,5.1,13,135,105,128.57,217,7.63,12
c5aef772,677077,R Shepherd,R Shepherd,West Indies,2020-01-09,2025-11-19,39,29,4,449,427,50,17.96,105.15,0,1,40,17,13.35,49.88,7.7,37,1454,1329,31,42.87,5.48,46.9,3/37,0,0,53.92,3,0,0,0,,444,4.41,6,248,274,90.51,780,4.98,14,201,153,131.37,230,9.26,11
61f05b05,40250,Fawad Alam,Fawad Alam,Pakistan,2007-11-18,2015-04-22,37,35,12,966,1296,114*,42.0,74.54,1,6,59,6,5.02,48.69,5.7,13,398,377,5,75.4,5.68,79.6,1/8,0,0,37.44,10,0,7,31,22.58,0,,0,641,985,65.08,350,5.49,4,318,280,113.57,48,7.12,1
ffe699c0,288992,CJ Jordan,CJ Jordan,England,2013-09-16,2022-11-17,34,24,9,184,211,38*,12.27,87.2,0,0,12,5,8.06,49.76,9.0,34,1622,1647,44,37.43,6.09,36.86,5/29,0,1,47.41,19,0,0,0,,300,6.18,6,67,61,109.84,984,5.55,22,117,150,78.0,338,7.58,16
374bb5e7,1195670,K Klein,K Klein,Netherlands,2024-02-17,2026-07-31,24,15,4,160,239,25,14.55,66.95,0,0,9,2,4.6,55.65,8.5,23,1132,916,45,20.36,4.86,25.16,4/32,3,0,60.69,3,0,0,0,,570,4.68,18,89,153,58.17,361,4.25,11,71,86,82.56,201,6.42,16
e93b6c95,870013,G Singh,G Singh,United States of America,2021-09-06,2023-07-06,31,31,6,938,1130,101*,37.52,83.01,1,6,86,17,9.12,54.16,5.4,5,113,95,6,15.83,5.04,18.83,4/15,1,0,50.44,14,0,26,45,57.78,0,,0,646,838,77.09,107,4.71,6,266,247,107.69,6,11.0,0
9a95bebb,420427,S Bau,S Bau,Papua New Guinea,2016-11-04,2023-04-05,49,49,3,874,1452,81*,19.0,60.19,0,4,71,8,5.44,63.64,4.6,20,606,488,9,54.22,4.83,67.33,2/35,0,0,54.62,17,0,90,184,48.91,174,4.45,2,717,1193,60.1,384,4.48,7,67,75,89.33,48,9.0,0
0bf15e52,422847,Harmeet Singh,Harmeet Singh (2),United States of America,2024-08-13,2026-06-12,28,20,5,293,294,59,19.53,99.66,0,1,17,17,11.56,52.04,7.4,27,1423,968,38,25.47,4.08,37.45,6/27,1,1,58.26,7,0,22,24,91.67,48,3.0,1,96,116,82.76,1207,3.94,28,175,154,113.64,168,5.43,9
a7c226e1,51782,FH Edwards,FH Edwards,West Indies,2003-11-29,2009-05-26,41,19,12,70,153,13,10.0,45.75,0,0,5,0,3.27,66.67,10.7,40,1730,1462,49,29.84,5.07,35.31,6/22,0,2,57.51,4,0,0,0,,804,4.54,19,21,51,41.18,693,5.31,14,49,102,48.04,233,6.21,16
a1d053dd,495551,SS Cottrell,SS Cottrell,West Indies,2015-01-25,2021-07-26,34,19,11,88,130,17,11.0,67.69,0,0,6,4,7.69,66.15,10.3,33,1584,1580,48,32.92,5.98,33.0,5/46,2,1,52.59,15,0,0,0,,762,4.96,24,45,61,73.77,448,6.24,7,43,69,62.32,374,7.76,17
1688f2dc,524075,T Lungameni,T Lungameni,Namibia,2022-03-06,2025-09-02,34,17,8,46,103,12*,5.11,44.66,0,0,2,0,1.94,68.93,10.5,34,1571,1188,50,23.76,4.54,31.42,6/42,1,1,60.15,11,0,0,0,,366,4.52,7,13,34,38.24,929,4.15,22,33,69,47.83,276,5.87,21
400e2d4d,227772,FDM Karunaratne,FDM Karunaratne,Sri Lanka,2011-07-09,2023-11-02,42,38,3,1044,1326,103,29.83,78.73,1,8,100,1,7.62,52.64,2.3,2,16,18,0,,6.75,,0/7,0,0,43.75,12,0,480,669,71.75,0,,0,537,634,84.7,16,6.75,0,27,23,117.39,0,,0
84212ffb,681681,J Liyanage,J Liyanage,Sri Lanka,2024-01-06,2026-06-03,32,29,7,984,1140,101*,44.73,86.32,1,6,76,26,8.95,51.84,5.9,16,350,302,3,100.67,5.18,116.67,1/16,0,0,44.86,8,0,37,61,60.66,66,3.45,0,600,819,73.26,260,5.35,3,347,260,133.46,24,8.0,0
c89474d1,17134,TJ Murtagh,TJ Murtagh,Ireland,2012-06-23,2019-07-07,32,20,10,143,185,23*,14.3,77.3,0,0,14,1,8.11,55.14,10.1,31,1656,1264,45,28.09,4.58,36.8,5/21,2,1,60.93,8,0,0,0,,846,3.78,19,63,93,67.74,535,4.51,11,80,92,86.96,275,7.18,15
f78e7113,268740,S Prasanna,S Prasanna,Sri Lanka,2011-08-20,2019-01-05,39,36,3,421,441,95,12.76,95.46,0,2,29,26,12.47,58.5,7.5,38,1905,1723,31,55.58,5.43,61.45,3/32,0,0,45.2,7,0,4,13,30.77,36,4.33,1,282,267,105.62,1686,5.25,23,135,161,83.85,183,7.28,7
fdedb37c,6128,SM Katich,SM Katich,Australia,2004-01-22,2006-09-24,33,31,5,1041,1494,107*,40.04,69.68,1,7,112,4,7.76,62.05,2.9,0,0,0,0,,,,,0,0,,8,0,389,617,63.05,0,,0,578,812,71.18,0,,0,74,65,113.85,0,,0
fbdc8309,1072487,B Sharki,B Sharki,Nepal,2022-03-22,2026-07-29,41,38,3,1034,1548,101*,29.54,66.8,1,4,101,7,6.98,60.4,4.1,1,6,8,0,,8.0,,0/8,0,0,16.67,14,0,187,384,48.7,0,,0,751,1074,69.93,6,8.0,0,96,90,106.67,0,,0
a3bfec5d,4582,SR Clark,SR Clark,Australia,2005-10-07,2009-05-01,37,12,7,69,88,16*,13.8,78.41,0,0,6,1,7.95,52.27,10.2,36,1709,1373,48,28.6,4.82,35.6,4/54,1,0,56.82,8,0,0,0,,354,3.49,11,19,38,50.0,1134,4.62,26,50,50,100.0,221,7.95,11
bd4ea627,681117,Faheem Ashraf,Faheem Ashraf,Pakistan,2017-06-12,2026-03-15,44,30,3,408,477,73,15.11,85.53,0,1,36,13,10.27,56.6,7.3,42,1678,1465,31,47.26,5.24,54.13,5/22,0,1,52.03,11,0,1,4,25.0,366,4.8,5,222,315,70.48,1129,4.91,20,185,158,117.09,183,8.16,6
e9630504,43121,Shaiman Anwar,Shaiman Anwar,United Arab Emirates,2014-05-04,2019-04-16,30,30,0,947,1128,106,31.57,83.95,1,8,94,16,9.75,55.76,4.7,7,117,134,4,33.5,6.87,29.25,3/61,0,0,42.74,10,0,71,95,74.74,0,,0,763,964,79.15,117,6.87,4,113,69,163.77,0,,0
b08252b8,495964,RP Burl,RP Burl,Zimbabwe,2017-06-15,2024-01-11,39,33,4,761,905,83,26.24,84.09,0,5,59,22,8.95,54.81,6.3,26,546,602,13,46.31,6.62,42.0,5/10,0,1,44.32,18,0,5,29,17.24,0,,0,540,731,73.87,502,6.41,12,216,145,148.97,44,9.0,1
770494eb,360456,DAS Gunaratne,DAS Gunaratne,Sri Lanka,2016-11-14,2019-01-05,31,25,4,575,724,114*,27.38,79.42,1,1,50,6,7.73,50.69,6.1,25,834,723,22,32.86,5.2,37.91,3/10,0,0,41.97,10,0,1,3,33.33,18,5.33,0,323,505,63.96,717,5.05,18,251,216,116.2,99,6.24,4
cca50cd6,23460,LJ Wright,LJ Wright,England,2007-09-05,2014-03-02,48,39,4,707,820,52,20.2,86.22,0,2,63,18,9.88,54.51,5.7,36,1032,881,15,58.73,5.12,68.8,2/34,0,0,48.16,18,0,105,137,76.64,6,8.0,0,367,507,72.39,924,4.86,10,235,176,133.52,102,7.29,5
f19ccfad,719715,Washington Sundar,Washington Sundar,India,2017-12-13,2026-07-16,31,22,3,426,520,52*,22.42,81.92,0,2,29,12,7.88,51.35,6.4,27,1038,850,29,29.31,4.91,35.79,3/30,0,0,50.87,9,0,28,45,62.22,96,4.06,1,194,311,62.38,888,4.99,25,204,164,124.39,54,5.22,3
7fa12533,438563,MS Chapman,MS Chapman,New Zealand,2015-11-16,2026-07-21,35,31,3,1005,968,132,35.89,103.82,3,5,95,35,13.43,49.07,4.6,0,0,0,0,,,,,0,0,,7,0,71,103,68.93,0,,0,775,746,103.89,0,,0,159,119,133.61,0,,0
f5f18a18,50438,S Randiv,S Randiv,Sri Lanka,2009-12-18,2016-06-24,31,18,2,280,382,56,17.5,73.3,0,1,28,1,7.59,57.59,8.2,29,1437,1214,36,33.72,5.07,39.92,5/42,0,1,46.0,7,0,4,7,57.14,36,4.0,1,171,251,68.13,1168,4.9,24,105,124,84.68,233,6.08,11
c4e73ff1,1276719,KH Prajapati,KH Prajapati,Oman,2021-09-26,2024-09-26,36,35,0,996,1330,103,28.46,74.89,2,5,100,13,8.5,59.32,1.3,1,2,1,0,,3.0,,0/1,0,0,50.0,18,0,524,714,73.39,0,,0,453,599,75.63,2,3.0,0,19,17,111.76,0,,0
b743f01b,56160,Syed Rasel,Syed Rasel,Bangladesh,2005-08-31,2010-06-18,40,22,9,76,163,15,5.85,46.63,0,0,7,0,4.29,70.55,10.9,40,2033,1601,46,34.8,4.73,44.2,4/22,1,0,61.58,3,0,0,0,,1134,4.34,22,31,51,60.78,654,4.14,12,45,112,40.18,245,8.08,12
8919756f,550133,Mosaddek Hossain,Mosaddek Hossain,Bangladesh,2016-10-07,2026-07-11,45,36,10,691,784,86*,26.58,88.14,0,5,62,15,9.82,50.89,6.5,41,1124,983,15,65.53,5.25,74.93,3/13,0,0,45.82,21,0,1,1,100.0,42,5.86,1,418,569,73.46,988,5.22,8,272,214,127.1,94,5.3,6
80fe764d,990023,Tanzid Hasan,Tanzid Hasan,Bangladesh,2023-08-31,2026-07-11,34,33,1,985,951,107,30.78,103.58,1,9,110,37,15.46,56.89,1.5,0,0,0,0,,,,,0,0,,9,0,583,565,103.19,0,,0,402,386,104.15,0,,0,0,0,,0,,0
1e960f2a,230855,C Kieswetter,C Kieswetter,England,2010-02-28,2013-01-19,45,39,5,985,1107,107,28.97,88.98,1,4,98,30,11.56,57.27,3.2,0,0,0,0,,,,,0,0,,53,11,478,526,90.87,0,,0,361,448,80.58,0,,0,146,133,109.77,0,,0
e86754b2,550235,TK Curran,TK Curran,England,2017-09-29,2021-07-04,28,17,9,303,321,47*,37.88,94.39,0,0,29,5,10.59,48.91,9.1,28,1308,1290,34,37.94,5.92,38.47,5/35,2,1,45.03,5,0,0,0,,198,4.82,4,73,126,57.94,733,5.21,14,230,195,117.95,377,7.88,16
434e36b1,48369,UDU Chandana,UDU Chandana,Sri Lanka,2002-06-27,2007-07-25,27,20,4,261,393,51,16.31,66.41,0,1,19,2,5.34,57.25,7.2,26,1235,1004,36,27.89,4.88,34.31,5/61,0,1,50.85,10,0,0,0,,0,,0,120,239,50.21,1038,4.45,25,141,154,91.56,197,7.13,11
3d284ca3,669365,PD Salt,PD Salt,England,2021-07-08,2025-03-01,32,30,0,976,848,122,32.53,115.09,1,5,132,20,17.92,51.18,1.3,0,0,0,0,,,,,0,0,,16,0,740,621,119.16,0,,0,236,225,104.89,0,,0,0,2,0.0,0,,0
650d5e49,820351,R Powell,R Powell,West Indies,2016-11-16,2023-07-27,47,45,3,915,1023,101,21.79,89.44,1,2,60,40,9.78,52.88,6.3,13,254,261,3,87.0,6.17,84.67,1/7,0,0,36.22,14,0,16,41,39.02,0,,0,510,720,70.83,224,5.65,2,389,262,148.47,30,10.0,1
4ec07775,47660,RN ten Doeschate,RN ten Doeschate,Netherlands,2006-12-01,2011-03-18,14,13,3,594,673,119,59.4,88.26,3,3,65,7,10.7,55.27,3.9,14,681,636,19,33.47,5.6,35.84,3/25,0,0,53.16,4,0,102,141,72.34,120,4.15,3,408,471,86.62,456,5.51,8,84,61,137.7,105,7.66,8
989889ff,662235,JP Inglis,JP Inglis,Australia,2022-06-24,2026-09-15,38,35,3,973,973,120*,30.41,100.0,1,6,102,24,12.95,50.98,4.2,0,0,0,0,,,,,0,0,,32,5,278,293,94.88,0,,0,551,595,92.61,0,,0,144,85,169.41,0,,0
85ad2217,52962,DS Smith,DS Smith,West Indies,2003-05-17,2013-07-24,40,39,1,973,1343,107,25.61,72.45,1,5,99,9,8.04,59.64,2.0,2,17,17,0,,6.0,,0/5,0,0,29.41,8,0,460,728,63.19,0,,0,508,608,83.55,12,6.0,0,5,7,71.43,5,6.0,0
cfe70281,46945,VD Philander,VD Philander,South Africa,2007-06-24,2015-08-23,30,19,7,151,213,30*,12.58,70.89,0,0,14,0,6.57,53.99,7.9,28,1279,986,41,24.05,4.63,31.2,4/12,2,0,60.28,6,0,0,0,,528,4.08,13,43,79,54.43,671,4.74,23,108,134,80.6,80,7.28,5
a4af4849,13368,AF Giles,AF Giles,England,2002-06-27,2005-07-12,37,21,8,288,380,41,22.15,75.79,0,0,20,4,6.32,51.58,8.5,33,1698,1150,34,33.82,4.06,49.94,3/18,0,0,50.82,18,0,0,0,,0,,0,103,175,58.86,1494,3.9,30,185,205,90.24,204,5.26,4
f76d7466,605680,JN Malan,JN Malan,South Africa,2020-02-29,2022-10-11,23,22,2,958,1150,177*,47.9,83.3,3,4,97,16,9.83,53.83,1.2,0,0,0,0,,,,,0,0,,11,0,399,536,74.44,0,,0,416,538,77.32,0,,0,143,76,188.16,0,,0
de7d833e,793007,D Madushanka,D Madushanka,Sri Lanka,2023-01-10,2025-08-31,24,10,7,36,75,19,12.0,48.0,0,0,5,0,6.67,73.33,11.0,24,1038,1058,46,23.0,6.12,22.57,5/80,2,1,53.76,6,0,0,0,,534,5.19,21,20,29,68.97,384,6.84,16,16,46,34.78,120,7.9,9
9e9af5f2,1185538,Mohammad Wasim,Mohammad Wasim,Pakistan,2022-03-29,2026-03-13,26,14,3,94,101,17*,8.55,93.07,0,0,7,5,11.88,55.45,9.4,26,1227,1140,43,26.51,5.57,28.53,4/36,1,0,50.69,7,0,0,0,,222,5.54,7,9,19,47.37,788,5.09,21,85,82,103.66,217,7.35,15
f8c72766,1061467,D Heyliger,D Heyliger,Canada,2023-04-04,2025-05-25,22,17,2,213,222,56,14.2,95.95,0,1,18,8,11.71,52.7,8.6,22,1041,884,37,23.89,5.1,28.14,5/31,2,1,56.39,3,0,0,0,,300,5.68,9,59,100,59.0,521,3.89,17,154,122,126.23,220,7.15,11
b8cc58c9,269280,RR Hendricks,RR Hendricks,South Africa,2018-08-05,2024-10-07,35,35,2,930,1187,102,28.18,78.35,1,7,98,9,9.01,57.12,2.3,3,42,47,1,47.0,6.71,42.0,1/13,0,0,30.95,21,0,346,567,61.02,0,,0,584,620,94.19,42,6.71,1,0,0,,0,,0
ded9ff1e,1199304,JNT Seales,JNT Seales,West Indies,2022-06-04,2026-07-21,32,15,7,70,114,29*,8.75,61.4,0,0,5,3,7.02,68.42,10.8,31,1406,1369,44,31.11,5.84,31.95,6/18,2,1,55.69,9,0,0,0,,708,4.78,21,54,85,63.53,480,6.04,11,16,29,55.17,218,8.86,12
3300d23c,290462,SF Mire,SF Mire,Zimbabwe,2014-11-21,2019-07-07,35,35,0,729,918,112,20.83,79.41,1,2,68,16,9.15,58.71,2.9,15,387,418,11,38.0,6.48,35.18,4/43,1,0,45.48,8,0,325,436,74.54,6,1.0,0,354,440,80.45,327,6.09,9,50,42,119.05,54,9.44,2
c9945bdf,1005257,Simi Singh,Simi Singh,Ireland,2017-05-14,2022-07-12,22,18,3,406,495,100*,27.07,82.02,1,1,34,6,8.08,48.69,7.2,19,952,609,27,22.56,3.84,35.26,5/10,0,1,60.08,3,0,0,0,,24,1.0,2,230,337,68.25,858,3.76,22,176,158,111.39,70,5.83,3
72253b87,1077307,Kaleemullah,Kaleemullah,Oman,2019-04-27,2024-09-26,45,27,10,125,136,20,7.35,91.91,0,0,8,7,11.03,56.62,9.6,45,2010,1445,41,35.24,4.31,49.02,3/43,0,0,65.22,10,0,0,0,,1272,3.62,24,29,51,56.86,606,4.66,11,96,85,112.94,132,9.41,6
cad40f5e,596417,BA Carse,BA Carse,England,2021-07-08,2025-11-01,30,21,6,264,329,36,17.6,80.24,0,0,16,9,7.6,53.5,8.7,29,1301,1375,34,40.44,6.34,38.26,5/61,0,1,52.19,10,0,0,0,,300,5.76,11,145,206,70.39,905,6.32,16,119,123,96.75,96,8.38,7
18fac429,18632,SR Patel,SR Patel,England,2008-08-22,2013-01-27,35,22,7,482,517,70*,32.13,93.23,0,1,37,12,9.48,45.65,6.7,31,1145,1069,23,46.48,5.6,49.78,5/41,0,1,39.91,6,0,0,0,,0,,0,254,334,76.05,924,5.18,16,228,183,124.59,221,7.36,7
8db7f47f,461632,RJW Topley,RJW Topley,England,2015-09-13,2024-11-06,29,13,10,20,63,6*,6.67,31.75,0,0,0,1,1.59,84.13,11.0,29,1339,1205,46,26.2,5.4,29.11,6/24,2,1,55.34,7,0,0,0,,725,4.76,20,13,38,34.21,421,5.49,16,7,25,28.0,193,7.62,10
73c18486,348056,KR Mayers,KR Mayers,West Indies,2021-01-20,2023-08-01,28,26,0,660,775,120,25.38,85.16,2,2,75,21,12.39,62.45,2.8,23,686,632,14,45.14,5.53,49.0,2/30,0,0,51.9,10,0,308,397,77.58,312,5.25,4,352,377,93.37,336,5.32,6,0,1,0.0,38,9.63,4
fd8f11e9,37265,JM How,JM How,New Zealand,2005-12-31,2011-03-08,36,33,1,939,1418,139,29.34,66.22,1,6,104,7,7.83,63.89,2.3,0,0,0,0,,,,,0,0,,18,0,320,603,53.07,0,,0,564,765,73.73,0,,0,55,50,110.0,0,,0
e012ad13,252932,KOA Powell,KOA Powell,West Indies,2009-07-31,2018-12-09,42,41,0,934,1171,83,22.78,79.76,0,8,110,13,10.5,59.35,1.9,0,0,0,0,,,,,0,0,,14,0,509,665,76.54,0,,0,425,506,83.99,0,,0,0,0,,0,,0
1c17e270,35582,RV Uthappa,RV Uthappa,India,2006-04-15,2015-07-14,45,41,5,934,1031,86,25.94,90.59,0,6,107,19,12.22,56.55,3.6,1,2,0,0,,0.0,,0/0,0,0,100.0,19,2,383,444,86.26,2,0.0,0,332,424,78.3,0,,0,219,163,134.36,0,,0
54279e23,56251,Alok Kapali,Alok Kapali,Bangladesh,2003-02-11,2011-12-06,39,37,1,613,880,115,17.03,69.66,1,1,51,8,6.7,58.3,5.7,25,734,640,16,40.0,5.23,45.88,3/49,0,0,45.23,15,0,7,51,13.73,6,7.0,0,459,694,66.14,652,5.42,12,147,135,108.89,76,3.47,4
f5821615,38141,JS Patel,JS Patel,New Zealand,2005-08-31,2017-05-24,37,14,7,91,148,34,13.0,61.49,0,0,5,2,4.73,60.81,10.6,36,1764,1476,42,35.14,5.02,42.0,3/11,0,0,47.9,12,0,0,0,,48,4.0,3,35,64,54.69,1351,4.68,27,56,84,66.67,365,6.43,12
fb3e0d39,623695,C Karunaratne,C Karunaratne,Sri Lanka,2021-05-28,2023-11-09,26,24,6,451,575,75,25.06,78.43,0,1,32,8,6.96,53.22,7.8,23,797,765,24,31.88,5.76,33.21,4/43,1,0,47.3,6,0,1,4,25.0,132,5.5,4,256,406,63.05,527,5.11,11,194,165,117.58,138,8.48,9
33609a8c,1161031,Saim Ayub,Saim Ayub,Pakistan,2024-11-04,2025-11-14,17,17,1,751,751,113*,46.94,100.0,3,3,88,21,14.51,55.26,1.4,14,445,374,9,41.56,5.04,49.44,2/29,0,0,51.69,13,0,324,402,80.6,84,5.14,2,424,343,123.62,360,5.02,7,3,6,50.0,1,6.0,0
12eddf28,5779,RJ Harris,RJ Harris,Australia,2009-01-18,2012-02-24,21,13,7,48,48,21,8.0,100.0,0,0,3,1,8.33,43.75,9.2,20,1031,832,44,18.91,4.84,23.43,5/19,0,3,58.0,6,0,0,0,,468,4.53,14,1,2,50.0,383,4.54,13,47,46,102.17,180,6.3,17
e74ad9ea,55906,Habibul Bashar,Habibul Bashar,Bangladesh,2003-02-11,2007-05-12,51,49,3,926,1635,70,20.13,56.64,0,3,77,3,4.89,62.75,4.3,0,0,0,0,,,,,0,0,,13,0,90,232,38.79,0,,0,773,1317,58.69,0,,0,63,86,73.26,0,,0
7a80ddf2,341593,D Bishoo,D Bishoo,West Indies,2011-03-17,2019-03-02,41,25,10,164,263,29*,10.93,62.36,0,0,17,1,6.84,62.36,9.7,40,2022,1668,38,43.89,4.95,53.21,3/30,0,0,50.0,7,0,0,0,,48,7.5,0,58,102,56.86,1842,4.85,29,106,161,65.84,132,5.45,9
6176f240,534734,Chirag Suri,Chirag Suri,United Arab Emirates,2018-03-06,2023-02-25,36,36,0,924,1434,115,25.67,64.44,2,5,95,13,7.53,65.34,2.0,0,0,0,0,,,,,0,0,,10,0,378,734,51.5,0,,0,542,697,77.76,0,,0,4,3,133.33,0,,0
e5309baa,474760,CP Rizwan,CP Rizwan,United Arab Emirates,2019-01-26,2024-03-05,41,39,6,901,1536,109,27.3,58.66,1,4,64,2,4.3,59.83,4.4,5,58,50,1,50.0,5.17,58.0,1/19,0,0,58.62,8,0,73,182,40.11,0,,0,704,1213,58.04,42,4.71,1,124,141,87.94,16,6.38,0
a354c917,36581,NT Broom,NT Broom,New Zealand,2009-02-01,2017-12-26,37,37,3,919,1143,109*,27.03,80.4,1,5,78,10,7.7,49.96,5.2,0,0,0,0,,,,,0,0,,9,0,38,64,59.38,0,,0,651,905,71.93,0,,0,230,174,132.18,0,,0
ea3ffd1b,52622,NO Miller,NO Miller,West Indies,2008-07-04,2018-03-08,42,26,12,279,355,51,19.93,78.59,0,1,23,4,7.61,55.21,9.3,38,1703,1394,32,43.56,4.91,53.22,4/43,2,0,48.15,15,0,0,0,,36,4.33,1,167,215,77.67,1505,4.71,27,112,140,80.0,162,6.89,4
f42064d5,873199,CN Greaves,CN Greaves,Scotland,2022-05-29,2025-09-04,29,22,6,355,401,56*,22.19,88.53,0,2,31,8,9.73,53.12,7.2,21,653,596,28,21.29,5.48,23.32,5/53,1,1,49.62,11,0,0,0,,0,,0,215,283,75.97,546,5.26,21,140,118,118.64,107,6.56,7
d014d5ac,914541,SE Rutherford,SE Rutherford,West Indies,2023-12-03,2026-07-21,28,26,4,849,855,113,38.59,99.3,1,8,67,41,12.63,54.39,5.2,6,125,175,3,58.33,8.4,41.67,1/24,0,0,34.4,10,0,52,59,88.14,0,,0,697,733,95.09,90,6.27,3,100,63,158.73,35,13.89,0
568e5a4a,293983,AR Cusack,AR Cusack,Ireland,2007-06-24,2015-05-08,32,23,8,264,412,47,17.6,64.08,0,0,23,2,6.07,60.44,7.0,27,974,848,32,26.5,5.22,30.44,4/32,1,0,52.87,5,0,21,47,44.68,174,3.86,3,202,303,66.67,626,4.84,18,41,62,66.13,174,7.97,11
b91f2a31,1058987,KP Meiyappan,KP Meiyappan,United Arab Emirates,2019-12-08,2023-07-06,31,22,4,163,333,24,9.06,48.95,0,0,11,0,3.3,68.17,8.9,31,1208,1114,37,30.11,5.53,32.65,4/37,4,0,48.92,10,0,0,0,,0,,0,95,212,44.81,1070,5.57,30,68,121,56.2,138,5.26,7
85e0cf10,917159,M Prasidh Krishna,M Prasidh Krishna,India,2021-03-23,2026-07-19,26,8,5,2,20,2*,0.67,10.0,0,0,0,0,0.0,90.0,10.9,26,1272,1273,45,28.29,6.0,28.27,4/12,3,0,54.72,4,0,0,0,,324,6.0,6,0,3,0.0,722,5.58,25,2,17,11.76,226,7.35,14
bd9fbd51,436749,Fayyaz Butt,Fayyaz Butt,Oman,2019-04-27,2024-09-26,30,20,9,201,279,44,18.27,72.04,0,0,17,3,7.17,54.84,8.9,30,1309,1247,35,35.63,5.72,37.4,4/79,1,0,52.02,8,0,0,0,,276,4.65,4,75,141,53.19,680,4.64,14,126,138,91.3,353,8.62,17
752f7486,720471,Ishan Kishan,Ishan Kishan,India,2021-07-18,2026-07-19,28,25,2,901,886,210,39.17,101.69,1,7,91,31,13.77,51.81,3.2,0,0,0,0,,,,,0,0,,17,2,203,243,83.54,0,,0,677,628,107.8,0,,0,21,15,140.0,0,,0
290cba17,1276393,SJ Modani,SJ Modani,United States of America,2021-09-06,2024-10-31,33,33,0,898,1417,111,27.21,63.37,1,6,78,5,5.86,61.4,1.9,2,12,6,0,,3.0,,0/3,0,0,58.33,3,0,413,738,55.96,0,,0,454,643,70.61,12,3.0,0,31,36,86.11,0,,0
864c199e,8119,AC Voges,AC Voges,Australia,2007-02-20,2013-11-02,29,27,9,798,934,112*,44.33,85.44,1,3,57,7,6.85,44.86,5.4,13,241,235,5,47.0,5.85,48.2,1/3,0,0,37.34,7,0,18,32,56.25,0,,0,489,662,73.87,229,5.92,4,291,240,121.25,12,4.5,1
62e203d4,55946,Junaid Siddique,Junaid Siddique,Bangladesh,2007-12-26,2011-08-19,46,45,1,896,1289,97,20.36,69.51,0,5,89,7,7.45,59.66,2.6,2,12,13,0,,6.5,,0/4,0,0,25.0,18,0,467,644,72.52,0,,0,414,626,66.13,12,6.5,0,15,19,78.95,0,,0
a319edf8,1129328,AT Nidamanuru,AT Nidamanuru,Netherlands,2022-05-31,2025-06-12,40,37,4,893,976,111,27.06,91.5,2,4,60,31,9.32,49.8,5.9,1,6,8,0,,8.0,,0/8,0,0,50.0,13,0,1,8,12.5,0,,0,657,798,82.33,6,8.0,0,235,170,138.24,0,,0
11614d87,327830,D Pretorius,D Pretorius,South Africa,2016-09-25,2022-07-24,27,13,1,192,224,50,16.0,85.71,0,1,14,5,8.48,51.79,6.9,26,1144,947,35,27.06,4.97,32.69,4/36,1,0,53.06,9,0,3,3,100.0,192,4.25,7,94,148,63.51,902,4.93,25,95,73,130.14,50,8.4,3
3c55c703,1194959,JG Bethell,JG Bethell,England,2024-09-19,2026-07-19,24,22,1,712,786,110,33.9,90.59,1,6,69,18,11.07,52.04,4.7,16,346,430,9,47.78,7.46,38.44,2/33,0,0,38.15,4,0,58,107,54.21,4,6.0,0,558,620,90.0,294,7.02,7,96,59,162.71,48,10.25,2
45642393,974719,Muhammad Usman,Muhammad Usman,United Arab Emirates,2016-08-14,2022-02-08,35,34,4,888,1182,102*,29.6,75.13,1,3,80,20,8.46,57.87,5.3,0,0,0,0,,,,,0,0,,9,0,27,45,60.0,0,,0,721,1012,71.25,0,,0,140,125,112.0,0,,0
f93b43dd,532853,SK Patel,SK Patel,United States of America,2024-08-13,2026-06-12,27,27,2,885,1102,152*,35.4,80.31,1,5,98,11,9.89,56.53,1.1,0,0,0,0,,,,,0,0,,36,4,431,583,73.93,0,,0,410,498,82.33,0,,0,44,21,209.52,0,,0
dbfb8218,392945,DT Tiripano,DT Tiripano,Zimbabwe,2014-08-31,2021-07-20,32,26,8,343,526,55*,19.06,65.21,0,1,27,8,6.65,63.12,8.7,30,1255,1228,27,45.48,5.87,46.48,3/34,0,0,49.4,4,0,0,0,,282,5.49,1,165,352,46.88,762,5.12,15,178,174,102.3,211,9.1,11
21afb939,1276700,Shoaib Khan,Shoaib Khan,Oman,2021-09-14,2024-09-26,31,31,4,843,1007,105*,31.22,83.71,1,7,79,14,9.24,53.33,4.5,7,144,131,2,65.5,5.46,72.0,1/19,0,0,47.22,15,0,44,110,40.0,0,,0,596,726,82.09,126,5.43,1,203,171,118.71,18,5.67,1
364ee2cf,51248,SJ Benn,SJ Benn,West Indies,2008-04-10,2016-11-23,45,30,7,182,240,31,7.91,75.83,0,0,19,3,9.17,60.42,10.1,44,2279,1860,35,53.14,4.9,65.11,4/18,3,0,49.76,9,0,0,0,,216,4.58,5,97,122,79.51,1805,4.81,22,85,118,72.03,258,5.77,8
0d677597,44407,W Barresi,W Barresi,Netherlands,2010-08-18,2025-06-12,37,37,3,882,1157,137*,25.94,76.23,1,3,95,12,9.25,59.9,3.2,1,6,13,0,,13.0,,0/13,0,0,33.33,16,3,260,393,66.16,0,,0,534,706,75.64,6,13.0,0,88,58,151.72,0,,0
9caf69a1,897549,WG Jacks,WG Jacks,England,2023-03-01,2026-07-19,26,23,2,679,666,94,32.33,101.95,0,4,60,20,12.01,48.35,4.3,18,528,549,10,54.9,6.24,52.8,3/22,0,0,44.32,13,0,235,225,104.44,24,9.5,1,337,366,92.08,444,5.62,8,107,75,142.67,60,9.5,1
c374f37f,297635,JWA Taylor,JWA Taylor,England,2011-08-25,2015-11-20,26,25,4,879,1087,101,41.86,80.86,1,7,69,12,7.45,51.98,4.1,0,0,0,0,,,,,0,0,,7,0,141,235,60.0,0,,0,651,758,85.88,0,,0,87,94,92.55,0,,0
3cf83487,4146,AJ Bichel,AJ Bichel,Australia,2003-01-09,2004-02-01,27,14,6,258,287,64,32.25,89.9,0,1,17,8,8.71,48.43,9.1,26,1242,918,31,29.61,4.43,40.06,7/20,1,1,59.82,8,0,0,0,,102,4.41,2,45,75,60.0,972,4.22,19,213,212,100.47,168,5.68,10
919a3be2,931581,RR Pant,RR Pant,India,2018-10-21,2024-08-07,31,27,1,871,820,125*,33.5,106.22,1,5,91,26,14.27,47.07,4.3,0,0,0,0,,,,,0,0,,27,1,38,75,50.67,0,,0,633,635,99.69,0,,0,200,110,181.82,0,,0
75224f22,677081,KMA Paul,KMA Paul,West Indies,2018-03-19,2026-07-16,28,21,6,308,319,46*,20.53,96.55,0,0,26,11,11.6,52.98,8.4,27,1099,1142,28,40.79,6.23,39.25,3/34,0,0,47.32,14,0,0,0,,222,5.86,2,133,163,81.6,636,5.38,10,175,156,112.18,241,8.84,16
488b7e1b,49363,SHT Kandamby,SHT Kandamby,Sri Lanka,2004-04-27,2014-12-03,35,32,6,827,1175,93*,31.81,70.38,0,5,68,0,5.79,53.11,5.3,9,174,173,2,86.5,5.97,87.0,2/37,0,0,37.36,7,0,28,52,53.85,0,,0,586,932,62.88,168,5.79,2,213,191,111.52,6,11.0,0
80ec5dfd,55259,AM Blignaut,AM Blignaut,Zimbabwe,2003-02-19,2010-06-03,31,20,1,284,256,58,14.95,110.94,0,3,33,5,14.84,46.88,7.4,30,1331,1166,29,40.21,5.26,45.9,4/43,2,0,58.0,5,0,0,0,,516,5.16,9,144,159,90.57,635,4.94,10,140,97,144.33,180,6.63,10
5748e866,7252,TD Paine,TD Paine,Australia,2009-09-04,2018-06-24,34,34,2,861,1219,111,26.91,70.63,1,5,94,6,8.2,60.21,3.4,0,0,0,0,,,,,0,0,,50,4,354,558,63.44,0,,0,380,535,71.03,0,,0,127,126,100.79,0,,0
dfc4d8b5,272262,KW Richardson,KW Richardson,Australia,2013-01-13,2020-03-07,25,12,7,75,68,24*,15.0,110.29,0,0,7,4,16.18,58.82,9.9,25,1312,1240,39,31.79,5.67,33.64,5/68,0,1,50.61,7,0,0,0,,390,5.8,5,33,32,103.12,651,5.73,17,42,36,116.67,271,5.34,17
7ee2ce62,20286,VS Solanki,VS Solanki,England,2003-06-17,2006-07-01,36,33,3,829,1151,106,27.63,72.02,1,5,104,4,9.38,62.38,3.0,5,81,80,1,80.0,5.93,81.0,1/17,0,0,49.38,12,0,253,425,59.53,0,,0,506,667,75.86,81,5.93,1,70,59,118.64,0,,0
e045c165,220519,Rameez Shahzad,Rameez Shahzad,United Arab Emirates,2016-08-14,2023-07-02,25,25,3,848,1082,121*,38.55,78.37,2,4,75,17,8.5,55.27,4.4,2,30,33,0,,6.6,,0/16,0,0,40.0,5,0,19,58,32.76,0,,0,710,929,76.43,30,6.6,0,119,95,125.26,0,,0
c70448aa,646193,R Hekure,R Hekure,Papua New Guinea,2019-09-23,2023-04-05,23,22,2,328,426,58,16.4,77.0,0,1,26,6,7.51,53.76,7.0,22,917,689,26,26.5,4.51,35.27,5/13,0,1,55.62,5,0,0,0,,48,4.38,1,196,277,70.76,700,3.75,19,132,149,88.59,169,7.67,6
29e253dd,480603,Iftikhar Ahmed,Iftikhar Ahmed,Pakistan,2015-11-13,2023-11-11,25,21,8,527,484,109*,40.54,108.88,1,1,47,16,13.02,42.15,6.0,20,742,691,16,43.19,5.59,46.38,5/40,0,1,46.63,16,0,5,20,25.0,72,6.5,0,302,331,91.24,630,5.37,16,220,133,165.41,40,7.35,0
e03b66ec,41411,Mohammad Asif,Mohammad Asif,Pakistan,2005-12-21,2010-06-21,34,14,6,26,91,6,3.25,28.57,0,0,1,0,1.1,79.12,11.0,32,1702,1334,41,32.54,4.7,41.51,3/28,0,0,62.1,4,0,0,0,,919,4.25,25,5,22,22.73,552,4.4,8,21,69,30.43,231,7.22,8
41eb4a4f,35731,R Vinay Kumar,R Vinay Kumar,India,2010-05-28,2013-11-02,31,13,4,86,146,27*,9.56,58.9,0,0,5,2,4.79,65.07,9.8,31,1436,1423,38,37.45,5.95,37.79,4/30,1,0,53.55,6,0,0,0,,680,4.45,13,30,56,53.57,501,6.16,15,56,90,62.22,255,9.53,10
3979b5e0,928057,L Tucker,L Tucker,Ireland,2019-05-03,2025-05-25,53,43,6,844,1025,61,22.81,82.34,0,3,79,9,8.59,52.78,5.5,0,0,0,0,,,,,0,0,,70,3,17,46,36.96,0,,0,553,736,75.14,0,,0,274,243,112.76,0,,0
977b841a,230555,SSJ Brooks,SSJ Brooks,West Indies,2022-01-08,2023-07-07,29,29,1,842,1114,101*,30.07,75.58,1,4,69,16,7.63,55.92,3.2,0,0,0,0,,,,,0,0,,14,0,194,268,72.39,0,,0,606,811,74.72,0,,0,42,35,120.0,0,,0
27cc4361,24762,PJ Ongondo,PJ Ongondo,Kenya,2003-02-12,2011-03-20,32,26,7,150,248,20,7.89,60.48,0,0,9,4,5.24,64.92,9.2,32,1260,977,34,28.74,4.65,37.06,5/51,0,1,65.63,5,0,0,4,0.0,594,4.28,17,62,123,50.41,582,4.37,11,88,121,72.73,84,9.21,6
de8cce37,30750,VVS Laxman,VVS Laxman,India,2002-12-29,2006-12-03,28,27,3,828,1116,107,34.5,74.19,4,1,79,1,7.17,55.65,3.1,0,0,0,0,,,,,0,0,,8,0,238,371,64.15,0,,0,481,642,74.92,0,,0,109,103,105.83,0,,0
004c9e85,272364,PJ Hughes,PJ Hughes,Australia,2013-01-11,2014-10-12,25,24,1,826,1100,138*,35.91,75.09,2,4,91,5,8.73,58.18,2.3,0,0,0,0,,,,,0,0,,5,0,283,429,65.97,0,,0,471,621,75.85,0,,0,72,50,144.0,0,,0
42537f07,47015,JA Rudolph,JA Rudolph,South Africa,2003-04-21,2006-02-05,28,25,6,820,1203,71*,43.16,68.16,0,6,81,1,6.82,58.27,4.4,0,0,0,0,,,,,0,0,,6,0,67,127,52.76,0,,0,613,912,67.21,0,,0,140,164,85.37,0,,0
dadbdb68,547766,JA Duffy,JA Duffy,New Zealand,2022-07-12,2026-07-21,24,10,7,18,37,5*,6.0,48.65,0,0,2,0,5.41,70.27,10.0,24,1036,1012,40,25.3,5.86,25.9,3/35,0,0,58.69,4,0,0,0,,534,5.02,15,6,15,40.0,354,5.81,14,12,22,54.55,148,9.0,11
6b4593ee,440990,L Siaka,L Siaka,Papua New Guinea,2016-11-04,2022-11-25,40,40,0,749,993,90,18.73,75.43,0,2,72,10,8.26,60.12,2.5,11,198,150,3,50.0,4.55,66.0,2/33,0,0,52.02,15,0,420,551,76.23,0,,0,329,442,74.43,186,4.71,3,0,0,,12,2.0,0
21bf71ab,55652,T Mupariwa,T Mupariwa,Zimbabwe,2004-04-27,2016-06-15,28,21,4,87,200,20,5.12,43.5,0,0,7,2,4.5,75.5,9.5,28,1366,1206,36,33.5,5.3,37.94,4/39,2,0,53.95,7,0,0,0,,414,4.17,9,18,100,18.0,756,4.89,20,69,100,69.0,196,9.24,7
348195ea,55429,GW Flower,GW Flower,Zimbabwe,2003-02-10,2010-10-17,24,21,3,627,942,96*,34.83,66.56,0,5,54,2,5.94,59.34,3.8,17,605,457,9,50.78,4.53,67.22,3/36,0,0,45.12,13,0,66,155,42.58,0,,0,463,701,66.05,539,4.45,7,98,86,113.95,66,5.18,2
5471024e,23852,JM Davison,JM Davison,Canada,2003-02-11,2011-03-16,16,16,2,443,387,111,31.64,114.47,1,3,50,15,16.8,53.49,2.6,15,618,511,18,28.39,4.96,34.33,3/15,0,0,50.16,11,0,310,252,123.02,42,5.57,2,117,118,99.15,522,4.77,11,16,17,94.12,54,6.33,5
f5715b48,1212829,Ali Naseer,Ali Naseer,United Arab Emirates,2023-06-04,2024-11-09,17,17,2,396,390,61,26.4,101.54,0,3,34,18,13.33,53.33,7.4,17,686,644,20,32.2,5.63,34.3,4/26,1,0,53.5,2,0,0,0,,204,4.38,3,249,294,84.69,324,5.72,8,147,96,153.12,158,7.06,9
b8704508,541224,LM Jongwe,LM Jongwe,Zimbabwe,2014-08-17,2024-01-11,33,28,4,315,391,43*,13.12,80.56,0,0,31,5,9.21,57.8,7.5,29,1068,1065,24,44.38,5.98,44.5,3/51,0,0,49.81,6,0,32,36,88.89,252,5.19,5,167,263,63.5,618,5.33,11,116,92,126.09,198,9.03,8
b98b5e1c,43266,Sohaib Maqsood,Sohaib Maqsood,Pakistan,2013-11-08,2021-07-13,28,27,2,768,910,89*,30.72,84.4,0,5,59,19,8.57,52.75,4.9,4,54,42,1,42.0,4.67,54.0,1/16,0,0,51.85,10,0,38,65,58.46,0,,0,649,790,82.15,54,4.67,1,81,55,147.27,0,,0
193ef196,227762,Sharjeel Khan,Sharjeel Khan,Pakistan,2013-12-18,2017-01-26,24,24,0,787,679,152,32.79,115.91,1,6,102,27,19.0,53.46,1.7,0,0,0,0,,,,,0,0,,6,0,488,451,108.2,0,,0,299,228,131.14,0,,0,0,0,,0,,0
e9a870ed,399259,AC Evans,AC Evans,Scotland,2014-05-09,2023-06-27,27,13,6,66,90,22,9.43,73.33,0,0,6,1,7.78,61.11,10.2,26,1262,1148,36,31.89,5.46,35.06,5/43,1,1,57.92,4,0,0,0,,456,5.3,5,11,16,68.75,632,5.04,21,55,74,74.32,174,7.38,10
34cb2f69,751151,Hamza Tahir,Hamza Tahir,Scotland,2019-08-17,2023-02-17,30,8,2,26,78,13,4.33,33.33,0,0,2,0,2.56,78.21,11.0,29,1406,1006,38,26.47,4.29,37.0,5/38,2,1,54.41,5,0,0,0,,174,3.97,5,5,36,13.89,1052,4.05,31,21,42,50.0,180,6.03,2
8d8c24fd,38058,RJ Nicol,RJ Nicol,New Zealand,2011-10-20,2013-11-16,22,21,2,586,776,146,30.84,75.52,2,2,53,13,8.51,58.63,1.3,17,339,329,10,32.9,5.82,33.9,4/19,1,0,46.9,11,0,256,396,64.65,0,,0,265,343,77.26,318,5.74,7,65,37,175.68,21,7.14,3
773cec26,230549,JN Mohammed,JN Mohammed,West Indies,2011-12-11,2021-07-22,33,29,2,621,908,91*,23.0,68.39,0,4,51,10,6.72,59.36,4.8,16,440,340,8,42.5,4.64,55.0,3/47,0,0,49.55,3,0,64,127,50.39,42,5.86,0,483,723,66.8,356,4.25,7,74,58,127.59,42,6.71,1
556302a7,55414,SM Ervine,SM Ervine,Zimbabwe,2003-03-04,2004-03-14,22,17,5,321,340,48*,26.75,94.41,0,0,28,8,10.59,50.88,7.2,20,768,678,23,29.48,5.3,33.39,3/47,0,0,50.0,3,0,16,29,55.17,48,6.38,1,161,199,80.9,550,4.63,10,144,112,128.57,170,7.16,12
9eb1455b,826915,NT Ellis,NT Ellis,Australia,2022-03-29,2026-09-15,22,18,6,139,172,18,11.58,80.81,0,0,8,6,8.14,58.72,9.4,22,1090,938,32,29.31,5.16,34.06,5/31,1,1,51.47,7,0,0,0,,288,4.96,9,77,99,77.78,609,4.71,15,62,73,84.93,193,6.9,8
3227beb4,5597,IJ Harvey,IJ Harvey,Australia,2003-02-11,2004-05-29,23,17,3,259,282,48*,18.5,91.84,0,0,31,2,11.7,51.06,7.2,21,913,687,26,26.42,4.51,35.12,4/16,2,0,56.08,3,0,0,0,,18,1.33,0,94,143,65.73,775,4.25,17,165,139,118.71,120,6.7,9
4751caa3,784375,CBRLS Kumara,CBRLS Kumara,Sri Lanka,2017-02-04,2025-01-05,28,17,6,58,134,10,5.27,43.28,0,0,8,1,6.72,81.34,10.4,28,1156,1250,36,34.72,6.49,32.11,4/48,1,0,50.87,6,0,0,0,,426,6.49,16,27,57,47.37,590,5.61,14,31,77,40.26,140,10.16,6
d3a1c63d,697183,T de Zorzi,T de Zorzi,South Africa,2023-03-18,2026-09-11,20,19,2,777,782,119*,45.71,99.36,1,4,80,22,13.04,52.17,2.8,0,0,0,0,,,,,0,0,,1,0,309,294,105.1,0,,0,443,470,94.26,0,,0,25,18,138.89,0,,0
3a7ea906,416103,VJ Kingma,VJ Kingma,Netherlands,2014-01-28,2025-06-12,27,10,3,15,48,9*,2.14,31.25,0,0,0,1,2.08,81.25,11.0,27,1208,1036,38,27.26,5.15,31.79,3/19,0,0,61.92,6,0,0,0,,714,4.18,21,3,20,15.0,331,6.05,7,12,28,42.86,163,7.51,10
b2e1d224,233400,G Malla,G Malla,Nepal,2018-08-30,2023-07-04,33,33,1,753,1118,75,23.53,67.35,0,5,77,15,8.23,65.65,2.6,2,18,18,1,18.0,6.0,18.0,1/6,0,0,55.56,12,0,264,491,53.77,0,,0,489,626,78.12,18,6.0,1,0,1,0.0,0,,0
271f83cd,446507,SA Yadav,SA Yadav,India,2021-07-18,2023-11-19,37,35,5,773,736,72*,25.77,105.03,0,4,80,19,13.45,46.33,5.3,1,12,17,0,,8.5,,0/17,0,0,41.67,17,0,29,45,64.44,0,,0,552,552,100.0,12,8.5,0,192,139,138.13,0,,0
6b75c2b1,820685,NR Kirton,NR Kirton,Canada,2023-03-29,2026-08-11,30,28,4,693,911,73*,28.88,76.07,0,6,48,15,6.92,54.34,5.0,8,162,136,4,34.0,5.04,40.5,2/26,0,0,46.3,13,0,40,75,53.33,6,4.0,0,546,764,71.47,138,5.3,3,107,72,148.61,18,3.33,1
1afdbdbf,11974,JWM Dalrymple,JWM Dalrymple,England,2006-06-13,2007-04-21,27,26,1,487,672,67,19.48,72.47,0,2,32,3,5.21,53.57,6.7,23,840,666,14,47.57,4.76,60.0,2/5,0,0,48.45,12,0,0,0,,6,14.0,0,269,468,57.48,750,4.66,12,218,204,106.86,84,5.0,2
571e1d2a,647771,Shayan Jahangir,Shayan Jahangir,United States of America,2022-11-20,2026-05-22,35,32,5,765,849,100*,28.33,90.11,1,3,80,14,11.07,52.3,4.8,0,0,0,0,,,,,0,0,,20,1,185,224,82.59,0,,0,364,465,78.28,0,,0,216,160,135.0,0,,0
83d17bbc,1209190,MW Forde,MW Forde,West Indies,2023-12-09,2026-07-21,20,16,2,224,197,58,16.0,113.71,0,1,16,15,15.74,53.3,7.9,19,879,844,27,31.26,5.76,32.56,3/29,0,0,57.57,7,0,0,0,,498,5.25,14,88,107,82.24,234,5.62,7,136,90,151.11,147,7.71,6
035cb925,46788,AG Prince,AG Prince,South Africa,2005-01-30,2007-04-25,42,33,8,761,1115,78*,30.44,68.25,0,2,50,4,4.84,54.35,5.3,1,12,3,0,,1.5,,0/3,0,0,75.0,19,0,3,18,16.67,0,,0,605,958,63.15,0,,0,153,139,110.07,12,1.5,0
c995d726,45705,CA Ingram,CA Ingram,South Africa,2010-10-15,2013-11-01,30,28,3,761,917,124,30.44,82.99,3,2,75,9,9.16,53.87,3.2,1,6,17,0,,17.0,,0/17,0,0,33.33,12,0,169,261,64.75,0,,0,476,570,83.51,6,17.0,0,116,86,134.88,0,,0
acdc62f5,481979,A Nortje,A Nortje,South Africa,2019-03-03,2023-09-09,22,7,1,40,59,10,6.67,67.8,0,0,3,0,5.08,54.24,9.4,21,1006,982,36,27.28,5.86,27.94,4/51,3,0,51.89,3,0,0,0,,228,5.89,2,17,23,73.91,607,5.52,21,23,36,63.89,171,7.02,13
2ecd844a,1000791,BJ Currie,BJ Currie,Scotland,2024-03-01,2026-05-18,17,6,5,16,30,8*,16.0,53.33,0,0,0,0,0.0,56.67,11.0,17,743,523,37,14.14,4.22,20.08,4/26,3,0,64.47,5,0,0,0,,432,4.36,18,2,11,18.18,270,4.29,12,14,19,73.68,41,2.34,7
5d096f3d,32391,RR Powar,RR Powar,India,2004-03-16,2007-10-02,29,17,4,156,240,54,12.0,65.0,0,1,12,2,5.83,59.17,8.4,27,1415,1108,30,36.93,4.7,47.17,3/24,0,0,52.86,2,0,0,0,,0,,0,88,136,64.71,1291,4.41,25,68,104,65.38,124,7.69,5
a9da7784,297583,KJ Abbott,KJ Abbott,South Africa,2013-03-10,2016-10-12,28,13,4,76,126,23,8.44,60.32,0,0,6,0,4.76,57.14,9.0,27,1303,1051,34,30.91,4.84,38.32,4/21,2,0,60.17,7,0,0,0,,570,4.2,13,22,35,62.86,590,5.05,13,54,91,59.34,143,6.5,8
c500ec39,4144,MG Bevan,MG Bevan,Australia,2003-01-09,2004-02-27,32,25,8,755,1141,74*,44.41,66.17,0,6,49,6,4.82,58.19,5.6,0,0,0,0,,,,,0,0,,6,0,22,73,30.14,0,,0,456,797,57.21,0,,0,277,271,102.21,0,,0
c96f6ac5,698189,PWA Mulder,PWA Mulder,South Africa,2017-10-22,2025-09-07,26,21,5,272,301,64,17.0,90.37,0,1,27,3,9.97,46.51,6.5,25,830,874,24,36.42,6.32,34.58,3/25,0,0,47.23,9,0,1,11,9.09,126,7.24,5,139,189,73.54,656,5.66,17,132,101,130.69,48,12.88,2
4167f30b,334340,IG Holland,IG Holland,United States of America,2019-12-08,2022-11-26,15,14,0,368,475,75,26.29,77.47,0,2,27,3,6.32,51.16,5.0,14,628,466,19,24.53,4.45,33.05,3/11,0,0,56.37,6,0,20,45,44.44,120,4.5,4,302,387,78.04,366,3.93,12,46,43,106.98,142,5.75,3
5935d694,1139523,Rishad Hossain,Rishad Hossain,Bangladesh,2023-12-20,2026-07-09,18,14,3,183,141,48*,16.64,129.79,0,0,13,13,18.44,51.06,7.9,18,845,769,28,27.46,5.46,30.18,6/35,0,1,49.11,8,0,0,0,,0,,0,60,54,111.11,738,5.37,24,123,87,141.38,107,6.11,4
a2421394,505120,AC Agar,AC Agar,Australia,2015-09-08,2023-09-07,22,18,5,322,388,48*,24.77,82.99,0,0,28,4,8.25,50.0,7.8,22,1098,958,21,45.62,5.23,52.29,2/31,0,0,44.9,10,0,0,0,,78,5.23,1,183,271,67.53,948,5.16,20,139,117,118.8,72,6.25,0
4ebc70ca,470777,GT Main,GT Main,Scotland,2019-08-17,2024-07-26,15,4,3,82,87,64*,82.0,94.25,0,1,7,1,9.2,47.13,9.2,15,668,592,33,17.94,5.32,20.24,5/52,1,1,58.53,8,0,0,0,,174,5.86,4,75,79,94.94,397,4.82,22,7,8,87.5,97,6.37,7
2e9fdf9b,362541,DAJ Bracewell,DAJ Bracewell,New Zealand,2011-10-20,2022-04-04,21,14,2,221,274,57,18.42,80.66,0,1,14,7,7.66,50.36,8.2,21,1016,845,26,32.5,4.99,39.08,4/55,1,0,58.76,5,0,0,0,,324,4.39,9,136,180,75.56,552,4.66,12,85,94,90.43,140,7.67,5
abbdca1a,208657,PM Seelaar,PM Seelaar,Netherlands,2008-07-29,2022-06-17,27,21,2,218,364,43,11.47,59.89,0,0,20,3,6.32,66.48,7.6,27,1271,1012,26,38.92,4.78,48.88,4/15,1,0,52.24,9,0,2,15,13.33,36,7.17,3,149,287,51.92,1111,4.5,16,67,62,108.06,124,6.58,7
d3868bd0,407265,JH Davey,JH Davey,Scotland,2011-06-29,2025-09-04,19,16,3,194,309,40,14.92,62.78,0,0,18,1,6.15,65.7,7.1,18,794,639,27,23.67,4.83,29.41,4/68,1,0,59.82,4,0,22,38,57.89,336,3.8,8,138,234,58.97,384,5.12,15,34,37,91.89,74,7.95,4
db767b89,51436,TL Best,TL Best,West Indies,2004-05-15,2014-01-04,22,14,7,72,110,24,10.29,65.45,0,0,7,0,6.36,59.09,10.2,22,1090,946,33,28.67,5.21,33.03,4/35,2,0,58.07,3,0,0,0,,396,5.12,10,13,34,38.24,507,4.99,14,59,76,77.63,187,5.97,9
abb7c76c,734459,Abrar Ahmed,Abrar Ahmed,Pakistan,2024-11-26,2026-06-04,19,9,7,28,29,23*,14.0,96.55,0,0,5,0,17.24,55.17,10.9,19,1044,753,35,21.51,4.33,29.83,4/27,2,0,56.42,6,0,0,0,,180,4.43,6,0,11,0.0,756,3.98,25,28,18,155.56,108,6.61,4
0c8a1d51,55952,Khaled Mahmud,Khaled Mahmud,Bangladesh,2003-02-18,2006-02-20,28,26,3,283,467,36,12.3,60.6,0,0,21,2,4.93,63.38,8.0,27,1183,1038,22,47.18,5.26,53.77,4/19,1,0,52.32,7,0,0,0,,108,7.0,1,193,370,52.16,931,4.51,17,90,97,92.78,144,8.83,4
2e929b99,15501,GO Jones,GO Jones,England,2004-06-27,2006-07-01,40,34,6,715,876,80,25.54,81.62,0,4,63,14,8.79,54.34,5.8,0,0,0,0,,,,,0,0,,59,4,118,177,66.67,0,,0,356,506,70.36,0,,0,241,193,124.87,0,,0
d094e7d1,39091,Abdur Rehman,Abdur Rehman,Pakistan,2006-12-07,2014-03-04,30,22,6,132,222,31,8.25,59.46,0,0,10,1,4.95,62.16,8.6,30,1564,1098,29,37.86,4.21,53.93,4/48,1,0,54.86,7,0,0,0,,144,3.38,1,33,71,46.48,1224,3.87,17,99,151,65.56,196,6.98,11
77191792,269237,Mohammad Mithun,Mohammad Mithun,Bangladesh,2014-06-17,2021-07-20,32,28,4,711,912,73*,29.62,77.96,0,6,61,16,8.44,55.7,4.6,1,12,12,0,,6.0,,0/12,0,0,50.0,6,0,71,156,45.51,0,,0,485,630,76.98,12,6.0,0,155,126,123.02,0,,0
35f173a0,595267,MP Breetzke,MP Breetzke,South Africa,2025-02-10,2026-09-13,14,13,1,710,735,150,59.17,96.6,1,6,60,17,10.48,45.03,3.7,0,0,0,0,,,,,0,0,,1,0,70,88,79.55,0,,0,564,606,93.07,0,,0,76,41,185.37,0,,0
68c56d09,625960,KA Jamieson,KA Jamieson,New Zealand,2020-02-08,2026-01-18,23,10,6,101,115,25*,25.25,87.83,0,0,7,3,8.7,46.96,9.4,22,1108,980,30,32.67,5.31,36.93,4/41,1,0,59.39,4,0,0,0,,456,4.59,12,31,52,59.62,486,4.81,8,70,63,111.11,166,8.71,10
a71d0f89,1388460,R Chopra,R Chopra,United Arab Emirates,2024-02-28,2026-09-12,21,21,3,681,838,127*,37.83,81.26,3,2,58,15,8.71,54.42,4.8,1,6,6,1,6.0,6.0,6.0,1/6,0,0,50.0,8,0,40,68,58.82,0,,0,472,656,71.95,6,6.0,1,169,114,148.25,0,,0
123e663a,51738,S Dhaniram,S Dhaniram,Canada,2006-11-27,2009-08-19,12,11,1,281,309,79,28.1,90.94,0,2,23,4,8.74,47.9,6.3,11,549,403,21,19.19,4.4,26.14,5/32,1,1,56.1,5,0,17,19,89.47,0,,0,167,205,81.46,443,3.91,17,97,85,114.12,106,6.45,4
4bc0a378,571703,WP Masakadza,WP Masakadza,Zimbabwe,2015-10-09,2026-09-15,36,24,4,260,392,40,13.0,66.33,0,0,23,2,6.38,59.95,8.5,33,1422,1218,22,55.36,5.14,64.64,3/36,0,0,45.01,11,0,0,0,,48,3.62,1,166,282,58.87,1236,5.14,16,94,110,85.45,138,5.65,5
e7e86505,696127,B Evans,B Evans,Zimbabwe,2022-08-07,2026-09-15,21,19,4,258,264,58*,17.2,97.73,0,2,17,10,10.23,52.27,8.5,20,854,801,22,36.41,5.63,38.82,5/54,0,1,53.63,10,0,0,0,,222,4.7,6,96,142,67.61,509,5.14,12,162,122,132.79,123,9.32,4
bf7842c9,222354,TAM Siriwardana,TAM Siriwardana,Sri Lanka,2015-07-11,2019-06-15,27,24,1,516,525,66,22.43,98.29,0,3,39,13,9.9,45.9,6.3,21,601,547,9,60.78,5.46,66.78,2/27,0,0,46.42,6,0,6,14,42.86,18,9.33,0,328,372,88.17,518,5.26,9,182,139,130.94,65,6.0,0
b5da6c24,32242,PA Patel,PA Patel,India,2003-01-04,2012-02-21,32,29,3,693,870,95,26.65,79.66,0,4,75,7,9.43,58.05,2.3,0,0,0,0,,,,,0,0,,22,8,397,516,76.94,0,,0,267,317,84.23,0,,0,29,37,78.38,0,,0
c16d4035,297628,SW Billings,SW Billings,England,2015-06-09,2022-11-22,27,22,2,690,757,118,34.5,91.15,1,5,73,8,10.7,49.93,5.1,0,0,0,0,,,,,0,0,,17,1,75,126,59.52,0,,0,533,577,92.37,0,,0,82,54,151.85,0,,0
4fc516bd,48284,HMCM Bandara,HMCM Bandara,Sri Lanka,2006-01-06,2010-01-08,26,13,4,130,181,31,14.44,71.82,0,0,6,4,5.52,56.91,9.2,23,1170,970,28,34.64,4.97,41.79,4/31,2,0,44.87,6,0,0,0,,0,,0,31,57,54.39,1008,4.82,24,99,124,79.84,162,5.96,4
2008fc75,50424,TT Samaraweera,TT Samaraweera,Sri Lanka,2005-11-12,2011-04-02,37,30,10,669,890,105*,33.45,75.17,2,0,62,0,6.97,52.13,5.3,3,30,33,1,33.0,6.6,30.0,1/4,0,0,40.0,14,0,46,88,52.27,0,,0,414,617,67.1,24,4.0,1,209,185,112.97,6,17.0,0
de3d549a,786925,AM Fernando,AM Fernando,Sri Lanka,2017-07-08,2026-06-03,28,10,6,7,32,3*,1.75,21.88,0,0,0,0,0.0,81.25,11.0,27,1112,1118,34,32.88,6.03,32.71,4/35,1,0,52.25,6,0,0,0,,570,5.48,20,0,6,0.0,390,5.66,12,7,26,26.92,152,9.04,2
f0e722e0,697279,Usman Shinwari,Usman Shinwari,Pakistan,2017-10-20,2019-10-02,16,4,1,6,7,6,2.0,85.71,0,0,0,1,14.29,85.71,9.5,16,708,575,34,16.91,4.87,20.82,5/34,3,2,59.04,3,0,0,0,,399,4.23,17,0,0,,219,5.07,11,6,7,85.71,90,7.27,6
3812d56b,23523,MH Yardy,MH Yardy,England,2006-09-08,2011-03-06,27,24,8,326,472,60*,20.38,69.07,0,2,20,1,4.45,52.75,6.6,27,1272,1034,18,57.44,4.88,70.67,3/24,0,0,46.23,9,0,4,11,36.36,30,6.6,0,198,351,56.41,1086,4.57,16,124,110,112.73,156,6.69,2
8012d0b8,499594,CAK Rajitha,CAK Rajitha,Sri Lanka,2018-08-01,2023-11-06,27,16,7,104,171,33,11.56,60.82,0,0,12,1,7.6,69.01,9.9,27,1143,1204,29,41.52,6.32,39.41,4/50,1,0,54.24,4,0,0,0,,558,5.38,9,65,124,52.42,438,6.66,11,39,47,82.98,147,8.9,9
e97aefe2,17944,SI Mahmood,SI Mahmood,England,2006-04-03,2009-11-22,25,14,4,84,99,22*,8.4,84.85,0,0,8,1,9.09,57.58,9.1,24,1155,1113,30,37.1,5.78,38.5,4/50,1,0,55.41,1,0,0,0,,384,5.31,9,38,51,74.51,589,5.38,10,46,48,95.83,182,8.08,11
27159c6a,25451,RM Haq,RM Haq,Scotland,2007-02-04,2015-03-05,20,17,4,181,339,71,13.92,53.39,0,1,18,1,5.6,67.55,6.9,19,863,664,25,26.56,4.62,34.52,5/54,0,1,53.53,3,0,59,114,51.75,18,6.33,0,97,168,57.74,719,4.7,22,25,57,43.86,126,3.9,3
b0eaaac6,927119,Ali Khan,Ali Khan,United States of America,2019-04-27,2023-07-06,15,9,2,20,35,6,2.86,57.14,0,0,1,0,2.86,62.86,10.2,15,681,542,33,16.42,4.78,20.64,7/32,0,2,60.79,2,0,0,0,,354,4.49,18,0,1,0.0,174,3.38,7,20,34,58.82,153,7.02,8
9b79b9de,50163,KTGD Prasad,KTGD Prasad,Sri Lanka,2006-02-25,2015-01-25,22,11,6,120,112,31*,24.0,107.14,0,0,9,3,10.71,41.96,9.7,22,937,919,28,32.82,5.88,33.46,3/46,0,0,53.04,1,0,0,0,,258,4.91,8,24,30,80.0,558,6.12,14,96,82,117.07,121,6.89,6
fc2fffb5,922941,Abdullah Shafique,Abdullah Shafique,Pakistan,2022-08-21,2025-08-12,26,26,2,679,869,113,28.29,78.14,1,5,62,17,9.09,58.8,1.7,0,0,0,0,,,,,0,0,,14,0,287,464,61.85,0,,0,392,405,96.79,0,,0,0,0,,0,,0
5661ef90,1294141,A Sharma,Aryansh Sharma,United Arab Emirates,2023-04-05,2026-08-11,28,28,0,678,877,105,24.21,77.31,1,4,78,13,10.38,61.8,1.4,0,0,0,0,,,,,0,0,,23,1,400,565,70.8,0,,0,278,312,89.1,0,,0,0,0,,0,,0
98ae73b1,32966,PP Chawla,PP Chawla,India,2007-05-12,2011-03-09,25,12,5,38,58,13*,5.43,65.52,0,0,3,0,5.17,55.17,9.1,25,1312,1117,32,34.91,5.11,41.0,4/23,2,0,52.44,9,0,0,0,,6,5.0,0,9,21,42.86,1174,4.84,28,29,37,78.38,132,7.45,4
2318ba22,219885,TLW Cooper,TLW Cooper,Netherlands,2010-08-18,2023-04-02,18,18,1,576,770,74,33.88,74.81,0,5,60,4,8.31,56.36,3.7,13,311,277,5,55.4,5.34,62.2,2/31,0,0,49.84,10,0,115,170,67.65,6,3.0,0,451,578,78.03,285,4.8,5,10,22,45.45,20,13.8,0
ab54f9e7,1278263,J Jarvis,J Jarvis,Scotland,2023-02-17,2026-08-13,23,16,3,135,153,30,10.38,88.24,0,0,10,5,9.8,53.59,8.8,21,755,697,27,25.81,5.54,27.96,4/40,1,0,54.3,7,0,0,0,,78,5.0,2,59,90,65.56,588,5.28,17,76,63,120.63,89,7.75,8
acc321aa,56074,Rajin Saleh,Rajin Saleh,Bangladesh,2003-09-09,2006-10-13,26,26,0,515,1030,82,19.81,50.0,0,2,41,1,4.08,68.35,2.8,11,279,248,8,31.0,5.33,34.88,4/16,1,0,44.09,4,0,157,399,39.35,0,,0,334,615,54.31,186,4.52,3,24,16,150.0,93,6.97,5
2a2e6343,4864,DT Christian,DT Christian,Australia,2012-02-05,2021-07-26,20,18,5,273,307,39,21.0,88.93,0,0,23,3,8.47,49.84,7.0,19,727,595,20,29.75,4.91,36.35,5/31,0,1,46.08,10,0,0,0,,12,2.5,0,126,153,82.35,583,4.87,12,147,154,95.45,132,5.32,8
94238673,226493,HK Bennett,HK Bennett,New Zealand,2010-10-14,2020-02-11,19,7,5,10,35,4*,5.0,28.57,0,0,0,0,0.0,71.43,11.0,18,892,820,33,24.85,5.52,27.03,4/16,3,0,54.04,3,0,0,0,,228,5.89,5,0,4,0.0,499,4.71,14,10,31,32.26,165,7.42,14
dec8e038,223642,J Theron,J Theron,United States of America,2010-10-15,2022-06-12,18,12,2,50,102,12,5.0,49.02,0,0,5,0,4.9,69.61,9.8,17,780,667,31,21.52,5.13,25.16,5/44,1,1,53.21,7,0,0,0,,264,4.27,4,18,39,46.15,342,5.11,14,32,63,50.79,174,6.48,13
34ff9e07,48462,PA de Silva,PA de Silva,Sri Lanka,2003-01-09,2003-03-18,14,13,0,390,474,92,30.0,82.28,0,3,34,7,8.65,53.59,4.3,13,565,473,14,33.79,5.02,40.36,4/30,1,0,45.13,6,0,3,15,20.0,36,3.5,1,286,379,75.46,438,4.96,7,101,80,126.25,91,5.93,6
0c2730df,30176,A Kumble,A Kumble,India,2002-06-29,2007-03-19,29,16,4,108,254,24,9.0,42.52,0,0,10,0,3.94,71.65,9.4,28,1489,1144,28,40.86,4.61,53.18,4/32,1,0,53.86,5,0,0,0,,36,5.67,0,69,178,38.76,1298,4.35,26,39,76,51.32,155,6.5,2
74d12124,510823,JP Greaves,JP Greaves,West Indies,2022-01-08,2026-07-21,24,23,5,506,522,50,28.11,96.93,0,1,47,11,11.11,49.23,5.0,12,456,509,8,63.62,6.7,57.0,2/32,0,0,46.27,11,0,116,156,74.36,12,7.0,0,168,227,74.01,366,6.16,6,222,139,159.71,78,9.15,2
0b7b78c6,1453642,Hammad Mirza,Hammad Mirza,Oman,2024-11-01,2026-09-10,20,20,2,665,923,112*,36.94,72.05,1,4,65,8,7.91,58.72,4.0,0,0,0,0,,,,,0,0,,20,2,74,151,49.01,0,,0,522,715,73.01,0,,0,69,57,121.05,0,,0
525c3f54,36192,AR Adams,AR Adams,New Zealand,2003-01-04,2007-01-06,18,12,1,165,151,36,15.0,109.27,0,0,11,10,13.91,53.64,8.1,17,807,724,25,28.96,5.38,32.28,5/22,2,1,60.72,5,0,28,16,175.0,186,5.26,4,62,66,93.94,432,4.68,14,75,69,108.7,189,7.11,7
9b4935c8,5236,CJ Ferguson,CJ Ferguson,Australia,2009-02-06,2011-04-13,30,25,9,663,777,71*,41.44,85.33,0,5,64,0,8.24,46.46,5.4,0,0,0,0,,,,,0,0,,7,0,25,38,65.79,0,,0,429,538,79.74,0,,0,209,201,103.98,0,,0
abfeb126,30049,M Kartik,M Kartik,India,2003-11-06,2007-11-18,24,8,3,102,133,32*,20.4,76.69,0,0,9,1,7.52,56.39,9.8,23,1199,1019,28,36.39,5.1,42.82,6/27,0,1,49.21,6,0,0,0,,12,3.5,0,49,62,79.03,1085,4.93,24,53,71,74.65,102,7.06,4
70542bef,37696,HJH Marshall,HJH Marshall,New Zealand,2003-11-29,2007-04-09,37,36,4,661,964,74,20.66,68.57,0,6,44,1,4.67,54.25,4.4,0,0,0,0,,,,,0,0,,6,0,71,159,44.65,0,,0,510,721,70.74,0,,0,80,84,95.24,0,,0
eb2d5fe7,232491,Anwar Ali,Anwar Ali,Pakistan,2013-11-24,2016-01-25,21,15,5,300,331,43*,30.0,90.63,0,0,27,7,10.27,51.96,8.3,21,903,921,18,51.17,6.12,50.17,3/66,0,0,45.74,4,0,0,0,,354,5.75,5,99,159,62.26,366,5.0,6,201,172,116.86,183,9.08,7
08548b13,784373,PHKD Mendis,PHKD Mendis,Sri Lanka,2019-03-10,2026-06-03,28,27,6,539,674,64,25.67,79.97,0,3,41,14,8.16,54.3,5.1,15,300,326,6,54.33,6.52,50.0,3/19,0,0,41.67,11,0,53,100,53.0,18,8.67,0,370,492,75.2,276,6.35,6,116,82,141.46,6,8.0,0
96a6a7ad,272279,NM Lyon,NM Lyon,Australia,2012-03-08,2019-07-11,29,14,10,77,83,30,19.25,92.77,0,0,7,2,10.84,53.01,10.5,29,1626,1334,29,46.0,4.92,56.07,4/44,1,0,49.57,7,0,0,0,,120,5.35,3,31,41,75.61,1380,4.8,24,46,42,109.52,126,5.81,2
37138918,935995,Afif Hossain,Afif Hossain,Bangladesh,2020-03-06,2026-04-17,31,27,4,594,680,85*,25.83,87.35,0,2,54,9,9.26,49.26,6.4,10,111,116,3,38.67,6.27,37.0,1/12,0,0,44.14,11,0,1,1,100.0,0,,0,403,526,76.62,102,5.82,3,190,153,124.18,9,11.33,0
1ac2a995,443263,HR Walsh,HR Walsh,West Indies,2019-04-27,2024-10-23,22,13,3,172,252,46*,17.2,68.25,0,0,18,1,7.54,61.51,8.8,22,962,890,24,37.08,5.55,40.08,5/39,1,1,46.99,3,0,0,3,0.0,6,13.0,0,121,189,64.02,800,5.45,17,51,60,85.0,156,5.81,7
759ac88f,537119,MM Sharma,MM Sharma,India,2013-08-01,2015-10-25,26,9,5,31,66,11,7.75,46.97,0,0,5,0,7.58,78.79,10.2,25,1121,1020,31,32.9,5.46,36.16,4/22,1,0,56.02,6,0,0,0,,424,5.0,9,14,47,29.79,534,4.89,12,17,19,89.47,163,8.54,10
33a50ecf,52681,RL Powell,RL Powell,West Indies,2003-02-09,2005-08-06,34,30,6,570,611,52,23.75,93.29,0,3,60,14,12.11,56.63,5.0,9,180,178,4,44.5,5.93,45.0,2/32,0,0,39.44,11,0,149,173,86.13,0,,0,273,352,77.56,132,6.05,2,148,86,172.09,48,5.62,2
9d1d34bd,401057,Taijul Islam,Taijul Islam,Bangladesh,2014-12-01,2024-03-15,17,10,2,89,133,39*,11.12,66.92,0,0,8,1,6.77,59.4,8.9,17,876,690,28,24.64,4.73,31.29,5/28,1,1,54.11,1,0,0,0,,102,4.65,4,40,40,100.0,720,4.64,21,49,93,52.69,54,6.0,3
a21ea40c,55329,CK Coventry,CK Coventry,Zimbabwe,2003-07-06,2015-05-31,26,24,1,645,720,194*,28.04,89.58,1,3,48,26,10.28,54.72,4.5,0,0,0,0,,,,,0,0,,10,1,100,141,70.92,0,,0,394,490,80.41,0,,0,151,89,169.66,0,,0
77b1aa15,1312645,Harshit Rana,Harshit Rana,India,2025-02-06,2026-01-18,14,7,2,124,102,52,24.8,121.57,0,1,10,6,15.69,45.1,8.3,14,687,712,26,27.38,6.22,26.42,4/39,1,0,50.07,2,0,0,0,,276,5.59,7,23,32,71.88,282,6.38,13,101,70,144.29,129,7.21,6
37137c8b,235514,BV Vitori,BV Vitori,Zimbabwe,2011-08-12,2016-11-27,20,11,3,63,71,20*,7.88,88.73,0,0,5,4,12.68,66.2,10.6,20,1022,998,29,34.41,5.86,35.24,5/20,0,2,51.08,2,0,0,0,,474,5.01,12,18,37,48.65,341,5.07,8,45,34,132.35,207,9.1,9
0a9d8b61,314615,JL Carter,JL Carter,West Indies,2015-01-16,2019-05-17,30,26,3,560,758,54,24.35,73.88,0,3,48,10,7.65,59.37,5.6,12,136,160,4,40.0,7.06,34.0,2/14,0,0,32.35,6,0,14,43,32.56,1,12.0,0,476,658,72.34,98,6.18,3,70,57,122.81,37,9.24,1
e734d090,379774,CN Ackermann,CN Ackermann,Netherlands,2021-11-26,2025-03-13,16,15,1,380,509,69,27.14,74.66,0,3,38,2,7.86,55.8,3.6,16,614,459,13,35.31,4.49,47.23,4/22,1,0,56.68,8,0,112,134,83.58,60,5.0,2,264,368,71.74,450,4.12,7,4,7,57.14,104,5.77,4
7d7ab238,37111,MR Gillespie,MR Gillespie,New Zealand,2006-12-28,2008-12-31,26,12,7,80,93,28,16.0,86.02,0,0,8,1,9.68,60.22,10.1,26,1284,1192,28,42.57,5.57,45.86,3/27,0,0,59.11,6,0,0,0,,282,5.0,3,30,40,75.0,750,4.95,13,50,53,94.34,252,8.05,12
87b177e8,51481,CD Collymore,CD Collymore,West Indies,2003-02-18,2007-04-21,40,16,8,39,70,12*,4.88,55.71,0,0,1,2,4.29,70.0,11.0,36,1806,1264,30,42.13,4.2,60.2,3/19,0,0,59.97,4,0,0,0,,504,3.95,5,11,33,33.33,1060,3.69,17,28,37,75.68,242,6.94,8
7be8a0ed,12461,JW Dernbach,JW Dernbach,England,2011-06-28,2013-06-02,24,8,1,19,39,5,2.71,48.72,0,0,1,0,2.56,58.97,11.0,24,1234,1308,31,42.19,6.36,39.81,4/45,1,0,45.22,5,0,0,0,,210,5.6,3,4,11,36.36,775,6.19,14,15,28,53.57,249,7.52,14
7fe5deb8,55509,DT Hondo,DT Hondo,Zimbabwe,2003-02-10,2005-01-24,32,16,8,35,110,12*,4.38,31.82,0,0,4,0,3.64,83.64,10.8,32,1336,1168,30,38.93,5.25,44.53,3/54,0,0,57.78,6,0,0,0,,539,4.62,13,2,15,13.33,563,4.61,8,33,95,34.74,234,8.21,9
953e3931,8231,BA Williams,BA Williams,Australia,2003-01-15,2004-05-25,20,5,3,14,24,11*,7.0,58.33,0,0,0,0,0.0,50.0,10.6,19,951,643,31,20.74,4.06,30.68,5/22,1,2,65.83,3,0,0,0,,420,3.29,15,0,0,,387,4.39,10,14,24,58.33,144,5.42,6
552b228c,452472,Anshuman Rath,Anshuman Rath,Hong Kong,2015-11-16,2018-09-18,12,12,1,393,527,85,35.73,74.57,0,3,36,3,7.4,55.22,3.4,5,258,107,12,8.92,2.49,21.5,3/22,0,0,71.32,3,0,110,174,63.22,6,5.0,0,264,335,78.81,246,2.46,12,19,18,105.56,6,1.0,0
1ee08e9a,774223,JA Richardson,JA Richardson,Australia,2018-01-19,2022-06-19,15,9,4,93,107,29,18.6,86.92,0,0,7,0,6.54,43.93,8.7,15,810,793,27,29.37,5.87,30.0,4/26,1,0,52.22,5,0,0,0,,318,4.6,5,21,38,55.26,312,6.1,9,72,69,104.35,180,7.73,13
48ad3373,854909,BM Tickner,BM Tickner,New Zealand,2022-03-29,2026-04-20,18,10,6,53,69,18*,13.25,76.81,0,0,5,0,7.25,53.62,10.4,18,857,913,29,31.48,6.39,29.55,4/34,4,0,50.18,7,0,0,0,,114,6.42,0,8,15,53.33,605,5.8,20,45,54,83.33,138,8.96,9
ada15e88,334337,PSP Handscomb,PSP Handscomb,Australia,2017-01-19,2019-07-11,22,20,1,632,649,117,33.26,97.38,1,4,46,6,8.01,38.21,4.5,0,0,0,0,,,,,0,0,,14,0,46,58,79.31,0,,0,456,488,93.44,0,,0,130,103,126.21,0,,0
753c95b9,212756,SS Pathirana,SS Pathirana,Sri Lanka,2015-07-15,2017-12-17,18,14,1,332,383,56,25.54,86.68,0,1,33,5,9.92,54.83,7.9,18,765,720,15,48.0,5.65,51.0,3/37,0,0,43.79,4,0,0,0,,36,6.83,3,280,331,84.59,717,5.51,12,52,52,100.0,12,10.0,0
da785bf8,55269,GB Brent,GB Brent,Zimbabwe,2003-06-26,2008-02-02,24,19,8,192,298,59*,17.45,64.43,0,1,13,3,5.37,58.39,8.8,23,1103,887,22,40.32,4.83,50.14,4/22,1,0,61.11,7,0,0,0,,306,4.27,2,68,143,47.55,647,4.67,10,124,155,80.0,150,6.6,10
8d0ea930,6126,MS Kasprowicz,MS Kasprowicz,Australia,2004-02-27,2005-07-12,17,4,3,11,20,9*,11.0,55.0,0,0,1,0,5.0,70.0,10.2,16,860,573,31,18.48,4.0,27.74,5/45,1,2,63.72,7,0,0,0,,126,3.05,1,0,0,,600,3.56,21,11,20,55.0,134,6.85,9
bd17b45f,27223,STR Binny,STR Binny,India,2014-01-28,2015-10-11,14,11,3,230,246,77,28.75,93.5,0,1,23,5,11.38,50.0,7.1,12,490,439,20,21.95,5.38,24.5,6/4,0,1,53.88,3,0,0,0,,138,5.61,4,112,157,71.34,334,4.8,15,118,89,132.58,18,14.33,1
aa8d28ae,221140,D Wiese,D Wiese,Namibia,2015-08-19,2022-07-16,14,14,2,328,364,67,27.33,90.11,0,1,21,10,8.52,48.63,6.9,14,677,638,15,42.53,5.65,45.13,3/50,0,0,51.85,2,0,0,0,,210,4.63,3,151,209,72.25,366,5.72,9,177,155,114.19,101,7.54,3
caf1b14c,51659,N Deonarine,N Deonarine,West Indies,2005-07-31,2015-01-28,27,25,3,546,855,65*,24.82,63.86,0,3,48,6,6.32,62.11,4.8,16,393,366,4,91.5,5.59,98.25,2/18,0,0,39.95,9,0,80,140,57.14,6,5.0,0,378,635,59.53,345,5.69,1,88,80,110.0,42,4.86,3
6a71ba3a,1071504,M Levitt,M Levitt,Netherlands,2024-02-17,2025-06-12,17,17,0,443,528,57,26.06,83.9,0,1,53,14,12.69,65.53,1.6,12,450,355,9,39.44,4.73,50.0,3/49,0,0,54.67,5,0,310,370,83.78,6,7.0,0,121,148,81.76,426,4.55,9,12,10,120.0,18,8.33,0
d9609443,446101,ST Gabriel,ST Gabriel,West Indies,2016-06-21,2019-07-01,23,15,8,22,58,12*,3.14,37.93,0,0,1,0,1.72,72.41,11.0,23,1054,1088,30,36.27,6.19,35.13,3/17,0,0,48.67,1,0,0,0,,354,5.75,14,14,30,46.67,540,5.8,12,8,28,28.57,160,8.51,4
c6097d68,914567,O Thomas,O Thomas,West Indies,2018-10-21,2024-02-06,23,14,9,22,73,7*,4.4,30.14,0,0,2,0,2.74,80.82,10.7,23,878,991,30,33.03,6.77,29.27,5/21,1,1,52.62,1,0,0,0,,248,6.48,8,6,21,28.57,497,6.24,15,16,52,30.77,133,9.29,7
5a4c12ab,444135,Sohag Gazi,Sohag Gazi,Bangladesh,2012-11-30,2014-08-25,19,15,3,182,205,30,15.17,88.78,0,0,18,4,10.73,50.73,8.1,18,917,722,22,32.82,4.72,41.68,4/29,1,0,54.96,7,0,0,0,,276,3.26,3,55,71,77.46,534,4.94,14,127,134,94.78,107,7.4,5
de0a3209,373696,Mominul Haque,Mominul Haque,Bangladesh,2012-11-30,2018-09-26,25,23,1,495,657,60,22.5,75.34,0,2,54,1,8.37,55.1,4.0,10,156,137,6,22.83,5.27,26.0,2/13,0,0,49.36,4,0,105,174,60.34,0,,0,310,422,73.46,132,5.41,5,80,61,131.15,24,4.5,1
0226b73a,943275,Imran Haider,Imran Haider,United Arab Emirates,2017-01-24,2019-04-16,17,12,6,54,123,18*,9.0,43.9,0,0,2,0,1.63,68.29,9.8,17,805,714,28,25.5,5.32,28.75,4/25,1,0,50.81,5,0,0,0,,0,,0,29,79,36.71,763,5.1,25,25,44,56.82,42,9.43,3
112959b2,23797,A Bagai,A Bagai,Canada,2003-02-11,2013-08-29,26,24,3,614,971,87,29.24,63.23,0,5,63,1,6.59,60.76,4.9,0,0,0,0,,,,,0,0,,29,5,67,131,51.15,0,,0,440,726,60.61,0,,0,107,114,93.86,0,,0
bb1819fa,56176,Tapash Baisya,Tapash Baisya,Bangladesh,2003-02-11,2007-03-31,25,15,5,113,212,22*,11.3,53.3,0,0,9,0,4.25,66.04,10.1,25,1120,1087,25,43.48,5.82,44.8,4/16,1,0,56.88,4,0,0,0,,623,5.35,8,31,77,40.26,348,5.71,9,82,135,60.74,149,8.09,8
5318ee68,1210511,Nahid Rana,Nahid Rana,Bangladesh,2024-12-08,2026-07-09,13,6,6,12,30,5*,,40.0,0,0,2,0,6.67,83.33,11.0,13,730,563,30,18.77,4.63,24.33,6/21,1,3,61.23,2,0,0,0,,150,5.36,7,8,18,44.44,504,4.18,20,4,12,33.33,76,6.16,3
a15618fe,296597,JM Vince,JM Vince,England,2015-05-08,2023-03-06,24,21,0,590,672,102,28.1,87.8,1,3,73,3,11.31,53.72,2.6,2,42,38,1,38.0,5.43,42.0,1/18,0,0,52.38,10,0,305,365,83.56,0,,0,278,299,92.98,42,5.43,1,7,8,87.5,0,,0
f3171936,5941,BW Hilfenhaus,BW Hilfenhaus,Australia,2007-01-14,2012-07-10,25,11,8,29,69,16,9.67,42.03,0,0,2,0,2.9,69.57,10.8,25,1216,1075,29,37.07,5.3,41.93,5/33,0,1,58.88,10,0,0,0,,624,4.59,12,4,17,23.53,429,5.37,8,25,52,48.08,163,7.88,9
753b5a2d,238612,NN Odhiambo,NN Odhiambo,Kenya,2006-08-12,2014-01-30,23,18,2,189,286,44*,11.81,66.08,0,0,19,1,6.99,62.59,8.0,22,882,867,21,41.29,5.9,42.0,3/32,0,0,58.84,1,0,1,5,20.0,222,5.7,3,129,205,62.93,505,4.94,9,59,76,77.63,155,9.29,9
f2800ef3,43685,Yasir Shah,Yasir Shah,Pakistan,2011-09-14,2019-05-11,25,13,6,127,149,32*,18.14,85.23,0,0,9,1,6.71,43.62,9.2,24,1293,1150,24,47.92,5.34,53.88,6/26,1,1,44.78,6,0,0,0,,18,6.33,0,44,67,65.67,1176,5.15,21,83,82,101.22,99,7.39,3
25550d06,379144,GI Hume,GI Hume,Ireland,2022-07-15,2025-02-18,19,8,4,65,97,21,16.25,67.01,0,0,4,2,6.19,59.79,9.6,19,862,778,27,28.81,5.42,31.93,4/34,2,0,53.6,2,0,0,0,,360,4.85,4,35,68,51.47,339,5.03,12,30,29,103.45,163,7.47,11
ee229588,1206190,S Movva,S Movva,Canada,2024-02-08,2026-08-13,29,27,8,605,905,83*,31.84,66.85,0,4,39,5,4.86,54.25,6.3,0,0,0,0,,,,,0,0,,28,3,3,24,12.5,0,,0,437,708,61.72,0,,0,165,173,95.38,0,,0
ade071c5,55954,Khaled Mashud,Khaled Mashud,Bangladesh,2003-02-11,2006-12-05,45,36,11,605,1107,71*,24.2,54.65,0,2,39,1,3.61,63.41,7.1,0,0,0,0,,,,,0,0,,28,14,3,33,9.09,0,,0,340,762,44.62,0,,0,262,312,83.97,0,,0
79aad751,429738,PADLR Sandakan,PADLR Sandakan,Sri Lanka,2016-08-21,2021-07-20,31,19,7,64,140,16*,5.33,45.71,0,0,4,0,2.86,66.43,10.1,30,1488,1539,27,57.0,6.21,55.11,4/52,1,0,41.94,8,0,0,0,,12,5.0,0,17,49,34.69,1344,6.14,24,47,91,51.65,132,6.95,3
df08c69e,55388,KM Dabengwa,KM Dabengwa,Zimbabwe,2005-09-04,2010-12-12,24,23,5,364,614,45,20.22,59.28,0,0,20,6,4.23,61.24,6.9,24,700,641,12,53.42,5.49,58.33,3/17,0,0,44.14,6,0,10,26,38.46,0,,0,196,414,47.34,564,5.31,6,158,174,90.8,136,6.26,6
9dca07d7,20187,RJ Sidebottom,RJ Sidebottom,England,2007-07-04,2010-02-28,22,16,6,124,182,24,12.4,68.13,0,0,11,0,6.04,58.79,10.1,22,1144,936,24,39.0,4.91,47.67,3/27,0,0,57.52,6,0,0,0,,558,4.18,5,35,72,48.61,396,4.68,9,89,110,80.91,190,7.52,10
b2b50355,26829,L Balaji,L Balaji,India,2004-01-09,2009-02-08,20,12,4,104,129,21*,13.0,80.62,0,0,8,3,8.53,55.81,10.2,20,961,899,25,35.96,5.61,38.44,4/48,1,0,56.3,10,0,0,0,,360,5.63,4,12,24,50.0,497,4.99,15,92,105,87.62,104,8.54,6
24fcd95d,229225,Kashif Daud,Kashif Daud,United Arab Emirates,2021-01-08,2022-08-14,19,16,6,282,310,76*,28.2,90.97,0,2,19,13,10.32,53.55,7.6,19,663,481,16,30.06,4.35,41.44,3/41,0,0,61.69,3,0,0,0,,426,3.59,10,112,151,74.17,150,4.24,2,170,159,106.92,87,8.28,4
a56f4b65,461281,PL Mommsen,PL Mommsen,Scotland,2013-05-17,2017-06-17,19,19,4,601,775,111*,40.07,77.55,1,4,49,3,6.71,51.1,4.6,0,0,0,0,,,,,0,0,,10,0,26,54,48.15,0,,0,411,597,68.84,0,,0,164,124,132.26,0,,0
7239b60d,953793,CAH Stevenson,CAH Stevenson,United States of America,2019-12-08,2022-09-17,18,18,5,141,211,34*,10.85,66.82,0,0,12,1,6.16,57.35,8.7,17,693,642,23,27.91,5.56,30.13,3/22,0,0,53.97,3,0,1,1,100.0,102,4.88,2,34,75,45.33,462,5.16,13,106,135,78.52,129,7.53,8
7f8ecc51,46942,AM Phangiso,AM Phangiso,South Africa,2013-01-25,2016-10-09,21,13,2,81,162,20,7.36,50.0,0,0,5,0,3.09,66.05,9.3,21,1085,829,26,31.88,4.58,41.73,3/40,0,0,54.65,4,0,0,0,,60,4.4,2,23,80,28.75,888,4.34,18,58,82,70.73,137,6.22,6
090f9211,56149,Shahadat Hossain,Shahadat Hossain,Bangladesh,2006-04-26,2013-03-28,33,20,13,60,115,16*,8.57,52.17,0,0,5,1,5.22,69.57,10.5,33,1498,1551,27,57.44,6.21,55.48,3/42,0,0,53.6,3,0,0,0,,750,5.92,9,19,42,45.24,527,5.74,7,41,73,56.16,221,8.33,11
80ad39ac,926629,Hasan Mahmud,Hasan Mahmud,Bangladesh,2021-01-20,2025-07-05,21,13,3,37,78,15,3.7,47.44,0,0,4,0,5.13,70.51,9.8,20,891,891,28,31.82,6.0,31.82,5/32,0,1,56.0,1,0,0,0,,372,4.42,11,21,52,40.38,399,6.84,12,16,26,61.54,120,8.1,5
3204c99f,596010,G Coetzee,G Coetzee,South Africa,2023-03-18,2023-11-16,13,7,0,57,90,22,8.14,63.33,0,0,4,1,5.56,61.11,8.3,13,606,676,27,25.04,6.69,22.44,4/50,1,0,52.31,4,0,0,0,,48,10.88,1,52,78,66.67,474,6.37,23,5,12,41.67,84,6.14,3
4948a447,55894,Farhad Reza,Farhad Reza,Bangladesh,2006-08-06,2011-12-06,27,26,5,316,501,41*,15.05,63.07,0,0,34,6,7.98,67.66,7.3,25,809,784,14,56.0,5.81,57.79,2/41,0,0,53.03,8,0,0,0,,192,4.94,2,282,451,62.53,533,5.81,10,34,50,68.0,84,7.86,2
526e006d,1136106,Jay Odedra,Jay Odedra,Oman,2019-08-14,2026-09-10,24,10,2,35,70,20*,4.38,50.0,0,0,1,3,5.71,77.14,8.7,24,943,611,28,21.82,3.89,33.68,4/34,1,0,62.99,6,0,0,5,0.0,120,2.6,3,6,29,20.69,762,4.03,22,29,36,80.56,61,4.62,3
05b1aef8,959771,NG Smith,NG Smith,New Zealand,2024-11-13,2026-07-21,21,15,4,115,171,21*,10.45,67.25,0,0,7,0,4.09,49.71,8.3,21,817,859,24,35.79,6.31,34.04,4/42,2,0,52.39,14,0,0,0,,240,5.92,6,48,90,53.33,492,6.32,14,67,81,82.72,85,7.34,4
c51add25,574638,MB Kruger,MB Kruger,Namibia,2024-02-23,2026-09-11,27,26,0,587,907,80,22.58,64.72,0,3,45,6,5.62,61.19,3.8,0,0,0,0,,,,,0,0,,13,0,140,276,50.72,0,,0,384,582,65.98,0,,0,63,49,128.57,0,,0
bf74b130,959759,FH Allen,FH Allen,New Zealand,2022-07-10,2023-09-26,22,21,0,582,624,96,27.71,93.27,0,5,78,14,14.74,60.58,1.4,0,0,0,0,,,,,0,0,,9,0,389,428,90.89,0,,0,193,195,98.97,0,,0,0,1,0.0,0,,0
ac166f77,1282006,S Shrivastava,S Shrivastava,Oman,2024-11-01,2026-04-10,14,6,4,22,51,7,11.0,43.14,0,0,2,0,3.92,68.63,9.7,14,633,544,28,19.43,5.16,22.61,4/25,2,0,56.08,5,0,0,0,,18,8.33,1,15,39,38.46,517,4.89,21,7,12,58.33,98,6.0,6
0730a707,1115025,SI Kamea,SI Kamea,Papua New Guinea,2022-03-25,2023-04-05,20,16,9,18,55,5*,2.57,32.73,0,0,2,0,3.64,78.18,10.9,19,898,766,28,27.36,5.12,32.07,5/38,0,1,58.35,1,0,0,0,,438,4.33,10,2,23,8.7,315,5.07,9,16,32,50.0,145,7.61,9
7839bf3a,355583,HS Baidwan,HS Baidwan,Canada,2008-06-29,2014-01-28,16,12,3,117,177,33,13.0,66.1,0,0,10,0,5.65,55.93,9.1,16,804,714,23,31.04,5.33,34.96,3/35,0,0,54.48,6,0,0,0,,269,4.82,6,76,135,56.3,402,4.82,10,41,42,97.62,133,7.89,7
5e5eab39,56056,Nazmul Hossain,Nazmul Hossain,Bangladesh,2004-09-15,2012-03-22,26,12,8,15,77,6,3.75,19.48,0,0,0,0,0.0,83.12,10.8,25,1106,967,28,34.54,5.25,39.5,4/40,1,0,58.5,4,0,0,0,,546,4.22,14,4,41,9.76,414,5.04,5,11,36,30.56,146,9.66,9
87a92b6b,646181,N Pokana,N Pokana,Papua New Guinea,2019-04-27,2022-09-21,16,11,6,54,122,11*,10.8,44.26,0,0,3,1,3.28,69.67,11.0,16,795,544,26,20.92,4.11,30.58,3/25,0,0,61.76,7,0,0,0,,450,3.44,12,16,45,35.56,168,4.14,2,38,77,49.35,177,5.76,12
928670cc,38924,BJ Watling,BJ Watling,New Zealand,2010-08-13,2018-11-11,28,25,2,573,838,96*,24.91,68.38,0,5,58,3,7.28,59.07,3.5,0,0,0,0,,,,,0,0,,20,0,131,270,48.52,0,,0,339,469,72.28,0,,0,103,99,104.04,0,,0
0f6db197,643885,S Mahmood,S Mahmood,England,2020-02-09,2026-07-16,18,7,4,31,53,12,10.33,58.49,0,0,2,0,3.77,58.49,10.9,18,895,780,27,28.89,5.23,33.15,4/42,1,0,57.88,3,0,0,0,,438,5.01,12,7,14,50.0,328,4.63,5,24,39,61.54,129,7.49,10
244048f6,1125976,Arshdeep Singh,Arshdeep Singh,India,2022-11-25,2026-07-19,16,11,3,71,58,18,8.88,122.41,0,0,7,3,17.24,50.0,9.9,15,741,683,25,27.32,5.53,29.64,5/37,1,1,55.47,3,0,0,0,,360,4.77,13,4,6,66.67,246,5.71,3,67,52,128.85,135,7.24,9
bad31fac,34105,J Srinath,J Srinath,India,2002-12-29,2003-03-23,16,9,3,31,81,15,5.17,38.27,0,0,4,0,4.94,77.78,10.3,16,825,534,27,19.78,3.88,30.56,4/30,2,0,66.42,1,0,0,0,,456,3.43,12,16,32,50.0,272,3.75,8,15,49,30.61,97,6.37,7
172dff15,594322,C Bosch,C Bosch,South Africa,2024-12-22,2026-09-13,14,11,5,309,272,67,51.5,113.6,0,1,30,8,13.97,41.91,7.5,14,640,716,13,55.08,6.71,49.23,2/32,0,0,45.47,5,0,0,1,0.0,162,5.19,3,104,113,92.04,348,6.57,5,205,158,129.75,130,9.0,5
e3eb9e46,350629,Nizakat Khan,Nizakat Khan,Hong Kong,2014-05-04,2018-09-18,15,15,0,508,615,93,33.87,82.6,0,2,56,12,11.06,57.89,2.8,5,108,89,3,29.67,4.94,36.0,1/11,0,0,50.93,9,0,166,173,95.95,0,,0,289,405,71.36,102,5.12,3,53,37,143.24,6,2.0,0
ac5ae4af,328026,I Udana,I Udana,Sri Lanka,2012-07-24,2021-07-18,20,17,4,227,228,78,17.46,99.56,0,1,17,9,11.4,52.63,8.8,20,873,922,17,54.24,6.34,51.35,3/82,0,0,44.22,6,0,0,0,,186,5.68,2,116,108,107.41,480,5.53,6,111,120,92.5,207,8.81,9
a90e53ec,605575,MW Short,MW Short,Australia,2023-09-22,2026-06-11,22,20,0,442,513,74,22.1,86.16,0,4,44,10,10.53,55.56,2.0,18,420,386,6,64.33,5.51,70.0,3/36,0,0,45.95,10,0,218,233,93.56,36,5.0,2,222,276,80.43,348,5.55,4,2,4,50.0,36,5.67,0
bccead86,964085,FDW McCreath,FDW McCreath,Scotland,2025-05-04,2026-08-13,20,17,0,561,777,112,33.0,72.2,1,3,48,6,6.95,55.47,3.4,0,0,0,0,,,,,0,0,,11,0,92,170,54.12,0,,0,359,523,68.64,0,,0,110,84,130.95,0,,0
d3851cd8,40082,Ehsan Khan,Ehsan Khan,Hong Kong,2016-09-08,2018-09-18,13,11,3,100,224,27*,12.5,44.64,0,0,8,0,3.57,69.64,6.8,13,703,515,23,22.39,4.4,30.57,3/29,0,0,58.18,1,0,0,0,,60,7.5,4,64,172,37.21,566,4.17,13,36,52,69.23,77,3.66,6
93b4fc78,290630,MK Pandey,MK Pandey,India,2015-07-14,2021-07-23,28,23,7,558,610,104*,34.88,91.48,1,2,45,5,8.2,42.3,4.9,0,0,0,0,,,,,0,0,,10,0,21,31,67.74,0,,0,317,402,78.86,0,,0,220,177,124.29,0,,0
023f6b02,24230,Nadeem Ahmed,Nadeem Ahmed,Hong Kong,2008-06-24,2018-09-18,17,11,2,55,129,14,6.11,42.64,0,0,5,0,3.88,74.42,10.5,17,882,647,25,25.88,4.4,35.28,4/33,3,0,62.81,9,0,0,0,,204,5.03,5,18,62,29.03,582,3.9,18,37,67,55.22,96,6.12,2
b590a4d8,55416,DD Ebrahim,DD Ebrahim,Zimbabwe,2003-02-10,2005-01-24,33,28,3,555,1023,71*,22.2,54.25,0,2,36,0,3.52,62.66,4.2,1,2,5,0,,15.0,,0/5,0,0,0.0,9,0,74,187,39.57,0,,0,393,732,53.69,2,15.0,0,88,104,84.62,0,,0
537021f5,1310415,JT Brassell,JT Brassell,Namibia,2024-02-15,2026-09-13,20,12,4,14,47,3,1.75,29.79,0,0,0,0,0.0,72.34,10.2,19,894,780,27,28.89,5.23,33.11,4/22,2,0,57.94,7,0,0,0,,192,5.47,5,5,12,41.67,618,4.97,16,9,35,25.71,84,6.64,6
cb9b8664,1211825,W O'Rourke,W O'Rourke,New Zealand,2023-12-17,2026-04-23,20,6,2,13,31,6,3.25,41.94,0,0,0,0,0.0,61.29,10.8,20,982,922,27,34.15,5.63,36.37,4/43,1,0,55.5,5,0,0,0,,330,4.84,9,6,18,33.33,512,5.82,11,7,13,53.85,140,6.81,7
de3acffe,38005,AJ McKay,AJ McKay,New Zealand,2010-02-05,2012-03-03,19,10,7,12,47,4*,4.0,25.53,0,0,0,0,0.0,78.72,10.9,19,926,800,27,29.63,5.18,34.3,4/53,2,0,58.86,3,0,0,0,,186,5.19,5,3,12,25.0,609,5.07,14,9,35,25.71,131,5.68,8
2182013e,343529,SW Masakadza,SW Masakadza,Zimbabwe,2010-03-04,2014-08-17,12,8,1,109,108,38,15.57,100.93,0,0,10,6,14.81,57.41,9.4,12,621,729,22,33.14,7.04,28.23,4/46,3,0,45.73,6,0,0,0,,228,5.79,3,65,72,90.28,234,5.74,6,44,36,122.22,159,10.75,13
d8e79af0,44102,AC Botha,AC Botha,Ireland,2006-06-13,2011-03-11,17,17,4,265,405,52,20.38,65.43,0,1,28,2,7.41,64.2,4.9,13,594,415,14,29.64,4.19,42.43,3/32,0,0,56.23,6,0,82,106,77.36,30,4.2,0,182,290,62.76,474,3.9,8,1,9,11.11,90,5.73,6
99663fa5,31034,D Mongia,D Mongia,India,2002-06-29,2007-05-12,24,18,2,325,536,63*,20.31,60.63,0,1,24,3,5.04,60.63,5.2,13,500,416,11,37.82,4.99,45.45,3/49,0,0,50.8,9,0,7,23,30.43,0,,0,237,434,54.61,408,4.41,6,81,79,102.53,92,7.57,5
fbb657bb,539304,Babar Hayat,Babar Hayat,Hong Kong,2014-05-04,2018-09-18,15,15,2,539,735,82*,41.46,73.33,0,5,47,16,8.57,61.22,3.2,1,6,9,0,,9.0,,0/9,0,0,50.0,8,0,91,120,75.83,0,,0,400,573,69.81,6,9.0,0,48,42,114.29,0,,0
f427e63e,1191381,NRJ Croes,NRJ Croes,Netherlands,2023-07-09,2026-07-29,27,24,3,538,703,70,25.62,76.53,0,2,45,2,6.69,54.34,6.0,0,0,0,0,,,,,0,0,,18,0,21,40,52.5,0,,0,367,524,70.04,0,,0,150,139,107.91,0,,0
d99de998,1274487,ZB Lion-Cachet,ZB Lion-Cachet,Netherlands,2025-03-07,2026-07-31,17,17,1,317,506,78,19.81,62.65,0,1,20,1,4.15,57.91,3.6,14,319,269,11,24.45,5.06,29.0,3/15,0,0,53.29,8,0,45,97,46.39,0,,0,256,389,65.81,270,4.93,7,16,20,80.0,49,5.76,4
b57f8a9a,5674,BJ Hodge,BJ Hodge,Australia,2005-12-03,2007-10-17,23,19,2,516,566,123,30.35,91.17,1,2,43,12,9.72,49.65,4.3,3,66,51,1,51.0,4.64,66.0,1/17,0,0,45.45,16,0,22,44,50.0,0,,0,301,396,76.01,66,4.64,1,193,126,153.17,0,,0
4e1c9f6e,1174024,Sandeep Goud,Sandeep Goud,Oman,2019-04-27,2024-11-07,37,28,7,535,754,67*,25.48,70.95,0,3,32,22,7.16,60.08,7.1,6,90,78,0,,5.2,,0/7,0,0,51.11,19,0,0,0,,0,,0,290,527,55.03,90,5.2,0,245,227,107.93,0,,0
b018e1eb,827023,L Louwrens,L Louwrens,Namibia,2022-03-14,2024-07-24,25,24,0,535,906,57,22.29,59.05,0,3,62,1,6.95,67.22,1.3,0,0,0,0,,,,,0,0,,16,0,315,584,53.94,0,,0,220,322,68.32,0,,0,0,0,,0,,0
6a0537aa,44091,N Boje,N Boje,South Africa,2003-02-09,2005-10-30,21,11,6,215,211,50,43.0,101.9,0,1,23,2,11.85,44.55,7.5,20,920,690,16,43.12,4.5,57.5,2/26,0,0,51.74,6,0,0,0,,0,,0,113,133,84.96,864,4.41,14,102,78,130.77,56,5.89,2
37654b75,348049,Nasum Ahmed,Nasum Ahmed,Bangladesh,2022-07-10,2025-10-23,18,11,2,171,203,44,19.0,84.24,0,0,17,6,11.33,59.11,8.0,17,865,655,18,36.39,4.54,48.06,3/11,0,0,57.46,4,0,0,0,,240,3.95,5,75,112,66.96,576,4.52,12,96,91,105.49,49,7.71,1
a9520ac2,49633,J Mubarak,J Mubarak,Sri Lanka,2003-01-21,2013-07-23,30,27,5,531,807,72,24.14,65.8,0,3,43,3,5.7,59.73,4.6,5,51,44,0,,5.18,,0/1,0,0,39.22,7,0,91,216,42.13,0,,0,331,468,70.73,48,5.38,0,109,123,88.62,3,2.0,0
3eb7c45d,40563,Imran Nazir,Imran Nazir,Pakistan,2003-06-17,2009-10-03,21,21,0,531,579,160,25.29,91.71,1,1,70,12,14.16,62.18,1.3,0,0,0,0,,,,,0,0,,8,0,357,424,84.2,0,,0,149,143,104.2,0,,0,25,12,208.33,0,,0
bf814547,595004,K Verreynne,K Verreynne,South Africa,2020-02-29,2025-02-12,16,14,2,521,575,95,43.42,90.61,0,5,39,11,8.7,46.43,4.0,0,0,0,0,,,,,0,0,,10,0,70,75,93.33,0,,0,390,450,86.67,0,,0,61,50,122.0,0,,0
a1d3540a,333000,PJ Moor,PJ Moor,Zimbabwe,2014-11-26,2019-07-01,38,34,3,520,763,50,16.77,68.15,0,1,29,20,6.42,61.47,6.1,0,0,0,0,,,,,0,0,,11,1,33,66,50.0,0,,0,309,509,60.71,0,,0,178,188,94.68,0,,0
365229a8,646173,K Doriga,K Doriga,Papua New Guinea,2017-12-06,2023-04-05,34,33,1,520,910,73,16.25,57.14,0,3,46,11,6.26,69.89,4.2,0,0,0,0,,,,,0,0,,16,6,198,337,58.75,0,,0,280,530,52.83,0,,0,42,43,97.67,0,,0
7ecb9a14,455463,Aamir Kaleem,Aamir Kaleem,Oman,2019-08-15,2025-05-27,15,13,0,160,266,32,12.31,60.15,0,0,21,3,9.02,72.18,3.1,15,679,410,18,22.78,3.62,37.72,4/24,1,0,64.65,8,0,95,152,62.5,24,7.25,1,60,106,56.6,627,3.33,15,5,8,62.5,28,7.07,2
fec50c96,233802,SMA Priyanjan,SMA Priyanjan,Sri Lanka,2013-12-25,2015-07-26,23,20,2,420,522,74,23.33,80.46,0,2,47,3,9.58,55.17,6.2,14,265,233,5,46.6,5.28,53.0,2/11,0,0,43.02,7,0,29,35,82.86,6,4.0,0,230,379,60.69,228,5.18,5,161,108,149.07,31,6.19,0
7595b47f,1278252,Shariz Ahmad,Shariz Ahmad,Netherlands,2022-06-02,2024-11-09,20,17,2,159,281,30,10.6,56.58,0,0,11,0,3.91,60.85,7.8,18,592,593,18,32.94,6.01,32.89,5/43,0,1,45.78,7,0,0,0,,6,10.0,0,101,199,50.75,558,5.9,16,58,82,70.73,28,7.29,2
611c06dd,55822,MA Vermeulen,MA Vermeulen,Zimbabwe,2003-02-10,2009-11-08,29,29,2,517,785,92,19.15,65.86,0,3,63,1,8.15,63.82,3.2,0,0,0,0,,,,,0,0,,13,0,120,260,46.15,0,,0,375,508,73.82,0,,0,22,17,129.41,0,,0
7b5c6c0b,414971,CD Wallace,CD Wallace,Scotland,2016-08-14,2022-08-17,25,25,1,515,584,58,21.46,88.18,0,4,41,9,8.56,50.51,5.2,0,0,0,0,,,,,0,0,,14,1,111,101,109.9,0,,0,193,279,69.18,0,,0,211,204,103.43,0,,0
a28a7fba,1323683,A Johnson,A Johnson,Canada,2023-03-29,2026-08-13,22,21,0,514,525,70,24.48,97.9,0,4,61,27,16.76,65.52,1.2,1,24,14,0,,3.5,,0/14,0,0,54.17,11,0,369,389,94.86,0,,0,145,136,106.62,6,7.0,0,0,0,,18,2.33,0
0b0cc297,1139520,Tanzim Hasan Sakib,Tanzim Hasan Sakib,Bangladesh,2023-09-15,2025-07-08,13,9,3,134,159,45,22.33,84.28,0,0,9,6,9.43,55.97,8.6,13,599,589,19,31.0,5.9,31.53,3/14,0,0,52.25,3,0,0,0,,228,5.26,9,50,78,64.1,268,5.84,5,84,81,103.7,103,7.46,5
91052c96,36592,PW Borren,PW Borren,Netherlands,2006-12-01,2014-01-28,21,17,3,413,459,84,29.5,89.98,0,3,42,8,10.89,52.72,6.8,14,486,436,5,87.2,5.38,97.2,1/11,0,0,49.59,7,0,0,0,,24,8.0,0,282,355,79.44,372,4.44,4,131,104,125.96,90,8.6,1
e8d7b493,55991,Manjural Islam Rana,Manjural Islam Rana,Bangladesh,2003-11-07,2006-02-25,15,13,3,251,457,63,25.1,54.92,0,1,17,0,3.72,64.99,6.6,15,598,426,13,32.77,4.27,46.0,3/21,0,0,56.86,1,0,11,23,47.83,12,2.0,1,196,369,53.12,520,4.23,9,44,65,67.69,66,5.0,3
2b8b75a0,212175,H Osinde,H Osinde,Canada,2006-11-27,2013-03-11,17,9,5,11,32,4,2.75,34.38,0,0,0,0,0.0,65.62,10.7,17,683,533,25,21.32,4.68,27.32,4/26,2,0,66.91,5,0,0,0,,415,4.21,17,6,18,33.33,216,5.61,4,5,14,35.71,52,4.62,4
a4cc73aa,425943,SV Samson,SV Samson,India,2021-07-23,2023-12-21,16,14,5,510,512,108,56.67,99.61,1,3,34,22,10.94,46.29,4.8,0,0,0,0,,,,,0,0,,9,2,29,40,72.5,0,,0,407,401,101.5,0,,0,74,71,104.23,0,,0
099135ad,1058989,Aryan Lakra,Aryan Lakra,United Arab Emirates,2022-08-11,2023-05-01,16,16,0,387,668,84,24.19,57.93,0,4,35,4,5.84,66.17,2.4,12,318,280,6,46.67,5.28,53.0,3/38,0,0,53.77,8,0,177,313,56.55,78,4.69,1,184,326,56.44,210,5.14,4,26,29,89.66,30,7.8,1
05f96194,1093091,MA Jones,MA Jones,Scotland,2018-01-16,2026-08-13,19,17,0,506,719,87,29.76,70.38,0,3,42,6,6.68,57.44,3.9,0,0,0,0,,,,,0,0,,4,0,131,192,68.23,0,,0,331,467,70.88,0,,0,44,60,73.33,0,,0
5a37ec26,18655,MS Panesar,MS Panesar,England,2007-01-12,2007-10-13,26,8,3,26,91,13,5.2,28.57,0,0,2,0,2.2,80.22,10.2,26,1308,980,24,40.83,4.5,54.5,3/25,0,0,54.2,3,0,0,0,,6,9.0,0,12,51,23.53,1152,4.33,20,14,40,35.0,150,5.6,4
3edb58fc,16932,AD Mascarenhas,AD Mascarenhas,England,2007-07-01,2009-09-17,20,13,2,245,257,52,22.27,95.33,0,1,12,13,9.73,50.58,7.2,20,822,634,13,48.77,4.63,63.23,3/23,0,0,54.5,4,0,0,0,,18,9.0,0,115,176,65.34,732,4.33,10,130,81,160.49,72,6.58,3
5af87ad6,51651,M Dillon,M Dillon,West Indies,2003-02-09,2005-01-26,21,10,2,44,52,10,5.5,84.62,0,0,3,1,7.69,50.0,9.9,20,947,724,23,31.48,4.59,41.17,5/29,0,1,60.19,6,0,0,0,,505,3.74,16,11,14,78.57,330,4.75,4,33,38,86.84,112,7.93,3
c26cd57a,1069820,B Shikongo,B Shikongo,Namibia,2020-01-06,2025-09-04,22,14,10,22,61,4,5.5,36.07,0,0,1,0,1.64,73.77,11.0,22,828,824,24,34.33,5.97,34.5,4/29,1,0,55.07,7,0,0,0,,372,5.15,9,9,23,39.13,360,5.88,9,13,38,34.21,96,9.5,6
89ce57a8,948437,S Fouché,S Fouché,Namibia,2023-02-20,2025-03-13,11,10,0,261,386,83,26.1,67.62,0,2,22,2,6.22,57.25,4.3,9,306,265,12,22.08,5.2,25.5,3/37,0,0,48.69,3,0,69,146,47.26,0,,0,192,240,80.0,282,5.21,10,0,0,,24,5.0,2
b58b7db6,422965,GSNFG Jayasuriya,GSNFG Jayasuriya,Sri Lanka,2015-11-01,2026-06-12,18,16,2,440,543,113*,31.43,81.03,1,2,32,8,7.37,51.38,5.0,12,324,302,3,100.67,5.59,108.0,1/15,0,0,41.05,4,0,52,85,61.18,60,4.8,0,356,429,82.98,216,5.61,2,32,29,110.34,48,6.5,1
59559bc2,510530,J Overton,J Overton,England,2024-10-31,2026-01-27,12,9,0,240,216,68,26.67,111.11,0,1,29,8,17.13,52.31,8.0,11,362,341,13,26.23,5.65,27.85,3/22,0,0,54.42,5,0,0,0,,86,6.28,4,167,163,102.45,258,5.07,8,73,53,137.74,18,11.0,1
aab3e7be,37701,MJ Mason,MJ Mason,New Zealand,2003-11-29,2010-03-09,20,6,3,20,39,13*,6.67,51.28,0,0,2,0,5.13,66.67,10.8,20,933,812,24,33.83,5.22,38.88,4/24,1,0,59.49,4,0,0,0,,369,4.93,9,1,18,5.56,480,5.25,13,19,21,90.48,84,6.36,2
e01aafc1,46934,AN Petersen,AN Petersen,South Africa,2006-09-18,2013-07-26,20,18,1,498,601,80,29.29,82.86,0,4,53,3,9.32,53.41,3.6,1,6,7,0,,7.0,,0/7,0,0,50.0,5,0,158,186,84.95,0,,0,261,354,73.73,6,7.0,0,79,61,129.51,0,,0
5be810ba,25051,MD Dai,MD Dai,Papua New Guinea,2016-11-04,2018-03-17,10,10,1,277,362,76*,30.78,76.52,0,2,26,5,8.56,59.12,6.4,10,534,383,11,34.82,4.3,48.55,3/58,0,0,58.99,5,0,12,28,42.86,72,5.17,0,193,286,67.48,432,4.17,10,72,48,150.0,30,4.2,1
9dc3ea7e,646175,H Hiri,H Hiri,Papua New Guinea,2016-11-04,2023-04-05,32,32,4,435,787,77,15.54,55.27,0,1,30,5,4.45,65.82,5.4,7,102,113,3,37.67,6.65,34.0,1/6,0,0,41.18,2,0,74,150,49.33,0,,0,290,557,52.06,96,6.06,3,71,80,88.75,6,16.0,0
23eeb873,447261,DL Chahar,DL Chahar,India,2019-12-15,2022-12-07,12,8,3,191,193,69*,38.2,98.96,0,2,16,8,12.44,55.44,8.2,11,486,452,15,30.13,5.58,32.4,3/27,0,0,56.17,1,0,0,0,,288,4.52,8,42,80,52.5,138,6.35,7,149,113,131.86,60,8.9,0
7ffe4817,1266476,C Tear,C Tear,Scotland,2024-03-03,2025-09-04,20,19,3,489,628,80,30.56,77.87,0,4,51,7,9.24,60.51,1.8,0,0,0,0,,,,,0,0,,5,0,272,368,73.91,0,,0,217,260,83.46,0,,0,0,0,,0,,0
c042b412,1104703,FJ Klaassen,FJ Klaassen,Netherlands,2019-06-19,2025-05-16,16,12,8,48,73,11*,12.0,65.75,0,0,1,2,4.11,61.64,10.2,16,867,655,22,29.77,4.53,39.41,3/23,0,0,60.21,6,0,0,0,,444,3.77,11,10,23,43.48,282,4.45,5,38,50,76.0,141,7.11,6
1f7adc8a,56268,Arafat Sunny,Arafat Sunny,Bangladesh,2014-02-17,2015-11-11,15,10,7,48,91,15,16.0,52.75,0,0,5,0,5.49,67.03,9.2,15,770,556,22,25.27,4.33,35.0,4/27,2,0,54.29,4,0,0,0,,102,3.35,2,9,33,27.27,545,4.49,13,39,58,67.24,123,4.44,7
e16e7347,316102,CG Williams,CG Williams,Namibia,2019-04-27,2022-07-16,16,16,2,427,543,129*,30.5,78.64,1,1,38,8,8.47,55.62,3.6,9,258,194,3,64.67,4.51,86.0,1/37,0,0,53.1,5,0,60,109,55.05,24,3.5,0,279,381,73.23,204,4.38,0,88,53,166.04,30,6.2,3
7081491e,291844,AA Obanda,AA Obanda,Kenya,2007-10-18,2014-01-30,17,14,1,487,677,89,37.46,71.94,0,3,56,8,9.45,63.22,2.9,0,0,0,0,,,,,0,0,,4,0,201,231,87.01,0,,0,286,446,64.13,0,,0,0,0,,0,,0
5441db8c,39821,Aizaz Cheema,Aizaz Cheema,Pakistan,2011-09-08,2012-08-28,14,6,3,26,45,9*,8.67,57.78,0,0,2,0,4.44,62.22,11.0,14,658,593,23,25.78,5.41,28.61,4/43,2,0,50.91,2,0,0,0,,162,6.3,5,0,0,,338,4.74,6,26,45,57.78,158,5.92,12
58c2fac4,1078692,A Athanaze,A Athanaze,West Indies,2023-06-09,2025-11-16,17,17,0,405,525,66,23.82,77.14,0,2,46,9,10.48,62.48,1.6,4,126,70,4,17.5,3.33,31.5,2/14,0,0,65.87,8,0,288,360,80.0,0,,0,117,165,70.91,114,3.11,3,0,0,,12,5.5,1
3b50c63a,49557,KS Lokuarachchi,KS Lokuarachchi,Sri Lanka,2003-04-06,2007-10-13,14,12,1,164,215,69,14.91,76.28,0,1,7,3,4.65,50.23,7.2,14,660,499,16,31.19,4.54,41.25,3/37,0,0,51.06,4,0,0,0,,0,,0,129,165,78.18,564,4.3,10,35,50,70.0,96,5.94,6
915264c2,308410,HN Ya France,HN Ya France,Namibia,2019-04-27,2023-04-04,22,18,9,237,279,52*,26.33,84.95,0,1,20,8,10.04,55.56,8.4,21,709,542,12,45.17,4.59,59.08,2/27,0,0,60.08,7,0,0,0,,18,3.33,1,88,144,61.11,643,4.59,10,149,135,110.37,48,5.0,1
e0351c86,51050,DNT Zoysa,DNT Zoysa,Sri Lanka,2002-06-27,2007-02-08,19,9,3,36,55,14,6.0,65.45,0,0,3,0,5.45,52.73,9.3,17,756,582,22,26.45,4.62,34.36,3/19,0,0,64.68,3,0,1,4,25.0,414,4.62,13,22,25,88.0,318,4.26,9,13,26,50.0,24,9.25,0
c7f6dd3b,348054,SW Ambris,SW Ambris,West Indies,2017-09-29,2021-01-25,16,15,2,473,494,148,36.38,95.75,1,2,54,3,11.54,47.37,2.2,0,0,0,0,,,,,0,0,,2,0,211,250,84.4,0,,0,224,218,102.75,0,,0,38,26,146.15,0,,0
8c7d6cbe,297488,MW Machan,MW Machan,Scotland,2013-05-17,2015-03-14,11,11,0,393,484,86,35.73,81.2,0,3,36,4,8.26,54.55,3.5,9,222,219,4,54.75,5.92,55.5,1/15,0,0,34.68,1,0,153,178,85.96,0,,0,226,286,79.02,174,5.69,2,14,20,70.0,48,6.75,2
270bf7e2,524255,KV Morea,KV Morea,Papua New Guinea,2021-09-10,2023-04-01,16,12,6,72,116,17*,12.0,62.07,0,0,5,1,5.17,62.93,10.2,16,690,510,20,25.5,4.43,34.5,5/28,0,1,59.86,5,0,0,0,,264,3.91,9,15,49,30.61,312,4.02,5,57,67,85.07,114,6.79,6
fe366f34,1210488,C Connolly,C Connolly,Australia,2024-09-29,2026-09-15,13,10,2,332,371,149,41.5,89.49,1,2,29,11,10.78,53.91,3.7,6,180,160,7,22.86,5.33,25.71,5/22,0,1,44.44,4,0,78,114,68.42,18,6.33,1,184,200,92.0,150,5.16,6,70,57,122.81,12,6.0,0
3b53243a,1050545,XC Bartlett,XC Bartlett,Australia,2024-02-02,2026-09-15,9,6,0,69,81,52,11.5,85.19,0,1,4,3,8.64,54.32,8.2,9,433,340,20,17.0,4.71,21.65,4/17,2,0,57.04,4,0,0,0,,216,4.25,13,61,62,98.39,151,5.21,3,8,19,42.11,66,5.09,4
7cb931fc,1456611,Hassnain Shah,Hassnain Shah,Oman,2025-02-10,2026-09-10,12,10,3,89,79,42,12.71,112.66,0,0,3,8,13.92,53.16,9.7,12,498,461,19,24.26,5.55,26.21,4/26,1,0,52.01,2,0,0,0,,126,5.57,4,36,38,94.74,258,4.23,7,53,41,129.27,114,8.53,8
e15faa51,55935,Javed Omar,Javed Omar,Bangladesh,2003-08-03,2007-07-25,20,20,0,468,938,81,23.4,49.89,0,3,54,2,5.97,73.24,1.2,0,0,0,0,,,,,0,0,,3,0,216,498,43.37,0,,0,237,422,56.16,0,,0,15,18,83.33,0,,0
0939c670,24750,MA Ouma,MA Ouma,Kenya,2004-09-11,2014-01-30,27,26,2,468,836,54,19.5,55.98,0,1,49,2,6.1,69.74,2.6,0,0,0,0,,,,,0,0,,10,2,212,375,56.53,0,,0,244,443,55.08,0,,0,12,18,66.67,0,,0
9ec74db8,1027779,CM McBride,CM McBride,Scotland,2022-04-15,2026-04-12,22,19,1,407,566,56,22.61,71.91,0,1,50,3,9.36,62.37,2.4,9,180,135,3,45.0,4.5,60.0,1/10,0,0,56.67,6,0,232,321,72.27,0,,0,170,239,71.13,180,4.5,3,5,6,83.33,0,,0
bdadf7da,12454,JL Denly,JL Denly,England,2009-08-27,2020-02-09,16,13,0,446,629,87,34.31,70.91,0,4,44,6,7.95,60.89,3.1,4,102,101,1,101.0,5.94,102.0,1/24,0,0,40.2,7,0,132,222,59.46,6,8.0,0,275,375,73.33,90,5.73,1,39,32,121.88,6,7.0,0
218d4d78,722303,MT Renshaw,MT Renshaw,Australia,2025-10-19,2026-09-15,10,10,1,326,336,109,36.22,97.02,1,2,19,6,7.44,38.1,5.1,7,222,187,7,26.71,5.05,31.71,2/35,0,0,51.35,4,0,0,7,0.0,6,5.0,1,281,297,94.61,204,4.94,6,45,32,140.62,12,7.0,0
6c6591ab,32130,PP Ojha,PP Ojha,India,2008-06-28,2012-07-24,18,10,8,46,112,16*,23.0,41.07,0,0,3,0,2.68,70.54,10.4,17,876,652,21,31.05,4.47,41.71,4/38,1,0,52.51,7,0,0,0,,18,4.0,0,22,72,30.56,791,4.3,17,24,40,60.0,67,6.54,4
45477249,24708,MO Odumbe,MO Odumbe,Kenya,2003-02-12,2003-04-08,10,10,3,324,355,54,46.29,91.27,0,2,31,2,9.3,48.17,5.7,8,360,305,7,43.57,5.08,51.43,4/38,1,0,46.67,5,0,1,5,20.0,0,,0,255,299,85.28,288,4.9,3,68,51,133.33,72,5.83,4
465aa633,971349,N Burger,N Burger,South Africa,2023-12-17,2025-12-03,12,7,4,39,92,17,13.0,42.39,0,0,2,0,2.17,69.57,10.1,12,563,575,21,27.38,6.13,26.81,4/46,1,0,56.31,0,0,0,0,,288,6.17,11,12,54,22.22,197,4.96,5,27,38,71.05,78,8.92,5
3d0ed2f9,414990,JT Ball,JT Ball,England,2016-10-07,2018-06-24,18,6,2,38,49,28,9.5,77.55,0,0,6,0,12.24,67.35,10.8,18,947,980,21,46.67,6.21,45.1,5/51,0,1,47.94,5,0,0,0,,324,5.7,3,8,13,61.54,432,5.43,12,30,36,83.33,191,8.83,6
97b0e4ff,334621,SC van Schalkwyk,SC van Schalkwyk,United States of America,2024-08-13,2025-05-27,12,9,1,138,226,58,17.25,61.06,0,1,12,3,6.64,65.04,7.7,12,492,493,16,30.81,6.01,30.75,4/20,2,0,53.66,5,0,0,3,0.0,150,6.16,1,75,152,49.34,234,4.69,8,63,71,88.73,108,8.67,7
796e4140,41224,Khurram Chohan,Khurram Chohan,Canada,2009-04-08,2014-01-28,11,9,3,77,137,22,12.83,56.2,0,0,5,2,5.11,63.5,9.3,11,512,438,19,23.05,5.13,26.95,5/68,1,1,57.81,2,0,0,0,,249,3.95,6,22,63,34.92,167,5.39,4,55,74,74.32,96,7.75,9
cbabd6ad,817069,NS Dhaliwal,NS Dhaliwal,Canada,2024-02-08,2025-05-25,17,17,0,456,799,87,26.82,57.07,0,4,41,9,6.26,66.96,2.4,1,6,20,0,,20.0,,0/20,0,0,33.33,10,0,135,324,41.67,0,,0,321,474,67.72,6,20.0,0,0,1,0.0,0,,0
755a77c6,232438,GS Ballance,GS Ballance,England,2013-09-03,2023-03-25,21,20,2,454,639,79,25.22,71.05,0,4,37,1,5.95,52.74,3.5,0,0,0,0,,,,,0,0,,13,0,55,119,46.22,0,,0,359,488,73.57,0,,0,40,32,125.0,0,,0
6c7a68d0,554701,Shubham Ranjane,Shubham Ranjane,United States of America,2025-10-26,2026-06-12,11,9,2,190,237,59,27.14,80.17,0,1,15,4,8.02,51.48,6.4,11,420,373,13,28.69,5.33,32.31,3/61,0,0,49.76,6,0,0,0,,30,9.8,0,120,161,74.53,324,4.19,9,70,76,92.11,66,8.91,4
9f308dfc,541991,JP Kotze,JP Kotze,Namibia,2019-04-27,2025-09-02,25,25,1,448,672,64,18.67,66.67,0,1,43,7,7.44,63.84,2.6,0,0,0,0,,,,,0,0,,3,0,191,348,54.89,0,,0,235,292,80.48,0,,0,22,32,68.75,0,,0
70d57519,1039481,AAP Atkinson,AAP Atkinson,England,2023-09-08,2026-07-19,13,9,3,127,92,38,21.17,138.04,0,0,19,3,23.91,44.57,9.3,13,562,601,16,37.56,6.42,35.12,3/50,0,0,51.42,2,0,0,0,,138,5.52,4,93,61,152.46,358,6.5,5,34,31,109.68,66,7.82,7
ced0ec25,950303,Ghulam Shabber,Ghulam Shabber,United Arab Emirates,2017-01-24,2019-04-16,20,20,0,444,695,90,22.2,63.88,0,3,43,3,6.62,64.46,3.4,0,0,0,0,,,,,0,0,,27,1,143,254,56.3,0,,0,289,432,66.9,0,,0,12,9,133.33,0,,0
3f5f39cd,511532,Al-Amin Hossain,Al-Amin Hossain,Bangladesh,2014-02-17,2020-03-03,15,7,5,4,20,2*,2.0,20.0,0,0,0,0,0.0,80.0,10.7,15,663,608,22,27.64,5.5,30.14,4/51,2,0,56.11,1,0,0,0,,234,4.31,7,2,9,22.22,334,5.46,11,2,11,18.18,95,8.59,4
1786a21b,910695,BJ Curran,BJ Curran,Zimbabwe,2025-02-14,2026-09-15,9,9,2,444,564,118*,63.43,78.72,2,2,46,0,8.16,55.67,2.0,0,0,0,0,,,,,0,0,,3,0,164,201,81.59,0,,0,256,333,76.88,0,,0,24,30,80.0,0,,0
07793daf,1206769,JR Lennox,JR Lennox,New Zealand,2026-01-14,2026-07-21,10,5,3,3,24,2,1.5,12.5,0,0,0,0,0.0,87.5,10.2,10,558,393,22,17.86,4.23,25.36,5/19,1,1,53.05,0,0,0,0,,6,2.0,0,2,8,25.0,486,4.3,17,1,16,6.25,66,3.91,5
9a2fc964,553249,BC Fortuin,BC Fortuin,South Africa,2020-02-07,2026-09-13,15,9,1,61,96,28,7.62,63.54,0,0,3,1,4.17,56.25,8.6,14,681,585,19,30.79,5.15,35.84,4/33,1,0,49.78,3,0,0,0,,66,4.45,1,34,67,50.75,585,5.21,17,27,29,93.1,30,5.6,1
f27f89e8,24286,AR White,AR White,Ireland,2006-06-13,2014-09-12,27,23,0,301,487,40,13.09,61.81,0,0,23,0,4.72,58.93,6.7,16,325,248,7,35.43,4.58,46.43,2/28,0,0,44.92,10,0,9,29,31.03,0,,0,205,370,55.41,259,4.77,3,87,88,98.86,66,3.82,4
86421172,55562,GA Lamb,GA Lamb,Zimbabwe,2010-03-04,2011-09-08,15,14,3,197,381,37,17.91,51.71,0,0,6,1,1.84,60.89,6.2,15,642,467,12,38.92,4.36,53.5,3/45,0,0,55.3,0,0,10,19,52.63,36,6.33,1,161,331,48.64,546,4.02,8,26,31,83.87,60,6.3,3
3a026eb4,361952,Rizwan Cheema,Rizwan Cheema,Canada,2009-04-08,2013-03-11,13,13,1,196,165,76*,16.33,118.79,0,1,23,9,19.39,55.15,4.6,13,491,432,12,36.0,5.28,40.92,2/15,0,0,50.1,4,0,79,51,154.9,30,5.2,0,115,110,104.55,384,4.59,9,2,4,50.0,77,8.73,3
8f7a598f,267414,RMS Eranga,RMS Eranga,Sri Lanka,2011-08-16,2016-06-18,18,11,8,34,64,12*,11.33,53.12,0,0,4,0,6.25,73.44,9.5,16,674,652,20,32.6,5.8,33.7,3/46,0,0,54.75,5,0,0,0,,288,5.1,8,11,25,44.0,322,5.46,11,23,39,58.97,64,10.69,1
06cad4f0,1161038,A Sharafu,A Sharafu,United Arab Emirates,2021-01-08,2025-11-05,28,26,0,433,599,58,16.65,72.29,0,1,43,10,8.85,61.6,4.4,1,12,12,0,,6.0,,0/12,0,0,66.67,14,0,139,168,82.74,12,6.0,0,246,380,64.74,0,,0,48,51,94.12,0,,0
d2f72b19,24882,TBM de Leede,TBM de Leede,Netherlands,2003-02-12,2007-03-22,11,9,1,113,206,58*,14.12,54.85,0,1,10,1,5.34,66.5,5.9,11,467,407,16,25.44,5.23,29.19,4/35,1,0,56.32,3,0,1,7,14.29,6,5.0,1,101,166,60.84,408,4.9,11,11,33,33.33,53,7.81,4
3b8e7647,1277627,SP Krishnamurthi,SP Krishnamurthi,United States of America,2021-09-13,2026-06-12,20,16,3,348,348,61,26.77,100.0,0,2,20,17,10.63,49.43,6.8,9,118,89,4,22.25,4.53,29.5,3/10,0,0,47.46,13,0,0,0,,0,,0,205,236,86.86,84,4.79,0,143,112,127.68,34,3.88,4
37312a74,245166,Mudassar Bukhari,Mudassar Bukhari,Netherlands,2007-07-13,2014-01-28,15,12,1,126,179,28,11.45,70.39,0,0,5,4,5.03,54.19,7.7,15,588,495,15,33.0,5.05,39.2,3/21,0,0,58.33,1,0,5,3,166.67,360,4.48,5,51,120,42.5,174,5.69,5,70,56,125.0,54,6.78,5
9dad0f2e,833087,Mahedi Hasan,Mahedi Hasan,Bangladesh,2021-03-20,2026-06-14,12,11,2,125,197,29*,13.89,63.45,0,0,10,2,6.09,60.91,7.8,12,589,473,15,31.53,4.82,39.27,4/71,1,0,52.12,4,0,0,0,,60,3.9,1,79,148,53.38,432,4.35,6,46,49,93.88,97,7.48,8
710dd98c,47711,MN van Wyk,MN van Wyk,South Africa,2003-07-12,2015-08-26,17,17,1,425,617,82,26.56,68.88,0,4,48,4,8.43,64.83,3.0,0,0,0,0,,,,,0,0,,10,1,176,264,66.67,0,,0,230,318,72.33,0,,0,19,35,54.29,0,,0
9d1f42c6,39940,Ashfaq Ahmed,Ashfaq Ahmed,United Arab Emirates,2018-01-11,2019-04-16,15,15,0,343,384,92,22.87,89.32,0,2,38,9,12.24,58.07,1.3,6,199,162,4,40.5,4.88,49.75,2/55,0,0,48.74,6,0,249,280,88.93,0,,0,94,104,90.38,192,4.88,3,0,0,,7,5.14,1
cb5100f1,932355,Ebadat Hossain,Ebadat Hossain,Bangladesh,2022-08-10,2023-05-14,11,6,4,3,14,1*,1.5,21.43,0,0,0,0,0.0,78.57,10.3,10,484,443,21,21.1,5.49,23.05,4/42,2,0,54.75,1,0,0,0,,114,2.89,4,0,6,0.0,314,5.79,13,3,8,37.5,56,9.11,4
098a757c,1353033,Muhammad Jawadullah,Muhammad Jawadullah,United Arab Emirates,2023-06-09,2026-09-08,17,11,7,16,26,13*,4.0,61.54,0,0,1,1,7.69,69.23,10.9,17,722,694,20,34.7,5.77,36.1,3/36,0,0,53.6,2,0,0,0,,210,6.57,4,13,9,144.44,434,5.13,14,3,17,17.65,78,7.15,2
4d1ec7eb,524247,A Nao,A Nao,Papua New Guinea,2017-04-02,2023-03-09,19,15,8,54,68,11*,7.71,79.41,0,0,4,1,7.35,52.94,9.9,19,842,713,18,39.61,5.08,46.78,4/27,1,0,56.29,8,0,0,0,,342,4.42,8,28,27,103.7,313,4.22,3,26,41,63.41,187,7.73,7
60dd8960,8476,Kabir Ali,Kabir Ali,England,2003-07-01,2006-07-01,13,8,2,54,57,25,9.0,94.74,0,0,3,1,7.02,42.11,9.4,12,613,631,18,35.06,6.18,34.06,4/45,1,0,53.83,1,0,0,0,,120,7.55,2,1,11,9.09,366,4.3,8,53,46,115.22,127,10.3,8
3185266a,24964,DLS van Bunge,DLS van Bunge,Netherlands,2003-02-12,2013-08-29,15,12,1,293,508,62,26.64,57.68,0,2,27,5,6.3,69.49,4.4,7,151,181,6,30.17,7.19,25.17,3/16,0,0,48.34,3,0,56,96,58.33,0,,0,221,388,56.96,145,7.16,6,16,24,66.67,6,8.0,0
5531248e,49920,MDK Perera,MDK Perera,Sri Lanka,2007-10-13,2018-09-15,13,12,0,152,199,30,12.67,76.38,0,0,13,3,8.04,58.29,6.4,10,456,409,13,31.46,5.38,35.08,3/48,0,0,49.56,2,0,30,67,44.78,66,8.27,2,48,61,78.69,354,4.88,9,74,71,104.23,36,5.0,2
fce581b5,716733,Khushdil Shah,Khushdil Shah,Pakistan,2020-11-03,2025-02-23,15,12,2,328,334,69,32.8,98.2,0,1,25,10,10.48,45.21,6.3,8,327,332,4,83.0,6.09,81.75,1/39,0,0,37.92,7,0,0,0,,0,,0,161,197,81.73,252,5.64,3,167,137,121.9,75,7.6,1
d2a989fc,277955,DS Kulkarni,DS Kulkarni,India,2014-09-02,2016-10-26,12,2,2,27,28,25*,,96.43,0,0,2,1,10.71,46.43,10.5,12,598,508,19,26.74,5.1,31.47,4/34,1,0,55.85,2,0,0,0,,276,4.78,8,0,0,,204,4.44,5,27,28,96.43,118,6.97,6
3f61a062,807535,BTJ Wheal,BTJ Wheal,Scotland,2017-01-22,2024-11-04,13,7,1,47,62,24,7.83,75.81,0,0,6,0,9.68,58.06,10.7,12,616,412,18,22.89,4.01,34.22,3/34,0,0,65.58,3,0,0,0,,240,3.3,3,13,19,68.42,312,4.08,10,34,43,79.07,64,6.38,5
eaa36b2a,1071484,BJ Bennett,BJ Bennett,Zimbabwe,2024-11-24,2026-09-15,12,12,0,387,429,169,32.25,90.21,1,0,48,6,12.59,56.41,2.5,4,66,81,1,81.0,7.36,66.0,1/13,0,0,34.85,4,0,159,201,79.1,0,,0,178,202,88.12,66,7.36,1,50,26,192.31,0,,0
45d4cb14,24719,RD Shah,RD Shah,Kenya,2003-02-12,2007-03-24,14,14,0,407,636,71,29.07,63.99,0,3,49,2,8.02,67.92,2.2,0,0,0,0,,,,,0,0,,6,0,136,279,48.75,0,,0,271,357,75.91,0,,0,0,0,,0,,0
818e8bf2,9117,ID Blackwell,ID Blackwell,England,2003-01-11,2006-04-15,23,18,2,146,211,22*,9.12,69.19,0,0,17,1,8.53,62.09,6.7,17,840,545,13,41.92,3.89,64.62,3/26,0,0,54.88,5,0,9,11,81.82,0,,0,86,140,61.43,744,3.77,11,51,60,85.0,96,4.81,2
5af743d0,317252,Sohail Khan,Sohail Khan,Pakistan,2008-01-30,2016-10-05,13,6,1,25,51,7,5.0,49.02,0,0,2,0,3.92,70.59,9.7,13,666,597,19,31.42,5.38,35.05,5/55,0,1,56.76,3,0,0,0,,306,3.98,6,5,17,29.41,197,5.63,5,20,34,58.82,163,7.69,8
5ad8c974,465327,I Kaia,I Kaia,Zimbabwe,2022-08-05,2026-09-15,20,20,1,405,635,110,21.32,63.78,1,1,34,5,6.14,62.83,2.2,2,28,22,0,,4.71,,0/6,0,0,42.86,4,0,211,377,55.97,0,,0,187,254,73.62,28,4.71,0,7,4,175.0,0,,0
d1305df0,485379,AGS Gous,AGS Gous,United States of America,2024-09-18,2025-10-28,13,13,1,404,471,83,33.67,85.77,0,4,42,11,11.25,57.96,2.1,0,0,0,0,,,,,0,0,,3,0,207,250,82.8,0,,0,197,221,89.14,0,,0,0,0,,0,,0
25020f9d,10633,AR Caddick,AR Caddick,England,2003-01-11,2003-03-02,11,10,7,64,117,14*,21.33,54.7,0,0,3,1,3.42,63.25,9.5,11,582,384,17,22.59,3.96,34.24,4/35,2,0,70.96,0,0,0,0,,318,3.57,9,18,57,31.58,180,4.3,2,46,60,76.67,84,4.71,6
f6c2659d,401540,Aizaz Khan,Aizaz Khan,Hong Kong,2015-11-16,2018-09-18,13,10,1,143,211,44,15.89,67.77,0,0,12,5,8.06,63.98,5.7,13,494,474,13,36.46,5.76,38.0,2/37,0,0,51.21,1,0,53,77,68.83,162,5.22,2,41,85,48.24,229,5.34,5,49,49,100.0,103,7.51,6
8c2aa0f9,524845,PKD Chase,PKD Chase,Ireland,2016-08-18,2018-01-18,13,9,3,22,31,14,3.67,70.97,0,0,1,1,6.45,67.74,11.0,13,629,764,19,40.21,7.29,33.11,3/33,0,0,51.35,2,0,0,0,,215,6.64,5,15,16,93.75,324,6.65,8,7,15,46.67,90,11.13,6
23cca426,820691,OF Smith,OF Smith,West Indies,2022-01-08,2023-06-06,9,8,1,199,119,46,28.43,167.23,0,0,14,15,24.37,35.29,9.4,9,283,261,10,26.1,5.53,28.3,2/26,0,0,61.84,1,0,0,0,,36,3.33,2,60,25,240.0,216,5.81,6,139,94,147.87,31,6.19,2
a8ac334b,1508988,Muhammad Shahdad,Muhammad Shahdad,United Arab Emirates,2025-10-28,2026-08-11,9,9,0,319,426,96,35.44,74.88,0,3,20,11,7.28,56.81,3.6,7,201,189,4,47.25,5.64,50.25,2/35,0,0,41.29,5,0,43,106,40.57,3,0.0,0,191,259,73.75,180,5.47,4,85,61,139.34,18,8.33,0
9633359f,430105,JS Malhotra,JS Malhotra,United States of America,2019-04-27,2022-09-17,15,15,3,358,373,173*,29.83,95.98,1,1,23,20,11.53,54.16,4.9,4,102,67,2,33.5,3.94,51.0,1/17,0,0,51.96,10,1,71,80,88.75,0,,0,165,224,73.66,78,3.62,1,122,69,176.81,24,5.0,1
395179e8,1294144,D Parashar,D Parashar,United Arab Emirates,2024-11-01,2026-08-09,13,13,4,198,315,50*,22.0,62.86,0,1,13,4,5.4,60.0,6.7,13,548,403,10,40.3,4.41,54.8,2/16,0,0,54.01,3,0,7,26,26.92,174,3.93,3,103,217,47.47,354,4.54,7,88,72,122.22,20,6.3,0
d02c40ab,1419054,YS Samra,YS Samra,Canada,2025-03-09,2026-08-13,14,13,0,378,472,78,29.08,80.08,0,3,43,11,11.44,62.29,1.2,1,24,31,1,31.0,7.75,24.0,1/31,0,0,50.0,3,0,239,291,82.13,0,,0,139,181,76.8,24,7.75,1,0,0,,0,,0
a8ce3491,20372,AJ Stewart,AJ Stewart,England,2002-06-27,2003-03-02,13,12,1,398,545,83,36.18,73.03,0,4,32,1,6.06,53.76,5.3,0,0,0,0,,,,,0,0,,12,2,8,14,57.14,0,,0,279,400,69.75,0,,0,111,131,84.73,0,,0
c9cac448,24790,T Mishra,T Mishra,Kenya,2006-08-12,2013-03-11,15,15,2,395,554,72,30.38,71.3,0,4,33,4,6.68,54.87,5.3,0,0,0,0,,,,,0,0,,4,0,2,17,11.76,0,,0,314,445,70.56,0,,0,79,92,85.87,0,,0
d07c1b2f,652687,Saud Shakeel,Saud Shakeel,Pakistan,2021-07-08,2025-02-23,17,14,1,374,438,68,28.77,85.39,0,4,40,1,9.36,50.0,4.6,3,47,37,1,37.0,4.72,47.0,1/14,0,0,38.3,6,0,44,75,58.67,0,,0,307,343,89.5,47,4.72,1,23,20,115.0,0,,0
d3a3e82d,274926,AB Barath,AB Barath,West Indies,2010-03-04,2012-03-25,14,14,1,394,612,113,30.31,64.38,1,1,43,3,7.52,65.36,1.9,0,0,0,0,,,,,0,0,,3,0,194,322,60.25,0,,0,189,280,67.5,0,,0,11,10,110.0,0,,0
f987245c,36993,AM Ellis,AM Ellis,New Zealand,2012-02-03,2013-11-16,15,12,1,154,184,33,14.0,83.7,0,0,10,2,6.52,44.02,7.8,13,480,425,12,35.42,5.31,40.0,2/22,0,0,53.33,3,0,0,0,,36,5.0,1,49,77,63.64,402,4.91,9,105,107,98.13,42,9.43,2
8596fe80,1158100,Mohammad Hasnain,Mohammad Hasnain,Pakistan,2019-03-24,2025-02-12,15,7,4,53,34,28,17.67,155.88,0,0,9,1,29.41,44.12,10.9,15,718,755,17,44.41,6.31,42.24,5/26,0,1,48.89,3,0,0,0,,210,5.14,4,0,0,,391,6.12,10,53,34,155.88,117,9.03,3
bb9d73d8,1156690,Suraj Kumar,Suraj Kumar,Oman,2019-04-27,2023-07-05,22,18,6,392,511,62*,32.67,76.71,0,3,25,12,7.24,54.6,6.4,0,0,0,0,,,,,0,0,,17,0,1,10,10.0,0,,0,230,329,69.91,0,,0,161,172,93.6,0,,0
a6bab2a9,1139028,K Gore,K Gore,United States of America,2019-04-27,2021-09-16,13,12,2,171,249,44,17.1,68.67,0,0,13,2,6.02,59.04,7.6,13,426,287,11,26.09,4.04,38.73,4/20,1,0,60.8,3,0,0,0,,24,5.0,2,108,174,62.07,372,3.92,9,63,75,84.0,30,4.8,0
d2f3829d,15913,NV Knight,NV Knight,England,2002-06-27,2003-03-02,13,13,0,390,534,88,30.0,73.03,0,3,31,2,6.18,55.81,2.0,0,0,0,0,,,,,0,0,,6,0,187,293,63.82,0,,0,203,240,84.58,0,,0,0,1,0.0,0,,0
26e5cabf,35565,MK Tiwary,MK Tiwary,India,2008-02-03,2015-07-14,12,12,1,287,403,104*,26.09,71.22,1,1,24,3,6.7,55.58,4.4,6,132,150,5,30.0,6.82,26.4,4/61,1,0,48.48,4,0,33,75,44.0,0,,0,249,321,77.57,102,6.59,2,5,7,71.43,30,7.6,3
f17971df,55736,BG Rogers,BG Rogers,Zimbabwe,2003-11-29,2005-03-02,8,8,0,287,398,84,35.88,72.11,0,3,37,1,9.55,61.81,2.0,5,168,201,5,40.2,7.18,33.6,2/55,0,0,31.55,3,0,124,163,76.07,0,,0,153,231,66.23,114,6.84,3,10,4,250.0,54,7.89,2
024a173d,55666,J Nyumbu,J Nyumbu,Zimbabwe,2014-08-17,2015-10-13,17,13,4,45,87,18,5.0,51.72,0,0,1,1,2.3,63.22,10.0,16,796,687,17,40.41,5.18,46.82,3/42,0,0,51.76,7,0,0,0,,90,2.6,3,14,36,38.89,622,5.11,10,31,51,60.78,84,8.43,4
c834c290,1096092,JL Smith,JL Smith,England,2023-09-23,2025-11-01,18,17,0,383,336,64,22.53,113.99,0,3,50,10,17.86,53.57,2.7,0,0,0,0,,,,,0,0,,9,0,199,151,131.79,0,,0,184,185,99.46,0,,0,0,0,,0,,0
6c75310b,16281,J Lewis,J Lewis,England,2005-06-16,2007-09-02,11,7,1,43,48,17,7.17,89.58,0,0,4,0,8.33,43.75,9.4,11,626,408,17,24.0,3.91,36.82,4/36,1,0,68.05,0,0,0,0,,318,3.75,10,25,29,86.21,246,3.2,6,18,19,94.74,62,7.55,1
c0790f82,45821,L Klusener,L Klusener,South Africa,2003-02-09,2004-09-18,12,8,5,163,152,57,54.33,107.24,0,1,9,8,11.18,43.42,7.6,11,458,394,11,35.82,5.16,41.64,4/16,1,0,51.31,2,0,0,0,,0,,0,20,36,55.56,416,4.82,11,143,116,123.28,42,8.57,0
151e8077,51446,CS Baugh,CS Baugh,West Indies,2003-05-17,2012-03-25,38,28,8,382,553,49,19.1,69.08,0,0,30,4,6.15,56.78,7.8,0,0,0,0,,,,,0,0,,34,9,0,0,,0,,0,167,323,51.7,0,,0,215,230,93.48,0,,0
d405c0d5,1124283,AM Hardie,AM Hardie,Australia,2023-09-09,2025-08-22,15,12,0,180,225,44,15.0,80.0,0,0,16,2,8.0,52.44,6.3,13,426,392,10,39.2,5.52,42.6,2/13,0,0,55.16,6,0,14,18,77.78,126,5.33,8,119,176,67.61,288,5.29,2,47,31,151.61,12,13.0,0
ffb504b1,52626,XM Marshall,XM Marshall,West Indies,2005-05-15,2020-02-12,26,26,1,379,665,50,15.16,56.99,0,1,41,4,6.77,69.92,2.0,1,3,5,0,,10.0,,0/5,0,0,100.0,10,0,222,428,51.87,0,,0,133,223,59.64,0,,0,24,14,171.43,3,10.0,0
c8d74c21,596376,J Gumbie,J Gumbie,Zimbabwe,2023-06-18,2024-11-28,15,15,0,379,567,78,25.27,66.84,0,2,42,1,7.58,63.14,1.0,0,0,0,0,,,,,0,0,,10,0,202,339,59.59,0,,0,177,228,77.63,0,,0,0,0,,0,,0
18eaf2fa,25613,Amjad Javed,Amjad Javed,United Arab Emirates,2008-06-24,2017-04-04,13,12,1,238,258,56,21.64,92.25,0,1,27,9,13.95,62.02,7.2,13,510,507,7,72.43,5.96,72.86,3/60,0,0,52.16,7,0,14,20,70.0,174,4.79,0,130,158,82.28,246,5.54,5,94,80,117.5,90,9.4,2
b68a30f0,36331,IG Butler,IG Butler,New Zealand,2004-07-10,2010-02-11,13,8,2,78,125,25,13.0,62.4,0,0,6,2,6.4,68.0,9.1,13,600,563,15,37.53,5.63,40.0,4/44,1,0,52.5,3,0,0,0,,84,5.36,1,60,79,75.95,408,5.03,7,18,46,39.13,108,8.11,7
8fb49ef8,56138,Suhrawadi Shuvo,Suhrawadi Shuvo,Bangladesh,2010-03-02,2011-10-18,17,10,3,98,135,20*,14.0,72.59,0,0,9,1,7.41,55.56,7.9,17,763,572,14,40.86,4.5,54.5,3/14,0,0,54.0,9,0,0,0,,24,6.5,1,18,39,46.15,631,4.29,9,80,96,83.33,108,5.28,4
0a4736eb,494230,Asif Ali,Asif Ali,Pakistan,2018-07-13,2022-04-02,20,15,1,375,308,52,26.79,121.75,0,3,22,20,13.64,39.94,5.8,1,5,9,0,,10.8,,0/9,0,0,0.0,6,0,0,0,,0,,0,160,172,93.02,0,,0,215,136,158.09,5,10.8,0
8bd9fd13,596087,L Steenkamp,L Steenkamp,Namibia,2026-04-04,2026-09-13,11,10,0,374,525,78,37.4,71.24,0,4,24,8,6.1,56.76,4.4,0,0,0,0,,,,,0,0,,4,0,18,39,46.15,0,,0,348,466,74.68,0,,0,8,20,40.0,0,,0
bd93fea4,7898,PM Siddle,PM Siddle,Australia,2009-02-13,2019-01-18,20,6,3,31,30,10*,10.33,103.33,0,0,2,0,6.67,46.67,10.2,19,901,743,17,43.71,4.95,53.0,3/55,0,0,58.49,1,0,0,0,,450,4.35,9,9,5,180.0,342,4.72,5,22,25,88.0,109,8.15,3
270b3f8e,24697,JK Kamande,JK Kamande,Kenya,2003-04-08,2011-03-13,22,20,2,171,358,37*,9.5,47.77,0,0,13,1,3.91,69.27,6.8,17,657,576,10,57.6,5.26,65.7,2/34,0,0,50.23,3,0,5,42,11.9,18,11.67,0,127,284,44.72,530,4.74,6,39,32,121.88,109,6.72,4
cec44e08,1199670,SM Sharma,SM Sharma,United Arab Emirates,2023-03-27,2025-05-04,11,9,4,130,135,44,26.0,96.3,0,0,7,5,8.89,51.85,8.3,11,390,362,12,30.17,5.57,32.5,3/37,0,0,53.33,4,0,0,0,,192,5.06,3,44,54,81.48,126,5.24,1,86,81,106.17,72,7.5,8
56c205b7,232285,PJ Forrest,PJ Forrest,Australia,2012-02-12,2012-07-10,15,14,0,368,561,104,26.29,65.6,1,3,34,4,6.77,60.78,3.5,0,0,0,0,,,,,0,0,,4,0,56,110,50.91,0,,0,276,424,65.09,0,,0,36,27,133.33,0,,0
a63775d6,323244,Rahat Ali,Rahat Ali,Pakistan,2012-06-09,2016-01-31,14,7,4,8,37,6*,2.67,21.62,0,0,0,0,0.0,78.38,10.4,14,679,658,18,36.56,5.81,37.72,3/40,0,0,52.58,1,0,0,0,,174,6.79,2,0,7,0.0,426,5.31,12,8,30,26.67,79,6.38,4
3fc3b204,55976,Mushfiqur Rahman,Mushfiqur Rahman,Bangladesh,2003-09-09,2004-12-27,14,14,2,208,404,36*,17.33,51.49,0,0,19,0,4.7,66.83,6.8,14,643,498,8,62.25,4.65,80.38,2/29,0,0,61.43,3,0,8,13,61.54,294,3.98,6,136,306,44.44,343,5.02,2,64,85,75.29,6,16.0,0
1b668884,38393,MS Sinclair,MS Sinclair,New Zealand,2002-12-29,2007-12-31,19,15,3,367,561,78,30.58,65.42,0,3,32,2,6.06,62.03,3.8,0,0,0,0,,,,,0,0,,4,0,59,137,43.07,0,,0,229,353,64.87,0,,0,79,71,111.27,0,,0
fd7d703c,1532751,Adeeb Usmani,Adeeb Usmani,United Arab Emirates,2026-04-25,2026-09-12,8,8,0,325,398,116,40.62,81.66,1,2,25,11,9.05,54.27,2.0,2,66,64,2,32.0,5.82,33.0,1/15,0,0,48.48,11,0,137,165,83.03,0,,0,188,233,80.69,54,5.11,2,0,0,,12,9.0,0
582e9baa,37232,CZ Harris,CZ Harris,New Zealand,2003-01-08,2004-12-08,23,18,4,203,388,38*,14.5,52.32,0,0,15,0,3.87,65.72,6.6,17,595,400,8,50.0,4.03,74.38,1/19,0,0,59.83,5,0,3,15,20.0,0,,0,170,326,52.15,551,3.88,6,30,47,63.83,44,6.0,2
22bd731a,4493,DG Brownlie,DG Brownlie,New Zealand,2012-02-03,2017-03-04,16,15,1,361,486,63,25.79,74.28,0,1,46,1,9.67,59.88,2.6,0,0,0,0,,,,,0,0,,6,0,223,274,81.39,0,,0,136,210,64.76,0,,0,2,2,100.0,0,,0
85b3fab2,595978,T Stubbs,T Stubbs,South Africa,2023-03-18,2025-09-07,12,12,1,361,409,112*,32.82,88.26,1,3,17,9,6.36,44.01,4.8,1,12,15,0,,7.5,,0/15,0,0,33.33,2,0,19,48,39.58,0,,0,281,319,88.09,12,7.5,0,61,42,145.24,0,,0
c942a53b,24251,WK McCallan,WK McCallan,Ireland,2006-06-13,2009-08-27,17,13,2,101,175,25,9.18,57.71,0,0,9,0,5.14,65.14,8.5,14,603,419,13,32.23,4.17,46.38,3/10,0,0,55.22,0,0,0,0,,0,,0,50,115,43.48,558,4.12,10,51,60,85.0,45,4.8,3
8319b9ea,55854,CB Wishart,CB Wishart,Zimbabwe,2003-02-10,2003-11-30,16,15,1,361,492,172*,25.79,73.37,1,0,40,4,8.94,62.2,1.8,0,0,0,0,,,,,0,0,,3,0,166,278,59.71,0,,0,148,181,81.77,0,,0,47,33,142.42,0,,0
c63671e9,1077310,Naseem Khushi,Naseem Khushi,Oman,2020-01-05,2023-06-29,31,24,1,360,329,69,15.65,109.42,0,1,24,19,13.07,47.42,7.8,0,0,0,0,,,,,0,0,,22,3,0,0,,0,,0,69,99,69.7,0,,0,291,230,126.52,0,,0
c66d9486,23865,U Bhatti,U Bhatti,Canada,2006-11-27,2010-07-07,11,9,3,120,129,22*,20.0,93.02,0,0,10,3,10.08,54.26,8.6,11,501,331,12,27.58,3.96,41.75,3/19,0,0,71.46,2,0,0,0,,300,3.92,9,38,47,80.85,196,3.8,3,82,82,100.0,5,13.2,0
6fd0c8e1,348026,JD Campbell,JD Campbell,West Indies,2019-02-20,2026-07-16,12,12,1,359,351,179,32.64,102.28,1,0,37,11,13.68,52.14,1.3,1,6,13,0,,13.0,,0/13,0,0,0.0,1,0,185,220,84.09,0,,0,118,105,112.38,6,13.0,0,56,26,215.38,0,,0
4b57e452,237095,M Vijay,M Vijay,India,2010-02-27,2015-07-14,17,16,0,339,506,72,21.19,67.0,0,1,33,3,7.11,60.47,2.0,2,36,37,1,37.0,6.17,36.0,1/19,0,0,38.89,9,0,182,315,57.78,0,,0,157,191,82.2,36,6.17,1,0,0,,0,,0
3f18724b,531953,MC Sorensen,MC Sorensen,Ireland,2013-09-03,2015-03-03,10,7,2,119,149,31,23.8,79.87,0,0,11,3,9.4,56.38,9.1,10,447,435,12,36.25,5.84,37.25,4/40,1,0,52.35,3,0,0,0,,174,5.62,4,42,70,60.0,186,5.35,4,77,79,97.47,87,7.31,4
2e0fcc58,22380,AG Wharf,AG Wharf,England,2004-09-01,2005-02-13,12,5,3,19,28,9,9.5,67.86,0,0,0,1,3.57,60.71,9.0,12,536,398,17,23.41,4.46,31.53,4/24,1,0,63.99,1,0,0,0,,96,3.12,2,0,0,,348,4.38,12,19,28,67.86,92,6.13,3
7f3ad1ed,414821,SR Thompson,SR Thompson,Ireland,2014-02-23,2017-05-12,13,11,1,178,196,39,17.8,90.82,0,0,16,3,9.69,50.51,6.6,11,334,319,9,35.44,5.73,37.11,2/17,0,0,53.59,5,0,1,6,16.67,42,9.43,0,134,136,98.53,276,5.37,8,43,54,79.63,16,2.25,1
7429c452,509107,I Wardlaw,I Wardlaw,Scotland,2013-05-17,2015-03-14,12,10,5,18,32,7*,3.6,56.25,0,0,2,0,6.25,68.75,10.9,12,604,581,17,34.18,5.77,35.53,3/49,0,0,57.28,1,0,0,0,,294,5.37,7,6,16,37.5,231,5.92,7,12,16,75.0,79,6.84,3
b16b5eea,51655,VC Drakes,VC Drakes,West Indies,2003-02-09,2004-01-25,12,9,2,58,123,25,8.29,47.15,0,0,3,0,2.44,65.85,9.0,12,617,461,15,30.73,4.48,41.13,5/44,0,1,61.75,1,0,0,0,,132,3.68,2,22,69,31.88,402,4.43,7,36,54,66.67,83,6.0,6
5696c45d,1174716,Zahid Shirzad,Zahid Shirzad,Canada,2026-06-06,2026-08-13,6,3,0,57,30,54,19.0,190.0,0,1,4,5,30.0,40.0,10.3,6,348,320,15,21.33,5.52,23.2,4/60,1,0,56.03,1,0,0,0,,174,4.14,6,54,27,200.0,90,5.8,2,3,3,100.0,84,8.07,7
d99cc23a,333782,T van der Gugten,T van der Gugten,Netherlands,2013-08-27,2025-03-13,12,8,2,116,166,49,19.33,69.88,0,0,5,4,5.42,61.45,8.5,12,492,260,12,21.67,3.17,41.0,5/24,0,1,69.31,1,0,0,0,,192,2.78,8,62,113,54.87,234,3.36,3,54,53,101.89,66,3.64,1
78bb68d4,431902,Y Cariah,Y Cariah,West Indies,2022-08-17,2023-12-09,14,7,1,93,166,52,15.5,56.02,0,1,6,1,4.22,63.25,8.3,14,596,622,13,47.85,6.26,45.85,2/26,0,0,48.15,3,0,0,3,0.0,0,,0,85,148,57.43,554,6.05,12,8,15,53.33,42,9.0,1
28c78fb3,340854,Harpreet Singh,Harpreet Singh,United Arab Emirates,2026-04-25,2026-09-12,8,8,0,353,376,81,44.12,93.88,0,3,36,5,10.9,46.01,3.6,0,0,0,0,,,,,0,0,,5,0,62,59,105.08,0,,0,229,271,84.5,0,,0,62,46,134.78,0,,0
e66732f8,605661,RD Rickelton,RD Rickelton,South Africa,2023-03-18,2025-12-06,16,16,1,351,421,91,23.4,83.37,0,1,40,5,10.69,59.86,1.6,0,0,0,0,,,,,0,0,,16,6,218,272,80.15,0,,0,133,149,89.26,0,,0,0,0,,0,,0
aa467af0,932665,Tanvir Islam,Tanvir Islam,Bangladesh,2025-07-02,2026-07-11,11,6,1,31,48,9*,6.2,64.58,0,0,5,1,12.5,77.08,9.3,11,606,471,16,29.44,4.66,37.88,5/39,0,1,53.47,4,0,0,0,,72,6.0,1,13,29,44.83,480,4.25,14,18,19,94.74,54,6.56,1
f771a151,55740,EC Rainsford,EC Rainsford,Zimbabwe,2004-05-29,2009-08-18,22,18,9,31,99,9*,3.44,31.31,0,0,1,0,1.01,75.76,10.8,22,1025,790,16,49.38,4.62,64.06,3/22,0,0,63.9,3,0,0,0,,558,3.73,6,13,53,24.53,360,4.98,5,18,46,39.13,107,8.07,5
4b2d6789,235519,TS Chisoro,TS Chisoro,Zimbabwe,2016-11-19,2020-11-03,12,10,2,109,151,42*,13.62,72.19,0,0,8,2,6.62,56.29,9.0,10,480,382,12,31.83,4.78,40.0,3/22,0,0,52.29,1,0,0,0,,108,3.22,6,40,66,60.61,330,5.04,4,69,85,81.18,42,6.71,2
6821ac10,47693,JJ van der Wath,JJ van der Wath,South Africa,2006-01-20,2007-08-26,10,8,2,89,70,37*,14.83,127.14,0,0,3,8,15.71,52.86,7.5,10,527,551,13,42.38,6.27,40.54,2/21,0,0,46.68,3,0,0,0,,60,6.0,1,0,9,0.0,343,5.65,9,89,61,145.9,124,8.13,3
656202a7,55578,DA Marillier,DA Marillier,Zimbabwe,2003-02-24,2003-07-01,12,10,0,249,350,100,24.9,71.14,1,1,23,2,7.14,57.71,3.6,9,360,269,5,53.8,4.48,72.0,2/49,0,0,50.56,3,0,102,139,73.38,0,,0,124,179,69.27,300,4.3,2,23,32,71.88,60,5.4,3
18261c22,233712,SJ Myburgh,SJ Myburgh,Netherlands,2013-07-07,2022-04-04,14,14,2,347,457,74,28.92,75.93,0,3,40,7,10.28,64.99,1.1,0,0,0,0,,,,,0,0,,2,0,238,294,80.95,0,,0,105,155,67.74,0,,0,4,8,50.0,0,,0
e662b18f,25087,JAR Blain,JAR Blain,Scotland,2007-02-04,2009-04-08,10,6,1,67,129,23,13.4,51.94,0,0,2,2,3.1,65.12,8.8,9,370,285,14,20.36,4.62,26.43,5/22,0,1,65.41,2,0,0,0,,257,4.62,9,33,87,37.93,107,4.54,4,34,42,80.95,6,6.0,1
c4bc3b59,1248357,D Khanal,D Khanal,Nepal,2022-03-25,2026-09-10,15,13,0,342,495,76,26.31,69.09,0,3,25,6,6.26,58.99,3.0,2,18,20,0,,6.67,,0/6,0,0,55.56,11,0,62,155,40.0,0,,0,280,340,82.35,18,6.67,0,0,0,,0,,0
4933f499,272477,JP Behrendorff,JP Behrendorff,Australia,2019-01-12,2022-04-02,12,6,3,21,23,11*,7.0,91.3,0,0,0,0,0.0,43.48,9.7,12,645,568,16,35.5,5.28,40.31,5/44,0,1,54.26,3,0,0,0,,330,4.53,5,2,8,25.0,259,5.56,6,19,15,126.67,56,8.46,5
e0557f7f,51300,DE Bernard,DE Bernard,West Indies,2003-05-30,2010-06-03,17,12,2,141,219,38,14.1,64.38,0,0,10,0,4.57,57.08,6.7,15,540,470,10,47.0,5.22,54.0,2/59,0,0,51.85,6,0,1,8,12.5,132,4.55,0,101,172,58.72,372,5.13,10,39,39,100.0,36,8.67,0
b52ffbbd,670013,FA Allen,FA Allen,West Indies,2018-10-27,2022-02-11,19,15,2,200,203,51,15.38,98.52,0,1,18,8,12.81,56.65,7.7,17,648,601,7,85.86,5.56,92.57,2/40,0,0,42.75,8,0,0,0,,6,9.0,0,116,154,75.32,576,5.53,7,84,49,171.43,66,5.55,0
a73321d3,21431,A Shahzad,A Shahzad,England,2010-03-05,2011-03-11,10,8,2,40,60,9*,6.67,66.67,0,0,0,3,5.0,61.67,9.5,10,529,459,15,30.6,5.21,35.27,3/41,0,0,56.9,4,0,0,0,,222,4.73,7,14,32,43.75,192,4.78,7,26,28,92.86,115,6.83,1
0ecb4de6,1263691,Rehan Ahmed,Rehan Ahmed,England,2023-03-06,2026-01-27,9,7,0,99,122,27,14.14,81.15,0,0,11,1,9.84,54.1,6.7,8,396,351,12,29.25,5.32,33.0,4/54,1,0,47.22,2,0,37,52,71.15,6,10.0,0,19,34,55.88,336,4.95,10,43,36,119.44,54,7.11,2
a1d95bd8,379887,LB Williams,LB Williams,South Africa,2021-07-16,2025-11-04,8,4,0,18,26,13,4.5,69.23,0,0,2,0,7.69,53.85,9.8,8,406,398,16,24.88,5.88,25.38,4/32,2,0,56.4,0,0,0,0,,162,4.48,6,2,9,22.22,192,6.47,5,16,17,94.12,52,8.08,5
33b3d2df,1099379,GJ Delany,GJ Delany,Ireland,2020-01-07,2023-07-04,19,16,4,217,222,22,18.08,97.75,0,0,20,6,11.71,50.0,5.8,11,348,371,6,61.83,6.4,58.0,2/52,0,0,39.08,9,0,64,87,73.56,0,,0,54,50,108.0,306,6.08,5,99,85,116.47,42,8.71,1
795df06c,418615,AS Hansra,AS Hansra,Canada,2010-07-07,2014-01-28,15,14,2,295,527,70*,24.58,55.98,0,2,20,6,4.93,65.84,4.9,12,276,284,2,142.0,6.17,138.0,2/23,0,0,41.3,5,0,11,53,20.75,12,10.5,0,258,452,57.08,246,5.9,0,26,22,118.18,18,7.0,2
d32782ae,42423,Rashid Latif,Rashid Latif,Pakistan,2003-02-11,2003-10-12,21,17,2,335,401,38,22.33,83.54,0,0,21,6,6.73,51.37,7.6,0,0,0,0,,,,,0,0,,26,4,0,0,,0,,0,183,249,73.49,0,,0,152,152,100.0,0,,0
27b8d7b6,1057456,K Birkenstock,K Birkenstock,Namibia,2019-04-27,2023-04-02,17,15,0,233,426,61,15.53,54.69,0,1,24,0,5.63,67.61,4.1,10,227,226,5,45.2,5.97,45.4,2/24,0,0,44.05,6,0,77,191,40.31,0,,0,105,182,57.69,155,4.95,4,51,53,96.23,72,8.17,1
12c3ba4d,25967,P Khadka,P Khadka,Nepal,2018-08-30,2020-02-12,8,8,1,252,308,115,36.0,81.82,1,0,33,3,11.69,61.36,2.8,7,276,193,4,48.25,4.2,69.0,2/23,0,0,59.06,6,0,94,125,75.2,24,5.0,0,158,183,86.34,234,3.51,3,0,0,,18,12.0,1
35aa26af,55427,A Flower,A Flower,Zimbabwe,2003-02-10,2003-03-15,8,7,0,332,459,71,47.43,72.33,0,3,30,1,6.75,55.77,3.1,0,0,0,0,,,,,0,0,,1,0,54,104,51.92,0,,0,278,355,78.31,0,,0,0,0,,0,,0
00ea9791,50744,HP Tillakaratne,HP Tillakaratne,Sri Lanka,2003-01-09,2003-04-07,16,13,2,332,548,81*,30.18,60.58,0,1,27,0,4.93,61.5,4.0,0,0,0,0,,,,,0,0,,10,0,62,158,39.24,0,,0,235,351,66.95,0,,0,35,39,89.74,0,,0
82342b13,437005,B Bhandari,B Bhandari,Nepal,2019-01-25,2026-05-12,19,16,0,331,528,59,20.69,62.69,0,2,32,3,6.63,62.31,4.9,0,0,0,0,,,,,0,0,,26,1,56,107,52.34,0,,0,197,318,61.95,0,,0,78,103,75.73,0,,0
d06335fd,51786,KA Edwards,KA Edwards,West Indies,2011-03-20,2014-08-22,16,16,2,331,494,123*,23.64,67.0,1,0,23,7,6.07,58.91,2.9,0,0,0,0,,,,,0,0,,2,0,104,194,53.61,0,,0,178,271,65.68,0,,0,49,29,168.97,0,,0
d167edd3,446548,SM Boland,SM Boland,Australia,2016-01-12,2016-10-12,14,4,1,9,22,4,3.0,40.91,0,0,0,0,0.0,63.64,11.0,13,716,725,16,45.31,6.08,44.75,3/67,0,0,49.44,3,0,0,0,,162,5.74,4,0,3,0.0,438,5.6,6,9,19,47.37,116,8.33,6
811425b1,281653,Adnan Mufti,Adnan Mufti,United Arab Emirates,2017-01-24,2018-08-30,16,15,4,328,398,57*,29.82,82.41,0,1,27,1,7.04,45.98,6.5,0,0,0,0,,,,,0,0,,4,0,8,24,33.33,0,,0,167,236,70.76,0,,0,153,138,110.87,0,,0
c3564c2d,646191,G Toka,G Toka,Papua New Guinea,2019-08-14,2023-04-02,22,21,0,268,483,29,12.76,55.49,0,0,21,2,4.76,67.29,4.6,5,99,110,3,36.67,6.67,33.0,3/18,0,0,52.53,7,0,96,177,54.24,0,,0,157,287,54.7,81,4.96,3,15,19,78.95,18,14.33,0
cd56a813,824541,Jaker Ali,Jaker Ali,Bangladesh,2024-12-08,2025-07-08,8,8,1,328,414,68,46.86,79.23,0,3,23,11,8.21,54.11,7.0,0,0,0,0,,,,,0,0,,3,0,2,4,50.0,0,,0,218,326,66.87,0,,0,108,84,128.57,0,,0
81a0e294,315035,SA Engelbrecht,SA Engelbrecht,Netherlands,2023-10-09,2024-02-25,11,11,1,327,501,70,32.7,65.27,0,1,28,3,6.19,60.28,4.6,1,12,17,0,,8.5,,0/17,0,0,50.0,9,0,33,53,62.26,0,,0,250,401,62.34,12,8.5,0,44,47,93.62,0,,0
068c47d2,1195676,JJ Davidson,JJ Davidson,Scotland,2024-07-16,2026-08-09,10,5,5,47,39,24*,,120.51,0,0,4,0,10.26,33.33,10.4,10,474,480,14,34.29,6.08,33.86,4/23,1,0,48.1,3,0,0,0,,132,5.68,1,9,8,112.5,252,5.17,7,38,31,122.58,90,9.2,6
101b1180,1457849,V Shukla,V Shukla,Oman,2025-02-10,2026-09-10,17,16,2,327,387,58*,23.36,84.5,0,1,16,14,7.75,51.68,6.6,0,0,0,0,,,,,0,0,,22,3,0,0,,0,,0,224,289,77.51,0,,0,103,98,105.1,0,,0
e8511411,437927,SJ Baard,SJ Baard,Namibia,2019-04-27,2022-09-21,17,17,0,326,559,73,19.18,58.32,0,2,31,3,6.08,66.91,1.5,0,0,0,0,,,,,0,0,,4,0,167,306,54.58,0,,0,159,253,62.85,0,,0,0,0,,0,,0
3d189742,42632,Shabbir Ahmed,Shabbir Ahmed,Pakistan,2003-05-23,2005-05-22,15,6,3,6,15,2,2.0,40.0,0,0,0,0,0.0,66.67,10.8,15,748,566,16,35.38,4.54,46.75,3/33,0,0,64.44,4,0,0,0,,342,4.7,8,0,1,0.0,312,3.87,4,6,14,42.86,94,6.19,4
e6d298e8,44851,CD de Lange,CD de Lange,Scotland,2016-08-14,2017-06-17,7,5,3,65,92,26*,32.5,70.65,0,0,6,0,6.52,57.61,6.4,6,264,209,13,16.08,4.75,20.31,5/60,0,1,54.17,3,0,0,0,,12,1.5,2,58,80,72.5,228,4.97,8,7,12,58.33,24,4.25,3
543d3e69,23685,KAD Hurdle,KAD Hurdle,Bermuda,2006-11-30,2007-10-27,9,8,3,25,47,12,5.0,53.19,0,0,2,1,6.38,70.21,9.9,9,438,391,15,26.07,5.36,29.2,3/30,0,0,64.16,3,0,0,0,,240,5.85,7,7,16,43.75,174,4.41,7,18,31,58.06,24,7.25,1
7955eb15,45949,RK Kleinveldt,RK Kleinveldt,South Africa,2013-01-19,2013-07-28,9,7,0,105,124,43,15.0,84.68,0,0,9,5,11.29,63.71,8.9,9,453,400,11,36.36,5.3,41.18,4/22,1,0,57.4,4,0,0,0,,78,3.69,2,47,68,69.12,314,5.2,8,58,56,103.57,61,7.87,1
eeeebf82,254114,HA Varaiya,HA Varaiya,Kenya,2006-08-12,2014-01-30,18,11,5,43,116,13,7.17,37.07,0,0,3,0,2.59,75.0,10.2,15,676,545,14,38.93,4.84,48.29,3/10,0,0,54.14,4,0,0,0,,54,5.56,1,7,37,18.92,548,4.69,8,36,79,45.57,74,5.43,5
28c7d721,633525,S Bhari,S Bhari,Nepal,2020-02-05,2022-06-11,10,6,4,22,49,11,11.0,44.9,0,0,2,0,4.08,71.43,10.7,10,398,243,15,16.2,3.66,26.53,4/5,1,0,63.32,3,0,0,0,,42,5.0,2,0,0,,336,3.62,12,22,49,44.9,20,1.5,1
5b1d6583,1058510,AK Sah,AK Sah,Nepal,2022-03-25,2025-06-10,14,14,2,322,369,112*,26.83,87.26,1,3,34,12,12.47,58.81,2.6,0,0,0,0,,,,,0,0,,5,0,178,192,92.71,0,,0,121,158,76.58,0,,0,23,19,121.05,0,,0
bb9b51f4,276370,JOA Gordon,JOA Gordon,Canada,2013-08-27,2024-08-13,10,8,4,22,47,7*,5.5,46.81,0,0,1,1,4.26,74.47,10.9,10,435,419,15,27.93,5.78,29.0,6/43,0,1,54.71,0,0,0,0,,246,4.37,7,2,22,9.09,108,6.11,4,20,25,80.0,81,9.63,4
cff25ee1,49010,DA Gunawardene,DA Gunawardene,Sri Lanka,2003-01-21,2006-01-03,16,16,1,322,567,64*,21.47,56.79,0,2,30,1,5.47,66.84,1.7,0,0,0,0,,,,,0,0,,3,0,144,267,53.93,0,,0,178,300,59.33,0,,0,0,0,,0,,0
5f5ca1a7,260036,Tanwir Afzal,Tanwir Afzal,Hong Kong,2014-05-04,2018-09-18,13,12,2,161,177,47,16.1,90.96,0,0,13,8,11.86,58.19,7.8,12,498,386,8,48.25,4.65,62.25,2/27,0,0,64.06,1,0,0,0,,282,5.17,4,88,107,82.24,210,3.91,4,73,70,104.29,6,6.0,0
5fef85ee,235516,R Mutumbami,R Mutumbami,Zimbabwe,2014-08-17,2020-03-06,25,23,2,319,439,67,15.19,72.67,0,1,36,5,9.34,62.41,5.4,0,0,0,0,,,,,0,0,,11,2,65,100,65.0,0,,0,189,274,68.98,0,,0,65,65,100.0,0,,0
4a36c370,453289,N Madziva,N Madziva,Zimbabwe,2014-08-17,2016-06-15,9,9,2,59,122,25,8.43,48.36,0,0,5,0,4.1,72.13,9.1,9,396,409,13,31.46,6.2,30.46,4/49,1,0,50.25,2,0,0,0,,216,4.31,4,25,69,36.23,72,3.92,2,34,53,64.15,108,11.5,7
8361e524,379776,SSB Magala,SSB Magala,South Africa,2021-11-26,2023-09-12,8,5,2,18,24,6*,6.0,75.0,0,0,2,0,8.33,50.0,8.6,7,342,381,15,25.4,6.68,22.8,5/43,0,1,47.95,2,0,0,0,,36,10.5,1,1,1,100.0,252,5.93,12,17,23,73.91,54,7.67,2
5426de63,962831,HB Shipley,HB Shipley,New Zealand,2023-01-09,2023-05-07,8,6,1,18,39,7,3.6,46.15,0,0,0,0,0.0,58.97,8.8,8,387,359,15,23.93,5.57,25.8,5/31,0,1,54.78,2,0,0,0,,156,4.88,6,3,12,25.0,174,5.62,6,15,27,55.56,57,7.26,3
6dd8b88c,647667,Usama Mir,Usama Mir,Pakistan,2023-01-09,2023-10-31,9,4,0,38,29,20,9.5,131.03,0,0,2,3,17.24,48.28,8.0,9,510,500,14,35.71,5.88,36.43,4/43,1,0,42.55,6,0,0,0,,0,,0,23,16,143.75,432,5.75,9,15,13,115.38,78,6.62,5
7b953689,774219,MP Kuhnemann,MP Kuhnemann,Australia,2022-06-16,2026-06-04,8,5,1,54,95,24,13.5,56.84,0,0,5,0,5.26,63.16,9.0,8,432,325,13,25.0,4.51,33.23,3/38,0,0,54.4,2,0,0,0,,108,4.17,3,31,58,53.45,300,4.32,8,23,37,62.16,24,8.5,2
4a461c24,211855,LA Dawson,LA Dawson,England,2016-09-04,2026-07-14,10,7,0,133,159,68,19.0,83.65,0,1,10,2,7.55,49.69,8.4,9,456,413,9,45.89,5.43,50.67,2/48,0,0,45.18,4,0,0,0,,48,4.88,0,108,132,81.82,336,5.45,6,25,27,92.59,72,5.75,3
48301a4b,1178065,D la Cock,D la Cock,Namibia,2022-07-11,2022-12-07,15,15,1,313,466,59,22.36,67.17,0,1,38,6,9.44,69.1,2.0,1,12,9,0,,4.5,,0/9,0,0,50.0,8,0,236,341,69.21,0,,0,77,125,61.6,6,2.0,0,0,0,,6,7.0,0
a7c7802a,55522,AJ Ireland,AJ Ireland,Zimbabwe,2005-08-29,2007-03-19,13,7,1,12,64,6,2.0,18.75,0,0,1,0,1.56,85.94,10.0,13,635,591,15,39.4,5.58,42.33,3/54,0,0,55.59,1,0,0,0,,270,5.13,5,6,29,20.69,233,5.1,6,6,35,17.14,132,7.36,4
126e56a1,43547,Wasim Akram,Wasim Akram,Pakistan,2003-02-11,2003-03-04,6,5,2,71,69,33,23.67,102.9,0,0,10,1,15.94,50.72,8.2,5,284,201,12,16.75,4.25,23.67,5/28,0,1,65.14,0,0,0,0,,143,4.36,8,29,34,85.29,93,2.65,4,42,35,120.0,48,7.0,0
64839cb3,1194795,M Pathirana,M Pathirana,Sri Lanka,2023-07-02,2023-10-10,10,6,2,10,33,5,2.5,30.3,0,0,2,0,6.06,87.88,10.3,10,395,487,15,32.47,7.4,26.33,4/32,1,0,44.81,1,0,0,0,,24,7.25,0,0,3,0.0,288,6.92,10,10,30,33.33,83,9.11,5
4957b300,1148466,A Neill,A Neill,Scotland,2019-08-15,2023-06-25,9,6,4,29,41,14*,14.5,70.73,0,0,2,0,4.88,53.66,10.3,9,431,342,14,24.43,4.76,30.79,3/32,0,0,61.72,3,0,0,0,,126,3.14,2,4,16,25.0,234,5.18,6,25,25,100.0,71,6.25,6
30f92334,1202098,ZGF Foulkes,ZGF Foulkes,New Zealand,2024-11-19,2026-01-18,9,5,3,49,55,22*,24.5,89.09,0,0,6,0,10.91,50.91,8.2,8,360,337,13,25.92,5.62,27.69,4/41,1,0,56.11,3,0,0,0,,174,5.66,7,7,15,46.67,150,5.2,3,42,40,105.0,36,7.17,3
1c790f4f,448243,Rumman Raees,Rumman Raees,Pakistan,2017-06-14,2018-01-19,9,4,1,27,24,16,9.0,112.5,0,0,5,0,20.83,54.17,10.8,9,463,464,14,33.14,6.01,33.07,3/49,0,0,48.16,2,0,0,0,,186,5.94,4,16,14,114.29,149,5.28,3,11,10,110.0,128,6.98,7
844e79d1,1070665,D Brevis,D Brevis,South Africa,2025-08-19,2026-09-13,12,12,2,306,220,54,30.6,139.09,0,1,13,25,17.27,43.18,5.3,1,24,28,0,,7.0,,0/28,0,0,37.5,7,0,11,17,64.71,0,,0,198,146,135.62,24,7.0,0,97,57,170.18,0,,0
fbc5c0c6,23742,RDM Leverock,RDM Leverock,Bermuda,2006-11-27,2008-06-29,12,10,4,45,120,9,7.5,37.5,0,0,2,0,1.67,73.33,10.3,12,607,436,13,33.54,4.31,46.69,3/28,0,0,57.83,6,0,0,0,,18,3.33,0,14,59,23.73,535,3.64,12,31,61,50.82,54,11.22,1
1bae756b,51862,ADS Fletcher,ADS Fletcher,West Indies,2008-06-24,2016-06-26,23,23,0,305,488,54,13.26,62.5,0,2,36,6,8.61,70.9,2.5,3,28,26,0,,5.57,,0/4,0,0,39.29,4,0,202,330,61.21,0,,0,99,152,65.13,22,4.64,0,4,6,66.67,6,9.0,0
7fa2ab1f,353431,RML Taylor,RML Taylor,Scotland,2013-05-17,2015-03-14,9,9,1,105,126,46*,13.12,83.33,0,0,9,1,7.94,51.59,7.9,9,419,374,10,37.4,5.36,41.9,2/36,0,0,52.98,5,0,0,0,,180,4.8,4,59,87,67.82,180,5.13,5,46,39,117.95,59,7.73,1
dd37da14,51019,UWMBCA Welegedara,UWMBCA Welegedara,Sri Lanka,2009-12-15,2010-06-22,10,3,2,4,9,2*,4.0,44.44,0,0,0,0,0.0,55.56,10.3,9,457,433,15,28.87,5.68,30.47,5/66,0,1,56.02,2,0,0,0,,234,6.08,7,0,0,,166,4.63,4,4,9,44.44,57,7.16,4
2feb5b8d,1193293,Akhil Kumar,Akhil Kumar,Canada,2024-09-16,2026-06-16,9,8,3,123,126,48*,24.6,97.62,0,0,10,4,11.11,50.79,7.9,9,348,296,9,32.89,5.1,38.67,3/47,0,0,52.01,2,0,0,0,,42,2.57,1,50,60,83.33,257,5.23,3,73,66,110.61,49,6.61,5
6ed3d5ac,24760,DO Obuya,DO Obuya,Kenya,2003-02-15,2012-02-20,23,23,1,302,569,57,13.73,53.08,0,2,25,3,4.92,66.61,2.9,0,0,0,0,,,,,0,0,,15,0,164,301,54.49,0,,0,123,243,50.62,0,,0,15,25,60.0,0,,0
73e749e1,44098,LE Bosman,LE Bosman,South Africa,2006-09-15,2010-02-27,14,12,0,301,305,88,25.08,98.69,0,2,37,9,15.08,59.34,1.7,0,0,0,0,,,,,0,0,,3,0,186,218,85.32,0,,0,115,87,132.18,0,,0,0,0,,0,,0
f752db61,272465,JL Pattinson,JL Pattinson,Australia,2011-04-13,2015-09-11,14,7,4,41,78,13,13.67,52.56,0,0,2,0,2.56,64.1,9.9,14,673,635,13,48.85,5.66,51.77,4/51,1,0,55.42,3,0,0,0,,276,5.02,5,25,48,52.08,318,5.89,6,16,30,53.33,79,6.99,2
a670d624,25428,RR Watson,RR Watson,Scotland,2007-02-04,2009-04-08,11,11,2,239,336,54*,26.56,71.13,0,2,32,2,10.12,66.96,2.7,4,126,87,3,29.0,4.14,42.0,2/9,0,0,55.56,3,0,109,156,69.87,0,,0,130,180,72.22,120,3.95,3,0,0,,6,8.0,0
7d5af2ea,348024,KC Brathwaite,KC Brathwaite,West Indies,2016-09-30,2017-03-09,10,10,0,278,483,78,27.8,57.56,0,1,15,0,3.11,57.56,2.0,5,152,140,1,140.0,5.53,152.0,1/56,0,0,34.21,3,0,112,234,47.86,18,4.67,0,150,233,64.38,108,5.89,1,16,16,100.0,26,4.62,0
5d38476c,526481,Saqib Zulfiqar,Saqib Zulfiqar,Netherlands,2019-06-21,2023-10-06,11,11,2,158,223,34*,17.56,70.85,0,0,12,4,7.17,60.54,6.6,10,276,298,7,42.57,6.48,39.43,2/43,0,0,43.84,3,0,0,1,0.0,0,,0,77,155,49.68,252,6.29,6,81,67,120.9,24,8.5,1
7c7d63a2,459508,AJ Tye,AJ Tye,Australia,2018-01-14,2018-06-19,7,7,3,57,48,19,14.25,118.75,0,0,5,2,14.58,50.0,9.4,7,387,392,12,32.67,6.08,32.25,5/46,0,1,47.8,1,0,0,0,,30,5.0,0,16,17,94.12,258,5.88,6,41,31,132.26,99,6.91,6
f14c62e4,18023,PA Nixon,PA Nixon,England,2007-01-12,2007-04-21,19,18,4,297,347,49,21.21,85.59,0,0,21,7,8.07,49.28,7.7,0,0,0,0,,,,,0,0,,20,3,0,0,,0,,0,69,147,46.94,0,,0,228,200,114.0,0,,0
3560a786,1045883,C Madande,C Madande,Zimbabwe,2022-08-10,2026-07-11,20,16,1,294,405,74,19.6,72.59,0,2,28,0,6.91,56.3,6.8,0,0,0,0,,,,,0,0,,11,1,9,20,45.0,0,,0,195,285,68.42,0,,0,90,100,90.0,0,,0
69362253,52343,RN Lewis,RN Lewis,West Indies,2006-02-18,2009-07-28,11,9,2,134,125,28*,19.14,107.2,0,0,2,8,8.0,44.0,8.1,9,381,333,8,41.62,5.24,47.62,3/43,0,0,45.14,2,0,0,0,,0,,0,32,51,62.75,336,5.11,6,102,74,137.84,45,6.27,2
dadb9703,806239,B Mavuta,B Mavuta,Zimbabwe,2018-09-30,2024-11-26,14,10,2,92,107,28*,11.5,85.98,0,0,10,1,10.28,56.07,8.2,11,420,396,10,39.6,5.66,42.0,2/30,0,0,51.67,2,0,0,0,,12,7.0,0,65,82,79.27,390,5.68,9,27,25,108.0,18,4.33,1
d07dbc28,1196500,Zawar Farid,Zawar Farid,United Arab Emirates,2020-01-05,2023-03-15,10,8,1,132,139,32*,18.86,94.96,0,0,15,4,13.67,57.55,6.0,7,201,187,8,23.38,5.58,25.12,4/30,1,0,52.74,1,0,43,52,82.69,48,6.12,0,37,47,78.72,126,5.05,3,52,40,130.0,27,7.11,5
da045dea,23755,S Mukuddem,S Mukuddem,Bermuda,2006-11-27,2007-03-25,6,5,2,90,148,57,30.0,60.81,0,1,6,0,4.05,58.11,6.8,6,258,230,10,23.0,5.35,25.8,4/40,1,0,54.65,3,0,0,4,0.0,156,4.73,6,47,94,50.0,72,5.5,3,43,50,86.0,30,8.2,1
51080a1f,24901,JF Kloppenburg,JF Kloppenburg,Netherlands,2003-02-12,2003-03-03,4,4,0,149,232,121,37.25,64.22,1,0,9,4,5.6,62.5,2.5,4,188,136,7,19.43,4.34,26.86,4/42,1,0,50.0,1,0,31,80,38.75,0,,0,112,146,76.71,182,4.45,5,6,6,100.0,6,1.0,2
053f3ce3,1122557,D Ravu,D Ravu,Papua New Guinea,2017-12-06,2022-09-20,16,15,6,128,190,38*,14.22,67.37,0,0,9,4,6.84,62.63,10.1,15,576,496,8,62.0,5.17,72.0,2/19,0,0,57.99,1,0,0,0,,198,5.58,0,23,47,48.94,306,3.96,8,105,143,73.43,72,9.17,0
a2f46292,942645,KK Ahmed,KK Ahmed,India,2018-09-18,2019-08-14,10,2,0,8,16,5,4.0,50.0,0,0,1,0,6.25,68.75,10.5,10,420,420,14,30.0,6.0,30.0,3/13,0,0,52.62,1,0,0,0,,126,7.95,1,5,5,100.0,252,5.14,12,3,11,27.27,42,5.29,1
0480aba6,55882,Enamul Haque jnr,Enamul Haque jnr,Bangladesh,2005-01-24,2009-11-05,9,4,0,8,16,5,2.0,50.0,0,0,0,0,0.0,56.25,10.0,9,515,369,14,26.36,4.3,36.79,3/16,0,0,53.4,7,0,0,0,,6,10.0,0,0,0,,455,3.84,11,8,16,50.0,54,7.56,3
f7ce2ff9,1457840,J Ramanandi,J Ramanandi,Oman,2025-02-18,2026-09-10,10,10,1,246,294,91*,27.33,83.67,0,2,19,8,9.18,52.04,6.5,7,306,238,2,119.0,4.67,153.0,1/26,0,0,47.39,5,0,18,19,94.74,90,3.53,1,180,218,82.57,186,4.87,1,48,57,84.21,30,6.8,0
894b2d25,1027781,MJ Potts,MJ Potts,England,2022-07-19,2025-06-03,11,6,5,45,62,15*,45.0,72.58,0,0,1,1,3.23,45.16,10.3,10,402,400,12,33.33,5.97,33.5,4/38,1,0,54.73,4,0,0,0,,222,6.22,5,23,31,74.19,144,4.5,7,22,31,70.97,36,10.33,0
78f34e15,38108,IE O'Brien,IE O'Brien,New Zealand,2008-02-20,2009-03-14,10,2,2,3,11,3*,,27.27,0,0,0,0,0.0,72.73,11.0,10,453,488,14,34.86,6.46,32.36,3/68,0,0,45.92,1,0,0,0,,126,6.71,2,3,8,37.5,249,5.86,6,0,3,0.0,78,8.0,6
c27518d2,56167,Ziaur Rahman,Ziaur Rahman,Bangladesh,2013-03-23,2014-06-17,12,10,0,83,88,22,8.3,94.32,0,0,9,3,13.64,55.68,7.2,10,348,262,10,26.2,4.52,34.8,5/30,0,1,54.31,5,0,22,20,110.0,42,7.14,0,6,11,54.55,282,3.96,9,55,57,96.49,24,6.5,1
d365d463,410765,Nurul Hasan,Nurul Hasan,Bangladesh,2016-12-29,2026-07-11,13,11,5,282,304,45*,47.0,92.76,0,0,26,6,10.53,48.36,6.5,0,0,0,0,,,,,0,0,,18,4,9,14,64.29,0,,0,145,168,86.31,0,,0,128,122,104.92,0,,0
122108d8,51492,S Chattergoon,S Chattergoon,West Indies,2006-05-10,2008-12-31,10,9,1,281,438,54*,35.12,64.16,0,2,42,3,10.27,72.15,1.9,1,42,30,0,,4.29,,0/30,0,0,42.86,3,0,145,233,62.23,0,,0,136,205,66.34,42,4.29,0,0,0,,0,,0
6a7239a7,214696,ES Szwarczynski,ES Szwarczynski,Netherlands,2006-12-02,2014-01-28,13,12,1,281,467,75*,25.55,60.17,0,3,29,1,6.42,65.74,2.4,0,0,0,0,,,,,0,0,,3,0,112,186,60.22,0,,0,169,281,60.14,0,,0,0,0,,0,,0
608e1581,55915,Hannan Sarkar,Hannan Sarkar,Bangladesh,2003-02-11,2004-05-19,13,13,0,280,505,59,21.54,55.45,0,2,28,2,5.94,70.1,1.0,1,3,13,0,,26.0,,0/13,0,0,0.0,5,0,162,326,49.69,0,,0,118,179,65.92,3,26.0,0,0,0,,0,,0
383dd431,213674,TD Astle,TD Astle,New Zealand,2017-12-20,2019-02-16,9,5,2,79,77,49,26.33,102.6,0,0,5,2,9.09,41.56,8.0,8,270,246,10,24.6,5.47,27.0,3/33,0,0,50.74,2,0,0,0,,6,15.0,0,22,31,70.97,228,4.63,10,57,46,123.91,36,9.17,0
d996ba33,302875,J Kila,J Kila,Papua New Guinea,2018-03-04,2022-03-25,13,13,3,159,244,36,15.9,65.16,0,0,14,2,6.56,61.48,8.0,8,229,200,6,33.33,5.24,38.17,3/27,0,0,60.7,3,0,0,0,,12,14.5,0,110,196,56.12,198,4.79,5,49,48,102.08,19,4.11,1
5bdeeed4,1481834,Shivam Sharma,Shivam Sharma (3),Canada,2025-05-17,2026-08-13,7,7,1,119,164,37,19.83,72.56,0,0,8,2,6.1,51.83,8.3,7,282,261,8,32.62,5.55,35.25,4/69,1,0,51.77,4,0,0,0,,12,1.0,1,59,88,67.05,216,5.47,3,60,76,78.95,54,6.89,4
fa1aa7e7,243942,D Langford-Smith,D Langford-Smith,Ireland,2006-06-13,2007-07-14,11,9,4,79,83,18,15.8,95.18,0,0,6,2,9.64,50.6,9.7,10,456,354,10,35.4,4.66,45.6,3/63,0,0,62.94,3,0,0,0,,258,4.81,4,37,42,88.1,174,3.79,4,42,41,102.44,24,9.25,2
08a4f9ad,248920,DC Thomas,DC Thomas,West Indies,2009-07-28,2013-02-10,21,19,2,238,364,37,14.0,65.38,0,0,19,2,5.77,58.24,6.6,1,7,11,2,5.5,9.43,3.5,2/11,0,0,57.14,23,6,21,33,63.64,0,,0,118,213,55.4,0,,0,99,118,83.9,7,9.43,2
f011dfa3,15403,RC Irani,RC Irani,England,2002-06-27,2003-02-26,10,10,2,118,200,39,14.75,59.0,0,0,7,0,3.5,60.5,7.4,10,473,356,8,44.5,4.52,59.12,3/30,0,0,52.22,2,0,7,13,53.85,6,8.0,0,70,138,50.72,360,3.95,3,41,49,83.67,107,6.22,5
32198ae0,5961,MC Henriques,MC Henriques,Australia,2009-10-31,2021-07-26,16,15,2,117,192,22,9.0,60.94,0,0,10,0,5.21,59.38,5.4,12,402,347,8,43.38,5.18,50.25,3/32,0,0,47.26,6,0,20,23,86.96,12,7.0,0,67,122,54.92,336,4.77,5,30,47,63.83,54,7.33,3
ae6746e0,25589,Khurram Khan,Khurram Khan,United Arab Emirates,2008-06-24,2015-03-15,9,9,0,237,311,78,26.33,76.21,0,1,23,1,7.72,54.66,4.1,4,162,185,2,92.5,6.85,81.0,2/78,0,0,26.54,4,0,30,46,65.22,0,,0,198,255,77.65,114,6.21,0,9,10,90.0,48,8.38,2
ed90abe4,36948,AP Devcich,AP Devcich,New Zealand,2013-10-29,2016-10-26,12,11,0,195,253,58,17.73,77.08,0,1,25,0,9.88,58.1,2.6,11,324,291,4,72.75,5.39,81.0,2/33,0,0,44.44,3,0,122,159,76.73,6,3.0,0,55,77,71.43,306,5.43,4,18,17,105.88,12,5.5,0
ea59139a,1058938,Wasim Ali,Wasim Ali,Oman,2022-03-14,2026-05-05,13,13,3,175,219,62,17.5,79.91,0,1,14,4,8.22,57.53,5.7,9,111,136,5,27.2,7.35,22.2,1/7,0,0,40.54,7,0,0,13,0.0,0,,0,122,174,70.11,102,6.76,4,53,32,165.62,9,14.0,1
0994d0ae,477021,V Shankar,V Shankar,India,2019-01-18,2019-06-27,11,7,1,194,205,46,32.33,94.63,0,0,18,4,10.73,45.85,5.7,9,233,210,4,52.5,5.41,58.25,2/15,0,0,48.93,6,0,4,3,133.33,44,5.86,1,134,161,83.23,186,5.32,1,56,41,136.59,3,4.0,2
feb37330,41306,Moin Khan,Moin Khan,Pakistan,2003-11-29,2004-10-16,17,15,5,274,314,72*,27.4,87.26,0,2,21,3,7.64,46.82,7.2,0,0,0,0,,,,,0,0,,16,3,0,0,,0,,0,191,236,80.93,0,,0,83,78,106.41,0,,0
51a36d3e,277911,GH Worker,GH Worker,New Zealand,2015-08-23,2018-11-11,10,10,2,272,379,58,34.0,71.77,0,3,23,3,6.86,55.67,2.0,1,6,5,0,,5.0,,0/5,0,0,16.67,5,0,101,146,69.18,0,,0,166,224,74.11,6,5.0,0,5,9,55.56,0,,0
3029e282,288211,Umar Amin,Umar Amin,Pakistan,2010-06-15,2018-01-19,16,16,1,271,392,59,18.07,69.13,0,1,28,2,7.65,60.46,4.4,3,42,24,0,,3.43,,0/6,0,0,64.29,6,0,41,82,50.0,0,,0,201,280,71.79,42,3.43,0,29,30,96.67,0,,0
797ee165,1460485,SS Kang,SS Kang,United Arab Emirates,2025-05-04,2025-10-28,6,4,1,31,105,14,10.33,29.52,0,0,1,0,0.95,75.24,9.2,6,342,247,12,20.58,4.33,28.5,4/30,1,0,55.26,0,0,0,0,,24,6.75,2,14,68,20.59,306,4.06,9,17,37,45.95,12,6.5,1
8728a058,11724,R Clarke,R Clarke,England,2003-06-17,2006-09-05,16,9,0,91,170,39,10.11,53.53,0,0,6,0,3.53,61.76,7.0,12,404,349,9,38.78,5.18,44.89,2/28,0,0,53.22,9,0,0,0,,0,,0,59,121,48.76,349,4.68,9,32,49,65.31,55,8.4,0
b58af144,56186,Tushar Imran,Tushar Imran,Bangladesh,2003-02-18,2007-12-31,22,21,0,250,460,48,11.9,54.35,0,0,27,1,6.09,70.43,4.3,3,90,57,1,57.0,3.8,90.0,1/24,0,0,42.22,3,0,38,125,30.4,0,,0,184,315,58.41,78,4.08,1,28,20,140.0,12,2.0,0
a72b14ff,21650,CT Tremlett,CT Tremlett,England,2005-06-23,2011-03-26,14,11,4,50,89,19*,7.14,56.18,0,0,2,2,4.49,66.29,10.1,14,734,673,11,61.18,5.5,66.73,3/22,0,0,54.09,4,0,0,0,,216,5.03,3,14,37,37.84,450,5.23,5,36,52,69.23,68,8.82,3
cb263798,14153,DL Hemp,DL Hemp,Bermuda,2006-11-27,2007-10-28,11,11,2,268,391,76*,29.78,68.54,0,3,32,3,8.95,65.73,4.6,2,60,73,0,,7.3,,0/32,0,0,43.33,1,0,40,81,49.38,0,,0,208,286,72.73,48,6.38,0,20,24,83.33,12,11.0,0
21e5f325,440516,TA Blundell,TA Blundell,New Zealand,2020-02-05,2023-12-23,12,12,3,266,307,68,29.56,86.64,0,2,28,2,9.77,51.47,3.8,0,0,0,0,,,,,0,0,,13,2,78,90,86.67,0,,0,164,197,83.25,0,,0,24,20,120.0,0,,0
513158ed,23826,AM Samad,AM Samad,Canada,2003-03-03,2009-08-19,10,10,1,226,369,44,25.11,61.25,0,0,23,1,6.5,65.85,3.8,4,64,90,2,45.0,8.44,32.0,1/31,0,0,43.75,4,0,85,126,67.46,0,,0,141,243,58.02,51,8.12,2,0,0,,13,9.69,0
02789d88,56154,Shamsur Rahman,Shamsur Rahman,Bangladesh,2013-10-31,2014-08-22,9,9,0,266,348,96,29.56,76.44,0,2,23,9,9.2,59.48,2.3,1,6,13,0,,13.0,,0/13,0,0,16.67,3,0,113,174,64.94,0,,0,153,174,87.93,6,13.0,0,0,0,,0,,0
97f437ed,559062,NF Kelly,NF Kelly,New Zealand,2025-03-29,2026-07-21,8,8,0,265,353,83,33.12,75.07,0,3,33,5,10.76,65.44,2.2,0,0,0,0,,,,,0,0,,1,0,91,165,55.15,0,,0,174,188,92.55,0,,0,0,0,,0,,0
1fe81cc9,235521,T Kamungozi,T Kamungozi,Zimbabwe,2006-09-20,2015-02-24,13,10,5,25,53,12*,5.0,47.17,0,0,5,0,9.43,83.02,10.9,12,576,494,12,41.17,5.15,48.0,2/36,0,0,47.74,4,0,0,0,,24,7.25,0,7,29,24.14,486,4.73,6,18,24,75.0,66,7.45,6
0b581ed6,1112220,J Sumerauer,J Sumerauer,Jersey,2023-03-30,2023-04-05,4,3,0,84,74,35,28.0,113.51,0,0,8,2,13.51,39.19,8.3,4,234,203,9,22.56,5.21,26.0,4/51,1,0,57.26,1,0,0,0,,90,3.8,3,13,12,108.33,96,5.0,2,71,62,114.52,48,8.25,4
737e595d,1058498,NK Yadav,NK Yadav,Nepal,2025-06-10,2026-07-21,10,7,2,24,53,10*,4.8,45.28,0,0,1,0,1.89,64.15,9.1,10,367,340,12,28.33,5.56,30.58,3/39,0,0,57.49,0,0,0,0,,150,5.24,5,8,10,80.0,169,5.18,3,16,43,37.21,48,7.88,4
bceb1b07,23694,JJ Tucker,JJ Tucker,Bermuda,2006-11-27,2007-10-28,11,11,1,203,315,49,20.3,64.44,0,0,26,2,8.89,68.25,6.1,9,306,256,3,85.33,5.02,102.0,2/23,0,0,55.88,6,0,17,44,38.64,48,4.0,0,186,271,68.63,246,4.59,3,0,0,,12,18.0,0
81c08fa3,1246528,Umran Malik,Umran Malik,India,2022-11-25,2023-07-29,10,4,3,2,11,2*,2.0,18.18,0,0,0,0,0.0,81.82,10.5,9,366,399,13,30.69,6.54,28.15,3/57,0,0,51.09,2,0,0,0,,36,8.83,0,0,2,0.0,294,5.59,12,2,9,22.22,36,12.0,1
c73bb037,43363,Taufeeq Umar,Taufeeq Umar,Pakistan,2003-02-11,2011-05-05,11,11,1,262,474,81*,26.2,55.27,0,1,33,0,6.96,71.52,1.7,0,0,0,0,,,,,0,0,,4,0,133,282,47.16,0,,0,129,192,67.19,0,,0,0,0,,0,,0
c57fa67e,293031,E Otieno,E Otieno,Kenya,2007-10-18,2014-01-30,11,7,2,21,54,8,4.2,38.89,0,0,2,0,3.7,74.07,10.7,10,441,468,12,39.0,6.37,36.75,4/33,1,0,53.06,4,0,0,0,,198,5.12,8,5,18,27.78,144,6.08,1,16,36,44.44,99,9.27,3
66b30f71,227712,AB Dinda,AB Dinda,India,2010-05-28,2013-01-11,13,5,0,21,36,16,4.2,58.33,0,0,1,0,2.78,63.89,9.8,13,594,612,12,51.0,6.18,49.5,2/44,0,0,50.0,1,0,0,0,,198,4.64,1,0,11,0.0,290,6.39,5,21,25,84.0,106,8.49,6
42172c3c,280490,JT Smuts,JT Smuts,South Africa,2020-02-04,2021-04-07,6,5,1,180,229,84,45.0,78.6,0,1,20,1,9.17,52.4,3.8,4,180,164,4,41.0,5.47,45.0,2/42,0,0,42.22,3,0,23,38,60.53,12,1.0,1,148,175,84.57,114,4.95,1,9,16,56.25,54,7.56,2
4347a4ae,24839,AJ Burger,AJ Burger,Namibia,2003-02-10,2003-03-03,6,6,0,199,198,85,33.17,100.51,0,1,25,3,14.14,55.56,2.0,5,96,104,3,34.67,6.5,32.0,1/18,0,0,39.58,0,0,108,115,93.91,0,,0,91,83,109.64,84,6.43,3,0,0,,12,7.0,0
f44af07f,22403,C White,C White,England,2003-02-16,2003-03-02,5,4,1,79,81,35,26.33,97.53,0,0,6,0,7.41,38.27,8.0,5,270,179,9,19.89,3.98,30.0,3/33,0,0,62.96,1,0,0,0,,0,,0,28,29,96.55,252,3.74,9,51,52,98.08,18,7.33,0
ff1ec94d,594996,R Klein,R Klein,Netherlands,2022-05-31,2026-07-31,14,10,1,38,83,8,4.22,45.78,0,0,1,0,1.2,62.65,8.9,13,603,494,11,44.91,4.92,54.82,2/31,0,0,56.55,2,0,0,0,,234,4.13,4,21,54,38.89,258,4.88,3,17,29,58.62,111,6.65,4
314642ed,1206110,K Sinclair,K Sinclair,West Indies,2022-08-17,2023-07-07,7,3,1,38,64,25,19.0,59.38,0,0,2,0,3.12,56.25,10.0,7,381,282,11,25.64,4.44,34.64,4/24,2,0,49.87,6,0,0,0,,18,4.0,0,18,39,46.15,307,4.18,8,20,25,80.0,56,6.0,3
0d37dea9,764321,DE Budge,DE Budge,Scotland,2019-12-09,2022-06-03,16,14,4,237,303,46*,23.7,78.22,0,0,17,1,5.94,49.5,6.1,8,151,111,1,111.0,4.41,151.0,1/21,0,0,49.01,8,0,0,0,,0,,0,117,191,61.26,151,4.41,1,120,112,107.14,0,,0
52f96571,267454,RJ Trott,RJ Trott,Bermuda,2007-10-25,2008-06-29,4,4,2,95,191,48*,47.5,49.74,0,0,7,0,3.66,68.06,7.5,4,190,157,8,19.62,4.96,23.75,4/46,1,0,49.47,3,0,0,0,,0,,0,61,136,44.85,184,5.09,8,34,55,61.82,6,1.0,0
9b6ad88a,307075,R Gunasekera,R Gunasekera,Canada,2010-09-06,2014-01-28,13,13,0,255,443,72,19.62,57.56,0,3,19,4,5.19,67.27,1.8,0,0,0,0,,,,,0,0,,5,0,97,216,44.91,0,,0,158,227,69.6,0,,0,0,0,,0,,0
5eb51b97,1256189,V Sukumaran,V Sukumaran,United Arab Emirates,2022-11-16,2024-11-09,10,10,0,194,305,97,19.4,63.61,0,1,16,6,7.21,65.57,4.5,6,120,81,3,27.0,4.05,40.0,1/10,0,0,57.5,2,0,28,58,48.28,0,,0,146,227,64.32,108,3.94,3,20,20,100.0,12,5.0,0
d5ae21a2,401537,KD Shah,KD Shah,Hong Kong,2015-11-16,2018-09-18,7,7,1,112,187,34*,18.67,59.89,0,0,9,2,5.88,63.64,3.1,3,110,79,7,11.29,4.31,15.71,4/10,1,0,48.18,0,0,52,88,59.09,0,,0,44,85,51.76,48,5.25,0,16,14,114.29,62,3.58,7
b03db6fa,380956,MJG Rippon,MJG Rippon,Netherlands,2013-07-07,2022-04-04,6,4,0,112,157,67,28.0,71.34,0,1,9,3,7.64,56.69,6.8,6,240,200,7,28.57,5.0,34.29,4/37,1,0,51.25,1,0,0,0,,0,,0,89,134,66.42,228,4.97,7,23,23,100.0,12,5.5,0
5faa30f7,1126253,Amir Hayat,Amir Hayat,United Arab Emirates,2018-01-23,2019-01-28,9,6,3,31,73,24*,10.33,42.47,0,0,1,1,2.74,68.49,9.0,9,449,382,11,34.73,5.1,40.82,3/19,0,0,54.79,4,0,0,0,,132,4.82,0,28,64,43.75,251,4.06,6,3,9,33.33,66,9.64,5
6cc006ef,49769,RAP Nissanka,RAP Nissanka,Sri Lanka,2003-01-21,2003-06-07,9,6,3,31,80,11,10.33,38.75,0,0,2,0,2.5,77.5,10.0,9,379,289,11,26.27,4.58,34.45,4/12,1,0,67.02,1,0,0,0,,252,4.07,10,6,38,15.79,117,5.38,1,25,42,59.52,10,7.8,0
fbaa61d2,24714,KO Otieno,KO Otieno,Kenya,2003-02-12,2009-01-31,19,18,0,250,571,79,13.89,43.78,0,2,29,4,5.78,77.76,1.1,0,0,0,0,,,,,0,0,,16,4,129,335,38.51,0,,0,121,236,51.27,0,,0,0,0,,0,,0
70456281,718553,Ehsan Nawaz,Ehsan Nawaz,Hong Kong,2014-05-04,2018-09-18,9,8,3,29,83,11,5.8,34.94,0,0,2,0,2.41,74.7,9.9,9,381,328,11,29.82,5.17,34.64,4/47,1,0,58.53,1,0,0,0,,132,5.41,3,19,62,30.65,162,5.0,4,10,21,47.62,87,5.1,4
e4271302,39745,Amjad Ali,Amjad Ali,United Arab Emirates,2008-06-24,2015-11-16,10,10,0,249,375,77,24.9,66.4,0,1,33,0,8.8,66.4,1.4,0,0,0,0,,,,,0,0,,7,1,178,248,71.77,0,,0,71,127,55.91,0,,0,0,0,,0,,0
e87aeca2,1255248,J Hermann,J Hermann,South Africa,2026-09-09,2026-09-13,3,3,0,247,209,150,82.33,118.18,1,1,32,4,17.22,47.85,1.0,0,0,0,0,,,,,0,0,,1,0,83,85,97.65,0,,0,162,119,136.13,0,,0,2,5,40.0,0,,0
e1b9f3a9,679567,BJ Dwarshuis,BJ Dwarshuis,Australia,2024-09-19,2026-06-14,6,4,0,65,104,33,16.25,62.5,0,0,4,2,5.77,61.54,8.5,6,288,278,9,30.89,5.79,32.0,3/66,0,0,48.96,1,0,0,0,,132,5.55,4,45,72,62.5,108,4.89,2,20,32,62.5,48,8.5,3
8fc65c2b,12450,SM Davies,SM Davies,England,2009-10-02,2011-02-06,8,8,0,244,231,87,30.5,105.63,0,1,36,0,15.58,51.08,2.5,0,0,0,0,,,,,0,0,,8,0,156,144,108.33,0,,0,88,87,101.15,0,,0,0,0,,0,,0
b878fc9a,1096833,Nestor Dhamba,Nestor Dhamba,Oman,2021-09-14,2022-06-12,9,5,2,23,52,10*,7.67,44.23,0,0,1,0,1.92,61.54,8.6,8,306,208,11,18.91,4.08,27.82,3/20,0,0,54.25,2,0,0,0,,6,9.0,0,1,15,6.67,294,3.98,11,22,37,59.46,6,4.0,0
a7a6c1c2,1457977,AR Odedara,AR Odedara,Oman,2024-11-01,2026-05-03,10,10,1,243,464,54*,27.0,52.37,0,1,23,6,6.25,72.41,1.9,0,0,0,0,,,,,0,0,,2,0,125,247,50.61,0,,0,112,207,54.11,0,,0,6,10,60.0,0,,0
86cd782f,56031,Mehrab Hossain jnr,Mehrab Hossain jnr,Bangladesh,2006-10-13,2009-08-18,12,10,0,183,408,54,18.3,44.85,0,1,17,0,4.17,71.32,3.5,6,187,154,3,51.33,4.94,62.33,2/30,0,0,38.5,5,0,78,166,46.99,0,,0,99,237,41.77,132,4.68,2,6,5,120.0,55,5.56,1
5f5e0c8c,50802,ML Udawatte,ML Udawatte,Sri Lanka,2008-04-10,2008-11-24,8,8,0,243,353,73,30.38,68.84,0,2,24,2,7.37,60.34,2.1,0,0,0,0,,,,,0,0,,0,0,106,178,59.55,0,,0,137,175,78.29,0,,0,0,0,,0,,0
5278cecc,1474134,Muhammed Imran,Muhammed Imran,Oman,2025-05-19,2026-09-10,6,3,2,2,10,2*,2.0,20.0,0,0,0,0,0.0,90.0,11.0,6,240,214,12,17.83,5.35,20.0,5/39,0,1,61.25,0,0,0,0,,126,4.76,3,0,7,0.0,78,5.54,5,2,3,66.67,36,7.0,4
8a58f203,1441684,R Ugarkar,R Ugarkar,United States of America,2025-10-26,2026-06-08,6,2,1,1,6,1*,1.0,16.67,0,0,0,0,0.0,83.33,11.0,6,262,252,12,21.0,5.77,21.83,5/22,1,1,59.54,1,0,0,0,,114,6.21,7,0,2,0.0,133,4.87,4,1,4,25.0,15,10.4,1
008589a4,25123,CM Wright,CM Wright,Scotland,2007-02-04,2009-04-08,7,6,1,81,139,37,16.2,58.27,0,0,4,1,3.6,58.99,7.8,7,306,228,8,28.5,4.47,38.25,3/23,0,0,63.73,1,0,0,0,,18,10.0,0,35,100,35.0,276,4.0,7,46,39,117.95,12,7.0,1
68c3f79d,24711,LN Onyango,LN Onyango,Kenya,2007-02-05,2014-01-23,8,4,2,61,81,34*,30.5,75.31,0,0,6,0,7.41,54.32,8.8,8,251,211,9,23.44,5.04,27.89,3/29,0,0,59.76,0,0,0,0,,36,2.5,1,26,44,59.09,161,4.66,4,35,37,94.59,54,7.89,4
e1e81c75,23811,GR Codrington,GR Codrington,Canada,2006-11-27,2007-03-18,6,6,1,80,118,31,16.0,67.8,0,0,8,2,8.47,63.56,7.5,6,306,257,8,32.12,5.04,38.25,4/33,1,0,45.42,3,0,1,5,20.0,6,8.0,1,60,90,66.67,216,4.42,1,19,23,82.61,84,6.43,6
a3690f55,1460551,Khuzaima Tanveer,Khuzaima Tanveer,United Arab Emirates,2026-04-25,2026-09-12,5,5,1,79,74,49,19.75,106.76,0,0,2,7,12.16,51.35,8.0,5,225,193,8,24.12,5.15,28.12,3/21,0,0,57.33,1,0,0,0,,99,5.03,5,52,42,123.81,90,5.33,1,27,32,84.38,36,5.0,2
ec9db8a7,1184439,Musa Ahmed,Musa Ahmed,Netherlands,2021-06-07,2024-08-21,13,13,0,238,371,61,18.31,64.15,0,1,20,3,6.2,63.07,4.0,1,6,5,0,,5.0,,0/5,0,0,16.67,4,0,34,67,50.75,0,,0,200,297,67.34,6,5.0,0,4,7,57.14,0,,0
0aa14354,42605,Saeed Anwar,Saeed Anwar,Pakistan,2003-02-16,2003-03-04,5,5,1,218,303,101,54.5,71.95,1,0,19,1,6.6,59.08,1.2,1,24,15,1,15.0,3.75,24.0,1/15,0,0,54.17,0,0,105,159,66.04,0,,0,113,143,79.02,24,3.75,1,0,1,0.0,0,,0
e88468b7,1456606,Mujibur Ali,Mujibur Ali,Oman,2025-05-19,2026-09-10,10,10,1,137,237,43,15.22,57.81,0,0,13,0,5.49,62.87,4.0,10,291,225,5,45.0,4.64,58.2,2/35,0,0,49.48,5,0,14,45,31.11,24,4.25,0,123,192,64.06,240,4.88,3,0,0,,27,2.89,2
4d3097d8,37248,GJ Hopkins,GJ Hopkins,New Zealand,2004-06-29,2010-12-04,21,17,1,236,311,45,14.75,75.88,0,0,19,2,6.75,51.77,7.2,0,0,0,0,,,,,0,0,,17,1,0,0,,0,,0,181,255,70.98,0,,0,55,56,98.21,0,,0
e412cb64,244639,HF Gurney,HF Gurney,England,2014-05-09,2014-12-16,10,6,4,15,33,6*,7.5,45.45,0,0,1,0,3.03,66.67,11.0,10,455,432,11,39.27,5.7,41.36,4/55,1,0,52.53,1,0,0,0,,210,4.4,3,4,4,100.0,173,6.03,3,11,29,37.93,72,8.67,5
5d836a72,39950,Abid Ali,Abid Ali,Pakistan,2019-03-29,2020-11-01,6,6,0,234,250,112,39.0,93.6,1,1,29,0,11.6,51.6,2.0,0,0,0,0,,,,,0,0,,3,0,126,128,98.44,0,,0,104,118,88.14,0,,0,4,4,100.0,0,,0
7c63baa7,4433,JP Bray,JP Bray,Ireland,2006-06-13,2007-04-18,10,10,1,234,367,115*,26.0,63.76,1,0,25,2,7.36,65.4,1.5,0,0,0,0,,,,,0,0,,2,0,97,174,55.75,0,,0,105,169,62.13,0,,0,32,24,133.33,0,,0
4487cc09,23681,LOB Cann,LOB Cann,Bermuda,2006-11-27,2007-10-28,11,10,0,214,172,52,21.4,124.42,0,1,23,10,19.19,51.74,6.4,2,71,88,1,88.0,7.44,71.0,1/34,0,0,22.54,0,0,41,19,215.79,0,,0,171,148,115.54,48,8.5,0,2,5,40.0,23,5.22,1
86f84b37,1195664,AM Tribe,AM Tribe,Jersey,2023-03-30,2023-04-05,4,4,1,233,309,115*,77.67,75.4,1,1,16,6,7.12,55.99,4.0,2,12,19,0,,9.5,,0/8,0,0,16.67,2,0,12,35,34.29,0,,0,181,247,73.28,12,9.5,0,40,27,148.15,0,,0
ef5cbaf6,25430,NFI McCallum,NFI McCallum,Scotland,2007-02-04,2011-06-29,11,10,2,233,353,121*,29.12,66.01,1,0,22,5,7.65,67.14,5.7,0,0,0,0,,,,,0,0,,3,0,3,24,12.5,0,,0,180,300,60.0,0,,0,50,29,172.41,0,,0
ff1e12a0,500268,AJ Turner,AJ Turner,Australia,2019-03-02,2021-07-26,9,7,1,192,160,84*,32.0,120.0,0,1,10,10,12.5,39.38,6.1,2,84,60,2,30.0,4.29,42.0,1/23,0,0,64.29,4,0,0,0,,0,,0,91,95,95.79,84,4.29,2,101,65,155.38,0,,0
96f5b685,1276396,AA Paradkar,AA Paradkar,United States of America,2021-09-09,2024-08-21,6,5,1,51,80,24,12.75,63.75,0,0,3,1,5.0,58.75,7.8,6,222,242,9,26.89,6.54,24.67,4/26,1,0,50.9,1,0,0,0,,54,5.22,1,36,65,55.38,120,6.0,5,15,15,100.0,48,9.38,3
bb95564b,821749,Saif Hassan,Saif Hassan,Bangladesh,2025-10-18,2026-06-09,10,10,0,211,260,80,21.1,81.15,0,2,22,8,11.54,63.08,1.0,3,48,34,1,34.0,4.25,48.0,1/9,0,0,43.75,5,0,101,133,75.94,0,,0,110,127,86.61,36,3.33,0,0,0,,12,7.0,1
35f4cf7e,623636,Kamran Ghulam,Kamran Ghulam,Pakistan,2023-01-13,2025-02-08,11,7,0,210,212,103,30.0,99.06,1,1,19,9,13.21,52.83,4.3,2,24,16,1,16.0,4.0,24.0,1/7,0,0,50.0,4,0,11,21,52.38,0,,0,128,152,84.21,24,4.0,1,71,39,182.05,0,,0
8629178f,470900,MM English,MM English,Scotland,2024-07-26,2026-08-13,6,6,1,230,326,107,46.0,70.55,1,1,16,5,6.44,56.44,4.0,0,0,0,0,,,,,0,0,,2,0,28,49,57.14,0,,0,182,256,71.09,0,,0,20,21,95.24,0,,0
3cacbb57,245373,A Martin,A Martin,West Indies,2011-04-25,2011-12-11,9,6,5,10,29,4*,10.0,34.48,0,0,0,0,0.0,65.52,11.0,9,444,296,11,26.91,4.0,40.36,4/36,1,0,54.95,3,0,0,0,,72,4.0,0,1,4,25.0,324,4.04,7,9,25,36.0,48,3.75,4
45a43fe2,1060380,RD Gaikwad,RD Gaikwad,India,2022-10-06,2025-12-06,9,8,0,228,254,105,28.5,89.76,1,1,28,2,11.81,53.15,2.2,0,0,0,0,,,,,0,0,,4,0,59,84,70.24,0,,0,169,170,99.41,0,,0,0,0,,0,,0
88626ed2,820681,AA Jangoo,AA Jangoo,West Indies,2024-12-12,2026-07-19,8,7,1,228,280,104*,38.0,81.43,1,1,11,5,5.71,45.0,5.4,0,0,0,0,,,,,0,0,,2,0,0,2,0.0,0,,0,196,256,76.56,0,,0,32,22,145.45,0,,0
24ecc358,51660,TM Dowlin,TM Dowlin,West Indies,2009-07-26,2010-02-19,11,11,2,228,348,100*,25.33,65.52,1,1,20,1,6.03,58.05,3.3,0,0,0,0,,,,,0,0,,2,0,43,92,46.74,0,,0,136,228,59.65,0,,0,49,28,175.0,0,,0
0a3d54b9,360911,VR Aaron,VR Aaron,India,2011-10-23,2014-11-02,9,3,2,8,15,6*,8.0,53.33,0,0,1,0,6.67,66.67,10.7,9,380,419,11,38.09,6.62,34.55,3/24,0,0,47.89,1,0,0,0,,54,4.89,2,0,0,,234,6.69,5,8,15,53.33,92,7.43,4
21d4e29b,700167,Navdeep Saini,NA Saini,India,2019-12-22,2021-07-23,8,5,3,107,137,45,53.5,78.1,0,0,9,3,8.76,59.85,8.8,8,420,481,6,80.17,6.87,70.0,2/58,0,0,47.38,3,0,0,0,,126,6.29,0,26,61,42.62,198,5.94,2,81,76,106.58,96,9.56,4
bf172ae6,402066,Sufyan Mehmood,Sufyan Mehmood,Oman,2021-09-19,2025-05-27,8,7,1,107,138,72,17.83,77.54,0,1,6,3,6.52,50.72,6.1,6,209,147,6,24.5,4.22,34.83,3/58,0,0,53.59,0,0,4,16,25.0,0,,0,54,74,72.97,170,3.53,2,49,48,102.08,39,7.23,4
9a158001,39024,Azhar Mahmood,Azhar Mahmood,Pakistan,2003-03-04,2007-03-17,12,9,3,126,156,30,21.0,80.77,0,0,9,4,8.33,56.41,7.7,10,388,310,5,62.0,4.79,77.6,1/23,0,0,57.73,0,0,0,0,,55,6.0,0,38,87,43.68,296,4.03,4,88,69,127.54,37,9.08,1
6752c57b,55944,Jahurul Islam,Jahurul Islam,Bangladesh,2010-06-21,2013-05-08,12,11,1,226,319,53,22.6,70.85,0,1,21,2,7.21,60.19,3.5,0,0,0,0,,,,,0,0,,7,0,34,69,49.28,0,,0,181,235,77.02,0,,0,11,15,73.33,0,,0
f6b5d11a,49870,PDRL Perera,PDRL Perera,Sri Lanka,2006-01-17,2007-01-02,13,4,2,5,9,4*,2.5,55.56,0,0,0,0,0.0,44.44,11.0,13,540,490,11,44.55,5.44,49.09,3/23,0,0,57.78,1,0,0,0,,294,4.86,4,0,4,0.0,204,5.18,5,5,5,100.0,42,10.86,2
bb4b445b,628240,Hussain Talat,Hussain Talat,Pakistan,2019-01-22,2026-03-13,12,10,2,224,278,62,28.0,80.58,0,1,19,2,7.55,48.56,6.2,4,60,77,0,,7.7,,0/14,0,0,35.0,1,0,0,0,,0,,0,150,202,74.26,48,6.75,0,74,76,97.37,12,11.5,0
b56dc5f7,379927,BE Hendricks,BE Hendricks,South Africa,2019-01-25,2023-12-21,9,4,1,24,45,18,8.0,53.33,0,0,2,0,4.44,66.67,9.0,7,356,321,10,32.1,5.41,35.6,3/59,0,0,54.78,4,0,0,0,,156,5.58,3,3,14,21.43,162,4.89,3,21,31,67.74,38,6.95,4
2d03c3f8,1444192,C Cassell,C Cassell,Scotland,2024-07-22,2025-06-12,6,1,0,4,5,4,4.0,80.0,0,0,0,0,0.0,60.0,11.0,6,274,268,11,24.36,5.87,24.91,7/21,0,1,51.09,1,0,0,0,,18,7.67,1,0,0,,220,5.1,7,4,5,80.0,36,9.67,3
4a84f573,55391,T Duffin,T Duffin,Zimbabwe,2006-04-29,2007-03-15,9,9,0,224,473,88,24.89,47.36,0,1,24,0,5.07,72.73,1.3,0,0,0,0,,,,,0,0,,1,0,80,219,36.53,0,,0,125,240,52.08,0,,0,19,14,135.71,0,,0
c41043e6,603410,BR McDermott,BR McDermott,Australia,2021-07-20,2022-04-02,5,5,0,223,278,104,44.6,80.22,1,1,19,5,8.63,56.47,2.6,0,0,0,0,,,,,0,0,,0,0,55,88,62.5,0,,0,168,190,88.42,0,,0,0,0,,0,,0
c80b4969,1511696,Ajay Kumar,Ajay Kumar (2),United Arab Emirates,2026-04-25,2026-05-03,4,2,1,3,9,2,3.0,33.33,0,0,0,0,0.0,66.67,10.0,4,221,169,11,15.36,4.59,20.09,6/35,0,1,59.73,0,0,0,0,,66,4.73,3,0,0,,114,4.58,4,3,9,33.33,41,4.39,4
210b05cb,547092,Ehsan Adil,Ehsan Adil,Pakistan,2013-05-17,2026-06-12,9,5,1,43,57,16,10.75,75.44,0,0,4,0,7.02,52.63,9.4,9,387,335,9,37.22,5.19,43.0,3/27,0,0,56.85,0,0,0,0,,126,4.1,2,0,0,,219,5.15,5,43,57,75.44,42,8.71,2
f1cb042f,51479,PT Collins,PT Collins,West Indies,2003-02-09,2005-05-22,8,5,3,3,10,1*,1.5,30.0,0,0,0,0,0.0,70.0,10.6,8,420,347,11,31.55,4.96,38.18,5/43,0,1,56.9,0,0,0,0,,222,4.73,7,0,0,,162,4.7,4,3,10,30.0,36,7.5,0
1fb2f362,23850,IS Billcliff,IS Billcliff,Canada,2003-02-11,2009-04-08,10,10,0,223,385,71,22.3,57.92,0,2,22,3,6.49,67.79,4.1,0,0,0,0,,,,,0,0,,3,0,18,49,36.73,0,,0,198,332,59.64,0,,0,7,4,175.0,0,,0
26f12506,333001,CT Mutombodzi,CT Mutombodzi,Zimbabwe,2013-02-26,2020-03-06,9,9,0,122,144,34,13.56,84.72,0,0,11,2,9.03,53.47,7.4,7,275,264,5,52.8,5.76,55.0,2/33,0,0,44.73,6,0,0,0,,0,,0,77,108,71.3,246,5.22,5,45,36,125.0,29,10.34,0
8fd3b94d,26826,WD Balaji Rao,WD Balaji Rao,Canada,2010-09-06,2011-03-16,7,5,0,22,41,9,4.4,53.66,0,0,2,0,4.88,65.85,9.8,7,354,325,10,32.5,5.51,35.4,4/57,1,0,45.48,3,0,0,0,,0,,0,6,13,46.15,312,5.21,7,16,28,57.14,42,7.71,3
d1ae8f94,56209,Dolar Mahmud,Dolar Mahmud,Bangladesh,2008-06-08,2009-10-29,7,4,0,61,44,41,15.25,138.64,0,0,5,4,20.45,50.0,9.8,7,210,258,8,32.25,7.37,26.25,4/28,1,0,51.43,0,0,0,0,,84,7.86,4,2,10,20.0,115,6.83,4,59,34,173.53,11,9.27,0
5284c884,56032,Mahbubul Alam,Mahbubul Alam,Bangladesh,2009-01-10,2009-08-16,5,2,0,81,71,59,40.5,114.08,0,1,3,4,9.86,47.89,9.5,5,222,280,7,40.0,7.57,31.71,2/42,0,0,51.8,1,0,0,0,,126,6.67,4,46,40,115.0,48,6.62,2,35,31,112.9,48,10.88,1
1f3ad23f,23767,DR Chumney,DR Chumney,Canada,2003-02-11,2007-03-18,11,11,1,219,327,44,21.9,66.97,0,0,19,6,7.65,63.91,3.5,0,0,0,0,,,,,0,0,,1,0,72,112,64.29,0,,0,107,168,63.69,0,,0,40,47,85.11,0,,0
cefe0886,24943,E Schiferli,E Schiferli,Netherlands,2003-02-12,2013-08-27,9,8,1,79,129,22,11.29,61.24,0,0,12,0,9.3,75.19,6.6,9,378,319,7,45.57,5.06,54.0,2/34,0,0,57.94,0,0,40,61,65.57,246,4.51,4,39,68,57.35,96,5.88,1,0,0,,36,6.67,2
1b6fef02,17185,P Mustard,P Mustard,England,2007-10-01,2008-02-23,9,9,0,219,237,83,24.33,92.41,0,1,25,5,12.66,54.85,2.0,0,0,0,0,,,,,0,0,,7,2,128,143,89.51,0,,0,91,94,96.81,0,,0,0,0,,0,,0
98e908bd,526492,TB Sole,TB Sole,Scotland,2018-01-16,2019-08-20,8,6,1,38,36,20,7.6,105.56,0,0,7,0,19.44,55.56,6.8,8,402,287,9,31.89,4.28,44.67,4/15,1,0,57.21,6,0,4,5,80.0,0,,0,6,8,75.0,378,4.13,9,28,23,121.74,24,6.75,0
c1fdfb46,1171180,P Rathnayake,P Rathnayake,Sri Lanka,2025-11-16,2026-06-03,5,5,0,218,238,121,43.6,91.6,1,0,17,3,8.4,42.44,5.8,1,6,12,0,,12.0,,0/12,0,0,16.67,0,0,6,7,85.71,0,,0,138,167,82.63,0,,0,74,64,115.62,6,12.0,0
397f4d3a,440523,BM Wheeler,BM Wheeler,New Zealand,2015-06-14,2015-08-26,6,4,4,58,47,39*,,123.4,0,0,4,3,14.89,42.55,8.8,6,309,315,8,39.38,6.12,38.62,3/63,0,0,56.96,1,0,0,0,,150,5.04,2,0,0,,96,7.19,2,58,47,123.4,63,7.05,4
b3bad3f2,348129,NR Kumar,NR Kumar,Canada,2010-07-07,2014-01-28,11,11,1,177,293,38,17.7,60.41,0,0,15,0,5.12,62.12,2.9,2,66,63,2,31.5,5.73,33.0,2/40,0,0,46.97,4,0,115,191,60.21,12,5.5,0,62,102,60.78,54,5.78,2,0,0,,0,,0
3d5d51a5,946507,T Marumani,T Marumani,Zimbabwe,2021-07-16,2025-02-18,18,16,2,216,320,45,15.43,67.5,0,0,23,3,8.12,66.25,2.9,0,0,0,0,,,,,0,0,,10,0,148,231,64.07,0,,0,48,80,60.0,0,,0,20,9,222.22,0,,0
c4ff0618,414248,H Patel,H Patel,Canada,2009-08-19,2013-08-29,10,10,1,176,189,54,19.56,93.12,0,1,21,6,14.29,64.02,1.1,5,102,102,2,51.0,6.0,51.0,1/18,0,0,46.08,2,0,165,172,95.93,0,,0,11,17,64.71,102,6.0,2,0,0,,0,,0
331bd689,24725,MA Suji,MA Suji,Kenya,2003-02-12,2004-09-14,11,7,4,36,48,15*,12.0,75.0,0,0,1,1,4.17,47.92,9.6,11,516,345,9,38.33,4.01,57.33,3/19,0,0,67.64,1,0,0,0,,306,4.29,6,0,6,0.0,192,3.06,3,36,42,85.71,18,9.33,0
ed547c49,960363,I Pandey,I Pandey,Nepal,2026-05-16,2026-09-12,9,9,1,215,306,84,26.88,70.26,0,2,17,3,6.54,57.19,3.1,0,0,0,0,,,,,0,0,,3,0,17,67,25.37,0,,0,196,237,82.7,0,,0,2,2,100.0,0,,0
2cccba8f,56107,Sanwar Hossain,Sanwar Hossain,Bangladesh,2003-02-11,2003-09-09,9,9,1,115,199,27,14.38,57.79,0,0,9,0,4.52,63.32,4.8,6,194,156,5,31.2,4.82,38.8,3/49,0,0,50.0,5,0,23,37,62.16,0,,0,92,162,56.79,170,4.41,4,0,0,,24,7.75,1
e8b5ea8d,16975,A McGrath,A McGrath,England,2003-06-17,2004-09-05,13,11,2,155,336,52,17.22,46.13,0,1,10,0,2.98,69.05,5.3,6,210,160,3,53.33,4.57,70.0,1/13,0,0,55.24,2,0,8,33,24.24,0,,0,134,281,47.69,204,4.5,3,13,22,59.09,6,7.0,0
da4a1e46,1062334,M Spoors,M Spoors,Canada,2023-03-29,2026-08-11,10,9,0,154,276,33,17.11,55.8,0,0,14,3,6.16,70.65,2.8,3,90,83,3,27.67,5.53,30.0,3/42,0,0,35.56,3,0,77,143,53.85,0,,0,77,133,57.89,72,5.75,1,0,0,,18,4.67,2
73ad96ed,497121,DJ Hooda,DJ Hooda,India,2022-02-06,2022-11-30,10,7,1,153,189,33,25.5,80.95,0,0,10,1,5.82,44.44,5.9,6,150,119,3,39.67,4.76,50.0,1/6,0,0,52.0,3,0,0,0,,12,3.0,1,85,130,65.38,138,4.91,2,68,59,115.25,0,,0
3ee0050f,826689,PM Liyanagamage,PM Liyanagamage,Sri Lanka,2022-06-24,2026-01-24,10,9,2,53,120,15,7.57,44.17,0,0,6,0,5.0,74.17,9.6,10,376,446,8,55.75,7.12,47.0,3/39,0,0,48.4,3,0,0,0,,168,6.75,2,14,54,25.93,144,6.71,1,39,66,59.09,64,9.0,5
f76ffa81,14325,N Hussain,N Hussain,England,2002-06-27,2003-03-02,12,11,0,213,321,54,19.36,66.36,0,1,15,0,4.67,56.07,3.8,0,0,0,0,,,,,0,0,,3,0,18,52,34.62,0,,0,157,237,66.24,0,,0,38,32,118.75,0,,0
1a156c88,308798,DJM Short,DJM Short,Australia,2018-06-16,2020-03-13,8,8,1,211,269,69,30.14,78.44,0,1,16,1,6.32,47.58,4.2,5,90,114,0,,7.6,,0/12,0,0,28.89,2,0,32,34,94.12,0,,0,177,227,77.97,72,7.67,0,2,8,25.0,18,7.33,0
ed6894af,596099,D Foxcroft,D Foxcroft,New Zealand,2023-09-26,2026-07-16,6,6,1,171,198,75,34.2,86.36,0,2,10,7,8.59,51.01,5.5,4,135,102,2,51.0,4.53,67.5,1/25,0,0,52.59,2,0,0,1,0.0,6,10.0,0,93,138,67.39,111,3.73,1,78,59,132.2,18,7.67,1
e1891e00,959769,BV Sears,BV Sears,New Zealand,2025-02-08,2025-04-05,4,2,1,11,17,6,11.0,64.71,0,0,0,0,0.0,47.06,9.0,4,206,197,10,19.7,5.74,20.6,5/34,0,2,51.94,1,0,0,0,,6,2.0,0,0,0,,168,5.18,9,11,17,64.71,32,9.38,1
9f9b903e,596375,TK Musakanda,TK Musakanda,Zimbabwe,2016-11-27,2022-08-05,9,9,0,210,233,48,23.33,90.13,0,0,23,3,11.16,55.79,3.2,0,0,0,0,,,,,0,0,,5,0,61,69,88.41,0,,0,149,164,90.85,0,,0,0,0,,0,,0
e2ee90d9,429748,MA Aponso,MA Aponso,Sri Lanka,2016-08-21,2018-10-20,9,7,4,10,45,4,3.33,22.22,0,0,0,0,0.0,82.22,10.6,9,423,377,10,37.7,5.35,42.3,4/18,1,0,52.72,0,0,0,0,,96,6.44,4,4,35,11.43,273,5.14,3,6,10,60.0,54,4.44,3
0be1b885,40043,Danish Kaneria,Danish Kaneria,Pakistan,2003-04-03,2007-03-21,13,7,5,9,15,6*,4.5,60.0,0,0,1,0,6.67,60.0,10.9,13,608,505,10,50.5,4.98,60.8,2/32,0,0,56.58,1,0,0,0,,0,,0,0,0,,546,4.77,8,9,15,60.0,62,6.87,2
323e4c16,48469,HDPK Dharmasena,HDPK Dharmasena,Sri Lanka,2003-04-04,2004-02-22,8,8,2,129,151,40,21.5,85.43,0,0,8,0,5.3,42.38,8.0,8,422,273,4,68.25,3.88,105.5,1/23,0,0,55.69,0,0,0,0,,36,2.83,0,45,63,71.43,324,3.81,3,84,88,95.45,62,4.84,1
7662cf7a,343305,Bilawal Bhatti,Bilawal Bhatti,Pakistan,2013-11-24,2015-02-03,10,7,1,89,75,39,14.83,118.67,0,0,10,2,16.0,44.0,8.0,10,409,439,6,73.17,6.44,68.17,3/37,0,0,50.12,2,0,0,0,,66,5.82,2,6,21,28.57,288,5.54,1,83,54,153.7,55,11.89,3
4c7df2c8,738445,Mohammad Shahzad,Mohammad Shahzad (2),United Arab Emirates,2014-05-04,2016-08-16,3,3,0,49,67,28,16.33,73.13,0,0,5,2,10.45,70.15,4.0,3,156,132,8,16.5,5.08,19.5,4/26,1,0,51.28,1,0,19,18,105.56,6,0.0,1,30,49,61.22,102,4.0,3,0,0,,48,8.0,4
7fa6bd8e,267455,RR Patel,RR Patel,Kenya,2008-08-25,2014-01-30,11,10,3,168,225,42*,24.0,74.67,0,0,13,2,6.67,54.67,6.1,3,84,69,2,34.5,4.93,42.0,1/14,0,0,47.62,6,0,1,5,20.0,0,,0,110,160,68.75,72,4.5,2,57,60,95.0,12,7.5,0
d285acaf,526021,CE McConchie,CE McConchie,New Zealand,2023-05-03,2023-09-26,6,5,2,126,127,64*,42.0,99.21,0,1,11,3,11.02,47.24,6.8,5,168,135,4,33.75,4.82,42.0,2/18,0,0,45.24,3,0,0,0,,0,,0,53,86,61.63,168,4.82,4,73,41,178.05,0,,0
82c78845,41140,Khurram Manzoor,Khurram Manzoor,Pakistan,2008-02-02,2009-01-24,6,6,0,206,316,83,34.33,65.19,0,3,20,0,6.33,62.03,1.5,0,0,0,0,,,,,0,0,,3,0,55,116,47.41,0,,0,151,200,75.5,0,,0,0,0,,0,,0
858b6611,49347,WS Jayantha,WS Jayantha,Sri Lanka,2004-02-27,2004-10-16,9,9,0,206,313,51,22.89,65.81,0,1,24,1,7.99,65.5,2.8,3,25,27,0,,6.48,,0/1,0,0,32.0,2,0,105,177,59.32,0,,0,101,136,74.26,6,7.0,0,0,0,,19,6.32,0
922e1b19,665053,Z Crawley,Z Crawley,England,2021-07-08,2026-01-22,9,9,1,205,216,58*,25.62,94.91,0,2,24,2,12.04,50.93,2.8,0,0,0,0,,,,,0,0,,8,0,62,77,80.52,0,,0,143,139,102.88,0,,0,0,0,,0,,0
4b167ede,1275056,AWJ Auguste,AWJ Auguste,West Indies,2025-10-21,2026-07-21,9,9,0,205,268,38,22.78,76.49,0,0,20,6,9.7,61.19,2.1,1,18,12,0,,4.0,,0/12,0,0,55.56,4,0,152,193,78.76,0,,0,53,75,70.67,18,4.0,0,0,0,,0,,0
5abdfd23,24701,HS Modi,HS Modi,Kenya,2003-02-12,2006-08-13,15,13,3,205,448,39*,20.5,45.76,0,0,15,0,3.35,67.19,5.5,0,0,0,0,,,,,0,0,,2,0,6,13,46.15,0,,0,157,378,41.53,0,,0,42,57,73.68,0,,0
be8eec9c,55663,ML Nkala,ML Nkala,Zimbabwe,2004-04-20,2006-12-09,11,10,1,125,175,47,13.89,71.43,0,0,12,2,8.0,60.57,7.3,10,290,313,4,78.25,6.48,72.5,3/50,0,0,46.9,1,0,1,2,50.0,24,6.25,0,64,110,58.18,199,5.49,2,60,63,95.24,67,9.49,2
3f659464,457279,OP Stone,OP Stone,England,2018-10-10,2024-09-29,10,6,3,24,35,9*,8.0,68.57,0,0,2,0,5.71,51.43,11.0,9,394,399,9,44.33,6.08,43.78,4/85,1,0,52.03,2,0,0,0,,144,5.88,1,5,5,100.0,186,5.61,5,19,30,63.33,64,7.88,3
eef2536f,694211,Avesh Khan,Avesh Khan,India,2022-07-24,2023-12-21,8,4,1,23,29,10,7.67,79.31,0,0,2,1,10.34,62.07,9.5,8,356,329,9,36.56,5.54,39.56,4/27,1,0,57.02,3,0,0,0,,114,5.53,0,3,6,50.0,204,4.79,6,20,23,86.96,38,9.63,3
f55c526f,235524,T Maruma,T Maruma,Zimbabwe,2007-08-22,2021-07-16,18,15,1,122,221,35,8.71,55.2,0,0,8,4,5.43,71.04,5.3,8,212,204,4,51.0,5.77,53.0,2/50,0,0,49.06,12,0,19,71,26.76,0,,0,79,131,60.31,195,5.51,4,24,19,126.32,17,8.82,0
c3576908,1360563,MA Abbas,MA Abbas,New Zealand,2025-03-29,2026-04-23,6,6,0,162,203,52,27.0,79.8,0,1,8,4,5.91,50.74,5.7,3,90,75,2,37.5,5.0,45.0,1/16,0,0,43.33,1,0,0,0,,0,,0,110,177,62.15,90,5.0,2,52,26,200.0,0,,0
a61bcb94,581160,K Pierre,K Pierre,West Indies,2019-12-18,2026-07-16,10,8,5,81,130,22*,27.0,62.31,0,0,5,3,6.15,62.31,9.8,9,510,364,6,60.67,4.28,85.0,2/33,0,0,55.69,8,0,0,0,,120,4.05,0,78,127,61.42,324,4.2,6,3,3,100.0,66,5.09,0
5b7ab5a9,1108375,CV Varun,CV Varun,India,2025-02-09,2025-03-09,4,0,0,0,0,0,,,0,0,0,0,,,,4,240,190,10,19.0,4.75,24.0,5/42,0,1,49.58,0,0,0,0,,36,6.17,2,0,0,,150,4.16,5,0,0,,54,5.44,3
f2e8b37c,1332783,Arafat Minhas,Arafat Minhas,Pakistan,2026-05-30,2026-06-04,3,3,1,60,85,33,30.0,70.59,0,0,7,1,9.41,62.35,6.3,3,156,86,7,12.29,3.31,22.29,5/32,0,1,66.03,1,0,0,0,,42,6.14,0,45,76,59.21,96,2.62,6,15,9,166.67,18,0.33,1
d4eef961,393279,M de Lange,M de Lange,South Africa,2012-03-03,2016-02-03,4,0,0,0,0,0,,,0,0,0,0,,,,4,209,198,10,19.8,5.68,20.9,4/46,1,0,61.24,0,0,0,0,,78,5.46,1,0,0,,101,4.75,5,0,0,,30,9.4,4
78cb83f3,450075,KOK Williams,KOK Williams,West Indies,2017-06-30,2018-03-10,8,5,4,19,27,16*,19.0,70.37,0,0,1,0,3.7,48.15,10.8,7,330,293,9,32.56,5.33,36.67,4/43,1,0,49.39,0,0,0,0,,42,5.57,0,1,2,50.0,216,5.33,4,18,25,72.0,72,5.17,5
1e7b1aa7,42620,Saleem Elahi,Saleem Elahi,Pakistan,2003-02-11,2004-01-03,7,7,1,199,301,70,33.17,66.11,0,2,17,0,5.65,59.8,3.3,0,0,0,0,,,,,0,0,,1,0,31,57,54.39,0,,0,129,216,59.72,0,,0,39,28,139.29,0,,0
06c2de82,362201,L Gregory,L Gregory,England,2021-07-08,2021-07-13,3,2,0,117,116,77,58.5,100.86,0,1,10,3,11.21,47.41,7.0,3,114,97,4,24.25,5.11,28.5,3/44,0,0,59.65,0,0,0,0,,72,4.5,2,95,99,95.96,36,6.67,1,22,17,129.41,6,3.0,1
8a28c5d4,1500478,Nadeem Khan,Nadeem Khan (2),Oman,2026-04-29,2026-09-08,4,4,0,17,21,12,4.25,80.95,0,0,2,1,14.29,71.43,8.5,4,234,180,9,20.0,4.62,26.0,3/41,0,0,51.28,2,0,0,0,,0,,0,17,21,80.95,210,4.26,6,0,0,,24,7.75,3
ef9acbcc,1070997,C Esterhuizen,C Esterhuizen,South Africa,2026-09-09,2026-09-13,3,3,1,197,197,119,98.5,100.0,1,1,13,9,11.17,52.79,2.0,0,0,0,0,,,,,0,0,,4,0,41,72,56.94,0,,0,156,125,124.8,0,,0,0,0,,0,,0
ca92a578,348016,IA Karim,IA Karim,Kenya,2013-03-11,2014-01-30,3,3,0,196,231,108,65.33,84.85,1,1,23,0,9.96,52.38,1.0,0,0,0,0,,,,,0,0,,3,1,68,84,80.95,0,,0,128,147,87.07,0,,0,0,0,,0,,0
3967930c,15522,RL Johnson,RL Johnson,England,2003-06-26,2003-11-18,9,4,1,16,20,10,5.33,80.0,0,0,1,1,10.0,60.0,7.5,8,354,205,9,22.78,3.47,39.33,3/22,0,0,70.62,0,0,0,2,0.0,108,3.0,4,6,12,50.0,228,3.45,5,10,6,166.67,18,6.67,0
e28bb0b9,1256933,DO Leicher,DO Leicher,Namibia,2024-09-22,2026-04-10,8,7,2,154,207,58,30.8,74.4,0,1,8,4,5.8,56.52,7.9,5,102,109,2,54.5,6.41,51.0,1/33,0,0,49.02,3,0,4,7,57.14,30,6.0,1,65,115,56.52,60,6.2,1,85,85,100.0,12,8.5,0
6d9560f3,1244154,Maaz Sadaqat,Maaz Sadaqat,Pakistan,2026-03-11,2026-06-04,6,6,0,134,120,75,22.33,111.67,0,1,15,6,17.5,58.33,2.0,3,48,39,3,13.0,4.88,16.0,3/23,0,0,50.0,0,0,118,103,114.56,0,,0,16,17,94.12,48,4.88,3,0,0,,0,,0
2fdd16fe,24716,RG Aga,RG Aga,Kenya,2004-09-11,2014-01-30,7,5,0,114,122,86,22.8,93.44,0,1,15,0,12.3,48.36,5.2,6,222,195,4,48.75,5.27,55.5,2/17,0,0,50.9,1,0,33,24,137.5,6,5.0,1,81,98,82.65,180,4.17,3,0,0,,36,10.83,0
d146924b,259413,Raza-ur-Rehman,Raza-ur-Rehman,Canada,2013-03-11,2014-01-28,5,4,0,174,210,88,43.5,82.86,0,2,24,0,11.43,58.1,4.8,4,110,114,1,114.0,6.22,110.0,1/59,0,0,50.0,4,0,3,6,50.0,24,4.5,0,118,160,73.75,76,6.63,1,53,44,120.45,10,7.2,0
5bd3bb5d,38952,PJ Ingram,PJ Ingram,New Zealand,2010-02-05,2010-08-19,8,7,0,193,238,69,27.57,81.09,0,1,30,0,12.61,61.76,1.9,0,0,0,0,,,,,0,0,,3,0,123,161,76.4,0,,0,70,77,90.91,0,,0,0,0,,0,,0
82294960,1072485,P Sarraf,P Sarraf,Nepal,2019-01-25,2024-02-15,12,10,1,72,116,15,8.0,62.07,0,0,6,2,6.9,64.66,6.6,10,322,251,6,41.83,4.68,53.67,2/45,0,0,52.48,4,0,2,4,50.0,18,4.0,0,52,91,57.14,264,4.43,3,18,21,85.71,40,6.6,3
5fbd0632,300624,SA Wijeratne,SA Wijeratne,Canada,2023-03-29,2024-03-07,9,9,0,191,269,59,21.22,71.0,0,2,16,1,6.32,55.39,3.0,0,0,0,0,,,,,0,0,,11,1,69,102,67.65,0,,0,122,167,73.05,0,,0,0,0,,0,,0
70ced7f2,1212481,Mohammad Aadil Alam,Mohammad Aadil Alam,Nepal,2022-06-11,2022-07-16,6,5,1,70,77,36,17.5,90.91,0,0,6,3,11.69,53.25,7.0,6,264,166,6,27.67,3.77,44.0,3/31,0,0,64.77,1,0,0,0,,6,6.0,0,49,53,92.45,228,3.39,3,21,24,87.5,30,6.2,3
8b3e9c7c,1070168,PP Shaw,PP Shaw,India,2020-02-05,2021-07-23,6,6,0,189,166,49,31.5,113.86,0,0,32,2,20.48,57.23,1.0,0,0,0,0,,,,,0,0,,2,0,167,143,116.78,0,,0,22,23,95.65,0,,0,0,0,,0,,0
94b8d7dd,1248188,A Saud,A Saud,Nepal,2022-11-14,2024-09-22,11,11,0,189,387,51,17.18,48.84,0,1,17,4,5.43,75.19,1.2,0,0,0,0,,,,,0,0,,8,2,94,263,35.74,0,,0,95,124,76.61,0,,0,0,0,,0,,0
f10e94c4,500360,AD Nath,AD Nath,United Arab Emirates,2026-04-25,2026-09-12,8,8,1,148,200,36*,21.14,74.0,0,0,12,2,7.0,50.5,4.8,5,114,133,2,66.5,7.0,57.0,2/35,0,0,44.74,6,0,0,5,0.0,0,,0,142,185,76.76,114,7.0,2,6,10,60.0,0,,0
41fc1ece,427178,BB Chari,BB Chari,Zimbabwe,2015-10-01,2020-11-03,14,14,0,186,399,39,13.29,46.62,0,0,12,2,3.51,70.93,1.4,0,0,0,0,,,,,0,0,,3,1,112,241,46.47,0,,0,74,158,46.84,0,,0,0,0,,0,,0
732f711b,1243738,MJ Hay,MJ Hay,New Zealand,2024-11-13,2026-01-18,10,7,1,186,178,99*,31.0,104.49,0,1,13,8,11.8,47.75,7.0,0,0,0,0,,,,,0,0,,14,0,0,0,,0,,0,110,127,86.61,0,,0,76,51,149.02,0,,0
ad48eb56,45813,G Kirsten,G Kirsten,South Africa,2003-02-09,2003-03-03,6,6,3,186,217,69,62.0,85.71,0,3,24,2,11.98,58.53,3.3,0,0,0,0,,,,,0,0,,2,0,78,93,83.87,0,,0,103,120,85.83,0,,0,5,4,125.0,0,,0
0882b3f1,24825,RJ van Vuuren,RJ van Vuuren,Namibia,2003-02-16,2003-03-03,5,5,2,26,38,14,8.67,68.42,0,0,2,1,7.89,68.42,11.0,5,300,298,8,37.25,5.96,37.5,5/43,0,1,54.0,0,0,0,0,,144,4.25,4,14,20,70.0,72,4.92,0,12,18,66.67,84,9.79,4
91cd48e0,498582,JF Smith,JF Smith,South Africa,2024-10-07,2026-09-13,5,4,0,165,178,91,41.25,92.7,0,1,11,7,10.11,52.81,5.2,2,54,43,1,43.0,4.78,54.0,1/14,0,0,46.3,2,0,0,8,0.0,0,,0,108,125,86.4,42,3.43,1,57,45,126.67,12,9.5,0
11ce1151,48139,MKDI Amerasinghe,MKDI Amerasinghe,Sri Lanka,2008-02-05,2008-04-10,7,3,3,5,7,5*,,71.43,0,0,1,0,14.29,71.43,11.0,7,384,332,9,36.89,5.19,42.67,3/44,0,0,54.43,1,0,0,0,,48,7.25,0,0,4,0.0,264,4.57,6,5,3,166.67,72,6.08,3
08bae9d5,268845,PLS Gamage,PLS Gamage,Sri Lanka,2014-11-02,2017-10-20,9,5,3,4,27,3,2.0,14.81,0,0,0,0,0.0,85.19,11.0,9,402,392,9,43.56,5.85,44.67,4/57,1,0,55.22,2,0,0,0,,252,4.67,4,0,8,0.0,114,7.32,2,4,19,21.05,36,9.5,3
bfaf461d,1344776,Hazrat Bilal,Hazrat Bilal,United Arab Emirates,2022-11-14,2023-03-16,7,4,3,24,69,20*,24.0,34.78,0,0,0,1,1.45,76.81,10.8,7,270,212,8,26.5,4.71,33.75,4/47,1,0,60.0,0,0,0,0,,120,3.55,6,10,40,25.0,138,5.26,2,14,29,48.28,12,10.0,0
e6ddab51,552881,EH Hutchinson,EH Hutchinson,United States of America,2019-09-13,2021-09-16,8,6,2,123,125,49*,30.75,98.4,0,0,7,7,11.2,54.4,8.5,7,222,156,3,52.0,4.22,74.0,1/12,0,0,58.56,2,0,0,0,,84,3.57,0,76,88,86.36,102,4.35,1,47,37,127.03,36,5.33,2
1bd16445,453277,VM Nyauchi,VM Nyauchi,Zimbabwe,2022-08-05,2023-01-21,10,6,0,43,52,26,7.17,82.69,0,0,5,1,11.54,61.54,10.7,10,402,353,7,50.43,5.27,57.43,2/65,0,0,61.19,2,0,0,0,,234,4.79,3,34,35,97.14,102,4.82,0,9,17,52.94,66,7.64,4
d3e83eef,55641,F Mutizwa,F Mutizwa,Zimbabwe,2009-01-31,2011-10-25,11,10,2,183,275,69,22.88,66.55,0,1,11,3,5.09,57.82,5.8,0,0,0,0,,,,,0,0,,6,0,0,0,,0,,0,129,241,53.53,0,,0,54,34,158.82,0,,0
d2a2bb1a,1126045,KNM Fernando,KNM Fernando,Sri Lanka,2024-10-20,2025-08-29,8,7,0,182,225,69,26.0,80.89,0,2,21,2,10.22,56.0,1.6,0,0,0,0,,,,,0,0,,3,0,81,131,61.83,0,,0,101,94,107.45,0,,0,0,0,,0,,0
a830c083,46208,ND McKenzie,ND McKenzie,South Africa,2003-04-21,2009-01-30,9,7,1,182,256,63,30.33,71.09,0,2,16,0,6.25,54.69,4.7,0,0,0,0,,,,,0,0,,3,0,5,14,35.71,0,,0,130,193,67.36,0,,0,47,49,95.92,0,,0
a76d4082,1411891,T Suri,T Suri,United Arab Emirates,2024-02-28,2026-09-12,7,7,0,181,205,48,25.86,88.29,0,0,24,5,14.15,61.95,1.4,0,0,0,0,,,,,0,0,,5,0,159,170,93.53,0,,0,22,35,62.86,0,,0,0,0,,0,,0
107c26fb,1294342,KT Maphaka,KT Maphaka,South Africa,2024-12-19,2026-09-13,5,3,0,1,8,1,0.33,12.5,0,0,0,0,0.0,87.5,10.7,5,199,245,9,27.22,7.39,22.11,4/72,1,0,52.26,2,0,0,0,,78,4.62,2,0,5,0.0,98,7.9,5,1,3,33.33,23,14.61,2
431f8af4,824159,Tayyab Tahir,Tayyab Tahir,Pakistan,2024-11-26,2025-04-05,11,10,2,181,177,38,22.62,102.26,0,0,18,3,11.86,44.07,6.2,0,0,0,0,,,,,0,0,,4,0,0,0,,0,,0,117,136,86.03,0,,0,64,41,156.1,0,,0
543b4a1f,47539,R Telemachus,R Telemachus,South Africa,2006-03-05,2006-09-20,4,3,0,41,20,29,13.67,205.0,0,0,2,3,25.0,25.0,9.3,4,216,213,7,30.43,5.92,30.86,3/34,0,0,52.78,2,0,0,0,,0,,0,0,0,,150,4.48,4,41,20,205.0,66,9.18,3
1e66c162,390484,JD Unadkat,JD Unadkat,India,2013-07-24,2023-08-01,8,0,0,0,0,0,,,0,0,0,0,,,,8,342,225,9,25.0,3.95,38.0,4/41,1,0,64.33,1,0,0,0,,102,3.59,1,0,0,,204,3.88,6,0,0,,36,5.33,2
0cc343b0,55628,NB Mahwire,NB Mahwire,Zimbabwe,2004-01-29,2006-12-03,10,8,1,40,106,10*,5.71,37.74,0,0,2,0,1.89,71.7,8.9,9,358,295,7,42.14,4.94,51.14,2/40,0,0,63.13,3,0,0,0,,204,4.32,3,10,39,25.64,101,3.62,2,30,67,44.78,53,9.85,2
78dfe704,274921,V Permaul,V Permaul,West Indies,2012-12-05,2017-04-11,7,4,1,19,26,10,6.33,73.08,0,0,1,0,3.85,53.85,9.2,7,331,271,8,33.88,4.91,41.38,3/40,0,0,52.27,1,0,0,0,,0,,0,0,0,,324,4.89,8,19,26,73.08,7,6.0,0
1e1a8922,1193549,KDC Clarke,KDC Clarke,New Zealand,2026-01-11,2026-07-21,4,3,1,39,28,24*,19.5,139.29,0,0,4,1,17.86,35.71,9.0,4,180,196,7,28.0,6.53,25.71,3/54,0,0,40.56,3,0,0,0,,12,10.5,0,0,0,,120,4.7,5,39,28,139.29,48,10.12,2
9d0e7c58,52833,DM Richards,DM Richards,West Indies,2009-07-26,2010-06-03,8,7,0,179,251,59,25.57,71.31,0,2,21,3,9.56,64.94,1.3,0,0,0,0,,,,,0,0,,5,0,101,146,69.18,0,,0,78,105,74.29,0,,0,0,0,,0,,0
c7105dab,470917,JA McCollum,JA McCollum,Ireland,2019-05-11,2020-01-12,6,6,0,178,242,73,29.67,73.55,0,2,26,1,11.16,64.46,1.8,0,0,0,0,,,,,0,0,,1,0,102,141,72.34,0,,0,76,101,75.25,0,,0,0,0,,0,,0
d953ed6a,24990,B Zuiderent,B Zuiderent,Netherlands,2003-02-12,2011-03-09,17,16,1,178,358,71,11.87,49.72,0,1,15,2,4.75,71.51,3.3,0,0,0,0,,,,,0,0,,7,0,56,127,44.09,0,,0,117,224,52.23,0,,0,5,7,71.43,0,,0
0e0afd8b,257574,MO Jones,MO Jones,Bermuda,2007-02-02,2007-10-28,6,6,0,58,71,27,9.67,81.69,0,0,4,4,11.27,66.2,9.2,6,265,263,6,43.83,5.95,44.17,2/25,0,0,54.34,2,0,0,0,,132,5.86,4,25,32,78.12,120,6.0,2,33,39,84.62,13,6.46,0
c810b349,1195667,JAD Lawrenson,JAD Lawrenson,Jersey,2023-03-30,2023-04-05,4,4,0,177,211,114,44.25,83.89,1,0,14,2,7.58,45.5,3.0,0,0,0,0,,,,,0,0,,0,0,15,32,46.88,0,,0,110,151,72.85,0,,0,52,28,185.71,0,,0
36fc8d18,55419,GM Ewing,GM Ewing,Zimbabwe,2004-12-01,2005-09-04,6,6,0,77,114,46,12.83,67.54,0,0,7,0,6.14,54.39,8.3,6,270,183,5,36.6,4.07,54.0,3/31,0,0,49.26,3,0,0,0,,0,,0,15,43,34.88,264,4.02,5,62,71,87.32,6,6.0,0
6b9eb501,535353,OEG Baartman,OEG Baartman,South Africa,2024-10-02,2025-12-06,6,5,4,16,37,10*,16.0,43.24,0,0,0,0,0.0,62.16,10.8,6,252,221,8,27.62,5.26,31.5,2/32,0,0,56.75,2,0,0,0,,48,3.75,1,0,0,,186,5.55,7,16,37,43.24,18,6.33,0
dff967c1,49361,RS Kaluwitharana,RS Kaluwitharana,Sri Lanka,2002-06-27,2004-02-22,8,8,1,176,236,54,25.14,74.58,0,2,22,1,9.75,62.71,3.0,0,0,0,0,,,,,0,0,,4,2,88,115,76.52,0,,0,88,118,74.58,0,,0,0,3,0.0,0,,0
4277234d,1329697,Sufiyan Muqeem,Sufiyan Muqeem,Pakistan,2024-12-22,2025-08-08,4,3,2,15,17,13*,15.0,88.24,0,0,1,1,11.76,58.82,11.7,4,222,182,8,22.75,4.92,27.75,4/52,1,0,50.0,0,0,0,0,,0,,0,13,13,100.0,192,4.78,6,2,4,50.0,30,5.8,2
54725e8b,23725,IH Romaine,IH Romaine,Bermuda,2006-11-27,2008-06-29,12,12,1,175,349,61*,15.91,50.14,0,1,20,1,6.02,72.78,4.0,4,63,71,0,,6.76,,0/6,0,0,33.33,3,0,51,128,39.84,0,,0,103,201,51.24,36,6.33,0,21,20,105.0,27,7.33,0
63249474,1278259,O Davidson,O Davidson,Scotland,2022-06-03,2026-08-13,9,4,1,34,64,14,11.33,53.12,0,0,1,1,3.12,67.19,9.5,9,396,322,7,46.0,4.88,56.57,2/28,0,0,54.04,7,0,0,0,,36,5.17,0,5,31,16.13,336,4.66,5,29,33,87.88,24,7.5,2
943ca0cd,1409283,NT Nyamhuri,NT Nyamhuri,Zimbabwe,2025-02-14,2026-09-15,4,2,0,34,54,33,17.0,62.96,0,0,5,0,9.26,75.93,9.5,4,150,139,7,19.86,5.56,21.43,5/62,0,1,58.0,2,0,0,0,,12,3.5,1,33,51,64.71,114,5.47,3,1,3,33.33,24,7.0,3
eb7af112,25601,Mohammad Tauqir,Mohammad Tauqir,United Arab Emirates,2008-06-24,2015-03-15,8,7,2,34,79,17,6.8,43.04,0,0,4,0,5.06,77.22,9.0,8,341,284,7,40.57,5.0,48.71,2/38,0,0,48.39,2,0,0,0,,0,,0,28,42,66.67,341,5.0,7,6,37,16.22,0,,0
39713d08,1125867,Mohammad Boota,Mohammad Boota,United Arab Emirates,2018-01-11,2019-04-10,7,7,1,173,232,59*,28.83,74.57,0,1,12,6,7.76,59.48,6.9,1,12,10,0,,5.0,,0/10,0,0,41.67,0,1,0,0,,0,,0,86,167,51.5,12,5.0,0,87,65,133.85,0,,0
07b6f54c,1126694,DDP D'Silva,DDP D'Silva,United Arab Emirates,2019-12-08,2020-01-09,6,5,1,53,119,31,13.25,44.54,0,0,8,0,6.72,76.47,3.0,5,186,118,6,19.67,3.81,31.0,3/22,0,0,65.05,1,0,10,53,18.87,96,3.69,4,43,66,65.15,90,3.93,2,0,0,,0,,0
8187519b,14020,GM Hamilton,GM Hamilton,Scotland,2007-02-04,2009-04-08,10,10,0,173,293,58,17.3,59.04,0,1,13,1,4.78,62.12,2.7,0,0,0,0,,,,,0,0,,1,0,59,120,49.17,0,,0,81,140,57.86,0,,0,33,33,100.0,0,,0
28496266,672775,CT Mumba,CT Mumba,Zimbabwe,2016-11-14,2020-11-01,7,7,3,32,55,13,8.0,58.18,0,0,1,1,3.64,61.82,9.7,7,272,326,7,46.57,7.19,38.86,3/69,0,0,49.63,1,0,0,0,,138,5.96,0,20,41,48.78,78,7.38,1,12,14,85.71,56,9.96,6
25f7b7d6,877051,T Banton,T Banton,England,2020-02-04,2025-02-12,7,6,0,172,186,58,28.67,92.47,0,1,21,4,13.44,55.91,4.7,0,0,0,0,,,,,0,0,,3,0,24,36,66.67,0,,0,148,150,98.67,0,,0,0,0,,0,,0
d7725664,450101,RA Reifer,RA Reifer,West Indies,2019-05-13,2023-06-09,6,5,0,51,101,27,10.2,50.5,0,0,1,0,0.99,55.45,8.2,5,161,149,6,24.83,5.55,26.83,2/23,0,0,41.61,0,0,0,0,,18,6.0,0,33,74,44.59,119,4.69,5,18,27,66.67,24,9.5,1
95fcbfb7,32257,TK Patel,TK Patel,United States of America,2019-04-27,2020-02-12,6,6,2,71,148,50*,17.75,47.97,0,1,7,0,4.73,68.92,7.2,5,174,120,5,24.0,4.14,34.8,2/25,0,0,65.52,1,0,1,7,14.29,18,7.0,0,45,111,40.54,156,3.81,5,25,30,83.33,0,,0
6c19c6e5,1151278,YBK Jaiswal,YBK Jaiswal,India,2025-02-06,2025-12-06,4,4,1,171,197,116*,57.0,86.8,1,0,19,4,11.68,54.31,1.0,0,0,0,0,,,,,0,0,,2,0,74,114,64.91,0,,0,97,83,116.87,0,,0,0,0,,0,,0
5b8c830e,471342,KH Pandya,KH Pandya,India,2021-03-23,2021-07-20,5,4,2,130,128,58*,65.0,101.56,0,1,11,2,10.16,40.62,7.0,5,228,223,2,111.5,5.87,114.0,1/26,0,0,44.74,1,0,0,0,,6,16.0,0,41,63,65.08,210,5.54,2,89,65,136.92,12,6.5,0
f5ef7ac3,1195674,TSS Mackintosh,TSS Mackintosh,Scotland,2023-02-17,2023-07-06,10,9,1,169,201,38*,21.12,84.08,0,0,17,1,8.96,48.26,5.4,0,0,0,0,,,,,0,0,,2,0,9,11,81.82,0,,0,91,137,66.42,0,,0,69,53,130.19,0,,0
e9987a94,464626,C Overton,C Overton,England,2018-06-21,2022-07-17,7,5,2,68,76,32,22.67,89.47,0,0,4,1,6.58,47.37,8.6,7,308,291,5,58.2,5.67,61.6,2/23,0,0,50.97,4,0,0,0,,42,7.29,0,19,22,86.36,242,5.08,5,49,54,90.74,24,8.75,0
9d710afe,37095,DR Flynn,DR Flynn,New Zealand,2008-02-23,2012-07-16,12,10,1,167,239,35,18.56,69.87,0,0,19,1,8.37,62.76,4.7,2,18,19,0,,6.33,,0/9,0,0,44.44,4,0,47,52,90.38,0,,0,120,187,64.17,18,6.33,0,0,0,,0,,0
92aa28fe,556749,ML Cummins,ML Cummins,West Indies,2014-02-23,2017-09-29,9,2,1,5,9,4*,5.0,55.56,0,0,1,0,11.11,77.78,10.5,8,390,442,8,55.25,6.8,48.75,3/82,0,0,47.18,1,0,0,0,,108,5.56,1,5,9,55.56,246,6.66,6,0,0,,36,11.5,1
4992d6f6,961401,ST Doheny,ST Doheny,Ireland,2023-01-18,2024-10-04,11,9,0,165,264,84,18.33,62.5,0,1,16,2,6.82,65.53,2.1,0,0,0,0,,,,,0,0,,3,1,80,152,52.63,0,,0,85,112,75.89,0,,0,0,0,,0,,0
72e361fe,595790,N Davin,N Davin,Namibia,2023-03-26,2025-03-15,12,12,0,165,205,40,13.75,80.49,0,0,18,4,10.73,62.93,2.0,0,0,0,0,,,,,0,0,,4,0,142,176,80.68,0,,0,23,29,79.31,0,,0,0,0,,0,,0
42bf1b7d,1062706,H Carlyon,H Carlyon,Jersey,2023-03-30,2023-04-05,4,4,0,125,145,85,31.25,86.21,0,1,13,6,13.1,65.52,1.0,4,180,141,2,70.5,4.7,90.0,2/38,0,0,57.22,0,0,78,101,77.23,30,3.6,0,47,44,106.82,144,4.79,2,0,0,,6,8.0,0
11df3dc8,16406,MJ Lumb,MJ Lumb,England,2014-02-28,2014-03-05,3,3,0,165,203,106,55.0,81.28,1,0,12,3,7.39,54.68,1.0,0,0,0,0,,,,,0,0,,1,0,68,94,72.34,0,,0,97,109,88.99,0,,0,0,0,,0,,0
96503059,518097,Ahsan Malik,Ahsan Malik,Netherlands,2011-06-29,2014-01-28,6,2,2,4,12,3*,,33.33,0,0,0,0,0.0,66.67,11.0,5,201,189,8,23.62,5.64,25.12,3/51,0,0,49.25,3,0,0,0,,36,5.5,0,4,12,33.33,124,5.95,3,0,0,,41,4.83,5
c8065f31,303508,SC Getkate,SC Getkate,Ireland,2019-07-01,2021-09-13,4,2,1,23,23,16*,23.0,100.0,0,0,2,1,13.04,52.17,7.0,4,192,145,7,20.71,4.53,27.43,2/30,0,0,58.33,1,0,0,0,,6,8.0,0,0,0,,168,4.25,7,23,23,100.0,18,6.0,0
6843a783,233901,Shan Masood,Shan Masood,Pakistan,2019-03-22,2023-05-07,9,9,0,163,234,50,18.11,69.66,0,1,19,0,8.12,60.26,2.0,0,0,0,0,,,,,0,0,,2,0,99,141,70.21,0,,0,64,93,68.82,0,,0,0,0,,0,,0
96824e68,553800,CP Tremain,CP Tremain,Australia,2016-10-02,2016-10-12,4,3,2,23,37,23*,23.0,62.16,0,0,2,1,8.11,75.68,10.0,4,240,255,7,36.43,6.38,34.29,3/64,0,0,45.83,1,0,0,0,,90,6.2,2,23,34,67.65,102,6.06,1,0,3,0.0,48,7.38,4
a557333b,1500757,VO Lawes,VO Lawes,West Indies,2026-07-11,2026-07-21,5,3,1,2,25,1*,1.0,8.0,0,0,0,0,0.0,92.0,11.0,5,258,228,8,28.5,5.3,32.25,3/39,0,0,49.61,0,0,0,0,,0,,0,1,19,5.26,222,5.46,7,1,6,16.67,36,4.33,1
47c5aae7,44024,AM Bacher,AM Bacher,South Africa,2005-01-30,2005-03-02,5,5,0,102,175,56,20.4,58.29,0,1,12,0,6.86,68.0,2.2,3,108,64,3,21.33,3.56,36.0,2/36,0,0,53.7,1,0,56,111,50.45,0,,0,46,64,71.88,96,3.56,2,0,0,,12,3.5,1
fe763256,35805,Y Venugopal Rao,Y Venugopal Rao,India,2005-07-31,2006-05-23,13,8,1,161,249,61*,23.0,64.66,0,1,12,2,5.62,59.04,5.4,0,0,0,0,,,,,0,0,,6,0,1,6,16.67,0,,0,121,194,62.37,0,,0,39,49,79.59,0,,0
77079be1,52490,D Mohammed,D Mohammed,West Indies,2006-05-10,2006-12-16,5,1,1,0,2,0*,,0.0,0,0,0,0,0.0,100.0,9.0,4,233,170,8,21.25,4.38,29.12,3/37,0,0,54.94,1,0,0,0,,0,,0,0,0,,180,4.13,4,0,2,0.0,53,5.21,4
43b375d4,39084,Abdur Rauf,Abdur Rauf,Pakistan,2008-02-02,2008-11-12,4,0,0,0,0,0,,,0,0,0,0,,,,4,214,212,8,26.5,5.94,26.75,3/24,0,0,52.8,2,0,0,0,,114,5.47,3,0,0,,60,5.4,3,0,0,,40,8.1,2
971c3f6d,364329,FRJ Coleman,FRJ Coleman,Scotland,2013-09-06,2015-03-14,9,8,0,160,214,70,20.0,74.77,0,1,18,1,8.88,58.88,4.6,0,0,0,0,,,,,0,0,,5,0,17,40,42.5,0,,0,126,162,77.78,0,,0,17,12,141.67,0,,0
1edf29b9,1205381,Akshay Homraj,Akshay Homraj,United States of America,2019-12-08,2020-02-12,8,8,0,159,223,44,19.88,71.3,0,0,9,4,5.83,58.3,6.0,0,0,0,0,,,,,0,0,,12,0,5,20,25.0,0,,0,131,185,70.81,0,,0,23,18,127.78,0,,0
9025e58f,494847,Junaid Siddiqui,Junaid Siddiqui,Canada,2011-09-19,2024-08-17,8,7,1,59,138,25,9.83,42.75,0,0,1,1,1.45,65.94,8.9,8,352,270,5,54.0,4.6,70.4,1/20,0,0,48.58,3,0,2,10,20.0,6,3.0,0,31,96,32.29,316,4.69,4,26,32,81.25,30,4.0,1
df7ed601,493765,T Kaitano,T Kaitano,Zimbabwe,2022-01-16,2024-01-11,11,11,1,157,256,42,15.7,61.33,0,0,18,2,7.81,70.31,1.4,0,0,0,0,,,,,0,0,,2,0,140,222,63.06,0,,0,17,34,50.0,0,,0,0,0,,0,,0
218c7eab,1290587,Basir Ahamad,Basir Ahamad,Nepal,2022-07-11,2026-09-12,8,7,1,97,175,47,16.17,55.43,0,0,9,2,6.29,68.0,7.3,6,154,121,3,40.33,4.71,51.33,1/18,0,0,53.9,5,0,4,13,30.77,24,4.0,0,75,149,50.34,102,4.71,1,18,13,138.46,28,5.36,2
c46e9e56,25112,CJO Smith,CJO Smith,Scotland,2007-02-04,2009-04-08,11,9,0,157,238,51,17.44,65.97,0,1,23,0,9.66,65.13,5.9,0,0,0,0,,,,,0,0,,6,3,1,13,7.69,0,,0,154,217,70.97,0,,0,2,8,25.0,0,,0
49118dc7,308515,SO Ngoche,SO Ngoche,Kenya,2011-02-20,2014-01-30,6,5,1,37,45,28,9.25,82.22,0,0,1,2,6.67,57.78,9.8,5,258,217,6,36.17,5.05,43.0,2/40,0,0,48.84,0,0,0,0,,24,7.5,1,28,39,71.79,210,4.49,4,9,6,150.0,24,7.5,1
d8906a73,43543,Waqar Younis,Waqar Younis,Pakistan,2003-02-11,2003-03-04,6,4,0,17,23,8,4.25,73.91,0,0,1,0,4.35,52.17,9.8,4,181,177,7,25.29,5.87,25.86,2/37,0,0,57.46,3,0,0,0,,48,6.0,4,2,3,66.67,126,5.14,2,15,20,75.0,7,18.0,1
be4cefab,19346,CMW Read,CMW Read,England,2003-06-17,2006-10-28,23,14,3,156,216,30*,14.18,72.22,0,0,12,1,6.02,56.02,7.4,0,0,0,0,,,,,0,0,,27,0,1,4,25.0,0,,0,43,83,51.81,0,,0,112,129,86.82,0,,0
5cb078d6,26802,HK Badani,HK Badani,India,2003-11-06,2004-02-08,7,5,2,135,174,60*,45.0,77.59,0,1,9,1,5.75,51.72,6.0,2,63,52,1,52.0,4.95,63.0,1/31,0,0,46.03,3,0,0,0,,0,,0,104,131,79.39,30,3.2,1,31,43,72.09,33,6.55,0
3e51db81,235532,C Zhuwao,C Zhuwao,Zimbabwe,2008-10-17,2018-10-26,8,8,0,154,131,45,19.25,117.56,0,0,18,9,20.61,60.31,1.8,2,19,21,0,,6.63,,0/6,0,0,63.16,1,0,148,126,117.46,0,,0,6,5,120.0,12,3.5,0,0,0,,7,12.0,0
0a4c6dfd,39005,Arshad Khan,Arshad Khan,Pakistan,2005-04-05,2006-02-11,7,2,2,14,17,12*,,82.35,0,0,1,0,5.88,47.06,10.5,7,336,251,7,35.86,4.48,48.0,3/33,0,0,49.4,1,0,0,0,,0,,0,0,0,,294,4.06,4,14,17,82.35,42,7.43,3
26534b48,49013,AM Guruge,AM Guruge,United Arab Emirates,2015-02-25,2015-03-15,4,3,3,14,26,10*,,53.85,0,0,1,0,3.85,69.23,11.0,4,171,136,7,19.43,4.77,24.43,4/56,1,0,63.16,0,0,0,0,,114,4.16,4,10,16,62.5,39,4.31,0,4,10,40.0,18,9.67,3
9cb022df,23848,A Codrington,A Codrington,Canada,2003-02-11,2007-02-05,6,6,0,33,72,16,5.5,45.83,0,0,3,0,4.17,72.22,9.7,5,180,164,6,27.33,5.47,30.0,5/27,0,1,61.11,0,0,0,0,,42,9.0,0,7,25,28.0,126,4.43,5,26,47,55.32,12,4.0,1
047d9032,6235,JJ Krejza,JJ Krejza,Australia,2011-02-06,2011-03-24,8,2,1,13,23,7,13.0,56.52,0,0,0,0,0.0,60.87,9.0,8,425,331,7,47.29,4.67,60.71,2/28,0,0,47.06,2,0,0,0,,0,,0,0,7,0.0,401,4.65,6,13,16,81.25,24,5.0,1
2e11c706,230371,BCJ Cutting,BCJ Cutting,Australia,2013-01-13,2014-08-31,4,2,0,53,67,27,26.5,79.1,0,0,4,1,7.46,52.24,9.0,4,216,158,5,31.6,4.39,43.2,3/45,0,0,61.11,1,0,0,0,,24,4.5,0,27,45,60.0,168,4.0,5,26,22,118.18,24,7.0,0
61dab16a,52066,CL Hooper,CL Hooper,West Indies,2003-02-09,2003-02-28,5,5,1,93,118,45,23.25,78.81,0,0,3,1,3.39,39.83,5.0,4,199,166,3,55.33,5.01,66.33,2/63,0,0,46.73,5,0,0,0,,0,,0,59,86,68.6,181,4.74,3,34,32,106.25,18,7.67,0
f5c198fb,447458,SP Patil,SP Patil,United Arab Emirates,2014-05-04,2015-11-16,8,8,1,153,290,57*,21.86,52.76,0,1,13,0,4.48,66.21,5.0,0,0,0,0,,,,,0,0,,7,1,8,26,30.77,0,,0,96,200,48.0,0,,0,49,64,76.56,0,,0
d5f3b5e1,51872,D Ganga,D Ganga,West Indies,2006-02-18,2006-12-10,7,7,0,152,293,54,21.71,51.88,0,1,17,0,5.8,69.97,2.6,0,0,0,0,,,,,0,0,,3,0,55,156,35.26,0,,0,97,137,70.8,0,,0,0,0,,0,,0
48f177f5,38264,AJ Redmond,AJ Redmond,New Zealand,2009-10-03,2010-10-14,6,6,0,152,259,52,25.33,58.69,0,1,19,0,7.34,67.57,2.2,0,0,0,0,,,,,0,0,,3,0,62,127,48.82,0,,0,90,132,68.18,0,,0,0,0,,0,,0
3e91a87f,55438,TJ Friend,TJ Friend,Zimbabwe,2003-03-15,2004-01-20,8,7,0,132,169,82,18.86,78.11,0,1,14,2,9.47,61.54,3.0,4,51,67,1,67.0,7.88,51.0,1/33,0,0,37.25,2,0,56,79,70.89,0,,0,76,90,84.44,51,7.88,1,0,0,,0,,0
9f998ed8,414969,CW Perchard,CW Perchard,Jersey,2023-03-30,2023-04-05,4,3,3,31,34,16*,,91.18,0,0,1,2,8.82,50.0,10.0,4,210,170,6,28.33,4.86,35.0,2/43,0,0,56.67,0,0,0,0,,42,4.29,2,0,0,,120,4.55,1,31,34,91.18,48,6.12,3
441b1b20,51431,LS Baker,LS Baker,West Indies,2008-11-12,2009-06-26,7,3,2,11,16,11*,11.0,68.75,0,0,2,0,12.5,68.75,11.0,6,270,220,7,31.43,4.89,38.57,3/47,0,0,56.3,0,0,0,0,,114,4.74,2,0,0,,108,4.17,3,11,16,68.75,48,6.88,2
99d7d5b7,1203669,Akif Javed,Akif Javed,Pakistan,2025-03-29,2025-04-05,3,3,1,10,14,8,5.0,71.43,0,0,2,0,14.29,71.43,10.3,3,168,165,7,23.57,5.89,24.0,4/62,1,0,54.76,0,0,0,0,,36,7.33,1,9,11,81.82,108,5.22,5,1,3,33.33,24,6.75,1
82c528b2,23899,AA Mulla,AA Mulla,Canada,2006-11-27,2007-10-20,8,8,0,150,155,58,18.75,96.77,0,1,21,4,16.13,59.35,3.0,0,0,0,0,,,,,0,0,,4,1,73,72,101.39,0,,0,77,83,92.77,0,,0,0,0,,0,,0
9e0bd203,1112212,B Ward,B Ward,Jersey,2023-03-30,2023-04-05,4,4,1,69,106,46,23.0,65.09,0,0,7,2,8.49,66.04,7.0,4,181,186,4,46.5,6.17,45.25,4/39,1,0,43.65,2,0,0,0,,0,,0,58,92,63.04,139,5.91,3,11,14,78.57,42,7.0,1
9fbc7bc4,232443,KO Meth,KO Meth,Zimbabwe,2006-05-13,2012-02-03,8,6,0,49,93,20,8.17,52.69,0,0,5,0,5.38,64.52,8.2,8,388,413,5,82.6,6.39,77.6,2/52,0,0,46.13,1,0,0,0,,174,5.52,3,25,62,40.32,130,6.32,1,24,31,77.42,84,8.29,1
1d048deb,366725,BOP Fernando,BOP Fernando,Sri Lanka,2019-03-03,2021-07-04,8,8,0,148,230,49,18.5,64.35,0,0,15,3,7.83,65.65,3.8,1,12,16,0,,8.0,,0/16,0,0,16.67,1,0,74,111,66.67,0,,0,74,119,62.18,12,8.0,0,0,0,,0,,0
634a7b21,470699,BN Cooper,BN Cooper,Netherlands,2013-08-27,2021-06-07,11,9,1,148,172,74,18.5,86.05,0,1,15,4,11.05,59.3,4.2,0,0,0,0,,,,,0,0,,2,0,31,40,77.5,0,,0,114,127,89.76,0,,0,3,5,60.0,0,,0
65cebd5d,1075863,K Mishara,K Mishara,Sri Lanka,2025-11-11,2026-01-27,6,6,0,148,171,38,24.67,86.55,0,0,20,2,12.87,63.16,2.0,1,6,9,0,,9.0,,0/9,0,0,33.33,0,0,131,143,91.61,0,,0,17,28,60.71,6,9.0,0,0,0,,0,,0
4aef496b,56059,Nazimuddin,Nazimuddin,Bangladesh,2008-03-12,2012-03-22,11,11,0,147,237,47,13.36,62.03,0,0,18,2,8.44,68.78,2.3,0,0,0,0,,,,,0,0,,1,0,90,163,55.21,0,,0,57,74,77.03,0,,0,0,0,,0,,0
5eea345c,41046,Khalid Latif,Khalid Latif,Pakistan,2008-01-30,2010-01-31,5,5,0,147,228,64,29.4,64.47,0,1,13,0,5.7,61.4,2.0,0,0,0,0,,,,,0,0,,1,0,69,111,62.16,0,,0,75,113,66.37,0,,0,3,4,75.0,0,,0
4aad78d3,318842,K Zondo,K Zondo,South Africa,2018-02-04,2021-11-26,6,6,1,146,231,54,29.2,63.2,0,1,8,3,4.76,55.84,5.5,0,0,0,0,,,,,0,0,,1,0,1,5,20.0,0,,0,134,213,62.91,0,,0,11,13,84.62,0,,0
dd572696,1160970,Haider Ali,Haider Ali (3),United Arab Emirates,2025-10-28,2026-09-12,10,7,1,26,105,10,4.33,24.76,0,0,1,0,0.95,80.0,9.3,10,546,366,6,61.0,4.02,91.0,1/28,0,0,59.71,3,0,4,3,133.33,90,1.8,2,3,48,6.25,402,4.16,4,19,54,35.19,54,6.67,0
28ed9134,23856,S Thuraisingam,S Thuraisingam,Canada,2003-02-11,2006-11-30,5,4,1,26,44,13,8.67,59.09,0,0,3,1,9.09,72.73,9.0,5,184,160,6,26.67,5.22,30.67,2/36,0,0,60.87,2,0,0,0,,76,5.05,3,12,26,46.15,78,5.15,1,14,18,77.78,30,5.8,2
5500c675,303349,PC Connell,PC Connell,Ireland,2008-07-31,2010-06-17,5,2,0,6,23,6,3.0,26.09,0,0,1,0,4.35,91.3,10.0,4,180,193,7,27.57,6.43,25.71,3/68,0,0,50.0,0,0,0,0,,60,5.7,2,4,8,50.0,78,5.92,2,2,15,13.33,42,8.43,3
7a5f232a,326632,JA Burns,JA Burns,Australia,2015-08-27,2015-09-13,6,6,0,146,184,69,24.33,79.35,0,1,16,1,9.24,58.15,1.0,0,0,0,0,,,,,0,0,,2,0,106,129,82.17,0,,0,40,55,72.73,0,,0,0,0,,0,,0
fe5175ce,1294031,Yasir Mohammad,Yasir Mohammad,United States of America,2022-06-08,2025-02-18,7,2,0,5,20,3,2.5,25.0,0,0,0,0,0.0,80.0,9.0,7,252,242,7,34.57,5.76,36.0,2/10,0,0,48.02,1,0,0,0,,0,,0,2,14,14.29,246,5.56,7,3,6,50.0,6,14.0,0
fbcfa528,1122853,T Munyonga,T Munyonga,Zimbabwe,2022-08-07,2025-08-31,9,8,2,145,199,43*,24.17,72.86,0,0,10,2,6.03,57.29,6.1,1,6,10,0,,10.0,,0/10,0,0,33.33,1,0,3,21,14.29,0,,0,91,136,66.91,6,10.0,0,51,42,121.43,0,,0
6834d1f2,533042,B Stanlake,B Stanlake,Australia,2017-01-13,2026-05-30,8,6,3,4,29,2,1.33,13.79,0,0,0,0,0.0,86.21,11.0,8,390,361,7,51.57,5.55,55.71,3/35,0,0,56.15,1,0,0,0,,156,5.58,4,3,17,17.65,222,5.35,3,1,12,8.33,12,9.0,0
33085ffb,230852,D Elgar,D Elgar,South Africa,2012-08-24,2018-10-03,8,7,1,104,177,42,17.33,58.76,0,0,6,0,3.39,57.06,3.9,4,96,67,2,33.5,4.19,48.0,1/11,0,0,46.88,4,0,11,34,32.35,0,,0,75,122,61.48,90,4.07,2,18,21,85.71,6,6.0,0
fdee4a01,1508989,Shoaib Khan,Shoaib Khan (2),United Arab Emirates,2025-10-28,2026-09-12,8,8,0,144,195,52,18.0,73.85,0,1,13,5,9.23,62.56,5.2,1,1,4,0,,24.0,,0/4,0,0,0.0,0,0,10,19,52.63,0,,0,128,162,79.01,0,,0,6,14,42.86,1,24.0,0
a1d8d8ba,51232,CO Browne,CO Browne,West Indies,2004-09-15,2005-05-22,12,8,2,144,168,46*,24.0,85.71,0,0,14,2,9.52,50.0,8.0,0,0,0,0,,,,,0,0,,16,3,0,0,,0,,0,53,84,63.1,0,,0,91,84,108.33,0,,0
e64c10dd,387435,VV Morea,VV Morea,Papua New Guinea,2016-11-04,2018-03-08,8,8,0,142,224,52,17.75,63.39,0,1,13,1,6.25,65.62,1.9,0,0,0,0,,,,,0,0,,4,0,78,133,58.65,0,,0,64,91,70.33,0,,0,0,0,,0,,0
7dfb8890,535393,S Muthusamy,S Muthusamy,South Africa,2025-02-10,2025-09-04,5,4,1,22,25,9*,7.33,88.0,0,0,2,0,8.0,40.0,8.2,5,220,233,6,38.83,6.35,36.67,2/30,0,0,45.45,2,0,0,0,,0,,0,9,10,90.0,174,5.66,6,13,15,86.67,46,9.0,0
60aa2db3,1385640,LG Pretorius,LG Pretorius,South Africa,2025-11-04,2025-11-08,3,3,0,142,145,57,47.33,97.93,0,1,18,3,14.48,55.86,1.0,0,0,0,0,,,,,0,0,,2,0,120,114,105.26,0,,0,22,31,70.97,0,,0,0,0,,0,,0
b15eaf77,24723,AO Suji,AO Suji,Kenya,2003-02-15,2008-08-25,14,6,1,42,92,15,8.4,45.65,0,0,4,0,4.35,68.48,7.0,9,229,246,5,49.2,6.45,45.8,2/30,0,0,46.72,7,0,9,20,45.0,18,10.33,0,26,56,46.43,150,5.52,1,7,16,43.75,61,7.57,4
b7e7313a,16362,MB Loye,MB Loye,England,2007-01-19,2007-02-11,7,7,0,142,184,45,20.29,77.17,0,0,19,5,13.04,72.28,2.0,0,0,0,0,,,,,0,0,,0,0,109,145,75.17,0,,0,33,39,84.62,0,,0,0,0,,0,,0
05e0fab5,37700,CS Martin,CS Martin,New Zealand,2007-11-25,2008-02-23,11,1,1,2,3,2*,,66.67,0,0,0,0,0.0,33.33,11.0,10,510,407,7,58.14,4.79,72.86,2/22,0,0,60.59,4,0,0,0,,234,4.31,4,0,0,,240,4.62,1,2,3,66.67,36,9.0,2
c1f9b051,52199,RD Jacobs,RD Jacobs,West Indies,2003-02-09,2004-07-10,24,13,5,142,224,50,17.75,63.39,0,1,7,1,3.57,54.91,7.5,0,0,0,0,,,,,0,0,,21,4,0,0,,0,,0,71,145,48.97,0,,0,71,79,89.87,0,,0
a1000a26,638713,HJW Gardiner,HJW Gardiner,Scotland,2013-09-06,2015-03-05,7,7,0,142,213,89,20.29,66.67,0,1,16,0,7.51,61.97,2.7,0,0,0,0,,,,,0,0,,4,0,73,122,59.84,0,,0,69,91,75.82,0,,0,0,0,,0,,0
585dda5d,958691,KNA Bandara,KNA Bandara,Sri Lanka,2021-03-10,2023-01-15,6,5,1,141,217,55*,35.25,64.98,0,2,9,1,4.61,53.0,6.0,1,6,8,0,,8.0,,0/8,0,0,16.67,3,0,0,0,,0,,0,95,168,56.55,0,,0,46,49,93.88,6,8.0,0
d188300f,1540089,A Roy,A Roy,Netherlands,2026-06-08,2026-07-31,6,3,2,21,27,14*,21.0,77.78,0,0,2,0,7.41,44.44,10.7,6,246,151,6,25.17,3.68,41.0,3/24,0,0,67.48,1,0,0,0,,96,2.81,2,0,0,,138,4.17,3,21,27,77.78,12,5.0,1
9b75e4f1,48112,M Zondeki,M Zondeki,South Africa,2003-02-22,2008-10-31,9,2,1,1,3,1*,1.0,33.33,0,0,0,0,0.0,66.67,10.5,8,366,327,7,46.71,5.36,52.29,2/46,0,0,59.84,3,0,0,0,,78,6.0,3,0,2,0.0,240,4.88,4,1,1,100.0,48,6.75,0
101d1e85,24974,KJJ van Noortwijk,KJJ van Noortwijk,Netherlands,2003-02-16,2003-03-03,3,3,1,141,138,134*,70.5,102.17,1,0,12,3,10.87,46.38,4.0,0,0,0,0,,,,,0,0,,0,0,15,18,83.33,0,,0,71,84,84.52,0,,0,55,36,152.78,0,,0
d8b2f218,537126,BB Sran,BB Sran,India,2016-01-12,2016-06-15,6,0,0,0,0,0,,,0,0,0,0,,,,6,302,269,7,38.43,5.34,43.14,3/56,0,0,53.64,1,0,0,0,,168,3.86,5,0,0,,96,7.0,1,0,0,,38,7.74,1
684d21d7,629075,M Bhanuka,M Bhanuka,Sri Lanka,2019-10-02,2021-09-04,6,6,0,140,194,36,23.33,72.16,0,0,13,2,7.73,62.37,2.5,0,0,0,0,,,,,0,0,,5,1,77,114,67.54,0,,0,54,75,72.0,0,,0,9,5,180.0,0,,0
14661bf3,1171134,Faisal Akram,Faisal Akram,Pakistan,2024-11-24,2025-11-16,4,0,0,0,0,0,,,0,0,0,0,,,,4,177,122,7,17.43,4.14,25.29,3/24,0,0,54.8,2,0,0,0,,0,,0,0,0,,177,4.14,7,0,0,,0,,0
0c637131,47232,WF Stelling,WF Stelling,Netherlands,2006-12-01,2007-07-13,4,2,2,40,38,39*,,105.26,0,0,2,2,10.53,47.37,9.5,4,186,107,5,21.4,3.45,37.2,3/12,0,0,68.28,1,0,0,0,,90,1.6,4,26,31,83.87,84,4.36,1,14,7,200.0,12,11.0,0
f3be8d36,498875,Bilal Asif,Bilal Asif,Pakistan,2015-10-03,2015-11-11,3,3,0,40,49,38,13.33,81.63,0,0,6,1,14.29,69.39,2.0,3,132,96,5,19.2,4.36,26.4,5/25,0,1,51.52,2,0,24,43,55.81,0,,0,16,6,266.67,120,4.15,5,0,0,,12,6.5,0
28b61a48,1295902,Ghazi Ghori,Ghazi Ghori,Pakistan,2026-03-15,2026-06-04,4,4,0,139,192,65,34.75,72.4,0,1,16,1,8.85,57.81,3.8,0,0,0,0,,,,,0,0,,3,1,43,61,70.49,0,,0,96,130,73.85,0,,0,0,1,0.0,0,,0
6a52f5d3,55848,GJ Whittall,GJ Whittall,Zimbabwe,2003-02-10,2003-03-08,6,4,0,59,71,30,14.75,83.1,0,0,5,1,8.45,53.52,4.8,5,135,121,4,30.25,5.38,33.75,2/20,0,0,55.56,1,0,1,6,16.67,6,12.0,0,58,65,89.23,120,5.1,4,0,0,,9,4.67,0
c59d8f8a,443150,KA Hope,KA Hope,West Indies,2017-06-30,2017-12-26,7,6,0,138,192,46,23.0,71.88,0,0,20,0,10.42,67.19,2.3,0,0,0,0,,,,,0,0,,1,0,86,123,69.92,0,,0,52,69,75.36,0,,0,0,0,,0,,0
d96165b5,946517,D Myers,D Myers,Zimbabwe,2021-07-16,2024-11-28,7,7,0,138,189,34,19.71,73.02,0,0,17,0,8.99,58.73,3.7,0,0,0,0,,,,,0,0,,3,0,57,61,93.44,0,,0,81,128,63.28,0,,0,0,0,,0,,0
3fb56752,1120355,Shahid Ahmadzai,Shahid Ahmadzai,Canada,2024-02-08,2025-08-31,6,6,2,38,63,13,9.5,60.32,0,0,3,0,4.76,61.9,9.8,6,306,181,5,36.2,3.55,61.2,4/34,1,0,64.05,2,0,0,0,,12,3.5,0,0,0,,276,3.17,4,38,63,60.32,18,9.33,1
7a32c1c1,470772,ARI Umeed,ARI Umeed,Scotland,2024-03-01,2024-11-04,5,4,1,138,139,98*,46.0,99.28,0,1,18,3,15.11,57.55,2.0,0,0,0,0,,,,,0,0,,1,0,75,86,87.21,0,,0,63,53,118.87,0,,0,0,0,,0,,0
b40ee8a8,345825,PC de Silva,PC de Silva,Sri Lanka,2014-02-25,2017-02-01,6,6,1,77,96,44,15.4,80.21,0,0,9,0,9.38,52.08,7.2,6,258,227,3,75.67,5.28,86.0,1/33,0,0,46.9,3,0,0,0,,6,7.0,0,60,74,81.08,234,5.13,2,17,22,77.27,18,6.67,1
907d6e58,434429,Aamer Yamin,Aamer Yamin,Pakistan,2015-10-01,2018-01-19,4,3,2,95,96,62,95.0,98.96,0,1,8,5,13.54,55.21,8.3,4,156,154,2,77.0,5.92,78.0,1/38,0,0,55.13,0,0,0,0,,90,5.2,0,63,69,91.3,54,6.11,1,32,27,118.52,12,10.5,1
5c124657,208253,Irfan Ahmed,Irfan Ahmed,Hong Kong,2008-06-24,2014-05-04,3,3,0,55,79,30,18.33,69.62,0,0,9,1,12.66,72.15,3.3,3,150,140,4,35.0,5.6,37.5,2/28,0,0,58.0,2,0,30,36,83.33,54,5.56,0,25,43,58.14,54,3.22,3,0,0,,42,8.71,1
27410b17,49043,PW Gunaratne,PW Gunaratne,Sri Lanka,2003-01-09,2003-03-18,7,1,1,15,15,15*,,100.0,0,0,3,0,20.0,60.0,11.0,7,279,284,6,47.33,6.11,46.5,2/24,0,0,51.61,1,0,0,0,,180,5.9,4,0,0,,66,4.45,1,15,15,100.0,33,10.55,1
9e76cdb3,1216149,Ansh Patel,Ansh Patel,Canada,2024-09-16,2026-08-13,5,3,1,54,57,41,27.0,94.74,0,0,5,0,8.77,40.35,8.3,5,228,249,4,62.25,6.55,57.0,2/36,0,0,46.49,3,0,4,4,100.0,0,,0,13,27,48.15,204,6.29,4,37,26,142.31,24,8.75,0
02802468,498372,Ali Nadeem,Ali Nadeem,Canada,2025-08-27,2026-06-12,6,6,0,134,207,51,22.33,64.73,0,1,13,3,7.73,67.63,1.5,0,0,0,0,,,,,0,0,,8,0,70,121,57.85,0,,0,64,86,74.42,0,,0,0,0,,0,,0
267269e1,40088,Faisal Iqbal,Faisal Iqbal,Pakistan,2003-04-04,2006-12-13,8,8,0,134,248,32,16.75,54.03,0,0,11,0,4.44,64.92,3.6,0,0,0,0,,,,,0,0,,2,0,8,42,19.05,0,,0,126,206,61.17,0,,0,0,0,,0,,0
7a98bc7a,51437,PA Browne,PA Browne,West Indies,2008-01-27,2008-06-27,5,5,1,134,179,49*,33.5,74.86,0,0,7,6,7.26,59.78,5.2,0,0,0,0,,,,,0,0,,2,0,9,10,90.0,0,,0,50,114,43.86,0,,0,75,55,136.36,0,,0
79004151,24978,Adeel Raja,Adeel Raja,Netherlands,2003-02-12,2011-03-18,7,6,2,13,76,8*,3.25,17.11,0,0,1,0,1.32,86.84,10.3,7,280,285,6,47.5,6.11,46.67,4/42,1,0,44.64,1,0,0,0,,54,7.33,0,10,40,25.0,174,5.62,1,3,36,8.33,52,6.46,5
79f5bc26,1125536,BG Lister,BG Lister,New Zealand,2023-05-05,2026-04-23,4,4,3,12,21,5*,12.0,57.14,0,0,1,0,4.76,61.9,10.8,4,216,220,6,36.67,6.11,36.0,3/69,0,0,43.98,0,0,0,0,,48,4.62,0,9,13,69.23,114,6.26,0,3,8,37.5,54,7.11,6
7c70083d,9254,DR Brown,DR Brown,Scotland,2007-02-04,2007-03-22,4,4,1,72,115,45*,24.0,62.61,0,0,6,0,5.22,58.26,5.8,4,138,158,3,52.67,6.87,46.0,2/32,0,0,44.2,1,0,0,1,0.0,6,10.0,0,45,91,49.45,108,5.33,3,27,23,117.39,24,13.0,0
34d2ca48,24969,LP van Troost,LP van Troost,Netherlands,2003-02-12,2007-03-18,10,9,2,112,160,34,16.0,70.0,0,0,9,3,7.5,63.75,5.8,3,42,81,1,81.0,11.57,42.0,1/59,0,0,33.33,2,0,8,35,22.86,0,,0,88,115,76.52,36,12.83,1,16,10,160.0,6,4.0,0
27d1cc51,37263,PA Hitchcock,PA Hitchcock,New Zealand,2002-12-29,2008-02-15,7,5,2,32,49,11*,10.67,65.31,0,0,3,1,8.16,65.31,10.0,7,282,254,5,50.8,5.4,56.4,3/30,0,0,60.64,2,0,0,0,,18,6.0,0,10,21,47.62,222,4.62,3,22,28,78.57,42,9.29,2
34c823b0,24796,D Keulder,D Keulder,Namibia,2003-02-10,2003-03-03,6,6,0,132,220,52,22.0,60.0,0,1,11,0,5.0,61.36,3.8,0,0,0,0,,,,,0,0,,3,0,11,39,28.21,0,,0,121,181,66.85,0,,0,0,0,,0,,0
a120e81b,943281,Mohammed Qasim,Mohammed Qasim,United Arab Emirates,2017-01-24,2017-04-04,4,4,0,91,172,41,22.75,52.91,0,0,10,0,5.81,68.02,2.0,2,78,43,2,21.5,3.31,39.0,1/13,0,0,61.54,2,0,60,94,63.83,0,,0,31,78,39.74,78,3.31,2,0,0,,0,,0
4e1b4323,713811,TS Kamunhukamwe,TS Kamunhukamwe,Zimbabwe,2018-07-20,2024-01-08,12,12,0,131,164,51,10.92,79.88,0,1,15,5,12.2,65.85,1.7,0,0,0,0,,,,,0,0,,1,0,101,115,87.83,0,,0,30,49,61.22,0,,0,0,0,,0,,0
a58af75f,39956,Bazid Khan,Bazid Khan,Pakistan,2004-09-30,2008-04-16,5,5,0,131,232,66,26.2,56.47,0,2,7,1,3.45,62.07,2.8,1,12,11,0,,5.5,,0/11,0,0,25.0,1,0,12,33,36.36,0,,0,97,174,55.75,12,5.5,0,22,25,88.0,0,,0
6fb21086,43735,Zahid Shah,Zahid Shah,United Arab Emirates,2008-06-24,2008-06-26,2,2,2,11,20,6*,,55.0,0,0,2,0,10.0,80.0,9.5,2,120,98,6,16.33,4.9,20.0,3/49,0,0,45.83,0,0,0,0,,54,4.78,2,6,11,54.55,36,4.83,1,5,9,55.56,30,5.2,3
6f4d314b,24837,LJ Burger,LJ Burger,Namibia,2003-02-10,2003-03-03,6,6,1,11,62,5,2.2,17.74,0,0,1,0,1.61,87.1,5.2,6,330,297,6,49.5,5.4,55.0,3/39,0,0,50.61,6,0,6,41,14.63,30,5.8,0,5,19,26.32,240,4.33,4,0,2,0.0,60,9.5,2
a945bb28,232444,T Muzarabani,T Muzarabani,Zimbabwe,2015-10-13,2016-06-13,6,6,3,10,32,5,3.33,31.25,0,0,1,0,3.12,78.12,10.7,6,251,191,6,31.83,4.57,41.83,2/32,0,0,62.95,0,0,0,0,,120,4.65,1,5,11,45.45,84,3.36,0,5,21,23.81,47,6.51,5
9db20c92,524249,D Bau,D Bau,Papua New Guinea,2016-11-04,2022-04-16,9,8,1,130,219,46,18.57,59.36,0,0,9,1,4.57,62.1,6.4,0,0,0,0,,,,,0,0,,5,2,0,3,0.0,0,,0,79,159,49.69,0,,0,51,57,89.47,0,,0
5eef2118,465783,MVT Fernando,MVT Fernando,Sri Lanka,2017-08-20,2019-03-06,8,8,6,30,61,7*,15.0,49.18,0,0,3,0,4.92,68.85,10.5,8,297,337,5,67.4,6.81,59.4,1/35,0,0,47.47,0,0,0,0,,174,6.28,4,9,17,52.94,96,7.38,1,21,44,47.73,27,8.22,0
1be67d37,629084,RTM Mendis,RTM Mendis,Sri Lanka,2021-05-28,2022-01-21,4,4,2,50,50,26,25.0,100.0,0,0,3,1,8.0,38.0,7.5,3,72,74,4,18.5,6.17,18.0,2/26,0,0,44.44,1,0,0,0,,0,,0,16,23,69.57,72,6.17,4,34,27,125.93,0,,0
ad733e72,25120,DF Watts,DF Watts,Scotland,2007-02-04,2011-06-29,9,8,0,130,232,58,16.25,56.03,0,1,13,2,6.47,70.26,2.0,0,0,0,0,,,,,0,0,,0,0,67,161,41.61,0,,0,63,71,88.73,0,,0,0,0,,0,,0
0dbe27b8,595419,BD Glover,BD Glover,Netherlands,2019-06-21,2023-03-21,7,4,2,28,45,18,14.0,62.22,0,0,3,0,6.67,71.11,11.0,7,324,337,5,67.4,6.24,64.8,2/70,0,0,56.48,2,0,0,0,,18,8.33,0,6,9,66.67,246,5.44,3,22,36,61.11,60,8.9,2
e3540b8c,1229251,DS Bajwa,DS Bajwa,Canada,2024-02-10,2025-09-02,9,8,0,108,175,26,13.5,61.71,0,0,11,1,6.86,69.14,3.6,3,54,50,1,50.0,5.56,54.0,1/14,0,0,59.26,2,0,81,121,66.94,0,,0,27,54,50.0,36,5.67,1,0,0,,18,5.33,0
80de053e,1057762,B Siddharth,B Siddharth,Oman,2024-11-11,2026-05-05,6,6,2,8,19,4*,2.0,42.11,0,0,0,0,0.0,68.42,8.5,6,263,182,6,30.33,4.15,43.83,2/23,0,0,61.98,5,0,0,2,0.0,18,3.33,0,7,14,50.0,215,4.49,6,1,3,33.33,30,2.2,0
c5b87d8c,56064,Nafees Iqbal,Nafees Iqbal,Bangladesh,2003-11-07,2005-06-18,9,9,0,128,263,58,14.22,48.67,0,1,12,0,4.56,71.1,1.9,0,0,0,0,,,,,0,0,,1,0,81,191,42.41,0,,0,47,72,65.28,0,,0,0,0,,0,,0
d5130a30,1151288,B Sai Sudharsan,B Sai Sudharsan,India,2023-12-17,2023-12-21,3,3,1,127,142,62,63.5,89.44,0,2,17,1,12.68,54.23,2.0,1,3,8,0,,16.0,,0/8,0,0,33.33,1,0,64,69,92.75,0,,0,63,73,86.3,0,,0,0,0,,3,16.0,0
c981bfad,23803,ZE Surkari,ZE Surkari,Canada,2009-08-19,2011-03-16,9,8,1,127,292,34,18.14,43.49,0,0,7,0,2.4,69.18,4.1,0,0,0,0,,,,,0,0,,2,0,30,77,38.96,0,,0,89,194,45.88,0,,0,8,21,38.1,0,,0
2d4465da,627732,SG Whittingham,SG Whittingham,Scotland,2018-01-16,2019-12-15,4,3,1,5,14,3*,2.5,35.71,0,0,0,0,0.0,71.43,10.7,4,209,187,6,31.17,5.37,34.83,3/58,0,0,58.85,3,0,0,0,,60,5.9,1,0,0,,119,4.69,3,5,14,35.71,30,7.0,2
8692a3f1,51258,OAC Banks,OAC Banks,West Indies,2003-05-17,2005-08-06,2,2,0,45,58,33,22.5,77.59,0,0,0,2,3.45,46.55,6.0,2,108,68,4,17.0,3.78,27.0,2/24,0,0,56.48,0,0,0,0,,0,,0,18,27,66.67,90,3.53,4,27,31,87.1,18,5.0,0
dc0f5506,14236,MJ Hoggard,MJ Hoggard,England,2002-06-27,2006-04-12,9,2,0,5,11,5,2.5,45.45,0,0,0,0,0.0,63.64,11.0,9,454,458,6,76.33,6.05,75.67,2/35,0,0,50.66,1,0,0,0,,192,5.47,4,0,0,,170,5.82,1,5,11,45.45,92,7.7,1
5af592d2,24827,G Snyman,G Snyman,Namibia,2003-02-10,2003-03-03,5,4,0,5,9,5,1.25,55.56,0,0,1,0,11.11,77.78,7.8,5,288,281,6,46.83,5.85,48.0,3/69,0,0,49.65,0,0,0,1,0.0,150,4.88,0,0,1,0.0,60,6.2,0,5,7,71.43,78,7.46,6
017faef2,446860,Z Groenewald,Z Groenewald,Namibia,2019-09-17,2019-09-23,3,2,1,4,19,3,4.0,21.05,0,0,0,0,0.0,78.95,10.5,3,150,110,6,18.33,4.4,25.0,3/28,0,0,62.0,1,0,0,0,,30,2.0,2,3,16,18.75,102,4.18,4,1,3,33.33,18,9.67,0
2eb25b39,1444089,M Gill,Mansab Gill,Canada,2025-05-17,2025-09-02,5,5,1,124,171,59,31.0,72.51,0,2,13,1,8.19,56.14,5.0,0,0,0,0,,,,,0,0,,0,0,9,17,52.94,0,,0,91,124,73.39,0,,0,24,30,80.0,0,,0
1494a583,56208,Dhiman Ghosh,Dhiman Ghosh,Bangladesh,2008-03-09,2008-09-06,11,11,2,124,199,30,13.78,62.31,0,0,9,1,5.03,60.3,7.6,0,0,0,0,,,,,0,0,,6,3,0,0,,0,,0,84,151,55.63,0,,0,40,48,83.33,0,,0
80fe6790,1337258,AR Bisht,AR Bisht,Oman,2025-05-23,2026-05-05,5,5,1,83,109,35,20.75,76.15,0,0,8,2,9.17,61.47,5.2,3,78,79,2,39.5,6.08,39.0,1/9,0,0,44.87,3,0,8,10,80.0,0,,0,67,92,72.83,60,5.6,0,8,7,114.29,18,7.67,2
03252e44,6060,PA Jaques,PA Jaques,Australia,2006-01-20,2007-02-18,5,5,0,123,165,94,24.6,74.55,0,1,16,1,10.3,63.03,2.0,0,0,0,0,,,,,0,0,,2,0,58,90,64.44,0,,0,65,75,86.67,0,,0,0,0,,0,,0
b0e08fde,414249,Usman Limbada,Usman Limbada,Canada,2011-09-19,2014-01-28,4,4,0,123,188,50,30.75,65.43,0,1,12,1,6.91,60.64,5.2,0,0,0,0,,,,,0,0,,0,0,6,11,54.55,0,,0,87,138,63.04,0,,0,30,39,76.92,0,,0
12b59324,24918,RP Lefebvre,RP Lefebvre,Netherlands,2003-02-12,2003-02-28,4,4,1,43,65,30,14.33,66.15,0,0,4,1,7.69,66.15,9.0,4,192,122,4,30.5,3.81,48.0,2/38,0,0,60.42,2,0,0,0,,120,2.7,1,14,46,30.43,48,4.38,1,29,19,152.63,24,8.25,2
7ec9711d,437438,P Subrayen,P Subrayen,South Africa,2025-08-19,2026-09-11,4,3,0,22,22,17,7.33,100.0,0,0,1,1,9.09,40.91,9.0,4,198,174,5,34.8,5.27,39.6,4/29,1,0,42.93,2,0,0,0,,18,2.67,1,17,16,106.25,180,5.53,4,5,6,83.33,0,,0
41c8bae3,23824,KT Sandher,KT Sandher,Canada,2006-11-27,2007-03-22,4,1,0,2,6,2,2.0,33.33,0,0,0,0,0.0,66.67,10.0,4,210,165,6,27.5,4.71,35.0,2/38,0,0,50.95,0,0,0,0,,0,,0,0,0,,168,4.25,5,2,6,33.33,42,6.57,1
e33616eb,24923,HJC Mol,HJC Mol,Netherlands,2003-02-12,2008-07-29,6,4,0,42,116,23,10.5,36.21,0,0,4,0,3.45,76.72,6.5,4,116,106,4,26.5,5.48,29.0,2/17,0,0,48.28,2,0,2,30,6.67,0,,0,34,69,49.28,68,4.32,3,6,17,35.29,48,7.12,1
fccf5309,440977,PA Desai,PA Desai,Canada,2010-07-07,2014-01-28,4,2,2,2,12,2*,,16.67,0,0,0,0,0.0,83.33,11.0,4,180,115,6,19.17,3.83,30.0,3/35,0,0,65.56,0,0,0,0,,24,5.75,0,0,0,,156,3.54,6,2,12,16.67,0,,0
ec526fca,6462,JP Maher,JP Maher,Australia,2003-01-09,2003-05-30,7,6,1,122,186,49*,24.4,65.59,0,0,9,3,6.45,64.52,4.7,0,0,0,0,,,,,0,0,,5,0,13,39,33.33,0,,0,66,117,56.41,0,,0,43,30,143.33,0,,0
5ee47383,24841,DB Kotze,DB Kotze,Namibia,2003-02-10,2003-03-03,6,6,1,82,135,27,16.4,60.74,0,0,3,1,2.96,62.96,6.3,6,282,256,2,128.0,5.45,141.0,1/32,0,0,43.62,3,0,12,28,42.86,0,,0,63,91,69.23,264,5.45,2,7,16,43.75,18,5.33,0
e6b3c3cc,1365333,Parveen Kumar,Parveen Kumar (2),Canada,2024-09-22,2025-05-25,6,4,1,41,47,23,13.67,87.23,0,0,5,0,10.64,48.94,9.5,6,303,202,4,50.5,4.0,75.75,2/15,0,0,61.72,3,0,0,0,,78,4.08,1,35,38,92.11,210,4.09,3,6,9,66.67,15,2.4,0
5d9a1a73,272994,R Sharma,R Sharma,India,2011-12-08,2012-07-28,4,1,0,1,2,1,1.0,50.0,0,0,0,0,0.0,50.0,9.0,4,206,177,6,29.5,5.16,34.33,3/43,0,0,47.09,1,0,0,0,,0,,0,1,2,50.0,194,4.82,6,0,0,,12,10.5,0
fb0abc20,539305,Haseeb Amjad,Haseeb Amjad,Hong Kong,2014-05-04,2015-11-16,2,1,0,21,15,21,21.0,140.0,0,0,1,2,20.0,46.67,8.0,2,108,81,5,16.2,4.5,21.6,3/49,0,0,67.59,2,0,0,0,,42,6.0,2,17,9,188.89,48,3.5,3,4,6,66.67,18,3.67,0
79108658,1213017,LJ Robertson,LJ Robertson,Scotland,2026-08-13,2026-08-13,1,0,0,0,0,0,,,0,0,0,0,,,,1,60,52,6,8.67,5.2,10.0,6/52,0,1,56.67,1,0,0,0,,0,,0,0,0,,60,5.2,6,0,0,,0,,0
74ef405a,245397,MBS Jonkman,MBS Jonkman,Netherlands,2006-12-01,2007-03-22,4,3,1,20,32,15,10.0,62.5,0,0,2,0,6.25,62.5,10.7,4,139,105,5,21.0,4.53,27.8,2/22,0,0,64.03,0,0,0,0,,84,4.29,2,19,29,65.52,54,4.89,3,1,3,33.33,1,6.0,0
7e38d2de,50860,K Weeraratne,K Weeraratne,Sri Lanka,2003-05-10,2008-07-03,5,5,0,120,137,41,24.0,87.59,0,0,6,2,5.84,43.07,6.8,4,96,97,0,,6.06,,0/14,0,0,47.92,2,0,0,0,,30,6.8,0,46,70,65.71,66,5.73,0,74,67,110.45,0,,0
0f348f58,380974,Sunzamul Islam,Sunzamul Islam,Bangladesh,2017-05-19,2018-01-23,3,1,0,19,24,19,19.0,79.17,0,0,3,0,12.5,58.33,9.0,3,150,79,5,15.8,3.16,30.0,2/22,0,0,61.33,0,0,0,0,,12,4.0,0,0,0,,132,3.05,4,19,24,79.17,6,4.0,1
32a8161e,526462,JW Jenner,JW Jenner,Jersey,2023-03-30,2023-04-05,4,4,0,119,171,76,29.75,69.59,0,1,6,3,5.26,56.14,5.5,0,0,0,0,,,,,0,0,,2,0,5,9,55.56,0,,0,110,153,71.9,0,,0,4,9,44.44,0,,0
74487d79,23759,J Edness,J Edness,Bermuda,2007-10-25,2008-06-29,4,4,0,119,210,72,29.75,56.67,0,1,13,0,6.19,67.14,3.0,0,0,0,0,,,,,0,0,,1,1,20,64,31.25,0,,0,94,134,70.15,0,,0,5,12,41.67,0,,0
57bd3ecc,384518,Hammad Azam,Hammad Azam,Pakistan,2011-04-23,2015-05-31,10,6,1,79,129,36,15.8,61.24,0,0,5,2,5.43,63.57,6.2,7,138,129,2,64.5,5.61,69.0,1/21,0,0,42.75,2,0,0,0,,0,,0,74,115,64.35,132,5.41,2,5,14,35.71,6,10.0,0
d7b3a420,376102,Jaskaran Singh,Jaskaran Singh,Canada,2025-08-27,2025-09-02,3,3,0,38,63,32,12.67,60.32,0,0,3,1,6.35,68.25,8.0,3,150,135,4,33.75,5.4,37.5,3/71,0,0,57.33,0,0,0,0,,48,3.0,0,20,38,52.63,72,5.33,0,18,25,72.0,30,9.4,4
0b7930ed,24776,BJ Patel,BJ Patel,Kenya,2003-02-12,2006-08-15,11,10,1,118,241,40*,13.11,48.96,0,0,15,0,6.22,75.52,4.4,1,18,21,0,,7.0,,0/21,0,0,38.89,3,0,40,99,40.4,0,,0,54,106,50.94,18,7.0,0,24,36,66.67,0,,0
d5bbb6a2,44014,J Anderson,J Anderson,Ireland,2014-09-08,2016-09-27,6,6,0,118,197,39,19.67,59.9,0,0,17,0,8.63,69.04,2.7,2,30,20,0,,4.0,,0/5,0,0,53.33,1,0,40,87,45.98,0,,0,78,110,70.91,30,4.0,0,0,0,,0,,0
3ee90b67,624813,Khalid Kail,Khalid Kail,Oman,2024-07-16,2024-09-18,5,5,0,117,157,51,23.4,74.52,0,1,14,1,9.55,61.15,6.0,0,0,0,0,,,,,0,0,,2,0,0,0,,0,,0,97,131,74.05,0,,0,20,26,76.92,0,,0
212aeedd,946483,N Peter,N Peter,South Africa,2025-11-06,2026-09-13,4,2,1,17,33,16,17.0,51.52,0,0,2,0,6.06,69.7,9.5,4,144,159,5,31.8,6.62,28.8,3/55,0,0,47.92,3,0,0,0,,0,,0,16,31,51.61,132,6.09,3,1,2,50.0,12,12.5,2
55f33b32,46681,JL Ontong,JL Ontong,South Africa,2005-05-08,2012-09-05,10,6,1,97,131,27,19.4,74.05,0,0,12,0,9.16,60.31,4.3,1,18,23,1,23.0,7.67,18.0,1/23,0,0,22.22,5,0,26,45,57.78,6,6.0,1,71,86,82.56,12,8.5,0,0,0,,0,,0
28d6c44d,698343,E Bosch,E Bosch,South Africa,2025-02-10,2026-09-13,3,2,1,36,22,29,36.0,163.64,0,0,0,4,18.18,31.82,6.5,3,119,80,4,20.0,4.03,29.75,3/27,0,0,63.03,1,0,0,0,,60,4.0,3,0,0,,54,4.33,0,36,22,163.64,5,1.2,1
0d15a8c9,1256259,Zahid Ali,Zahid Ali,United Arab Emirates,2025-10-30,2025-11-05,3,3,2,16,25,11*,16.0,64.0,0,0,1,0,4.0,72.0,8.0,3,114,132,5,26.4,6.95,22.8,4/41,1,0,43.86,0,0,0,4,0.0,30,5.2,1,0,4,0.0,54,7.11,0,16,17,94.12,30,8.4,4
6a685375,332978,JB Reva,JB Reva,Papua New Guinea,2016-11-06,2018-03-17,5,4,1,15,26,11,5.0,57.69,0,0,1,0,3.85,57.69,9.0,5,191,165,5,33.0,5.18,38.2,2/42,0,0,47.64,1,0,0,0,,18,8.67,0,1,11,9.09,102,4.88,1,14,15,93.33,71,4.73,4
3a0f6df2,43871,Zulfiqar Babar,Zulfiqar Babar,Pakistan,2014-10-07,2015-04-22,5,5,3,35,40,14*,17.5,87.5,0,0,2,1,7.5,57.5,10.0,5,294,246,4,61.5,5.02,73.5,2/52,0,0,55.44,0,0,0,0,,42,5.14,1,12,11,109.09,228,4.79,3,23,29,79.31,24,7.0,0
97290faf,1356971,S Joseph,S Joseph,West Indies,2024-11-02,2026-07-11,8,4,3,34,36,23*,34.0,94.44,0,0,1,2,8.33,50.0,10.0,8,347,357,4,89.25,6.17,86.75,2/65,0,0,47.84,1,0,0,0,,90,6.27,0,3,6,50.0,222,5.51,4,31,30,103.33,35,10.11,0
8305580c,10656,MA Carberry,MA Carberry,England,2013-09-03,2014-05-25,6,6,0,114,180,63,19.0,63.33,0,1,14,0,7.78,65.56,1.2,1,6,12,0,,12.0,,0/12,0,0,16.67,2,0,55,101,54.46,0,,0,59,79,74.68,0,,0,0,0,,6,12.0,0
26a8b2fe,1398125,Hassan Nawaz,Hassan Nawaz,Pakistan,2025-08-08,2025-11-04,4,4,2,113,127,63*,56.5,88.98,0,1,5,6,8.66,51.97,6.5,0,0,0,0,,,,,0,0,,0,0,2,9,22.22,0,,0,65,86,75.58,0,,0,46,32,143.75,0,,0
9ff100a6,28792,RS Gavaskar,RS Gavaskar,India,2004-01-18,2004-09-19,9,8,2,93,162,22,15.5,57.41,0,0,5,1,3.7,61.11,6.6,2,72,74,1,74.0,6.17,72.0,1/56,0,0,29.17,4,0,0,0,,0,,0,67,135,49.63,60,6.1,1,26,27,96.3,12,6.5,0
b7b66a96,23777,D Joseph,Davis Joseph,Canada,2003-02-11,2003-02-27,4,3,3,13,24,9*,,54.17,0,0,1,0,4.17,62.5,11.0,4,186,170,5,34.0,5.48,37.2,2/42,0,0,63.98,0,0,0,0,,114,5.47,3,0,0,,60,4.7,1,13,24,54.17,12,9.5,1
46050f42,272473,GA Rogers,GA Rogers,Scotland,2007-03-14,2008-07-29,5,2,0,32,49,26,16.0,65.31,0,0,5,0,10.2,67.35,9.5,4,152,138,4,34.5,5.45,38.0,2/24,0,0,57.24,1,0,0,0,,0,,0,32,49,65.31,140,5.61,3,0,0,,12,3.5,1
2e2fe3e8,52197,DP Hyatt,DP Hyatt,West Indies,2011-06-11,2011-12-08,9,9,1,112,188,39,14.0,59.57,0,0,8,6,7.45,72.87,3.6,0,0,0,0,,,,,0,0,,1,0,26,73,35.62,0,,0,80,111,72.07,0,,0,6,4,150.0,0,,0
e82dc4c5,377639,TS Nethula,TS Nethula,New Zealand,2012-02-06,2012-07-07,5,3,1,12,11,9*,6.0,109.09,0,0,1,0,9.09,18.18,10.7,5,264,249,5,49.8,5.66,52.8,2/41,0,0,49.62,2,0,0,0,,0,,0,0,0,,240,5.42,5,12,11,109.09,24,8.0,0
1e25b5bf,919493,C Carter,C Carter,Hong Kong,2015-11-16,2018-09-18,10,8,0,111,173,43,13.88,64.16,0,0,16,0,9.25,68.21,1.8,0,0,0,0,,,,,0,0,,7,2,86,118,72.88,0,,0,25,55,45.45,0,,0,0,0,,0,,0
fef92afc,539548,SC Kuggeleijn,SC Kuggeleijn,New Zealand,2017-05-14,2017-05-21,2,1,1,11,6,11*,,183.33,0,0,1,0,16.67,16.67,8.0,2,84,58,5,11.6,4.14,16.8,3/41,0,0,69.05,0,0,0,0,,30,4.2,2,0,0,,54,4.11,3,11,6,183.33,0,,0
2eece016,1156689,RN Bhatia,RN Bhatia,United Arab Emirates,2022-06-01,2024-11-09,9,9,2,51,111,24*,7.29,45.95,0,0,4,0,3.6,68.47,9.2,9,344,335,3,111.67,5.84,114.67,1/43,0,0,50.58,0,0,0,0,,36,7.5,1,11,50,22.0,279,5.59,1,40,61,65.57,29,6.21,1
a9a4df9f,308691,JO Ngoche,JO Ngoche,Kenya,2011-03-07,2013-03-11,6,3,2,11,27,9,11.0,40.74,0,0,0,1,3.7,81.48,11.0,6,303,220,5,44.0,4.36,60.6,2/24,0,0,60.07,4,0,0,0,,30,3.2,1,10,24,41.67,246,4.51,3,1,3,33.33,27,4.22,1
66cf56a5,310958,A Mithun,A Mithun,India,2010-02-27,2011-12-11,5,3,0,51,55,24,17.0,92.73,0,0,2,4,10.91,60.0,9.7,5,180,203,3,67.67,6.77,60.0,2/32,0,0,52.22,1,0,0,0,,66,5.09,2,9,25,36.0,96,6.5,1,42,30,140.0,18,14.33,0
e258a603,348135,N Dutta,N Dutta,Canada,2013-03-11,2024-02-12,6,5,2,70,120,45,23.33,58.33,0,0,2,2,3.33,55.83,7.6,5,234,176,2,88.0,4.51,117.0,1/33,0,0,48.29,1,0,0,0,,0,,0,31,81,38.27,186,4.1,2,39,39,100.0,48,6.12,0
2cffab74,926851,Mukesh Kumar,Mukesh Kumar,India,2023-07-27,2023-12-21,6,2,1,10,16,6,10.0,62.5,0,0,2,0,12.5,81.25,11.0,6,234,217,5,43.4,5.56,46.8,3/30,0,0,66.24,1,0,0,0,,144,5.04,4,6,4,150.0,84,6.29,1,4,12,33.33,6,8.0,0
25733f03,1500442,C de Lange,C de Lange (2),Netherlands,2026-06-08,2026-07-29,6,6,1,110,206,35,22.0,53.4,0,0,8,0,3.88,66.99,1.0,0,0,0,0,,,,,0,0,,2,0,73,132,55.3,0,,0,37,74,50.0,0,,0,0,0,,0,,0
17f552bf,55307,SV Carlisle,SV Carlisle,Zimbabwe,2004-01-11,2005-08-31,7,6,0,110,245,36,18.33,44.9,0,0,5,0,2.04,67.76,2.5,0,0,0,0,,,,,0,0,,4,0,23,85,27.06,0,,0,87,160,54.38,0,,0,0,0,,0,,0
dc36a6a5,214695,AN Kervezee,AN Kervezee,Netherlands,2006-12-02,2011-03-18,11,9,0,110,201,18,12.22,54.73,0,0,13,0,6.47,70.65,3.3,0,0,0,0,,,,,0,0,,6,0,55,117,47.01,0,,0,55,84,65.48,0,,0,0,0,,0,,0
7d21eb9b,53153,GC Tonge,GC Tonge,West Indies,2009-07-28,2009-09-30,5,4,2,10,16,5,5.0,62.5,0,0,1,0,6.25,56.25,10.8,5,300,224,5,44.8,4.48,60.0,4/25,1,0,55.33,0,0,0,0,,138,3.74,2,9,15,60.0,126,4.1,3,1,1,100.0,36,8.67,0
e5437608,481875,GF Linde,GF Linde,South Africa,2021-09-04,2025-11-06,4,3,1,29,38,18,14.5,76.32,0,0,3,0,7.89,57.89,7.7,4,150,140,4,35.0,5.6,37.5,2/32,0,0,46.67,4,0,0,0,,12,2.0,1,20,33,60.61,132,6.05,2,9,5,180.0,6,3.0,1
c05f9d20,693975,SSD Arachchige,SSD Arachchige,Sri Lanka,2023-07-07,2024-01-11,5,3,0,89,134,57,29.67,66.42,0,1,6,0,4.48,55.97,5.3,2,42,28,1,28.0,4.0,42.0,1/18,0,0,42.86,2,0,0,0,,0,,0,89,134,66.42,42,4.0,1,0,0,,0,,0
30b60511,48487,LHD Dilhara,LHD Dilhara,Sri Lanka,2005-08-02,2013-07-09,4,4,0,49,60,29,12.25,81.67,0,0,3,3,10.0,61.67,7.5,3,120,99,3,33.0,4.95,40.0,2/30,0,0,55.0,1,0,0,0,,54,4.44,1,42,52,80.77,66,5.36,2,7,8,87.5,0,,0
f4d6a5b0,696139,R Murray,R Murray,Zimbabwe,2018-07-13,2018-07-22,5,5,1,108,178,47,27.0,60.67,0,0,6,2,4.49,58.43,5.2,0,0,0,0,,,,,0,0,,3,0,2,9,22.22,0,,0,106,169,62.72,0,,0,0,0,,0,,0
cde067e1,1295879,J Kariko,J Kariko,Papua New Guinea,2023-03-15,2023-04-05,3,2,0,8,12,8,4.0,66.67,0,0,2,0,16.67,83.33,10.5,3,126,114,5,22.8,5.43,25.2,4/45,1,0,48.41,0,0,0,0,,6,12.0,0,8,12,66.67,108,4.89,4,0,0,,12,7.0,1
ee95065d,1199426,Irfan Khan,Irfan Khan,Pakistan,2024-11-04,2025-03-29,9,6,0,48,74,22,8.0,64.86,0,0,3,1,5.41,58.11,7.0,1,30,51,3,17.0,10.2,10.0,3/51,0,0,26.67,5,0,0,0,,0,,0,25,43,58.14,12,9.0,0,23,31,74.19,18,11.0,3
489aaf0a,1139511,Parvez Hossain Emon,Parvez Hossain Emon,Bangladesh,2025-07-02,2025-07-08,3,3,0,108,129,67,36.0,83.72,0,1,13,3,12.4,61.24,1.0,0,0,0,0,,,,,0,0,,1,0,76,85,89.41,0,,0,32,44,72.73,0,,0,0,0,,0,,0
340db614,55573,A Maregwede,A Maregwede,Zimbabwe,2003-11-30,2005-02-27,8,8,1,108,179,37,15.43,60.34,0,0,10,1,6.15,65.92,5.6,0,0,0,0,,,,,0,0,,2,0,0,8,0.0,0,,0,92,143,64.34,0,,0,16,28,57.14,0,,0
6575e3bc,446810,Nazmul Islam,Nazmul Islam,Bangladesh,2018-09-28,2018-10-26,4,1,0,7,13,7,7.0,53.85,0,0,0,0,0.0,61.54,9.0,4,216,195,5,39.0,5.42,43.2,2/38,0,0,50.0,2,0,0,0,,24,5.5,1,0,0,,150,5.04,3,7,13,53.85,42,6.71,1
19708692,653695,MW Parkinson,MW Parkinson,England,2020-02-04,2021-07-13,5,1,1,7,8,7*,,87.5,0,0,1,0,12.5,50.0,11.0,5,208,203,5,40.6,5.86,41.6,2/28,0,0,45.67,1,0,0,0,,6,6.0,0,0,0,,174,5.52,5,7,8,87.5,28,7.93,0
b7d1eadd,1028665,P Jayawickrama,P Jayawickrama,Sri Lanka,2021-06-29,2021-09-07,5,3,2,7,12,4,7.0,58.33,0,0,1,0,8.33,66.67,11.0,5,198,177,5,35.4,5.36,39.6,3/59,0,0,43.43,0,0,0,0,,48,4.75,1,1,1,100.0,150,5.56,4,6,11,54.55,0,,0
d666d3a8,52687,BA Parchment,BA Parchment,West Indies,2007-12-07,2008-02-03,6,6,0,107,194,48,17.83,55.15,0,0,13,1,7.22,74.23,1.3,0,0,0,0,,,,,0,0,,0,0,75,137,54.74,0,,0,32,57,56.14,0,,0,0,0,,0,,0
67b9536c,555850,SR Hain,SR Hain,England,2023-09-23,2023-09-26,2,2,0,106,100,89,53.0,106.0,0,1,8,0,8.0,30.0,5.0,0,0,0,0,,,,,0,0,,0,0,0,0,,0,,0,69,73,94.52,0,,0,37,27,137.04,0,,0
d1d83db3,1038205,T Gwandu,T Gwandu,Zimbabwe,2024-11-24,2025-08-29,5,3,2,6,14,3*,6.0,42.86,0,0,0,0,0.0,57.14,11.0,5,176,193,5,38.6,6.58,35.2,2/44,0,0,52.84,0,0,0,0,,18,10.33,0,4,8,50.0,126,4.62,4,2,6,33.33,32,12.19,1
59ddd811,314650,NE Bonner,NE Bonner,West Indies,2021-01-20,2022-06-04,6,6,1,85,135,31,17.0,62.96,0,0,6,0,4.44,59.26,4.8,3,65,55,1,55.0,5.08,65.0,1/29,0,0,40.0,1,0,27,35,77.14,0,,0,39,84,46.43,65,5.08,1,19,16,118.75,0,,0
99258814,1287033,Gurnoor Brar,Gurnoor Brar,India,2026-07-14,2026-07-19,3,2,1,25,29,18*,25.0,86.21,0,0,1,1,6.9,51.72,8.5,3,174,225,4,56.25,7.76,43.5,2/61,0,0,40.8,1,0,0,0,,18,9.67,0,7,13,53.85,126,6.62,4,18,16,112.5,30,11.4,0
5ac8f17b,9042,GJ Batty,GJ Batty,England,2003-11-12,2009-03-27,6,5,2,25,57,17,8.33,43.86,0,0,1,0,1.75,64.91,8.8,5,252,183,4,45.75,4.36,63.0,2/40,0,0,46.43,2,0,0,0,,0,,0,18,50,36.0,228,4.26,4,7,7,100.0,24,5.25,0
571f11e4,919549,Tanveer Ahmed,Tanveer Ahmed,Hong Kong,2016-09-08,2018-03-17,6,4,4,4,11,2*,,36.36,0,0,0,0,0.0,63.64,11.0,6,229,208,5,41.6,5.45,45.8,2/49,0,0,53.28,3,0,0,0,,18,6.33,0,2,8,25.0,175,5.01,4,2,3,66.67,36,7.17,1
97463e7d,936031,Bikram Sob,Bikram Sob,Nepal,2021-09-07,2022-03-21,5,4,1,4,17,2,1.33,23.53,0,0,0,0,0.0,82.35,9.2,5,127,115,5,23.0,5.43,25.4,2/20,0,0,59.06,1,0,0,0,,108,4.72,4,3,15,20.0,7,9.43,0,1,2,50.0,12,9.5,1
aa47439d,1460538,Ibrar Ahmad,Ibrar Ahmad,United Arab Emirates,2026-09-08,2026-09-12,2,2,0,4,14,3,2.0,28.57,0,0,0,0,0.0,71.43,9.0,2,72,85,5,17.0,7.08,14.4,4/62,1,0,47.22,1,0,0,0,,18,5.33,1,0,0,,24,7.0,0,4,14,28.57,30,8.2,4
3cf5ae43,43654,Yasir Arafat,Yasir Arafat,Pakistan,2005-12-15,2009-05-03,9,6,3,64,99,27,21.33,64.65,0,0,7,1,8.08,63.64,9.0,8,342,308,2,154.0,5.4,171.0,1/31,0,0,50.58,2,0,0,0,,24,6.5,0,31,58,53.45,258,4.95,2,33,41,80.49,60,6.9,0
49212b50,23688,DA Minors,DA Minors,Bermuda,2006-11-27,2007-03-25,8,8,0,104,172,37,13.0,60.47,0,0,10,4,8.14,71.51,4.2,0,0,0,0,,,,,0,0,,8,1,27,53,50.94,0,,0,77,119,64.71,0,,0,0,0,,0,,0
15d1b59e,23854,NA de Groot,NA de Groot,Canada,2003-02-11,2003-03-03,6,6,0,44,127,17,7.33,34.65,0,0,6,0,4.72,83.46,5.8,3,81,88,3,29.33,6.52,27.0,2/45,0,0,41.98,0,0,0,2,0.0,0,,0,39,112,34.82,57,5.79,2,5,13,38.46,24,8.25,1
a4e37e47,714451,S Dube,S Dube,India,2019-12-15,2026-07-16,6,5,0,43,49,25,8.6,87.76,0,0,3,2,10.2,53.06,7.2,6,179,165,3,55.0,5.53,59.67,1/19,0,0,42.46,1,0,0,0,,36,3.17,0,9,20,45.0,126,5.71,3,34,29,117.24,17,9.18,0
c2f12310,1402600,PS Athavale,PS Athavale,Oman,2024-07-16,2024-09-26,7,7,0,103,169,34,14.71,60.95,0,0,14,0,8.28,69.23,2.7,0,0,0,0,,,,,0,0,,6,0,57,87,65.52,0,,0,41,71,57.75,0,,0,5,11,45.45,0,,0
8dc152d1,595954,D Jansen,Duan Jansen,South Africa,2026-09-09,2026-09-11,2,2,1,3,3,2,3.0,100.0,0,0,0,0,0.0,33.33,8.0,2,90,44,5,8.8,2.93,18.0,4/31,1,0,76.67,0,0,0,0,,60,2.0,2,0,0,,24,5.25,2,3,3,100.0,6,3.0,1
31ce61ab,55610,BA Murphy,BA Murphy,Zimbabwe,2003-02-10,2003-03-08,5,2,0,3,11,2,1.5,27.27,0,0,0,0,0.0,72.73,10.0,4,180,139,5,27.8,4.63,36.0,3/44,0,0,52.78,2,0,0,0,,0,,0,0,1,0.0,162,4.56,5,3,10,30.0,18,5.33,0
9ac1dc9f,941959,Qadeer Ahmed,Qadeer Ahmed,United Arab Emirates,2017-01-24,2019-04-12,8,3,3,2,11,2*,,18.18,0,0,0,0,0.0,81.82,11.0,8,354,326,5,65.2,5.53,70.8,1/16,0,0,55.93,1,0,0,0,,198,4.88,1,0,0,,126,5.67,3,2,11,18.18,30,9.2,1
3de06845,25977,S Vesawkar,S Vesawkar,Nepal,2020-02-05,2021-09-19,3,3,1,62,136,55,31.0,45.59,0,1,5,0,3.68,67.65,4.3,1,36,21,2,10.5,3.5,18.0,2/21,0,0,61.11,1,0,6,18,33.33,0,,0,54,114,47.37,36,3.5,2,2,4,50.0,0,,0
f2665768,914467,A Phillip,A Phillip,West Indies,2021-03-14,2022-07-10,5,2,1,22,25,21*,22.0,88.0,0,0,0,1,4.0,44.0,10.5,5,195,207,4,51.75,6.37,48.75,2/50,0,0,48.21,2,0,0,0,,72,6.08,1,11,20,55.0,90,6.33,1,11,5,220.0,33,7.09,2
39086549,1124282,JR Philippe,JR Philippe,Australia,2021-07-20,2025-10-19,4,4,0,102,118,39,25.5,86.44,0,0,11,4,12.71,64.41,1.8,0,0,0,0,,,,,0,0,,4,0,70,93,75.27,0,,0,32,25,128.0,0,,0,0,0,,0,,0
9c8448ba,1418371,OJ Peake,OJ Peake,Australia,2026-05-30,2026-09-15,5,5,0,102,133,31,20.4,76.69,0,0,6,4,7.52,58.65,7.2,1,6,4,0,,4.0,,0/4,0,0,33.33,0,0,0,0,,0,,0,45,77,58.44,6,4.0,0,57,56,101.79,0,,0
2f7a41f8,1247759,Arjun Kumal,Arjun Kumal,Nepal,2026-05-01,2026-09-12,4,4,0,102,174,48,25.5,58.62,0,0,12,0,6.9,64.94,2.0,0,0,0,0,,,,,0,0,,0,0,45,86,52.33,0,,0,57,88,64.77,0,,0,0,0,,0,,0
817c1746,55883,Elias Sunny,Elias Sunny,Bangladesh,2011-12-03,2012-12-08,4,4,2,2,11,1*,1.0,18.18,0,0,0,0,0.0,81.82,9.2,4,204,161,5,32.2,4.74,40.8,2/21,0,0,57.84,0,0,0,0,,0,,0,1,6,16.67,174,4.79,2,1,5,20.0,30,4.4,3
2cfa6534,55968,Manjural Islam,Manjural Islam,Bangladesh,2003-02-11,2003-03-01,5,3,1,2,11,2,1.0,18.18,0,0,0,0,0.0,90.91,10.7,5,217,185,5,37.0,5.12,43.4,3/62,0,0,64.98,1,0,0,0,,144,4.0,2,0,6,0.0,48,5.75,0,2,5,40.0,25,10.32,3
5791b840,629059,Yasir Ali Chowdhury,Yasir Ali Chowdhury,Bangladesh,2022-03-18,2023-03-20,6,5,0,101,105,50,20.2,96.19,0,1,8,4,11.43,49.52,5.8,0,0,0,0,,,,,0,0,,2,0,1,10,10.0,0,,0,67,73,91.78,0,,0,33,22,150.0,0,,0
75be3b2a,1178066,JC Balt,JC Balt,Namibia,2025-02-10,2026-09-11,4,4,1,61,111,35*,20.33,54.95,0,0,6,0,5.41,64.86,5.5,3,84,93,2,46.5,6.64,42.0,2/70,0,0,51.19,1,0,0,10,0.0,12,6.0,0,48,85,56.47,66,6.82,0,13,16,81.25,6,6.0,2
1aba45cd,647785,Sahibzada Farhan,Sahibzada Farhan,Pakistan,2026-03-11,2026-06-04,6,6,0,101,133,31,16.83,75.94,0,0,10,0,7.52,56.39,1.0,0,0,0,0,,,,,0,0,,3,0,80,106,75.47,0,,0,21,27,77.78,0,,0,0,0,,0,,0
207c4398,15555,SP Jones,SP Jones,England,2004-12-05,2005-07-12,5,1,0,1,2,1,1.0,50.0,0,0,0,0,0.0,50.0,9.0,4,210,175,5,35.0,5.0,42.0,2/53,0,0,62.38,0,0,0,0,,78,4.62,3,0,0,,96,4.62,2,1,2,50.0,36,6.83,0
ad75edc3,51488,AC Cummins,AC Cummins,Canada,2007-02-02,2007-03-22,4,3,2,21,23,9*,21.0,91.3,0,0,2,0,8.7,47.83,9.3,4,180,176,4,44.0,5.87,45.0,2/9,0,0,55.0,0,0,4,5,80.0,108,4.11,3,8,10,80.0,30,6.0,0,9,8,112.5,42,10.29,1
4d05a82e,243073,Mohammad Kashif,Mohammad Kashif,Netherlands,2006-12-02,2007-03-22,3,1,0,1,11,1,1.0,9.09,0,0,0,0,0.0,90.91,11.0,3,114,91,5,18.2,4.79,22.8,3/42,0,0,71.05,0,0,0,0,,0,,0,1,11,9.09,96,5.38,5,0,0,,18,1.67,0
e70a0811,447290,Nasir Aziz,Nasir Aziz,United Arab Emirates,2015-02-19,2015-11-16,3,2,0,81,122,60,40.5,66.39,0,1,11,0,9.02,68.03,8.5,3,156,147,1,147.0,5.65,156.0,1/53,0,0,47.44,0,0,0,0,,18,11.67,0,74,107,69.16,132,4.55,1,7,15,46.67,6,12.0,0
1bb0993e,410763,Abu Jayed,Abu Jayed,Bangladesh,2019-05-13,2019-05-15,2,0,0,0,0,0,,,0,0,0,0,,,,2,108,114,5,22.8,6.33,21.6,5/58,0,1,46.3,0,0,0,0,,48,6.0,0,0,0,,36,5.5,1,0,0,,24,8.25,4
61fb296e,1059122,TL Chivanga,TL Chivanga,Zimbabwe,2022-08-07,2026-07-11,6,4,2,20,25,8*,10.0,80.0,0,0,3,0,12.0,64.0,11.0,5,217,219,4,54.75,6.06,54.25,1/34,0,0,57.6,1,0,0,0,,78,6.08,1,10,12,83.33,137,5.91,3,10,13,76.92,2,15.0,0
af98bf5b,1150681,Ammar Khalid,Ammar Khalid,Canada,2024-02-28,2024-03-07,4,0,0,0,0,0,,,0,0,0,0,,,,4,198,146,5,29.2,4.42,39.6,2/33,0,0,58.59,0,0,0,0,,96,5.0,1,0,0,,60,2.1,2,0,0,,42,6.43,2
8eb2e2e6,1278203,L McCarthy,L McCarthy,Ireland,2025-05-21,2025-05-25,3,1,1,0,5,0*,,0.0,0,0,0,0,0.0,100.0,9.0,3,150,185,5,37.0,7.4,30.0,3/66,0,0,53.33,0,0,0,0,,24,4.5,0,0,5,0.0,102,6.12,2,0,0,,24,15.75,3
aad0c365,1175496,Nithish Kumar Reddy,Nithish Kumar Reddy,India,2025-10-19,2026-01-18,4,4,1,100,99,53,33.33,101.01,0,1,3,5,8.08,37.37,7.2,4,91,106,0,,6.99,,0/13,0,0,27.47,1,0,0,0,,0,,0,74,75,98.67,91,6.99,0,26,24,108.33,0,,0
fd201eb4,370846,Shahzaib Hasan,Shahzaib Hasan,Pakistan,2010-06-15,2010-11-08,3,3,0,100,113,50,33.33,88.5,0,1,13,2,13.27,61.06,1.3,0,0,0,0,,,,,0,0,,0,0,87,92,94.57,0,,0,13,21,61.9,0,,0,0,0,,0,,0
a5c5a126,41452,Mohammad Khalil,Mohammad Khalil,Pakistan,2005-01-30,2005-02-04,3,1,1,0,0,0*,,,0,0,0,0,,,11.0,3,144,144,5,28.8,6.0,28.8,2/55,0,0,47.92,2,0,0,0,,12,7.0,0,0,0,,120,5.95,4,0,0,,12,5.5,1
45df0e72,379890,CJ Bowes,CJ Bowes,New Zealand,2023-03-25,2023-09-23,6,6,0,99,119,51,16.5,83.19,0,1,15,0,12.61,60.5,2.0,0,0,0,0,,,,,0,0,,4,0,71,91,78.02,0,,0,28,28,100.0,0,,0,0,0,,0,,0
82e81007,414397,Hamza Tariq,Hamza Tariq,Canada,2011-09-19,2014-01-28,5,5,0,99,135,71,19.8,73.33,0,1,14,2,11.85,66.67,7.0,0,0,0,0,,,,,0,0,,1,1,0,0,,0,,0,99,131,75.57,0,,0,0,4,0.0,0,,0
3fbb43a9,317248,Saad Nasim,Saad Nasim,Pakistan,2015-04-17,2015-04-22,3,3,1,99,124,77*,49.5,79.84,0,1,9,1,8.06,54.03,7.0,2,36,46,0,,7.67,,0/15,0,0,30.56,0,0,0,0,,0,,0,50,74,67.57,36,7.67,0,49,50,98.0,0,,0
9b6e1b3f,1168049,J Fraser-McGurk,J Fraser-McGurk,Australia,2024-02-04,2025-02-14,7,7,0,98,74,41,14.0,132.43,0,0,13,4,22.97,54.05,1.9,0,0,0,0,,,,,0,0,,3,0,98,74,132.43,0,,0,0,0,,0,,0,0,0,,0,,0
d84a2d8e,38261,DJ Reekers,DJ Reekers,Netherlands,2007-02-04,2008-07-29,5,5,0,38,36,25,7.6,105.56,0,0,8,0,22.22,63.89,1.8,4,138,131,3,43.67,5.7,46.0,2/25,0,0,61.59,2,0,38,36,105.56,120,4.8,3,0,0,,12,9.5,0,0,0,,6,16.0,0
2d783277,23846,I Maraj,I Maraj,Canada,2003-02-11,2003-03-03,6,6,1,98,264,53*,19.6,37.12,0,1,12,0,4.55,80.3,2.0,1,27,22,0,,4.89,,0/22,0,0,51.85,2,0,42,124,33.87,0,,0,36,108,33.33,0,,0,20,32,62.5,27,4.89,0
bed90114,928015,JA Clarkson,JA Clarkson,New Zealand,2023-12-17,2026-04-23,6,5,0,37,55,16,7.4,67.27,0,0,3,0,5.45,56.36,6.8,6,126,130,3,43.33,6.19,42.0,2/24,0,0,46.83,2,0,0,0,,24,6.75,0,36,52,69.23,96,5.69,2,1,3,33.33,6,12.0,1
10840285,313432,AL Kandappah,AL Kandappah,Canada,2007-10-18,2007-10-20,2,2,1,97,156,69*,97.0,62.18,0,1,4,3,4.49,57.05,5.0,1,1,4,0,,24.0,,0/4,0,0,0.0,0,0,0,0,,0,,0,80,135,59.26,0,,0,17,21,80.95,1,24.0,0
047c67ba,42628,Saqlain Mushtaq,Saqlain Mushtaq,Pakistan,2003-02-16,2003-10-07,4,4,3,17,39,12*,17.0,43.59,0,0,2,0,5.13,71.79,10.0,4,160,129,4,32.25,4.84,40.0,2/44,0,0,58.75,0,0,0,0,,0,,0,12,33,36.36,142,4.73,3,5,6,83.33,18,5.67,1
711249d1,1161044,Shamim Hossain,Shamim Hossain,Bangladesh,2023-09-06,2025-07-08,5,5,0,56,79,22,11.2,70.89,0,0,3,2,6.33,55.7,6.6,3,84,60,2,30.0,4.29,42.0,1/22,0,0,52.38,3,0,0,0,,0,,0,55,76,72.37,72,3.75,1,1,3,33.33,12,7.5,1
f1a042e5,695271,WP Myburgh,WP Myburgh,Namibia,2025-08-27,2026-04-12,5,5,0,76,167,43,15.2,45.51,0,0,2,0,1.2,64.07,1.0,2,18,21,1,21.0,7.0,18.0,1/12,0,0,33.33,1,0,17,82,20.73,0,,0,59,85,69.41,18,7.0,1,0,0,,0,,0
0a4735b4,37494,RA Jones,RA Jones (2),New Zealand,2003-11-29,2003-12-05,3,3,0,96,185,63,32.0,51.89,0,1,7,1,4.32,65.41,2.0,0,0,0,0,,,,,0,0,,0,0,38,90,42.22,0,,0,58,95,61.05,0,,0,0,0,,0,,0
bb20441f,1248189,H Dhami,H Dhami,Nepal,2024-02-12,2026-07-29,2,1,1,15,26,15*,,57.69,0,0,1,0,3.85,65.38,10.0,2,84,90,4,22.5,6.43,21.0,3/49,0,0,48.81,0,0,0,0,,60,5.2,2,3,5,60.0,6,7.0,0,12,21,57.14,18,10.33,2
b7646e8c,36383,GEF Barnett,GEF Barnett,Canada,2007-03-18,2010-07-07,5,5,0,95,179,40,19.0,53.07,0,0,10,0,5.59,70.95,2.0,0,0,0,0,,,,,0,0,,0,0,50,97,51.55,0,,0,45,82,54.88,0,,0,0,0,,0,,0
de063a39,428366,LD Madushanka,LD Madushanka,Sri Lanka,2017-02-04,2017-06-30,4,4,1,14,26,7,4.67,53.85,0,0,2,0,7.69,69.23,8.0,4,144,172,4,43.0,7.17,36.0,2/70,0,0,31.94,0,0,0,0,,24,6.0,0,7,17,41.18,78,6.15,2,7,9,77.78,42,9.71,2
5750bcb4,1306214,E Malinga,E Malinga,Sri Lanka,2025-01-05,2025-11-16,7,6,3,14,55,4,4.67,25.45,0,0,2,0,3.64,85.45,10.0,7,222,223,4,55.75,6.03,55.5,3/35,0,0,51.35,2,0,0,0,,84,4.64,1,8,27,29.63,138,6.87,3,6,28,21.43,0,,0
3df3f50b,950309,Waheed Ahmed,Waheed Ahmed,United Arab Emirates,2019-12-08,2021-01-18,7,6,1,73,129,23,14.6,56.59,0,0,8,2,7.75,71.32,7.5,6,120,94,1,94.0,4.7,120.0,1/20,0,0,44.17,4,0,0,0,,0,,0,46,107,42.99,108,4.78,0,27,22,122.73,12,4.0,1
527c2dab,1200616,C Floyd,C Floyd,Netherlands,2022-04-04,2024-08-21,9,4,1,12,19,9,4.0,63.16,0,0,2,0,10.53,73.68,10.0,9,378,319,4,79.75,5.06,94.5,2/41,0,0,48.41,2,0,0,0,,18,5.0,0,11,9,122.22,324,5.04,2,1,10,10.0,36,5.33,2
9295145b,23704,SD Outerbridge,SD Outerbridge,Bermuda,2006-11-27,2008-06-29,9,9,0,72,137,42,8.0,52.55,0,0,7,0,5.11,71.53,2.4,1,6,11,1,11.0,11.0,6.0,1/11,0,0,16.67,1,0,32,82,39.02,0,,0,40,55,72.73,0,,0,0,0,,6,11.0,1
1417ba2f,52413,JJC Lawson,JJC Lawson,West Indies,2004-06-27,2005-08-02,4,3,2,11,13,8,11.0,84.62,0,0,1,0,7.69,46.15,11.0,4,210,207,4,51.75,5.91,52.5,2/36,0,0,57.14,0,0,0,0,,114,5.74,1,0,1,0.0,78,5.69,3,11,12,91.67,18,8.0,0
d1ac815a,23809,JV Harris,JV Harris,Canada,2003-02-11,2003-03-03,6,6,0,91,204,31,15.17,44.61,0,0,9,1,4.9,74.51,5.7,0,0,0,0,,,,,0,0,,1,0,0,5,0.0,0,,0,91,199,45.73,0,,0,0,0,,0,,0
a64e3b89,1115033,SK Atai,SK Atai,Papua New Guinea,2019-04-27,2022-09-21,15,12,3,90,173,25*,10.0,52.02,0,0,6,0,3.47,61.27,8.0,2,48,35,0,,4.38,,0/8,0,0,54.17,9,1,5,23,21.74,0,,0,44,100,44.0,42,3.57,0,41,50,82.0,6,10.0,0
18356eb3,24799,GB Murgatroyd,GB Murgatroyd,Namibia,2003-02-10,2003-03-03,6,6,0,90,145,52,15.0,62.07,0,1,7,1,5.52,57.24,4.8,0,0,0,0,,,,,0,0,,0,0,4,7,57.14,0,,0,81,134,60.45,0,,0,5,4,125.0,0,,0
b863eae9,55713,GJ Rennie,GJ Rennie,Zimbabwe,2003-04-03,2003-04-10,4,4,0,50,125,26,12.5,40.0,0,0,4,0,3.2,73.6,3.8,3,84,64,2,32.0,4.57,42.0,1/17,0,0,46.43,3,0,9,44,20.45,0,,0,41,81,50.62,36,4.0,1,0,0,,48,5.0,1
6c882e9a,342619,PBB Rajapaksa,PBB Rajapaksa,Sri Lanka,2021-07-18,2021-09-04,5,5,0,89,85,65,17.8,104.71,0,1,14,2,18.82,61.18,3.0,0,0,0,0,,,,,0,0,,0,0,15,22,68.18,0,,0,74,63,117.46,0,,0,0,0,,0,,0
ba158afd,433614,Zahid Mahmood,Zahid Mahmood,Pakistan,2022-03-29,2022-08-21,4,2,1,9,10,9,9.0,90.0,0,0,0,1,10.0,60.0,10.5,4,216,220,4,55.0,6.11,54.0,2/59,0,0,43.52,0,0,0,0,,0,,0,0,0,,204,6.21,4,9,10,90.0,12,4.5,0
ba603555,1074333,MNK Fernando,MNK Fernando,Sri Lanka,2023-01-12,2025-08-31,6,5,0,89,132,50,17.8,67.42,0,1,12,0,9.09,63.64,2.0,1,12,22,0,,11.0,,0/22,0,0,8.33,0,0,55,96,57.29,0,,0,34,36,94.44,12,11.0,0,0,0,,0,,0
487b8546,1381688,MW Jones,MW Jones,Scotland,2025-06-08,2026-04-08,3,1,1,9,5,9*,,180.0,0,0,0,1,20.0,20.0,11.0,3,120,161,4,40.25,8.05,30.0,3/55,0,0,44.17,4,0,0,0,,54,8.33,1,9,5,180.0,54,6.44,2,0,0,,12,14.0,1
1294ee6d,1106613,Muhammad Arfan,Muhammad Arfan,United Arab Emirates,2026-08-09,2026-08-11,2,1,1,9,3,9*,,300.0,0,0,2,0,66.67,0.0,9.0,2,77,74,4,18.5,5.77,19.25,2/24,0,0,61.04,0,0,0,0,,54,4.22,3,9,3,300.0,23,9.39,1,0,0,,0,,0
1f6cbaff,23874,TC Bastiampillai,TC Bastiampillai,Canada,2007-10-18,2014-01-28,5,5,0,89,160,49,17.8,55.62,0,0,11,2,8.12,73.12,4.0,1,6,12,0,,12.0,,0/12,0,0,16.67,1,0,29,50,58.0,0,,0,60,110,54.55,0,,0,0,0,,6,12.0,0
6df8d190,51865,SE Findlay,SE Findlay,West Indies,2008-07-04,2009-01-07,4,4,1,88,137,59*,29.33,64.23,0,1,9,2,8.03,64.96,5.5,0,0,0,0,,,,,0,0,,1,0,0,0,,0,,0,79,123,64.23,0,,0,9,14,64.29,0,,0
4e1b02fb,41058,Kamran Hussain,Kamran Hussain,Pakistan,2008-01-27,2008-01-30,2,1,1,28,21,28*,,133.33,0,0,2,0,9.52,14.29,9.0,2,102,67,3,22.33,3.94,34.0,2/32,0,0,64.71,0,0,0,0,,60,3.1,2,0,0,,30,6.0,0,28,21,133.33,12,3.0,1
8955b928,1147980,S Dhakal,S Dhakal,Nepal,2022-03-16,2022-12-08,8,6,5,7,41,4*,7.0,17.07,0,0,0,0,0.0,87.8,10.8,7,229,148,4,37.0,3.88,57.25,2/31,0,0,57.64,1,0,0,0,,42,3.14,1,5,23,21.74,175,4.25,2,2,18,11.11,12,1.0,1
c5326dd0,406308,NG Jones,NG Jones,Ireland,2010-07-07,2011-08-25,4,2,0,7,10,5,3.5,70.0,0,0,0,0,0.0,30.0,7.5,4,156,79,4,19.75,3.04,39.0,2/20,0,0,61.54,1,0,0,0,,6,3.0,0,7,10,70.0,150,3.04,4,0,0,,0,,0
540ffb25,24807,BL Kotze,BL Kotze,Namibia,2003-02-10,2003-02-27,5,4,1,27,51,24*,9.0,52.94,0,0,3,0,5.88,72.55,9.5,5,258,276,3,92.0,6.42,86.0,2/51,0,0,41.86,1,0,0,4,0.0,6,1.0,0,27,43,62.79,186,6.06,1,0,4,0.0,66,7.91,2
00ea847a,398438,MA Agarwal,MA Agarwal,India,2020-02-05,2020-11-29,5,5,0,86,83,32,17.2,103.61,0,0,12,1,15.66,56.63,1.6,1,6,10,0,,10.0,,0/10,0,0,33.33,2,0,86,83,103.61,0,,0,0,0,,6,10.0,0,0,0,,0,,0
52c952d9,1170471,T Sangha,T Sangha,Australia,2023-09-12,2026-06-02,6,4,2,6,24,5*,3.0,25.0,0,0,0,0,0.0,79.17,10.5,6,258,253,4,63.25,5.88,64.5,1/22,0,0,45.74,0,0,0,0,,0,,0,5,19,26.32,210,5.8,2,1,5,20.0,48,6.25,2
44a2bb4f,1387900,U Bhagwan,U Bhagwan,Canada,2024-02-08,2024-03-05,4,2,1,26,28,20*,26.0,92.86,0,0,2,1,10.71,46.43,9.0,4,147,172,3,57.33,7.02,49.0,3/40,0,0,48.3,1,0,0,0,,66,6.82,1,0,0,,54,7.22,1,26,28,92.86,27,7.11,1
17fbaab5,52808,FL Reifer,FL Reifer,West Indies,2009-07-26,2009-09-30,6,6,0,86,184,40,14.33,46.74,0,0,6,1,3.8,69.57,4.8,0,0,0,0,,,,,0,0,,2,0,9,26,34.62,0,,0,69,149,46.31,0,,0,8,9,88.89,0,,0
06a9d298,23770,A Patel,A Patel,Canada,2003-02-27,2003-03-03,2,1,0,25,29,25,25.0,86.21,0,0,3,0,10.34,62.07,10.0,2,60,73,3,24.33,7.3,20.0,3/41,0,0,56.67,0,0,0,0,,48,6.12,2,6,8,75.0,6,10.0,0,19,21,90.48,6,14.0,1
902d916b,629066,Jubair Hossain,Jubair Hossain,Bangladesh,2014-11-28,2015-07-10,3,1,0,5,9,5,5.0,55.56,0,0,1,0,11.11,77.78,10.0,3,114,114,4,28.5,6.0,28.5,2/41,0,0,44.74,1,0,0,0,,0,,0,5,9,55.56,114,6.0,4,0,0,,0,,0
bf2d865c,292152,JJ Atkinson,JJ Atkinson,Hong Kong,2008-06-24,2016-11-06,4,4,0,84,148,23,21.0,56.76,0,0,8,2,6.76,71.62,3.5,0,0,0,0,,,,,0,0,,4,4,41,60,68.33,0,,0,43,88,48.86,0,,0,0,0,,0,,0
359e430a,23756,DCC Borden,DCC Borden,Bermuda,2007-02-02,2007-03-25,4,4,0,23,79,13,5.75,29.11,0,0,2,0,2.53,81.01,6.0,4,78,91,3,30.33,7.0,26.0,2/30,0,0,32.05,0,0,13,35,37.14,0,,0,10,44,22.73,78,7.0,3,0,0,,0,,0
f390904d,44089,GH Bodi,GH Bodi,South Africa,2007-08-22,2007-08-26,2,2,0,83,132,51,41.5,62.88,0,1,9,1,7.58,68.94,2.5,1,6,8,0,,8.0,,0/8,0,0,16.67,1,0,42,68,61.76,0,,0,41,64,64.06,6,8.0,0,0,0,,0,,0
4d220a66,38009,CJ Nevin,CJ Nevin,New Zealand,2003-05-11,2003-11-15,7,7,0,83,141,29,11.86,58.87,0,0,10,0,7.09,70.21,1.0,0,0,0,0,,,,,0,0,,1,0,71,122,58.2,0,,0,12,19,63.16,0,,0,0,0,,0,,0
9d450c28,530811,C Hemraj,C Hemraj,West Indies,2018-10-21,2018-12-14,6,6,0,82,98,32,13.67,83.67,0,0,13,2,15.31,68.37,1.5,1,7,9,0,,7.71,,0/9,0,0,42.86,2,0,82,98,83.67,0,,0,0,0,,0,,0,0,0,,7,7.71,0
23f94c02,1427052,J Drysdale,J Drysdale,United States of America,2024-08-15,2024-09-18,4,2,2,2,6,2*,,33.33,0,0,0,0,0.0,66.67,11.0,4,132,101,4,25.25,4.59,33.0,2/16,0,0,67.42,0,0,0,0,,84,4.5,3,0,0,,48,4.75,1,2,6,33.33,0,,0
c3224376,55518,RS Higgins,RS Higgins,Zimbabwe,2006-04-29,2006-05-14,3,2,0,2,20,2,1.0,10.0,0,0,0,0,0.0,90.0,8.5,3,158,127,4,31.75,4.82,39.5,2/39,0,0,44.3,2,0,0,0,,0,,0,0,0,,152,4.93,3,2,20,10.0,6,2.0,1
719a2bb5,26135,K Kamyuka,K Kamyuka,Canada,2013-08-27,2013-08-29,2,1,0,2,2,2,2.0,100.0,0,0,0,0,0.0,50.0,9.0,2,47,47,4,11.75,6.0,11.75,4/38,1,0,51.06,0,0,0,0,,18,7.0,1,2,2,100.0,29,5.38,3,0,0,,0,,0
6b46ce43,526468,EJB Miles,EJB Miles,Jersey,2023-03-30,2023-04-04,3,2,1,1,7,1*,1.0,14.29,0,0,0,0,0.0,85.71,11.0,3,120,115,4,28.75,5.75,30.0,2/32,0,0,51.67,0,0,0,0,,48,4.62,1,0,0,,48,7.38,0,1,7,14.29,24,4.75,3
c1f6c27e,18389,G Onions,G Onions,England,2009-09-20,2009-10-02,4,1,0,1,2,1,1.0,50.0,0,0,0,0,0.0,50.0,11.0,4,204,185,4,46.25,5.44,51.0,2/58,0,0,59.31,1,0,0,0,,102,5.24,4,0,0,,96,5.19,0,1,2,50.0,6,13.0,0
b2a79f17,315623,B Laughlin,B Laughlin,Australia,2009-04-03,2009-05-03,5,1,1,1,9,1*,,11.11,0,0,0,0,0.0,88.89,11.0,5,224,219,4,54.75,5.87,56.0,1/28,0,0,50.45,2,0,0,0,,30,5.0,0,1,9,11.11,152,5.25,3,0,0,,42,8.71,1
462d7c62,327947,D Paterson,D Paterson,South Africa,2017-10-15,2019-01-22,4,0,0,0,0,0,,,0,0,0,0,,,,4,209,217,4,54.25,6.23,52.25,3/44,0,0,55.02,2,0,0,0,,102,6.12,2,0,0,,78,5.0,1,0,0,,29,9.93,1
529eb9e0,906783,OC McCoy,OC McCoy,West Indies,2018-10-24,2018-10-27,2,1,1,0,1,0*,,0.0,0,0,0,0,0.0,100.0,11.0,2,84,109,4,27.25,7.79,21.0,2/38,0,0,33.33,0,0,0,0,,0,,0,0,0,,54,7.22,1,0,1,0.0,30,8.8,3
b08e58e2,1125317,LR Morris,LR Morris,Australia,2024-02-02,2024-11-10,3,1,0,0,2,0,0.0,0.0,0,0,0,0,0.0,100.0,11.0,3,123,96,4,24.0,4.68,30.75,2/13,0,0,58.54,1,0,0,0,,18,5.33,0,0,2,0.0,93,4.13,4,0,0,,12,8.0,0
daf88af6,740153,IS Sohi,IS Sohi,Canada,2024-02-08,2024-02-10,2,1,0,0,2,0,0.0,0.0,0,0,0,0,0.0,100.0,11.0,2,90,78,4,19.5,5.2,22.5,2/30,0,0,56.67,0,0,0,0,,18,8.33,2,0,0,,48,4.88,1,0,2,0.0,24,3.5,1
2bfec670,1500587,H Kaushik,H Kaushik,United Arab Emirates,2025-10-28,2025-11-05,4,4,0,80,92,53,20.0,86.96,0,1,2,6,8.7,57.61,6.2,4,114,98,0,,5.16,,0/5,0,0,45.61,1,0,1,3,33.33,0,,0,35,52,67.31,102,4.76,0,44,37,118.92,12,8.5,0
0abb2525,1495161,M Heingo,M Heingo,Namibia,2026-04-04,2026-09-13,4,2,1,20,9,20*,20.0,222.22,0,0,2,2,44.44,55.56,11.0,4,154,171,3,57.0,6.66,51.33,3/59,0,0,50.65,0,0,0,0,,30,3.6,2,20,6,333.33,117,7.28,0,0,3,0.0,7,9.43,1
2b76eb00,24703,AS Luseno,AS Luseno,Kenya,2003-04-06,2007-10-28,2,2,1,0,3,0*,0.0,0.0,0,0,0,0,0.0,100.0,11.0,2,60,58,4,14.5,5.8,15.0,4/32,1,0,66.67,0,0,0,0,,24,6.5,0,0,3,0.0,36,5.33,4,0,0,,0,,0
fdb8ed0d,215058,SD Parry,SD Parry,England,2014-03-02,2014-03-05,2,0,0,0,0,0,,,0,0,0,0,,,,2,114,92,4,23.0,4.84,28.5,3/32,0,0,55.26,0,0,0,0,,6,0.0,0,0,0,,90,4.53,2,0,0,,18,8.0,2
22860288,15901,RJ Kirtley,RJ Kirtley,England,2002-06-27,2003-11-12,3,0,0,0,0,0,,,0,0,0,0,,,,3,175,130,4,32.5,4.46,43.75,2/33,0,0,56.57,2,0,0,0,,90,3.73,0,0,0,,42,5.71,0,0,0,,43,4.74,4
75186c24,623104,Kamran Shazad,Kamran Shazad,United Arab Emirates,2014-05-04,2015-03-12,2,1,0,0,3,0,0.0,0.0,0,0,0,0,0.0,100.0,10.0,2,102,100,4,25.0,5.88,25.5,3/41,0,0,53.92,1,0,0,0,,60,6.5,1,0,0,,6,3.0,1,0,3,0.0,36,5.33,2
0ec9e2c4,227771,Mohammad Talha,Mohammad Talha,Pakistan,2014-03-02,2014-03-08,3,1,0,0,1,0,0.0,0.0,0,0,0,0,0.0,100.0,9.0,3,122,146,4,36.5,7.18,30.5,2/22,0,0,45.9,0,0,0,0,,0,,0,0,0,,114,6.42,4,0,1,0.0,8,18.0,0
3576e47e,26806,S Badrinath,S Badrinath,India,2008-08-20,2011-06-13,7,6,1,79,172,27*,15.8,45.93,0,0,4,0,2.33,67.44,5.2,0,0,0,0,,,,,0,0,,2,0,11,19,57.89,0,,0,62,142,43.66,0,,0,6,11,54.55,0,,0
a75a78eb,308794,MR Swart,MR Swart,Netherlands,2011-06-29,2014-01-28,6,5,0,59,75,29,11.8,78.67,0,0,6,1,9.33,54.67,3.0,5,144,115,1,115.0,4.79,144.0,1/31,0,0,47.92,3,0,24,41,58.54,60,3.7,0,14,14,100.0,66,5.09,1,21,20,105.0,18,7.33,0
3165bc1b,290645,Krishna Chandran,Krishna Chandran,United Arab Emirates,2014-05-04,2016-08-14,7,7,0,59,155,34,8.43,38.06,0,0,5,0,3.23,72.9,4.4,6,228,250,1,250.0,6.58,228.0,1/59,0,0,41.67,3,0,8,55,14.55,6,17.0,0,49,93,52.69,192,5.72,0,2,7,28.57,30,10.0,1
9a6b71d1,446807,SP Khakurel,SP Khakurel,Nepal,2018-08-30,2022-06-09,5,5,0,78,160,50,15.6,48.75,0,1,3,1,2.5,68.12,1.6,0,0,0,0,,,,,0,0,,0,0,26,87,29.89,0,,0,52,73,71.23,0,,0,0,0,,0,,0
a5c48ed1,1186658,C Wickramasinghe,C Wickramasinghe,Sri Lanka,2024-11-19,2025-01-11,4,3,0,58,100,22,19.33,58.0,0,0,4,1,5.0,65.0,7.0,4,56,66,1,66.0,7.07,56.0,1/28,0,0,39.29,2,0,0,0,,12,7.0,0,40,79,50.63,44,7.09,1,18,21,85.71,0,,0
be768595,4818,MJ Cosgrove,MJ Cosgrove,Australia,2006-04-28,2006-09-16,2,2,0,78,78,74,39.0,100.0,0,1,7,2,11.54,56.41,3.5,1,24,12,0,,3.0,,0/12,0,0,62.5,0,0,29,33,87.88,0,,0,49,45,108.89,24,3.0,0,0,0,,0,,0
96a2336e,547079,Sami Aslam,Sami Aslam,Pakistan,2015-04-22,2016-09-01,4,4,0,78,117,45,19.5,66.67,0,0,9,0,7.69,59.83,1.2,0,0,0,0,,,,,0,0,,0,0,50,79,63.29,0,,0,28,38,73.68,0,,0,0,0,,0,,0
f80682f8,1159653,Ravinderpal Singh,Ravinderpal Singh,Canada,2023-03-29,2024-08-17,5,5,0,77,102,34,15.4,75.49,0,0,5,3,7.84,56.86,7.6,0,0,0,0,,,,,0,0,,4,0,0,0,,0,,0,35,52,67.31,0,,0,42,50,84.0,0,,0
49dc9cb4,348091,KAR Hodge,KAR Hodge,West Indies,2023-06-04,2024-02-02,4,3,0,37,47,26,12.33,78.72,0,0,5,0,10.64,57.45,6.0,4,108,113,2,56.5,6.28,54.0,2/46,0,0,51.85,0,0,0,1,0.0,24,8.5,0,37,45,82.22,54,4.11,1,0,1,0.0,30,8.4,1
f2c936d7,1213979,MJ Owen,MJ Owen,Australia,2025-10-19,2025-10-25,3,2,0,37,27,36,18.5,137.04,0,0,2,3,18.52,48.15,7.0,3,36,42,2,21.0,7.0,18.0,2/20,0,0,41.67,0,0,0,0,,0,,0,25,20,125.0,36,7.0,2,12,7,171.43,0,,0
1eff8625,52206,SC Joseph,SC Joseph,West Indies,2004-05-15,2005-08-06,7,5,0,77,150,58,15.4,51.33,0,1,6,1,4.67,69.33,4.0,0,0,0,0,,,,,0,0,,3,0,16,53,30.19,0,,0,60,95,63.16,0,,0,1,2,50.0,0,,0
6d816d13,1193528,RA Mariu,RA Mariu,New Zealand,2025-04-02,2025-04-05,2,2,0,76,86,58,38.0,88.37,0,1,9,2,12.79,59.3,1.0,0,0,0,0,,,,,0,0,,0,0,52,59,88.14,0,,0,24,27,88.89,0,,0,0,0,,0,,0
45eda7c8,326637,CA Lynn,CA Lynn,Australia,2017-01-13,2018-11-11,4,4,0,75,89,44,18.75,84.27,0,0,5,3,8.99,65.17,3.2,0,0,0,0,,,,,0,0,,3,0,21,27,77.78,0,,0,54,62,87.1,0,,0,0,0,,0,,0
0a509d6b,723105,RK Singh,RK Singh,India,2023-12-19,2023-12-21,2,2,0,55,41,38,27.5,134.15,0,0,5,3,19.51,39.02,6.0,1,6,2,1,2.0,2.0,6.0,1/2,0,0,66.67,1,0,0,0,,0,,0,17,14,121.43,0,,0,38,27,140.74,6,2.0,1
04a418e8,1079434,R Parag,R Parag,India,2024-08-07,2024-08-07,1,1,0,15,13,15,15.0,115.38,0,0,2,0,15.38,38.46,7.0,1,54,54,3,18.0,6.0,18.0,3/54,0,0,40.74,0,0,0,0,,0,,0,15,13,115.38,30,6.0,2,0,0,,24,6.0,1
61928851,1415052,Utkarsh Srivastava,Utkarsh Srivastava,United States of America,2024-10-31,2024-11-02,2,2,0,75,73,67,37.5,102.74,0,1,6,1,9.59,32.88,7.0,1,24,17,0,,4.25,,0/17,0,0,50.0,0,0,0,0,,0,,0,52,53,98.11,24,4.25,0,23,20,115.0,0,,0
f3bde2b3,342616,KDK Vithanage,KDK Vithanage,Sri Lanka,2013-12-25,2014-05-06,6,6,1,75,90,27,15.0,83.33,0,0,11,0,12.22,58.89,6.5,2,12,17,0,,8.5,,0/7,0,0,33.33,2,0,0,0,,0,,0,22,45,48.89,12,8.5,0,53,45,117.78,0,,0
cdf59953,308294,SW Poynter,SW Poynter,Ireland,2014-09-08,2018-01-13,8,7,1,74,101,36,12.33,73.27,0,0,7,0,6.93,55.45,6.7,0,0,0,0,,,,,0,0,,9,0,0,0,,0,,0,74,100,74.0,0,,0,0,1,0.0,0,,0
25e26a23,42106,Najeeb Amar,Najeeb Amar,Hong Kong,2008-06-24,2008-06-25,2,2,1,34,41,21,34.0,82.93,0,0,5,0,12.2,58.54,9.0,2,120,75,2,37.5,3.75,60.0,2/40,0,0,54.17,0,0,0,0,,6,5.0,0,34,41,82.93,108,3.61,2,0,0,,6,5.0,0
4373c57e,298195,JH Stander,JH Stander,Scotland,2009-04-01,2009-04-08,2,2,1,34,42,22*,34.0,80.95,0,0,0,3,7.14,64.29,8.0,2,72,79,2,39.5,6.58,36.0,2/61,0,0,47.22,1,0,0,3,0.0,0,,0,12,26,46.15,48,4.75,1,22,13,169.23,24,10.25,1
9ba59a3c,38920,LJ Woodcock,LJ Woodcock,New Zealand,2011-01-29,2011-10-25,4,2,1,14,22,11,14.0,63.64,0,0,1,0,4.55,50.0,9.0,4,164,155,3,51.67,5.67,54.67,2/58,0,0,45.12,0,0,0,0,,0,,0,3,11,27.27,138,5.57,0,11,11,100.0,26,6.23,3
e6dd77bb,459752,SS McKechnie,SS McKechnie,Hong Kong,2017-12-06,2018-09-18,6,6,0,73,138,29,12.17,52.9,0,0,4,0,2.9,60.87,6.2,0,0,0,0,,,,,0,0,,8,1,0,0,,0,,0,58,118,49.15,0,,0,15,20,75.0,0,,0
2ed569a0,1064812,RD Chahar,RD Chahar,India,2021-07-23,2021-07-23,1,1,0,13,25,13,13.0,52.0,0,0,0,0,0.0,56.0,9.0,1,60,54,3,18.0,5.4,20.0,3/54,0,0,50.0,0,0,0,0,,12,3.0,0,12,19,63.16,48,6.0,3,1,6,16.67,0,,0
3473e5f2,499592,DS Weerakkody,DS Weerakkody,Sri Lanka,2017-01-28,2017-02-10,3,3,0,73,66,58,24.33,110.61,0,1,9,1,15.15,42.42,3.3,0,0,0,0,,,,,0,0,,2,0,15,15,100.0,0,,0,36,37,97.3,0,,0,22,14,157.14,0,,0
881b3f8e,420419,TP Visee,TP Visee,Netherlands,2019-06-19,2021-05-20,3,3,0,72,66,41,24.0,109.09,0,0,12,2,21.21,63.64,3.0,0,0,0,0,,,,,0,0,,2,0,69,56,123.21,0,,0,3,10,30.0,0,,0,0,0,,0,,0
2a04400b,1328438,Sabir Ali,Sabir Ali,United Arab Emirates,2022-08-10,2023-03-05,4,3,1,12,13,7,6.0,92.31,0,0,2,0,15.38,53.85,10.7,4,102,91,3,30.33,5.35,34.0,2/50,0,0,62.75,2,0,0,0,,72,5.17,2,1,2,50.0,30,5.8,1,11,11,100.0,0,,0
83c3e8e3,1123718,SH Johnson,SH Johnson,Australia,2023-09-24,2026-09-15,5,3,2,12,14,12*,12.0,85.71,0,0,2,0,14.29,71.43,10.7,5,234,231,3,77.0,5.92,78.0,2/44,0,0,55.13,1,0,0,0,,120,5.6,2,12,14,85.71,114,6.26,1,0,0,,0,,0
7ba54dc9,36054,Jai Prakash Yadav,Jai Prakash Yadav,India,2005-08-29,2005-11-06,7,5,3,12,26,9,6.0,46.15,0,0,0,0,0.0,65.38,7.0,5,186,157,3,52.33,5.06,62.0,2/32,0,0,52.69,0,0,0,2,0.0,0,,0,9,17,52.94,186,5.06,3,3,7,42.86,0,,0
7c681ee9,24952,J Smits,J Smits,Netherlands,2003-02-12,2008-07-29,13,8,3,72,195,26,14.4,36.92,0,0,4,0,2.05,73.85,9.8,0,0,0,0,,,,,0,0,,11,2,0,0,,0,,0,34,130,26.15,0,,0,38,65,58.46,0,,0
0164b064,376169,MG Neser,MG Neser,Australia,2018-06-13,2023-09-17,4,4,0,11,29,6,2.75,37.93,0,0,0,0,0.0,72.41,8.2,4,220,239,3,79.67,6.52,73.33,2/46,0,0,54.09,1,0,0,0,,90,4.6,1,8,22,36.36,102,5.76,2,3,7,42.86,28,15.43,0
c5f40e35,1104697,SW Currie,SW Currie,Scotland,2024-03-01,2024-03-07,3,2,0,10,18,5,5.0,55.56,0,0,1,0,5.56,72.22,8.5,3,120,86,3,28.67,4.3,40.0,2/16,0,0,60.0,0,0,0,0,,0,,0,5,10,50.0,120,4.3,3,5,8,62.5,0,,0
52980a48,25022,TN de Grooth,TN de Grooth,Netherlands,2006-12-01,2011-06-29,9,8,0,70,148,28,8.75,47.3,0,0,5,0,3.38,70.27,5.1,0,0,0,0,,,,,0,0,,0,0,14,45,31.11,0,,0,52,96,54.17,0,,0,4,7,57.14,0,,0
50758325,5472,B Geeves,B Geeves,Australia,2008-08-30,2009-04-09,2,2,2,10,11,10*,,90.91,0,0,1,0,9.09,54.55,9.0,2,90,78,3,26.0,5.2,30.0,2/11,0,0,55.56,1,0,0,0,,18,6.0,0,0,0,,60,3.3,3,10,11,90.91,12,13.5,0
bb01f9e0,402992,Shuvagata Hom,Shuvagata Hom,Bangladesh,2011-08-16,2011-10-18,4,3,1,70,86,35*,35.0,81.4,0,0,9,0,10.47,52.33,6.0,1,12,9,0,,4.5,,0/9,0,0,58.33,0,0,0,0,,0,,0,62,80,77.5,12,4.5,0,8,6,133.33,0,,0
1a8ad45c,873205,SJ Cameron,SJ Cameron,Scotland,2018-01-18,2018-01-23,2,2,1,9,13,8*,9.0,69.23,0,0,0,0,0.0,46.15,10.0,2,109,123,3,41.0,6.77,36.33,2/64,0,0,45.87,1,0,0,0,,24,4.25,1,0,0,,54,7.0,0,9,13,69.23,31,8.32,2
876dbe2d,1172968,DR Mousley,DR Mousley,England,2024-10-31,2024-11-06,3,3,1,69,86,57,34.5,80.23,0,1,5,1,6.98,47.67,7.0,1,12,17,0,,8.5,,0/17,0,0,33.33,1,0,0,0,,0,,0,43,61,70.49,12,8.5,0,26,25,104.0,0,,0
dac6aabc,995037,Mahidul Islam Ankon,Mahidul Islam Ankon,Bangladesh,2025-10-18,2025-10-23,3,3,0,69,121,46,23.0,57.02,0,0,5,0,4.13,64.46,5.0,0,0,0,0,,,,,0,0,,0,0,0,0,,0,,0,51,97,52.58,0,,0,18,24,75.0,0,,0
3847ec84,948659,JI de Villiers,JI de Villiers,Namibia,2020-01-08,2025-03-15,8,7,1,28,64,14*,4.67,43.75,0,0,1,1,3.12,68.75,9.3,5,138,154,2,77.0,6.7,69.0,2/47,0,0,50.0,0,0,0,0,,36,4.5,0,13,26,50.0,87,6.9,1,15,38,39.47,15,10.8,1
b0482a1d,1170265,Tilak Varma,Tilak Varma,India,2023-09-15,2025-12-06,5,4,1,68,119,52,22.67,57.14,0,1,6,1,5.88,65.55,3.8,3,60,68,0,,6.8,,0/18,0,0,45.0,1,0,15,38,39.47,0,,0,49,77,63.64,54,7.44,0,4,4,100.0,6,1.0,0
65a05fe6,55737,HP Rinke,HP Rinke,Zimbabwe,2006-04-29,2006-10-10,8,8,0,28,62,12,3.5,45.16,0,0,3,0,4.84,74.19,3.2,5,96,112,2,56.0,7.0,48.0,2/35,0,0,47.92,0,0,24,49,48.98,18,7.0,2,1,8,12.5,66,6.27,0,3,5,60.0,12,11.0,0
688b2d58,55880,Ehsanul Haque,Ehsanul Haque,Bangladesh,2003-02-11,2003-02-22,3,3,0,28,71,13,9.33,39.44,0,0,4,0,5.63,77.46,2.7,1,60,34,2,17.0,3.4,30.0,2/34,0,0,48.33,0,0,15,57,26.32,0,,0,13,14,92.86,60,3.4,2,0,0,,0,,0
248698f4,1043681,DSK Madushanka,DSK Madushanka,Sri Lanka,2018-01-27,2018-01-27,1,1,0,7,6,7,7.0,116.67,0,0,1,0,16.67,33.33,9.0,1,37,26,3,8.67,4.22,12.33,3/26,0,0,62.16,0,0,0,0,,0,,0,0,0,,36,4.33,2,7,6,116.67,1,0.0,1
548d4188,1072482,KS Airee,KS Airee,Nepal,2020-02-09,2022-03-25,3,3,2,27,24,18*,27.0,112.5,0,0,2,0,8.33,29.17,9.3,3,114,109,2,54.5,5.74,57.0,2/56,0,0,53.51,0,0,0,0,,60,5.2,0,0,3,0.0,36,4.67,0,27,21,128.57,18,9.67,2
4fe6be0c,1500480,Shah Faisal,Shah Faisal,Oman,2026-04-04,2026-04-27,2,1,0,7,13,7,7.0,53.85,0,0,0,0,0.0,46.15,9.0,2,120,123,3,41.0,6.15,40.0,3/62,0,0,52.5,0,0,0,0,,48,3.62,0,0,0,,48,5.38,1,7,13,53.85,24,12.75,2
5dc19220,55782,GM Strydom,GM Strydom,Zimbabwe,2006-04-29,2006-10-13,6,5,0,67,130,48,13.4,51.54,0,0,6,2,6.15,73.08,5.6,2,30,24,0,,4.8,,0/9,0,0,43.33,0,0,0,0,,0,,0,31,85,36.47,30,4.8,0,36,45,80.0,0,,0
86d38202,352894,SR Waters,SR Waters,Kenya,2008-10-31,2011-03-07,7,7,0,67,143,17,9.57,46.85,0,0,7,0,4.9,73.43,1.7,0,0,0,0,,,,,0,0,,1,0,63,134,47.01,0,,0,4,9,44.44,0,,0,0,0,,0,,0
dabbd0ae,629080,B Fernando,B Fernando,Sri Lanka,2021-05-28,2021-07-04,4,3,0,26,36,17,8.67,72.22,0,0,4,0,11.11,63.89,9.0,3,152,136,2,68.0,5.37,76.0,1/33,0,0,50.66,1,0,0,0,,60,5.5,1,9,21,42.86,77,4.75,0,17,15,113.33,15,8.0,1
38214163,1122851,M Faraz Akram,M Faraz Akram,Zimbabwe,2024-01-06,2024-11-28,3,2,0,6,12,5,3.0,50.0,0,0,1,0,8.33,75.0,8.5,3,168,164,3,54.67,5.86,56.0,2/58,0,0,46.43,2,0,0,0,,24,5.75,0,5,10,50.0,102,4.53,3,1,2,50.0,42,9.14,0
d7bfcc0b,888565,Mehran Khan,Mehran Khan,Oman,2024-07-16,2024-09-26,4,4,0,66,66,37,16.5,100.0,0,0,3,6,13.64,62.12,8.2,4,54,85,0,,9.44,,0/11,0,0,44.44,0,0,0,0,,18,12.67,0,54,53,101.89,36,7.83,0,12,13,92.31,0,,0
8e554b6b,1073106,Abdul Samad,Abdul Samad (3),Pakistan,2026-03-11,2026-06-04,6,6,2,66,94,34,16.5,70.21,0,0,6,1,7.45,56.38,6.5,0,0,0,0,,,,,0,0,,1,0,12,20,60.0,0,,0,42,66,63.64,0,,0,12,8,150.0,0,,0
7c7303eb,25481,JD Nel,JD Nel,Scotland,2007-03-20,2009-04-08,7,3,3,6,12,5*,,50.0,0,0,1,0,8.33,75.0,11.0,7,270,239,3,79.67,5.31,90.0,2/24,0,0,56.67,1,0,0,0,,144,4.54,1,6,12,50.0,120,6.15,2,0,0,,6,7.0,0
f1f99156,892749,TH David,TH David,Australia,2023-09-09,2023-09-17,4,4,0,45,53,35,11.25,84.91,0,0,3,3,11.32,62.26,6.8,1,12,20,1,20.0,10.0,12.0,1/20,0,0,50.0,0,0,0,0,,0,,0,44,49,89.8,0,,0,1,4,25.0,12,10.0,1
8399a7af,1111123,R Dhakal,R Dhakal,Nepal,2024-02-08,2025-06-02,4,2,1,5,6,4,5.0,83.33,0,0,0,0,0.0,33.33,10.5,3,144,153,3,51.0,6.38,48.0,2/78,0,0,50.0,0,0,0,0,,78,6.15,2,0,0,,30,4.8,0,5,6,83.33,36,8.17,1
a8e54ef4,793441,Aamer Jamal,Aamer Jamal,Pakistan,2024-11-24,2024-11-28,3,2,2,5,9,5*,,55.56,0,0,1,0,11.11,77.78,8.0,3,96,85,3,28.33,5.31,32.0,2/19,0,0,66.67,0,0,0,0,,30,6.8,0,0,5,0.0,66,4.64,3,5,4,125.0,0,,0
b98cdbf0,210279,AD Poynter,AD Poynter,Ireland,2008-08-25,2014-09-12,8,6,0,65,129,21,10.83,50.39,0,0,3,2,3.88,65.89,4.0,0,0,0,0,,,,,0,0,,2,0,21,33,63.64,0,,0,44,96,45.83,0,,0,0,0,,0,,0
f3b158d9,946283,C Carmichael,C Carmichael,Ireland,2025-05-21,2025-05-25,3,2,0,64,82,48,32.0,78.05,0,0,7,1,9.76,58.54,3.0,0,0,0,0,,,,,0,0,,1,0,12,22,54.55,0,,0,52,60,86.67,0,,0,0,0,,0,,0
8b8745fd,6291,ML Lewis,ML Lewis,Australia,2006-02-12,2006-03-12,5,1,1,4,4,4*,,100.0,0,0,0,0,0.0,25.0,11.0,5,228,258,3,86.0,6.79,76.0,2/38,0,0,43.42,1,0,0,0,,12,3.5,0,0,0,,168,6.29,2,4,4,100.0,48,9.38,1
156378d8,1161022,S Jora,S Jora,Nepal,2019-01-28,2026-09-12,6,6,0,63,72,28,10.5,87.5,0,0,6,2,11.11,55.56,6.3,0,0,0,0,,,,,0,0,,3,0,5,7,71.43,0,,0,23,38,60.53,0,,0,35,27,129.63,0,,0
024fe464,37770,PD McGlashan,PD McGlashan,New Zealand,2009-03-06,2009-03-14,4,2,1,63,51,56*,63.0,123.53,0,1,6,1,13.73,33.33,6.5,0,0,0,0,,,,,0,0,,7,0,0,0,,0,,0,29,27,107.41,0,,0,34,24,141.67,0,,0
c5758216,467426,TJ Heggelman,TJ Heggelman,Netherlands,2010-08-18,2011-06-29,2,2,0,23,70,22,11.5,32.86,0,0,0,0,0.0,72.86,5.0,1,42,34,2,17.0,4.86,21.0,2/34,0,0,50.0,0,0,1,9,11.11,0,,0,22,61,36.07,42,4.86,2,0,0,,0,,0
dd121907,55463,TR Gripper,TR Gripper,Zimbabwe,2003-11-23,2003-11-26,2,2,0,23,50,17,11.5,46.0,0,0,2,0,4.0,72.0,2.0,2,48,39,2,19.5,4.88,24.0,2/28,0,0,52.08,1,0,15,29,51.72,0,,0,8,21,38.1,30,3.8,2,0,0,,18,6.67,0
64a4c383,34118,S Sriram,S Sriram,India,2004-12-23,2004-12-23,1,1,0,3,5,3,3.0,60.0,0,0,0,0,0.0,40.0,6.0,1,54,43,3,14.33,4.78,18.0,3/43,0,0,55.56,0,0,0,0,,0,,0,0,0,,42,4.43,2,3,5,60.0,12,6.0,1
86b4bf88,590326,MJ Swepson,MJ Swepson,Australia,2022-03-29,2022-06-16,3,1,0,2,2,2,2.0,100.0,0,0,0,0,0.0,50.0,9.0,3,158,161,3,53.67,6.11,52.67,2/53,0,0,42.41,0,0,0,0,,0,,0,2,2,100.0,150,6.36,2,0,0,,8,1.5,1
7e6e7274,728085,E Masuku,E Masuku,Zimbabwe,2025-08-31,2026-07-11,2,1,0,2,10,2,2.0,20.0,0,0,0,0,0.0,80.0,10.0,2,66,65,3,21.67,5.91,22.0,2/33,0,0,60.61,0,0,0,0,,24,8.75,0,0,0,,42,4.29,3,2,10,20.0,0,,0
7068c81e,1129635,MJ Fisher,MJ Fisher,New Zealand,2026-07-11,2026-07-19,3,2,0,2,6,1,1.0,33.33,0,0,0,0,0.0,66.67,10.0,3,131,108,3,36.0,4.95,43.67,3/40,0,0,52.67,0,0,0,0,,24,4.25,0,1,4,25.0,72,4.33,2,1,2,50.0,35,6.69,1
e9c14262,47663,MS Tshabalala,MS Tshabalala,South Africa,2007-06-24,2007-08-26,4,1,1,2,3,2*,,66.67,0,0,0,0,0.0,33.33,11.0,4,150,151,3,50.33,6.04,50.0,1/30,0,0,50.0,0,0,0,0,,0,,0,0,0,,150,6.04,3,2,3,66.67,0,,0
7bbeac6d,247008,GH O'Brien,GH O'Brien,Bermuda,2008-06-29,2008-06-29,1,1,0,2,6,2,2.0,33.33,0,0,0,0,0.0,83.33,9.0,1,60,31,3,10.33,3.1,20.0,3/31,0,0,71.67,0,0,0,0,,30,4.2,2,0,0,,30,2.0,1,2,6,33.33,0,,0
05da443b,39038,Adnan Akmal,Adnan Akmal,Pakistan,2011-09-08,2012-02-21,5,4,1,62,89,27,20.67,69.66,0,0,3,0,3.37,47.19,7.5,0,0,0,0,,,,,0,0,,3,0,0,0,,0,,0,2,3,66.67,0,,0,60,86,69.77,0,,0
fd770945,364788,BT Foakes,BT Foakes,England,2019-05-03,2019-05-03,1,1,1,61,76,61*,,80.26,0,1,3,1,5.26,51.32,6.0,0,0,0,0,,,,,0,0,,2,1,0,0,,0,,0,51,71,71.83,0,,0,10,5,200.0,0,,0
5dbdecf1,927619,Khaled Ahmed,Khaled Ahmed,Bangladesh,2023-09-23,2023-09-26,2,2,1,1,4,1,1.0,25.0,0,0,0,0,0.0,75.0,11.0,2,80,72,3,24.0,5.4,26.67,3/60,0,0,57.5,0,0,0,0,,12,2.0,1,0,2,0.0,60,5.2,1,1,2,50.0,8,12.0,1
a549066c,23781,J Patraj,J Patraj,Canada,2007-10-18,2007-10-20,2,2,0,21,48,20,10.5,43.75,0,0,1,0,2.08,64.58,9.0,2,90,76,2,38.0,5.07,45.0,1/27,0,0,47.78,1,0,0,0,,0,,0,19,41,46.34,78,5.08,2,2,7,28.57,12,5.0,0
c24a2c5d,317784,S Tyagi,S Tyagi,India,2009-12-27,2010-02-27,4,1,1,1,2,1*,,50.0,0,0,0,0,0.0,50.0,11.0,4,165,144,3,48.0,5.24,55.0,1/15,0,0,60.61,1,0,0,0,,78,5.46,2,0,0,,75,3.36,1,1,2,50.0,12,15.5,0
f048bb41,439288,JM Mennie,JM Mennie,Australia,2016-10-02,2016-10-12,2,2,0,1,4,1,0.5,25.0,0,0,0,0,0.0,75.0,8.5,2,120,131,3,43.67,6.55,40.0,3/49,0,0,45.83,0,0,0,0,,42,5.43,1,1,2,50.0,60,5.7,2,0,2,0.0,18,12.0,0
2cc08c3c,919489,Shahid Wasif,Shahid Wasif,Hong Kong,2016-09-08,2018-03-10,9,6,0,60,133,45,10.0,45.11,0,0,5,2,5.26,77.44,6.3,0,0,0,0,,,,,0,0,,2,0,0,0,,0,,0,60,132,45.45,0,,0,0,1,0.0,0,,0
a8e56914,486679,D Olivier,D Olivier,South Africa,2019-01-19,2019-01-22,2,0,0,0,0,0,,,0,0,0,0,,,,2,114,124,3,41.33,6.53,38.0,2/73,0,0,44.74,0,0,0,0,,24,3.25,1,0,0,,66,7.18,2,0,0,,24,8.0,0
ce794613,802575,T Natarajan,T Natarajan,India,2020-12-02,2021-03-28,2,1,1,0,0,0*,,,0,0,0,0,,,11.0,2,120,143,3,47.67,7.15,40.0,2/70,0,0,48.33,0,0,0,0,,42,5.71,1,0,0,,42,7.71,1,0,0,,36,8.17,1
9d0344f3,1281546,Akif Raja,Akif Raja,United Arab Emirates,2022-02-06,2022-06-04,5,1,0,0,0,0,0.0,,0,0,0,0,,,11.0,5,228,160,3,53.33,4.21,76.0,1/19,0,0,62.28,2,0,0,0,,102,4.06,3,0,0,,78,4.62,0,0,0,,48,3.88,0
210f4a5d,1086206,SH Lewis,SH Lewis,West Indies,2022-06-04,2022-06-04,1,0,0,0,0,0,,,0,0,0,0,,,,1,59,67,3,22.33,6.81,19.67,3/67,0,0,42.37,3,0,0,0,,24,5.5,0,0,0,,18,8.67,0,0,0,,17,6.71,3
f9e6e7ef,1159711,Shahbaz Ahmed,Shahbaz Ahmed,India,2022-10-09,2022-12-04,3,1,0,0,4,0,0.0,0.0,0,0,0,0,0.0,100.0,7.0,3,156,125,3,41.67,4.81,52.0,2/32,0,0,47.44,1,0,0,0,,24,3.5,1,0,4,0.0,132,5.05,2,0,0,,0,,0
3674b3c1,1150684,K Phillip,K Phillip,United States of America,2022-09-17,2023-06-20,3,1,0,0,2,0,0.0,0.0,0,0,0,0,0.0,100.0,11.0,3,153,159,3,53.0,6.24,51.0,3/56,0,0,57.52,0,0,0,0,,84,5.07,1,0,0,,42,8.0,0,0,2,0.0,27,7.11,2
95a06106,857979,GLS Scrimshaw,GLS Scrimshaw,England,2023-09-23,2023-09-23,1,0,0,0,0,0,,,0,0,0,0,,,,1,52,66,3,22.0,7.62,17.33,3/66,0,0,40.38,0,0,0,0,,18,12.0,1,0,0,,30,4.8,1,0,0,,4,9.0,1
fd093ca9,45568,PL Harris,PL Harris,South Africa,2008-03-09,2008-03-14,3,0,0,0,0,0,,,0,0,0,0,,,,3,180,83,3,27.67,2.77,60.0,2/30,0,0,61.11,2,0,0,0,,0,,0,0,0,,150,2.6,3,0,0,,30,3.6,0
59f509ed,25476,G Goudie,G Goudie,Scotland,2011-06-29,2011-06-29,1,0,0,0,0,0,,,0,0,0,0,,,,1,42,18,3,6.0,2.57,14.0,3/18,0,0,66.67,1,0,0,0,,0,,0,0,0,,42,2.57,3,0,0,,0,,0
fd4afedb,333002,N Ncube,N Ncube,Zimbabwe,2011-10-25,2011-10-25,1,1,1,0,0,0*,,,0,0,0,0,,,11.0,1,53,69,3,23.0,7.81,17.67,3/69,0,0,52.83,0,0,0,0,,30,5.6,2,0,0,,6,0.0,0,0,0,,17,14.47,1
74d92a39,24699,AY Karim,AY Karim,Kenya,2003-02-12,2003-03-20,4,2,2,0,2,0*,,0.0,0,0,0,0,0.0,100.0,11.0,4,140,69,3,23.0,2.96,46.67,3/7,0,0,69.29,1,0,0,0,,6,9.0,0,0,1,0.0,122,2.85,3,0,1,0.0,12,1.0,0
bb18be76,8166,SK Warne,SK Warne,Australia,2003-01-23,2003-01-25,2,1,0,0,1,0,0.0,0.0,0,0,0,0,0.0,100.0,8.0,2,120,86,3,28.67,4.3,40.0,2/58,0,0,55.83,0,0,0,0,,0,,0,0,0,,102,4.12,2,0,1,0.0,18,5.33,1
1558d83b,499660,GS Sandhu,GS Sandhu,Australia,2015-01-18,2015-01-23,2,0,0,0,0,0,,,0,0,0,0,,,,2,120,107,3,35.67,5.35,40.0,2/49,0,0,43.33,0,0,0,0,,36,3.33,1,0,0,,54,5.56,0,0,0,,30,7.4,2
4663bd23,625964,TL Seifert,TL Seifert,New Zealand,2019-01-03,2025-04-05,4,3,0,59,56,26,19.67,105.36,0,0,3,2,8.93,39.29,6.0,0,0,0,0,,,,,0,0,,10,1,0,0,,0,,0,26,29,89.66,0,,0,33,27,122.22,0,,0
f7b2cbe8,387845,C Viljoen,C Viljoen,Namibia,2019-04-27,2019-09-17,2,2,1,19,23,17*,19.0,82.61,0,0,2,0,8.7,52.17,7.0,2,30,14,2,7.0,2.8,15.0,2/6,0,0,70.0,2,0,0,0,,0,,0,2,12,16.67,30,2.8,2,17,11,154.55,0,,0
3f4b9ae5,313526,Abdul Jabbar,Abdul Jabbar,Canada,2007-10-18,2007-10-20,2,2,0,59,82,44,29.5,71.95,0,0,9,1,12.2,69.51,1.5,0,0,0,0,,,,,0,0,,1,0,25,54,46.3,0,,0,34,28,121.43,0,,0,0,0,,0,,0
b858be20,543449,AV Lalcheta,AV Lalcheta,Oman,2019-08-18,2019-08-21,2,2,0,18,47,12,9.0,38.3,0,0,1,0,2.13,72.34,5.0,2,84,62,2,31.0,4.43,42.0,2/35,0,0,64.29,0,0,0,0,,30,4.6,0,18,47,38.3,48,3.5,2,0,0,,6,11.0,0
7923a51d,990081,Mohammad Naim,Mohammad Naim,Bangladesh,2020-03-06,2023-09-09,5,4,0,58,96,21,14.5,60.42,0,0,8,0,8.33,70.83,1.2,0,0,0,0,,,,,0,0,,2,0,56,87,64.37,0,,0,2,9,22.22,0,,0,0,0,,0,,0
bc2d4f2e,1076722,W Sutherland,W Sutherland,Australia,2024-02-04,2024-02-06,2,1,0,18,33,18,18.0,54.55,0,0,0,0,0.0,48.48,9.0,2,51,33,2,16.5,3.88,25.5,2/28,0,0,52.94,1,0,0,0,,6,4.0,0,6,13,46.15,45,3.87,2,12,20,60.0,0,,0
4175d211,820689,SK Springer,SK Springer,West Indies,2025-11-16,2025-11-22,3,2,0,18,26,12,9.0,69.23,0,0,1,1,7.69,61.54,9.5,3,114,133,2,66.5,7.0,57.0,1/16,0,0,46.49,1,0,0,0,,0,,0,18,26,69.23,96,6.56,2,0,0,,18,9.33,0
6d8356ee,216920,Qaiser Ali,Qaiser Ali,Canada,2006-11-30,2008-06-29,5,5,0,38,95,15,7.6,40.0,0,0,4,0,4.21,75.79,5.6,2,84,54,1,54.0,3.86,84.0,1/37,0,0,63.1,3,0,0,5,0.0,0,,0,33,84,39.29,78,3.62,1,5,6,83.33,6,7.0,0
3fb197cd,55597,TMK Mawoyo,TMK Mawoyo,Zimbabwe,2006-12-08,2014-08-31,7,7,0,58,160,15,8.29,36.25,0,0,4,0,2.5,78.75,1.0,0,0,0,0,,,,,0,0,,2,0,55,145,37.93,0,,0,3,15,20.0,0,,0,0,0,,0,,0
dd468277,392944,N M'shangwe,N M'shangwe,Zimbabwe,2011-10-25,2013-08-03,4,4,0,38,43,16,9.5,88.37,0,0,0,5,11.63,72.09,9.2,4,216,163,1,163.0,4.53,216.0,1/56,0,0,54.63,0,0,0,0,,0,,0,16,14,114.29,198,4.21,0,22,29,75.86,18,8.0,1
74bd2653,24804,M van Schoor,M van Schoor,Namibia,2003-02-16,2003-03-03,5,5,1,58,111,24,14.5,52.25,0,0,3,1,3.6,68.47,8.4,0,0,0,0,,,,,0,0,,4,0,2,4,50.0,0,,0,30,71,42.25,0,,0,26,36,72.22,0,,0
6c6aca89,370535,TS Roland-Jones,TS Roland-Jones,England,2017-05-29,2017-05-29,1,1,1,37,37,37*,,100.0,0,0,5,1,16.22,62.16,9.0,1,42,34,1,34.0,4.86,42.0,1/34,0,0,66.67,0,0,0,0,,0,,0,37,37,100.0,42,4.86,1,0,0,,0,,0
58431ca0,721041,MADI Hemantha,MADI Hemantha,Sri Lanka,2023-07-07,2023-11-02,4,3,2,17,19,13*,17.0,89.47,0,0,2,0,10.53,68.42,7.7,3,156,143,2,71.5,5.5,78.0,2/49,0,0,43.59,1,0,0,1,0.0,0,,0,13,15,86.67,156,5.5,2,4,3,133.33,0,,0
fbc5b9e2,56221,Akram Khan,Akram Khan,Bangladesh,2003-02-26,2003-03-01,2,2,0,57,98,44,28.5,58.16,0,0,3,0,3.06,60.2,6.0,0,0,0,0,,,,,0,0,,1,0,0,0,,0,,0,41,80,51.25,0,,0,16,18,88.89,0,,0
ddb41291,937673,L Sreekumar,L Sreekumar,United Arab Emirates,2015-11-16,2016-08-16,3,3,0,57,67,28,19.0,85.07,0,0,10,1,16.42,68.66,3.3,0,0,0,0,,,,,0,0,,1,0,44,43,102.33,0,,0,13,24,54.17,0,,0,0,0,,0,,0
22feee04,550187,Zubayr Hamza,Zubayr Hamza,South Africa,2021-11-26,2021-11-26,1,1,0,56,79,56,56.0,70.89,0,1,5,1,7.59,58.23,3.0,0,0,0,0,,,,,0,0,,0,0,7,18,38.89,0,,0,49,61,80.33,0,,0,0,0,,0,,0
671398e3,51292,DK Butler,DK Butler,West Indies,2005-08-02,2006-03-01,4,3,3,16,22,13*,,72.73,0,0,3,0,13.64,68.18,10.0,4,198,158,2,79.0,4.79,99.0,1/25,0,0,59.09,0,0,0,0,,60,3.5,2,4,6,66.67,138,5.35,0,12,16,75.0,0,,0
c15e2193,28671,FY Fazal,FY Fazal,India,2016-06-15,2016-06-15,1,1,1,55,61,55*,,90.16,0,1,7,1,13.11,59.02,2.0,0,0,0,0,,,,,0,0,,0,0,22,29,75.86,0,,0,33,32,103.12,0,,0,0,0,,0,,0
9f038761,1058988,J Figy John,J Figy John,United Arab Emirates,2019-12-15,2020-01-09,2,2,1,55,73,32*,55.0,75.34,0,0,4,0,5.48,60.27,3.5,0,0,0,0,,,,,0,0,,1,0,3,4,75.0,0,,0,52,69,75.36,0,,0,0,0,,0,,0
e6ce0f4a,1414159,S Kalyan,S Kalyan,United Arab Emirates,2025-05-04,2025-05-12,4,4,0,55,122,21,13.75,45.08,0,0,1,1,1.64,72.95,2.0,0,0,0,0,,,,,0,0,,4,0,45,94,47.87,0,,0,10,28,35.71,0,,0,0,0,,0,,0
dd55b0b0,466610,BP Loots,BP Loots,Netherlands,2010-08-18,2011-03-18,5,4,2,15,21,9*,7.5,71.43,0,0,0,2,9.52,80.95,10.5,5,184,226,2,113.0,7.37,92.0,1/44,0,0,40.22,0,0,0,0,,36,8.67,0,6,8,75.0,120,5.35,2,9,13,69.23,28,14.36,0
9fd3a210,348154,Zafar Gohar,Zafar Gohar,Pakistan,2015-11-17,2015-11-17,1,1,0,15,15,15,15.0,100.0,0,0,0,1,6.67,46.67,10.0,1,60,54,2,27.0,5.4,30.0,2/54,0,0,55.0,0,0,0,0,,18,5.0,1,0,0,,42,5.57,1,15,15,100.0,0,,0
f892fcf9,698143,L Sipamla,L Sipamla,South Africa,2020-02-04,2021-04-07,5,2,2,14,19,10*,,73.68,0,0,0,0,0.0,31.58,9.5,4,182,172,2,86.0,5.67,91.0,1/40,0,0,52.75,1,0,0,0,,66,4.27,1,0,0,,72,6.67,0,14,19,73.68,44,6.14,1
9103ecdb,1410354,Muhammad Rohid,Muhammad Rohid,United Arab Emirates,2025-10-28,2025-11-03,3,2,2,14,19,8*,,73.68,0,0,2,0,10.53,63.16,11.0,3,180,150,2,75.0,5.0,90.0,1/37,0,0,56.11,0,0,0,0,,78,3.92,2,6,12,50.0,66,5.82,0,8,7,114.29,36,5.83,0
c57e1893,23799,DES Maxwell,DES Maxwell,Canada,2006-11-27,2007-02-02,3,3,2,54,45,37*,54.0,120.0,0,0,2,3,11.11,37.78,7.3,0,0,0,0,,,,,0,0,,0,0,0,0,,0,,0,13,13,100.0,0,,0,41,32,128.12,0,,0
bbff906c,315586,CAK Walton,CAK Walton,West Indies,2009-09-23,2017-12-26,9,8,0,53,86,19,6.62,61.63,0,0,7,0,8.14,66.28,3.0,0,0,0,0,,,,,0,0,,9,1,51,79,64.56,0,,0,2,7,28.57,0,,0,0,0,,0,,0
a300e810,1036197,PRP Boissevain,PRP Boissevain,Netherlands,2021-05-20,2022-06-17,3,3,0,33,55,15,11.0,60.0,0,0,2,0,3.64,63.64,9.7,3,129,192,1,192.0,8.93,129.0,1/49,0,0,33.33,1,0,0,0,,0,,0,7,12,58.33,111,7.35,1,26,43,60.47,18,18.67,0
1b3acd33,36590,MD Bates,MD Bates,New Zealand,2012-02-09,2012-03-03,2,1,0,13,10,13,13.0,130.0,0,0,1,1,20.0,70.0,10.0,2,84,52,2,26.0,3.71,42.0,1/24,0,0,63.1,1,0,0,0,,48,4.12,0,0,0,,36,3.17,2,13,10,130.0,0,,0
f476d2a5,222728,Asad Ali,Asad Ali,Pakistan,2013-05-26,2013-07-24,4,2,0,13,16,11,6.5,81.25,0,0,0,1,6.25,62.5,10.0,4,180,115,2,57.5,3.83,90.0,1/22,0,0,67.22,0,0,0,0,,84,2.79,1,0,0,,72,3.5,0,13,16,81.25,24,8.5,1
efb04d81,36632,TK Canning,TK Canning,New Zealand,2003-12-01,2003-12-05,2,2,0,13,25,13,6.5,52.0,0,0,0,0,0.0,60.0,8.0,2,84,64,2,32.0,4.57,42.0,2/30,0,0,63.1,0,0,0,0,,0,,0,12,21,57.14,84,4.57,2,1,4,25.0,0,,0
f994f4ca,384817,AR Berenger,AR Berenger,United Arab Emirates,2015-02-19,2015-03-15,6,6,0,53,111,22,8.83,47.75,0,0,7,0,6.31,77.48,2.0,0,0,0,0,,,,,0,0,,1,0,45,103,43.69,0,,0,8,8,100.0,0,,0,0,0,,0,,0
35971419,633426,Waqas Khan,Waqas Khan,Hong Kong,2016-09-08,2017-12-06,6,4,1,52,100,35*,17.33,52.0,0,0,3,0,3.0,62.0,6.2,0,0,0,0,,,,,0,0,,0,0,0,0,,0,,0,38,80,47.5,0,,0,14,20,70.0,0,,0
c8ad0749,300629,AK Perera,AK Perera,Sri Lanka,2013-07-26,2019-10-02,6,4,0,52,83,31,13.0,62.65,0,0,3,0,3.61,56.63,5.5,3,36,33,0,,5.5,,0/5,0,0,44.44,1,0,0,0,,0,,0,52,83,62.65,36,5.5,0,0,0,,0,,0
98d05440,25955,B Regmi,B Regmi,Nepal,2018-08-30,2019-01-25,2,2,0,12,29,12,6.0,41.38,0,0,2,0,6.9,79.31,9.5,2,66,50,2,25.0,4.55,33.0,2/49,0,0,54.55,0,0,0,0,,6,9.0,0,4,5,80.0,42,3.14,2,8,24,33.33,18,6.33,0
10c158cc,1443393,K Sonavale,K Sonavale,Oman,2024-07-22,2026-09-10,5,5,0,12,41,4,2.4,29.27,0,0,1,0,2.44,85.37,2.8,3,51,23,2,11.5,2.71,25.5,1/1,0,0,60.78,0,0,12,31,38.71,0,,0,0,10,0.0,48,2.75,1,0,0,,3,2.0,1
34b332d3,906749,DC Drakes,DC Drakes,West Indies,2023-06-04,2023-07-27,3,2,0,11,17,8,5.5,64.71,0,0,0,0,0.0,47.06,9.0,3,114,73,2,36.5,3.84,57.0,2/29,0,0,76.32,1,0,0,0,,66,4.36,1,3,5,60.0,36,3.0,1,8,12,66.67,12,3.5,0
bafb9238,1123428,Usman Khan,Usman Khan (2),Pakistan,2025-03-29,2025-04-05,2,2,0,51,50,39,25.5,102.0,0,0,5,2,14.0,52.0,3.0,0,0,0,0,,,,,0,0,,0,0,31,28,110.71,0,,0,20,22,90.91,0,,0,0,0,,0,,0
d4f9dbd4,32540,CA Pujara,CA Pujara,India,2013-08-01,2014-06-19,5,5,0,51,130,27,10.2,39.23,0,0,4,0,3.08,73.85,2.2,0,0,0,0,,,,,0,0,,0,0,23,70,32.86,0,,0,28,60,46.67,0,,0,0,0,,0,,0
15de1f5d,959833,WA Agar,WA Agar,Australia,2021-07-20,2021-07-22,2,2,0,50,42,41,25.0,119.05,0,0,4,2,14.29,45.24,10.0,2,66,39,0,,3.55,,0/15,0,0,66.67,0,0,0,0,,18,6.33,0,7,9,77.78,48,2.5,0,43,33,130.3,0,,0
8ce2080b,1193548,TJG Pringle,TJG Pringle,Netherlands,2022-06-19,2026-07-31,5,5,0,10,28,6,2.0,35.71,0,0,0,0,0.0,78.57,8.6,5,253,262,2,131.0,6.21,126.5,1/41,0,0,45.45,0,0,0,0,,42,6.57,0,3,11,27.27,205,6.18,2,7,17,41.18,6,5.0,0
321be7e3,1193546,A Ashok,A Ashok,New Zealand,2023-12-20,2026-01-11,3,1,0,10,12,10,10.0,83.33,0,0,2,0,16.67,75.0,9.0,3,97,120,2,60.0,7.42,48.5,1/55,0,0,35.05,1,0,0,0,,0,,0,10,12,83.33,85,7.34,1,0,0,,12,8.0,1
60606200,1167806,Muzahir Raza,Muzahir Raza,Oman,2024-11-01,2024-11-11,4,1,0,10,7,10,10.0,142.86,0,0,2,0,28.57,42.86,11.0,4,96,45,2,22.5,2.81,48.0,1/13,0,0,78.12,1,0,0,0,,96,2.81,2,0,0,,0,,0,10,7,142.86,0,,0
f0af99a7,698315,D Ferreira,D Ferreira,South Africa,2025-11-04,2025-11-08,3,2,0,10,22,7,5.0,45.45,0,0,1,0,4.55,68.18,6.0,3,138,115,2,57.5,5.0,69.0,2/53,0,0,54.35,3,0,0,0,,18,5.0,0,10,22,45.45,90,4.4,2,0,0,,30,6.8,0
7157a72f,25432,PJC Hoffmann,PJC Hoffmann,Scotland,2007-02-04,2007-08-16,6,4,2,30,23,18,15.0,130.43,0,0,4,1,21.74,52.17,10.0,5,192,175,1,175.0,5.47,192.0,1/57,0,0,61.46,1,0,0,0,,132,5.05,0,7,8,87.5,48,5.25,0,23,15,153.33,12,11.0,1
9b8a3c39,1072472,Muhammad Musa,Muhammad Musa,Pakistan,2020-11-01,2020-11-03,2,1,1,9,3,9*,,300.0,0,0,2,0,66.67,0.0,10.0,2,97,101,2,50.5,6.25,48.5,2/21,0,0,53.61,0,0,0,0,,12,0.5,1,0,0,,72,6.08,0,9,3,300.0,13,12.46,1
04f4f2e1,42746,Saqib Ali,Saqib Ali,United Arab Emirates,2008-06-24,2008-06-26,2,2,0,29,53,19,14.5,54.72,0,0,2,0,3.77,62.26,4.5,2,60,57,1,57.0,5.7,60.0,1/44,0,0,35.0,0,0,4,5,80.0,6,4.0,0,25,48,52.08,36,6.67,0,0,0,,18,4.33,1
709b0bac,35390,SS Tiwary,SS Tiwary,India,2010-10-20,2010-12-10,3,2,2,49,56,37*,,87.5,0,0,5,1,10.71,50.0,7.0,0,0,0,0,,,,,0,0,,2,0,0,0,,0,,0,10,15,66.67,0,,0,39,41,95.12,0,,0
1e5708ac,43726,Zahid Hussain,Zahid Hussain,Canada,2011-09-19,2011-09-20,2,2,1,9,31,7*,9.0,29.03,0,0,1,0,3.23,80.65,10.5,2,120,94,2,47.0,4.7,60.0,1/37,0,0,48.33,1,0,0,0,,0,,0,0,0,,96,4.56,2,9,31,29.03,24,5.25,0
f407e354,47700,M van Jaarsveld,M van Jaarsveld,South Africa,2003-06-28,2004-09-18,6,4,0,29,55,13,7.25,52.73,0,0,2,0,3.64,65.45,5.2,1,30,18,1,18.0,3.6,30.0,1/18,0,0,63.33,2,0,5,11,45.45,0,,0,11,20,55.0,30,3.6,1,13,24,54.17,0,,0
1cb14aa4,545467,CJ Dala,CJ Dala,South Africa,2018-08-08,2025-02-10,3,2,1,8,6,5,8.0,133.33,0,0,1,0,16.67,33.33,10.5,3,150,168,2,84.0,6.72,75.0,1/47,0,0,43.33,1,0,0,0,,48,5.88,1,8,6,133.33,90,7.07,1,0,0,,12,7.5,0
5d664346,1290929,TB Robinson,TB Robinson,New Zealand,2024-11-13,2024-11-19,3,3,0,48,47,35,16.0,102.13,0,0,7,0,14.89,48.94,2.0,0,0,0,0,,,,,0,0,,0,0,40,34,117.65,0,,0,8,13,61.54,0,,0,0,0,,0,,0
e9e37173,1234278,A Busing-Volschenk,A Busing-Volschenk,Namibia,2026-07-21,2026-09-13,3,3,0,48,123,31,16.0,39.02,0,0,5,0,4.07,76.42,2.0,0,0,0,0,,,,,0,0,,2,0,30,80,37.5,0,,0,18,43,41.86,0,,0,0,0,,0,,0
ee9bdbc8,43860,Zulqarnain Haider,Zulqarnain Haider,Pakistan,2010-10-29,2010-11-05,4,4,2,48,68,19*,24.0,70.59,0,0,3,0,4.41,51.47,8.2,0,0,0,0,,,,,0,0,,1,1,0,0,,0,,0,1,1,100.0,0,,0,47,67,70.15,0,,0
304c9c2e,52076,RO Hurley,RO Hurley,West Indies,2003-06-11,2004-02-01,4,2,0,8,17,6,4.0,47.06,0,0,0,0,0.0,58.82,8.0,3,180,129,2,64.5,4.3,90.0,1/25,0,0,56.11,1,0,0,0,,18,4.0,0,8,17,47.06,132,3.45,2,0,0,,30,8.2,0
f0e58a83,252869,SKW Kelly,SKW Kelly,Bermuda,2006-11-27,2006-12-02,3,1,1,7,5,7*,,140.0,0,0,1,0,20.0,40.0,10.0,3,79,70,2,35.0,5.32,39.5,1/11,0,0,58.23,1,0,0,0,,12,8.0,0,0,0,,50,4.2,1,7,5,140.0,17,6.71,1
8dbda772,25591,Arshad Ali,Arshad Ali,United Arab Emirates,2008-06-24,2008-06-26,2,2,0,47,89,41,23.5,52.81,0,0,5,0,5.62,67.42,2.0,2,96,100,0,,6.25,,0/26,0,0,36.46,1,0,27,35,77.14,0,,0,20,54,37.04,60,4.7,0,0,0,,36,8.83,0
944533a5,398439,KK Nair,KK Nair,India,2016-06-11,2016-06-13,2,2,0,46,88,39,23.0,52.27,0,0,6,0,6.82,72.73,2.0,0,0,0,0,,,,,0,0,,0,0,25,52,48.08,0,,0,21,36,58.33,0,,0,0,0,,0,,0
2ef4f045,378457,ME Sanuth,ME Sanuth,Oman,2020-01-05,2020-02-09,3,2,0,46,39,40,23.0,117.95,0,0,5,1,15.38,38.46,5.0,3,60,61,0,,6.1,,0/16,0,0,56.67,0,0,6,7,85.71,0,,0,31,23,134.78,60,6.1,0,9,9,100.0,0,,0
b3b4dc7d,291088,Zain Abbas,Zain Abbas,Hong Kong,2008-06-24,2008-06-24,1,1,1,26,54,26*,,48.15,0,0,2,0,3.7,68.52,6.0,1,36,56,1,56.0,9.33,36.0,1/56,0,0,38.89,0,0,4,4,100.0,0,,0,22,50,44.0,24,8.0,0,0,0,,12,12.0,1
89ffd337,55889,Faisal Hossain,Faisal Hossain,Bangladesh,2004-05-19,2010-07-16,4,3,1,26,54,17,13.0,48.15,0,0,2,0,3.7,68.52,6.0,2,73,53,1,53.0,4.36,73.0,1/27,0,0,42.47,2,0,1,7,14.29,0,,0,17,38,44.74,66,4.27,1,8,9,88.89,7,5.14,0
047945ae,24798,BO van Rooi,BO van Rooi,Namibia,2003-02-23,2003-03-03,3,3,2,26,38,17,26.0,68.42,0,0,3,0,7.89,63.16,9.3,3,120,119,1,119.0,5.95,120.0,1/24,0,0,48.33,0,0,0,0,,30,3.6,1,17,29,58.62,60,5.8,0,9,9,100.0,30,8.6,0
11196470,55643,TV Mufambisi,TV Mufambisi,Zimbabwe,2006-08-06,2006-10-10,4,4,0,45,69,21,11.25,65.22,0,0,6,0,8.7,69.57,2.8,0,0,0,0,,,,,0,0,,0,0,44,65,67.69,0,,0,0,0,,0,,0,1,4,25.0,0,,0
06e649a0,245186,RK Whelan,RK Whelan,Ireland,2007-06-23,2007-06-24,2,2,0,5,12,5,2.5,41.67,0,0,1,0,8.33,83.33,11.0,2,90,99,2,49.5,6.6,45.0,1/43,0,0,52.22,0,0,0,0,,60,6.0,1,0,7,0.0,30,7.8,1,5,5,100.0,0,,0
2259c12d,24139,Tabarak Dar,Tabarak Dar,Hong Kong,2008-06-24,2008-06-25,2,2,0,45,88,24,22.5,51.14,0,0,5,0,5.68,68.18,1.0,0,0,0,0,,,,,0,0,,0,0,33,56,58.93,0,,0,12,32,37.5,0,,0,0,0,,0,,0
856a5e81,24794,M Karg,M Karg,Namibia,2003-02-10,2003-03-03,3,2,0,45,65,41,22.5,69.23,0,0,4,1,7.69,66.15,2.5,0,0,0,0,,,,,0,0,,1,0,32,42,76.19,0,,0,13,23,56.52,0,,0,0,0,,0,,0
52e8dd6b,43776,Zaheer Maqsood,Zaheer Maqsood,United Arab Emirates,2015-11-16,2015-11-16,1,1,1,5,10,5*,,50.0,0,0,1,0,10.0,80.0,11.0,1,60,56,2,28.0,5.6,30.0,2/56,0,0,45.0,0,0,0,0,,0,,0,0,2,0.0,48,5.5,1,5,8,62.5,12,6.0,1
74aab92e,596002,LN Roche,LN Roche,Zimbabwe,2018-07-13,2018-07-22,3,2,0,4,10,4,2.0,40.0,0,0,0,0,0.0,60.0,8.0,3,138,157,2,78.5,6.83,69.0,1/54,0,0,38.41,1,0,0,0,,0,,0,4,9,44.44,138,6.83,2,0,1,0.0,0,,0
19d0a172,1195662,G Hoey,G Hoey,Ireland,2024-10-02,2024-10-04,2,2,0,24,28,23,12.0,85.71,0,0,2,1,10.71,60.71,9.0,2,102,114,1,114.0,6.71,102.0,1/49,0,0,34.31,1,0,0,0,,0,,0,24,28,85.71,90,6.93,1,0,0,,12,5.0,0
6705008a,23713,H Durham,H Durham,Bermuda,2006-11-30,2006-11-30,1,1,0,4,14,4,4.0,28.57,0,0,0,0,0.0,78.57,8.0,1,58,47,2,23.5,4.86,29.0,2/47,0,0,58.62,2,0,0,0,,0,,0,0,0,,58,4.86,2,4,14,28.57,0,,0
22ae3041,240609,Fawad Ahmed,Fawad Ahmed,Australia,2013-09-08,2013-09-16,2,1,1,4,2,4*,,200.0,0,0,1,0,50.0,50.0,11.0,2,84,106,2,53.0,7.57,42.0,1/51,0,0,29.76,0,0,0,0,,0,,0,0,0,,66,7.0,0,4,2,200.0,18,9.67,2
fdd414ab,56219,Al Sahariar,Al Sahariar,Bangladesh,2003-02-11,2003-08-03,6,6,0,44,98,14,7.33,44.9,0,0,5,1,6.12,78.57,2.0,0,0,0,0,,,,,0,0,,2,0,36,73,49.32,0,,0,8,25,32.0,0,,0,0,0,,0,,0
9f62b897,49598,MKGCP Lakshitha,MKGCP Lakshitha,Sri Lanka,2003-01-17,2003-01-21,2,1,0,4,6,4,4.0,66.67,0,0,0,0,0.0,50.0,9.0,2,72,65,2,32.5,5.42,36.0,2/42,0,0,41.67,0,0,0,0,,6,2.0,1,0,0,,60,5.5,0,4,6,66.67,6,8.0,1
9de31202,25643,RW Staple,RW Staple,United States of America,2004-09-10,2004-09-13,2,2,0,4,11,4,2.0,36.36,0,0,1,0,9.09,90.91,5.0,1,60,76,2,38.0,7.6,30.0,2/76,0,0,36.67,0,0,0,0,,0,,0,4,11,36.36,36,6.5,0,0,0,,24,9.25,2
62decd8e,44682,AC Dawson,AC Dawson,South Africa,2003-04-21,2003-10-12,6,1,1,23,31,23*,,74.19,0,0,4,0,12.9,64.52,10.0,6,240,207,1,207.0,5.17,240.0,1/47,0,0,44.17,2,0,0,0,,0,,0,0,0,,192,5.09,0,23,31,74.19,48,5.5,1
31e31116,24846,SJ Swanepoel,SJ Swanepoel,Namibia,2003-02-10,2003-02-27,5,5,0,43,94,23,8.6,45.74,0,0,4,0,4.26,73.4,1.6,0,0,0,0,,,,,0,0,,0,0,38,79,48.1,0,,0,5,15,33.33,0,,0,0,0,,0,,0
8eb611d0,56017,Mosharraf Hossain,Mosharraf Hossain,Bangladesh,2008-03-09,2016-10-07,4,4,1,22,61,8,7.33,36.07,0,0,0,0,0.0,68.85,9.5,4,150,123,1,123.0,4.92,150.0,1/26,0,0,48.67,0,0,0,0,,0,,0,4,12,33.33,138,5.17,1,18,49,36.73,12,2.0,0
c13e34f4,1168651,Haider Ali,Haider Ali,Pakistan,2020-11-01,2020-11-03,2,2,0,42,33,29,21.0,127.27,0,0,4,2,18.18,54.55,4.0,0,0,0,0,,,,,0,0,,1,0,13,9,144.44,0,,0,29,24,120.83,0,,0,0,0,,0,,0
2e78f685,1163695,KR Sen,KR Sen,India,2022-12-04,2022-12-04,1,1,1,2,4,2*,,50.0,0,0,0,0,0.0,50.0,11.0,1,30,37,2,18.5,7.4,15.0,2/37,0,0,53.33,0,0,0,0,,0,,0,1,1,100.0,24,5.75,2,1,3,33.33,6,14.0,0
cdd875d9,1261866,JA Turner,JA Turner,England,2024-10-31,2024-11-02,2,1,1,2,5,2*,,40.0,0,0,0,0,0.0,60.0,11.0,2,66,68,2,34.0,6.18,33.0,2/42,0,0,60.61,0,0,0,0,,60,5.4,2,0,0,,6,14.0,0,2,5,40.0,0,,0
0ebb3444,1076376,L Scott,L Scott,Australia,2026-06-09,2026-06-09,1,1,0,2,4,2,2.0,50.0,0,0,0,0,0.0,50.0,8.0,1,48,57,2,28.5,7.12,24.0,2/57,0,0,41.67,1,0,0,0,,12,6.5,0,2,4,50.0,18,6.0,0,0,0,,18,8.67,2
8d6a0fbc,5112,BR Dorey,BR Dorey,Australia,2006-01-20,2006-04-28,4,1,0,2,8,2,2.0,25.0,0,0,0,0,0.0,75.0,10.0,4,162,146,2,73.0,5.41,81.0,1/12,0,0,64.2,0,0,0,0,,30,4.2,1,0,0,,114,5.11,0,2,8,25.0,18,9.33,1
463cd7cb,36627,CD Cumming,CD Cumming,New Zealand,2003-11-29,2009-02-10,6,6,0,42,96,25,7.0,43.75,0,0,5,0,5.21,76.04,2.2,0,0,0,0,,,,,0,0,,2,0,32,68,47.06,0,,0,10,28,35.71,0,,0,0,0,,0,,0
47d00fb5,24773,RL Bhudia,RL Bhudia,Kenya,2009-01-31,2009-01-31,1,1,0,22,15,22,22.0,146.67,0,0,1,1,13.33,26.67,9.0,1,48,23,1,23.0,2.88,48.0,1/23,0,0,77.08,1,0,0,0,,12,6.0,0,0,0,,36,1.83,1,22,15,146.67,0,,0
eb9cb105,297634,SC Meaker,SC Meaker,England,2011-10-23,2011-10-25,2,2,0,2,16,1,1.0,12.5,0,0,0,0,0.0,87.5,10.0,2,114,110,2,55.0,5.79,57.0,1/45,0,0,55.26,0,0,0,0,,6,2.0,0,1,6,16.67,96,5.19,2,1,10,10.0,12,12.5,0
2a731841,56188,Tareq Aziz,Tareq Aziz,Bangladesh,2004-03-14,2004-03-14,1,1,1,2,11,2*,,18.18,0,0,0,0,0.0,81.82,11.0,1,48,35,2,17.5,4.38,24.0,2/35,0,0,70.83,0,0,0,0,,0,,0,0,0,,42,4.14,2,2,11,18.18,6,6.0,0
50a92895,416190,KY Ottley,KY Ottley,West Indies,2021-01-22,2024-02-06,4,4,0,41,73,24,10.25,56.16,0,0,5,1,8.22,73.97,2.0,0,0,0,0,,,,,0,0,,1,0,31,60,51.67,0,,0,10,13,76.92,0,,0,0,0,,0,,0
a790df98,696143,S Snater,S Snater,Netherlands,2022-06-17,2022-06-19,2,2,1,21,13,17*,21.0,161.54,0,0,1,1,15.38,23.08,9.0,2,79,125,1,125.0,9.49,79.0,1/99,0,0,32.91,2,0,0,0,,30,5.6,1,14,8,175.0,31,8.9,0,7,5,140.0,18,17.0,0
d913103d,1090591,K Mahato,K Mahato,Nepal,2022-07-17,2023-07-04,2,2,2,1,10,1*,,10.0,0,0,0,0,0.0,90.0,11.0,2,78,76,2,38.0,5.85,39.0,2/55,0,0,55.13,0,0,0,0,,24,3.25,1,0,9,0.0,42,7.43,0,1,1,100.0,12,5.5,1
fe11caa6,279810,WP Saha,WP Saha,India,2010-11-28,2014-11-09,9,5,2,41,56,16,13.67,73.21,0,0,5,0,8.93,62.5,6.4,0,0,0,0,,,,,0,0,,17,1,0,0,,0,,0,21,33,63.64,0,,0,20,23,86.96,0,,0
5a6bb1c7,40170,Fayyaz Ahmed,Fayyaz Ahmed,United Arab Emirates,2014-05-04,2016-08-16,2,2,2,41,94,37*,,43.62,0,0,5,0,5.32,74.47,8.0,2,102,69,0,,4.06,,0/16,0,0,55.88,0,0,0,0,,0,,0,22,50,44.0,102,4.06,0,19,44,43.18,0,,0
6b64e7a3,1005369,J Mulder,J Mulder,Ireland,2017-03-04,2017-03-04,1,0,0,0,0,0,,,0,0,0,0,,,,1,60,28,2,14.0,2.8,30.0,2/28,0,0,63.33,0,0,0,0,,0,,0,0,0,,42,3.14,0,0,0,,18,2.0,2
c4d740b3,232442,PS Masvaure,PS Masvaure,Zimbabwe,2018-07-18,2018-07-22,2,2,0,40,60,39,20.0,66.67,0,0,2,0,3.33,50.0,2.0,1,18,19,0,,6.33,,0/19,0,0,22.22,0,0,1,7,14.29,0,,0,39,53,73.58,18,6.33,0,0,0,,0,,0
2cdce1be,1131754,C Sakariya,C Sakariya,India,2021-07-23,2021-07-23,1,1,1,0,1,0*,,0.0,0,0,0,0,0.0,100.0,11.0,1,48,34,2,17.0,4.25,24.0,2/34,0,0,66.67,2,0,0,0,,12,4.5,0,0,0,,36,4.17,2,0,1,0.0,0,,0
6766ca00,951781,M Shumba,M Shumba,Zimbabwe,2021-09-10,2024-01-11,7,6,2,40,83,26,10.0,48.19,0,0,3,0,3.61,68.67,4.5,1,29,27,0,,5.59,,0/27,0,0,48.28,2,0,5,17,29.41,0,,0,34,64,53.12,23,4.7,0,1,2,50.0,6,9.0,0
279c51f0,1185557,Aakash Chand,Aakash Chand,Nepal,2024-02-10,2024-02-12,2,0,0,0,0,0,,,0,0,0,0,,,,2,78,82,2,41.0,6.31,39.0,1/31,0,0,38.46,1,0,0,0,,0,,0,0,0,,66,5.91,2,0,0,,12,8.5,0
2957a836,45888,GJP Kruger,GJP Kruger,South Africa,2006-01-15,2006-01-20,3,2,1,0,10,0*,0.0,0.0,0,0,0,0,0.0,100.0,11.0,3,138,139,2,69.5,6.04,69.0,1/43,0,0,56.52,1,0,0,0,,54,6.0,1,0,0,,60,5.3,0,0,10,0.0,24,8.0,1
51de2a80,4882,DJ Cullen,DJ Cullen,Australia,2006-04-23,2006-09-18,4,0,0,0,0,0,,,0,0,0,0,,,,4,201,132,2,66.0,3.94,100.5,2/25,0,0,55.22,2,0,0,0,,0,,0,0,0,,192,4.0,0,0,0,,9,2.67,2
53fa62a2,220521,Fahad Alhashmi,Fahad Alhashmi,United Arab Emirates,2008-06-24,2015-03-12,3,2,0,0,6,0,0.0,0.0,0,0,0,0,0.0,100.0,10.5,3,104,105,2,52.5,6.06,52.0,2/39,0,0,49.04,0,0,0,0,,42,6.14,0,0,3,0.0,62,6.0,2,0,3,0.0,0,,0
4e5cf2d6,39121,Afzaal Haider,Afzaal Haider,Hong Kong,2008-06-24,2008-06-25,2,2,1,0,10,0*,0.0,0.0,0,0,0,0,0.0,100.0,10.5,2,78,123,2,61.5,9.46,39.0,1/51,0,0,38.46,1,0,0,0,,42,8.43,1,0,10,0.0,12,7.5,0,0,0,,24,12.25,1
ae78bc32,317293,MS Gony,MS Gony,India,2008-06-25,2008-06-28,2,0,0,0,0,0,,,0,0,0,0,,,,2,78,76,2,38.0,5.85,39.0,2/65,0,0,53.85,0,0,0,0,,36,5.5,0,0,0,,30,3.2,1,0,0,,12,13.5,1
63bff7f9,5605,SM Harwood,SM Harwood,Australia,2009-04-13,2009-04-13,1,1,0,0,4,0,0.0,0.0,0,0,0,0,0.0,100.0,11.0,1,60,57,2,28.5,5.7,30.0,2/57,0,0,35.0,0,0,0,0,,6,2.0,0,0,0,,42,5.29,1,0,4,0.0,12,9.0,1
f3abd0c9,310107,DR Briggs,DR Briggs,England,2012-02-21,2012-02-21,1,0,0,0,0,0,,,0,0,0,0,,,,1,60,39,2,19.5,3.9,30.0,2/39,0,0,50.0,0,0,0,0,,0,,0,0,0,,48,3.88,1,0,0,,12,4.0,1
c07a1f41,308418,NM Odhiambo,NM Odhiambo,Kenya,2013-03-11,2013-03-11,1,0,0,0,0,0,,,0,0,0,0,,,,1,60,38,2,19.0,3.8,30.0,2/38,0,0,63.33,0,0,0,0,,30,2.6,0,0,0,,12,5.0,0,0,0,,18,5.0,2
d876610c,227455,Robiul Islam,Robiul Islam,Bangladesh,2013-05-03,2013-05-08,3,1,1,0,1,0*,,0.0,0,0,0,0,0.0,100.0,11.0,3,133,117,2,58.5,5.28,66.5,1/21,0,0,54.89,0,0,0,0,,54,5.0,0,0,0,,67,5.01,2,0,1,0.0,12,8.0,0
4cd3960e,48821,KADM Fernando,KADM Fernando,Sri Lanka,2003-11-18,2003-11-18,1,0,0,0,0,0,,,0,0,0,0,,,,1,42,13,2,6.5,1.86,21.0,2/13,0,0,85.71,1,0,0,0,,30,1.4,2,0,0,,12,3.0,0,0,0,,0,,0
9170ff49,378496,Parvez Rasool,Parvez Rasool,India,2014-06-15,2014-06-15,1,0,0,0,0,0,,,0,0,0,0,,,,1,60,60,2,30.0,6.0,30.0,2/60,0,0,41.67,0,0,0,0,,0,,0,0,0,,54,5.89,2,0,0,,6,7.0,0
9124aa4c,1241253,Zuhaib Zubair,Zuhaib Zubair,United Arab Emirates,2024-02-28,2026-05-01,4,4,0,39,49,31,9.75,79.59,0,0,3,1,8.16,59.18,7.8,4,150,138,0,,5.52,,0/21,0,0,42.0,0,0,0,0,,0,,0,5,18,27.78,144,5.58,0,34,31,109.68,6,4.0,0
1cb64b3c,25635,CB Lambert,CB Lambert,United States of America,2004-09-10,2004-09-10,1,1,0,39,84,39,39.0,46.43,0,0,4,1,5.95,76.19,6.0,1,60,66,0,,6.6,,0/66,0,0,45.0,0,0,0,0,,0,,0,39,84,46.43,42,6.14,0,0,0,,18,7.67,0
b2498b5d,1339104,Saad Masood,Saad Masood,Pakistan,2026-03-15,2026-03-15,1,1,0,38,44,38,38.0,86.36,0,0,5,0,11.36,54.55,7.0,1,48,55,0,,6.88,,0/55,0,0,31.25,0,0,0,0,,0,,0,38,44,86.36,36,6.17,0,0,0,,12,9.0,0
424a7994,1241280,Nilansh Keswani,Nilansh Keswani,United Arab Emirates,2026-04-25,2026-04-27,2,2,0,18,34,18,9.0,52.94,0,0,1,0,2.94,55.88,6.5,2,54,57,1,57.0,6.33,54.0,1/37,0,0,42.59,1,0,0,0,,0,,0,12,16,75.0,42,5.86,1,6,18,33.33,12,8.0,0
93f104b4,43307,Tanvir Ahmed,Tanvir Ahmed (1),Pakistan,2011-05-02,2011-05-02,1,1,0,18,12,18,18.0,150.0,0,0,1,2,25.0,58.33,9.0,1,36,45,1,45.0,7.5,36.0,1/45,0,0,58.33,1,0,0,0,,24,10.25,0,0,0,,12,2.0,1,18,12,150.0,0,,0
5c5a8c1f,49477,CKB Kulasekara,CKB Kulasekara,Sri Lanka,2011-11-11,2012-01-17,4,3,0,38,72,19,12.67,52.78,0,0,0,0,0.0,59.72,7.3,4,78,80,0,,6.15,,0/6,0,0,30.77,1,0,4,10,40.0,0,,0,15,42,35.71,78,6.15,0,19,20,95.0,0,,0
717e803a,48844,TCB Fernando,TCB Fernando,Sri Lanka,2003-01-13,2003-04-07,6,3,2,18,38,14*,18.0,47.37,0,0,0,0,0.0,57.89,9.3,6,209,173,1,173.0,4.97,209.0,1/17,0,0,57.42,0,0,0,0,,155,4.53,1,0,0,,42,6.0,0,18,38,47.37,12,7.0,0
7cb2d9d2,501907,DM Dupavillon,DM Dupavillon,South Africa,2020-03-07,2021-04-07,2,1,0,17,10,17,17.0,170.0,0,0,2,1,30.0,50.0,11.0,2,66,51,1,51.0,4.64,66.0,1/21,0,0,51.52,0,0,0,0,,0,,0,0,0,,66,4.64,1,17,10,170.0,0,,0
e6ec6b42,1444109,Aaditya Varadarajan,Aaditya Varadarajan,Canada,2024-08-11,2024-08-19,3,3,0,36,62,25,12.0,58.06,0,0,1,0,1.61,54.84,4.0,0,0,0,0,,,,,0,0,,1,0,11,30,36.67,0,,0,14,18,77.78,0,,0,11,14,78.57,0,,0
af2cc80a,21598,JO Troughton,JO Troughton,England,2003-06-17,2003-07-03,6,5,1,36,76,20,9.0,47.37,0,0,5,0,6.58,76.32,4.8,0,0,0,0,,,,,0,0,,1,0,0,0,,0,,0,29,56,51.79,0,,0,7,20,35.0,0,,0
bcb01d8c,15876,RWT Key,RWT Key,England,2003-06-26,2004-07-06,4,4,0,36,101,19,9.0,35.64,0,0,3,0,2.97,75.25,3.2,0,0,0,0,,,,,0,0,,0,0,13,27,48.15,0,,0,23,74,31.08,0,,0,0,0,,0,,0
d1f871a4,919527,C McAuslan,C McAuslan,Hong Kong,2017-01-22,2017-01-26,2,2,0,35,72,27,17.5,48.61,0,0,4,0,5.56,70.83,2.0,0,0,0,0,,,,,0,0,,0,0,30,64,46.88,0,,0,5,8,62.5,0,,0,0,0,,0,,0
3e326efc,25065,JNT Vare,JNT Vare,Papua New Guinea,2017-04-04,2018-03-08,5,5,0,35,70,16,7.0,50.0,0,0,1,0,1.43,60.0,7.8,0,0,0,0,,,,,0,0,,3,1,0,0,,0,,0,35,70,50.0,0,,0,0,0,,0,,0
684a56df,498440,RR Beaton,RR Beaton,West Indies,2017-12-20,2017-12-23,2,2,1,15,51,12*,15.0,29.41,0,0,2,0,3.92,84.31,9.5,2,102,102,1,102.0,6.0,102.0,1/60,0,0,46.08,0,0,0,0,,36,6.33,0,14,38,36.84,48,5.0,1,1,13,7.69,18,8.0,0
65b6943c,573170,L Wood,L Wood,England,2022-11-17,2025-10-26,3,2,1,15,14,10,15.0,107.14,0,0,2,0,14.29,35.71,10.5,2,108,113,1,113.0,6.28,108.0,1/54,0,0,48.15,0,0,0,0,,36,6.33,1,5,4,125.0,54,6.56,0,10,10,100.0,18,5.33,0
7ca68967,1181708,NA Greenwood,NA Greenwood,Jersey,2023-03-30,2023-04-05,4,4,0,35,66,14,8.75,53.03,0,0,3,0,4.55,71.21,2.0,0,0,0,0,,,,,0,0,,2,0,33,62,53.23,0,,0,2,4,50.0,0,,0,0,0,,0,,0
c1ef6dad,23760,RD Steede,RD Steede,Bermuda,2006-11-27,2008-06-29,2,2,0,15,20,9,7.5,75.0,0,0,2,0,10.0,65.0,8.5,2,78,52,1,52.0,4.0,78.0,1/25,0,0,64.1,0,0,0,0,,54,4.44,1,0,0,,12,2.0,0,15,20,75.0,12,4.0,0
7b9b9aef,585100,Abdul Shakoor,Abdul Shakoor,United Arab Emirates,2015-11-16,2018-08-30,2,2,0,34,65,24,17.0,52.31,0,0,2,1,4.62,66.15,7.5,0,0,0,0,,,,,0,0,,3,1,0,0,,0,,0,25,51,49.02,0,,0,9,14,64.29,0,,0
1236044e,1195683,LR Naylor,LR Naylor,Scotland,2023-02-20,2025-06-12,2,2,0,34,43,20,17.0,79.07,0,0,5,0,11.63,60.47,3.0,0,0,0,0,,,,,0,0,,0,0,20,21,95.24,0,,0,14,22,63.64,0,,0,0,0,,0,,0
c25927f8,25879,RP Alexander,RP Alexander,United States of America,2004-09-10,2004-09-13,2,2,0,34,75,26,17.0,45.33,0,0,3,0,4.0,69.33,1.0,0,0,0,0,,,,,0,0,,0,0,28,63,44.44,0,,0,6,12,50.0,0,,0,0,0,,0,,0
5f75a7c5,653033,PARP Perera,PARP Perera,Sri Lanka,2019-03-13,2019-03-16,2,2,0,33,58,33,16.5,56.9,0,0,2,0,3.45,55.17,5.5,0,0,0,0,,,,,0,0,,1,0,0,0,,0,,0,15,36,41.67,0,,0,18,22,81.82,0,,0
f92c9151,707113,TC Bruce,TC Bruce,Scotland,2025-08-31,2025-09-04,2,2,1,33,35,22,33.0,94.29,0,0,1,2,8.57,48.57,5.0,0,0,0,0,,,,,0,0,,1,0,0,0,,0,,0,25,25,100.0,0,,0,8,10,80.0,0,,0
fdac5295,37698,JAH Marshall,JAH Marshall,New Zealand,2005-02-26,2008-06-15,6,6,0,33,84,14,5.5,39.29,0,0,2,0,2.38,73.81,5.3,0,0,0,0,,,,,0,0,,0,0,6,20,30.0,0,,0,27,62,43.55,0,,0,0,2,0.0,0,,0
48fa71c3,41440,Mohammad Iqbal,Mohammad Iqbal,Canada,2007-10-18,2007-10-20,2,2,0,33,53,30,16.5,62.26,0,0,6,0,11.32,79.25,1.5,0,0,0,0,,,,,0,0,,0,0,19,35,54.29,0,,0,14,18,77.78,0,,0,0,0,,0,,0
f8f2ec39,306982,MMA Jonkman,MMA Jonkman,Netherlands,2010-08-18,2010-08-18,1,1,0,13,37,13,13.0,35.14,0,0,2,0,5.41,81.08,9.0,1,24,21,1,21.0,5.25,24.0,1/21,0,0,62.5,0,0,0,0,,0,,0,13,37,35.14,24,5.25,1,0,0,,0,,0
e3a949be,440517,D Cleaver,D Cleaver,New Zealand,2022-07-31,2022-07-31,1,1,0,32,37,32,32.0,86.49,0,0,3,0,8.11,40.54,3.0,0,0,0,0,,,,,0,0,,2,0,0,0,,0,,0,32,37,86.49,0,,0,0,0,,0,,0
cc9989f9,1532519,W Smith,W Smith,Namibia,2026-09-11,2026-09-13,2,2,0,12,30,10,6.0,40.0,0,0,1,0,3.33,73.33,9.5,2,72,85,1,85.0,7.08,72.0,1/29,0,0,36.11,0,0,0,0,,0,,0,12,29,41.38,66,7.09,1,0,1,0.0,6,7.0,0
6c1beb66,38111,MHW Papps,MHW Papps,New Zealand,2004-02-25,2005-02-26,2,2,1,32,62,29,32.0,51.61,0,0,4,0,6.45,67.74,2.0,0,0,0,0,,,,,0,0,,1,0,21,41,51.22,0,,0,11,21,52.38,0,,0,0,0,,0,,0
26a85969,290727,R Dhawan,R Dhawan,India,2016-01-17,2016-01-23,3,2,1,12,13,9,12.0,92.31,0,0,1,0,7.69,53.85,8.0,3,150,160,1,160.0,6.4,150.0,1/74,0,0,40.0,0,0,0,0,,0,,0,0,0,,126,5.67,1,12,13,92.31,24,10.25,0
b529630e,50205,PM Pushpakumara,PM Pushpakumara,Sri Lanka,2017-08-31,2017-09-03,2,2,0,11,26,8,5.5,42.31,0,0,0,1,3.85,80.77,9.0,2,114,105,1,105.0,5.53,114.0,1/40,0,0,44.74,2,0,0,0,,12,7.5,0,1,14,7.14,96,5.06,1,10,12,83.33,6,9.0,0
a81d6706,222320,C Jonker,C Jonker,South Africa,2018-09-30,2018-10-03,2,2,0,31,33,25,15.5,93.94,0,0,5,1,18.18,72.73,5.5,0,0,0,0,,,,,0,0,,0,0,0,0,,0,,0,31,33,93.94,0,,0,0,0,,0,,0
c1077ba3,1179855,Pratis GC,Pratis GC,Nepal,2023-03-06,2023-07-02,2,1,1,11,6,11*,,183.33,0,0,1,0,16.67,0.0,10.0,2,90,53,1,53.0,3.53,90.0,1/39,0,0,63.33,0,0,0,0,,36,4.67,0,0,0,,36,2.5,0,11,6,183.33,18,3.33,1
2976523f,1548982,Meet Patel,Meet Patel,Canada,2026-08-07,2026-08-07,1,1,0,11,22,11,11.0,50.0,0,0,1,0,4.55,63.64,7.0,1,30,37,1,37.0,7.4,30.0,1/37,0,0,46.67,0,0,0,0,,0,,0,11,22,50.0,18,7.67,0,0,0,,12,7.0,1
4cbce738,51739,D Daesrath,D Daesrath,Canada,2013-08-27,2013-08-29,2,1,0,31,55,31,31.0,56.36,0,0,3,1,7.27,76.36,7.0,0,0,0,0,,,,,0,0,,2,0,2,14,14.29,0,,0,29,41,70.73,0,,0,0,0,,0,,0
ff3f6fc1,1205559,Mohammad Haris,Mohammad Haris,Pakistan,2022-06-08,2023-09-14,6,5,1,30,35,17*,7.5,85.71,0,0,2,1,8.57,54.29,5.6,0,0,0,0,,,,,0,0,,5,2,0,0,,0,,0,13,27,48.15,0,,0,17,8,212.5,0,,0
20f3a03d,1193304,RM Jariwala,RM Jariwala,United States of America,2022-06-04,2022-09-17,4,4,0,30,50,14,7.5,60.0,0,0,1,1,4.0,58.0,6.2,0,0,0,0,,,,,0,0,,0,0,0,0,,0,,0,17,25,68.0,0,,0,13,25,52.0,0,,0
579f2447,1161018,Surya Tamang,Surya Tamang,Nepal,2024-02-08,2024-02-10,2,1,1,10,32,10*,,31.25,0,0,0,0,0.0,71.88,9.0,2,90,78,1,78.0,5.2,90.0,1/46,0,0,61.11,0,0,0,0,,0,,0,0,0,,90,5.2,1,10,32,31.25,0,,0
5b8fffb4,295644,GD Drummond,GD Drummond,Scotland,2007-07-13,2011-06-29,5,1,1,10,9,10*,,111.11,0,0,1,0,11.11,22.22,10.0,4,155,129,1,129.0,4.99,155.0,1/29,0,0,57.42,1,0,0,0,,36,2.5,1,10,9,111.11,101,4.87,0,0,0,,18,10.67,0
8ffe3c97,247009,AR Pitcher,AR Pitcher,Bermuda,2007-10-28,2007-10-28,1,1,0,30,54,30,30.0,55.56,0,0,2,1,5.56,72.22,2.0,0,0,0,0,,,,,0,0,,0,0,16,29,55.17,0,,0,14,25,56.0,0,,0,0,0,,0,,0
add57f1f,50874,SM Warnapura,SM Warnapura,Sri Lanka,2008-08-27,2008-08-29,2,2,0,30,62,30,15.0,48.39,0,0,4,0,6.45,72.58,2.0,0,0,0,0,,,,,0,0,,3,0,10,39,25.64,0,,0,20,23,86.96,0,,0,0,0,,0,,0
c020cef5,779973,Saqlain Haider,Saqlain Haider,United Arab Emirates,2015-03-12,2016-08-16,3,3,0,30,40,12,10.0,75.0,0,0,4,0,10.0,57.5,8.0,0,0,0,0,,,,,0,0,,1,0,0,0,,0,,0,18,29,62.07,0,,0,12,11,109.09,0,,0
53fcbbfb,21537,GP Thorpe,GP Thorpe,England,2002-06-27,2002-06-29,2,2,0,30,46,18,15.0,65.22,0,0,2,0,4.35,58.7,4.5,0,0,0,0,,,,,0,0,,2,0,3,5,60.0,0,,0,27,41,65.85,0,,0,0,0,,0,,0
87a122f5,1472723,Hashir Dafedar,Hashir Dafedar,Oman,2025-02-10,2025-02-18,4,3,1,29,61,15,14.5,47.54,0,0,3,1,6.56,78.69,5.3,0,0,0,0,,,,,0,0,,3,0,9,21,42.86,0,,0,20,40,50.0,0,,0,0,0,,0,,0
c9040f7a,1504905,Hasnain Ul Wahab,Hasnain Ul Wahab,Oman,2026-05-05,2026-09-10,2,2,0,29,45,29,14.5,64.44,0,0,3,1,8.89,73.33,2.0,0,0,0,0,,,,,0,0,,3,0,22,36,61.11,0,,0,7,9,77.78,0,,0,0,0,,0,,0
fd67a507,24603,DI Joyce,DI Joyce,Ireland,2006-06-13,2007-06-24,3,3,0,29,56,18,9.67,51.79,0,0,4,0,7.14,75.0,2.7,0,0,0,0,,,,,0,0,,1,0,3,22,13.64,0,,0,26,34,76.47,0,,0,0,0,,0,,0
98653b57,25875,HR Johnson,HR Johnson,United States of America,2004-09-10,2004-09-13,2,2,1,9,20,9,9.0,45.0,0,0,0,0,0.0,70.0,11.0,2,60,69,1,69.0,6.9,60.0,1/26,0,0,60.0,0,0,0,0,,48,4.5,1,9,15,60.0,6,6.0,0,0,5,0.0,6,27.0,0
d3c260a6,772469,Usman Rafiq,Usman Rafiq,United States of America,2023-06-26,2023-06-30,2,2,1,28,40,28*,28.0,70.0,0,0,4,0,10.0,67.5,10.0,2,32,47,0,,8.81,,0/7,0,0,25.0,0,0,0,0,,0,,0,15,30,50.0,26,7.15,0,13,10,130.0,6,16.0,0
9aedf23b,1253296,T Mayes,T Mayes,Ireland,2025-05-21,2025-05-23,2,1,1,8,5,8*,,160.0,0,0,1,0,20.0,20.0,7.0,2,78,72,1,72.0,5.54,78.0,1/23,0,0,61.54,1,0,0,0,,48,4.5,1,0,0,,24,5.0,0,8,5,160.0,6,16.0,0
79f8472d,935881,Mohammad Mohsin,Mohammad Mohsin,United States of America,2026-05-14,2026-05-16,2,2,1,8,9,8*,8.0,88.89,0,0,1,0,11.11,66.67,9.5,2,78,83,1,83.0,6.38,78.0,1/41,0,0,38.46,2,0,0,0,,0,,0,8,9,88.89,78,6.38,1,0,0,,0,,0
1cfb9ef4,1192185,AS Chima,AS Chima,Canada,2026-08-11,2026-08-13,2,2,0,28,29,24,14.0,96.55,0,0,4,1,17.24,62.07,4.5,0,0,0,0,,,,,0,0,,0,0,4,13,30.77,0,,0,24,16,150.0,0,,0,0,0,,0,,0
f71de062,23702,OL Pitcher,OL Pitcher,Bermuda,2007-03-15,2007-03-25,3,3,0,28,81,22,9.33,34.57,0,0,2,0,2.47,76.54,1.7,0,0,0,0,,,,,0,0,,1,0,19,58,32.76,0,,0,9,23,39.13,0,,0,0,0,,0,,0
b3e9b7fa,245287,KED Carroll,KED Carroll,Ireland,2007-04-18,2007-06-24,3,3,0,28,40,21,9.33,70.0,0,0,1,0,2.5,62.5,3.7,1,6,8,0,,8.0,,0/8,0,0,66.67,1,0,28,38,73.68,6,8.0,0,0,2,0.0,0,,0,0,0,,0,,0
6ae9c751,216811,JJ Celestine,JJ Celestine,Bermuda,2007-10-25,2008-06-29,3,3,0,28,60,15,9.33,46.67,0,0,5,0,8.33,81.67,3.7,0,0,0,0,,,,,0,0,,0,0,14,45,31.11,0,,0,14,15,93.33,0,,0,0,0,,0,,0
6b062b4b,25872,CA Reid,CA Reid,United States of America,2004-09-10,2004-09-13,2,2,0,8,17,6,4.0,47.06,0,0,1,0,5.88,76.47,8.0,2,78,63,1,63.0,4.85,78.0,1/37,0,0,64.1,0,0,0,0,,48,5.62,1,3,10,30.0,30,3.6,0,5,7,71.43,0,,0
201facae,1414819,N Mokoena,N Mokoena,South Africa,2026-09-11,2026-09-13,2,1,1,7,3,7*,,233.33,0,0,0,1,33.33,33.33,11.0,2,72,46,1,46.0,3.83,72.0,1/31,0,0,63.89,1,0,0,0,,0,,0,0,0,,72,3.83,1,7,3,233.33,0,,0
3a9adcce,23691,CJ Smith,CJ Smith,Bermuda,2006-11-30,2007-03-15,5,5,0,27,46,15,5.4,58.7,0,0,2,2,8.7,80.43,1.0,0,0,0,0,,,,,0,0,,1,0,27,46,58.7,0,,0,0,0,,0,,0,0,0,,0,,0
79025aaa,55909,Hasibul Hossain,Hasibul Hossain,Bangladesh,2003-08-02,2004-12-27,3,3,2,7,22,6,7.0,31.82,0,0,0,0,0.0,81.82,10.7,3,102,121,1,121.0,7.12,102.0,1/37,0,0,60.78,0,0,0,0,,84,6.36,1,6,16,37.5,18,10.67,0,1,6,16.67,0,,0
07ff32f5,1077309,Khurram Nawaz,Khurram Nawaz,Oman,2019-04-27,2019-08-18,3,2,1,26,49,17*,26.0,53.06,0,0,1,0,2.04,59.18,8.5,0,0,0,0,,,,,0,0,,1,0,0,0,,0,,0,26,49,53.06,0,,0,0,0,,0,,0
2c54c49b,1263361,MJ Humphreys,MJ Humphreys,Ireland,2023-03-20,2025-02-18,6,3,2,6,10,4*,6.0,60.0,0,0,1,0,10.0,70.0,10.3,6,246,211,1,211.0,5.15,246.0,1/16,0,0,52.03,1,0,0,0,,12,10.5,0,4,7,57.14,210,5.09,1,2,3,66.67,24,3.0,0
03d3dd8e,24996,AF Buurman,AF Buurman,Netherlands,2007-07-13,2011-03-18,3,2,0,26,32,26,13.0,81.25,0,0,4,0,12.5,62.5,7.5,0,0,0,0,,,,,0,0,,5,0,0,0,,0,,0,0,2,0.0,0,,0,26,30,86.67,0,,0
549aefcd,36950,BJ Diamanti,BJ Diamanti,New Zealand,2009-02-13,2009-02-13,1,1,1,26,22,26*,,118.18,0,0,3,0,13.64,50.0,8.0,1,12,25,0,,12.5,,0/25,0,0,0.0,1,0,10,9,111.11,6,11.0,0,16,13,123.08,6,14.0,0,0,0,,0,,0
0a951319,38418,SL Stewart,SL Stewart,New Zealand,2010-03-11,2010-10-11,4,4,0,26,59,14,6.5,44.07,0,0,2,0,3.39,71.19,5.5,0,0,0,0,,,,,0,0,,0,0,6,7,85.71,0,,0,20,52,38.46,0,,0,0,0,,0,,0
aed55673,55353,MT Chinouya,MT Chinouya,Zimbabwe,2013-07-28,2013-08-01,2,2,1,6,8,6*,6.0,75.0,0,0,1,0,12.5,75.0,11.0,2,66,50,1,50.0,4.55,66.0,1/36,0,0,68.18,0,0,0,0,,54,3.22,1,0,0,,12,10.5,0,6,8,75.0,0,,0
208f22ea,557298,DJ Worrall,DJ Worrall,Australia,2016-09-27,2016-10-05,3,1,1,6,4,6*,,150.0,0,0,1,0,25.0,25.0,10.0,3,158,171,1,171.0,6.49,158.0,1/43,0,0,54.43,1,0,0,0,,84,5.86,0,0,0,,62,6.87,1,6,4,150.0,12,9.0,0
a2eac9df,350632,Waqas Barkat,Waqas Barkat,Hong Kong,2014-05-04,2018-03-10,4,4,1,25,54,14,8.33,46.3,0,0,2,0,3.7,68.52,7.0,1,12,19,0,,9.5,,0/19,0,0,41.67,1,0,0,0,,0,,0,19,48,39.58,12,9.5,0,6,6,100.0,0,,0
9018bf65,41963,Mansoor Amjad,Mansoor Amjad,Pakistan,2008-06-29,2008-06-29,1,1,0,5,10,5,5.0,50.0,0,0,0,0,0.0,50.0,7.0,1,48,44,1,44.0,5.5,48.0,1/44,0,0,37.5,0,0,0,0,,0,,0,5,10,50.0,42,5.0,1,0,0,,6,9.0,0
9f961c14,29976,Joginder Sharma,Joginder Sharma,India,2004-12-23,2004-12-27,2,1,1,5,2,5*,,250.0,0,0,1,0,50.0,0.0,10.0,2,66,48,1,48.0,4.36,66.0,1/28,0,0,63.64,2,0,0,0,,18,0.67,0,0,0,,42,4.29,1,5,2,250.0,6,16.0,0
7516045a,302850,WT Gavera,WT Gavera,Papua New Guinea,2016-11-04,2017-04-02,2,1,1,4,6,4*,,66.67,0,0,1,0,16.67,83.33,11.0,2,84,78,1,78.0,5.57,84.0,1/53,0,0,47.62,0,0,0,0,,6,12.0,0,4,6,66.67,54,4.44,0,0,0,,24,6.5,1
a24be938,851403,VR Iyer,VR Iyer,India,2022-01-19,2022-01-21,2,2,0,24,40,22,12.0,60.0,0,0,0,1,2.5,52.5,6.0,1,30,28,0,,5.6,,0/28,0,0,33.33,0,0,0,0,,0,,0,17,29,58.62,30,5.6,0,7,11,63.64,0,,0
7ccbb09f,1203995,Shahnawaz Dhani,Shahnawaz Dhani,Pakistan,2022-06-12,2022-08-21,2,2,2,4,3,4*,,133.33,0,0,0,0,0.0,0.0,11.0,2,96,73,1,73.0,4.56,96.0,1/36,0,0,60.42,0,0,0,0,,48,3.88,1,0,0,,36,5.67,0,4,3,133.33,12,4.0,0
df064e1a,1175441,Ravi Bishnoi,Ravi Bishnoi,India,2022-10-06,2022-10-06,1,1,1,4,2,4*,,200.0,0,0,1,0,50.0,50.0,10.0,1,48,69,1,69.0,8.62,48.0,1/69,0,0,37.5,0,0,0,0,,6,10.0,0,4,2,200.0,42,8.43,1,0,0,,0,,0
af19c6a8,313430,CK Hooper,CK Hooper,Canada,2007-10-18,2010-07-07,2,2,0,4,3,4,2.0,133.33,0,0,1,0,33.33,66.67,9.5,2,67,88,1,88.0,7.88,67.0,1/66,0,0,49.25,0,0,0,0,,43,7.95,1,0,0,,12,5.0,0,4,3,133.33,12,10.5,0
a159b802,463217,A van der Merwe,A van der Merwe,Ireland,2010-08-18,2011-09-20,3,1,1,4,4,4*,,100.0,0,0,0,0,0.0,0.0,10.0,3,126,79,1,79.0,3.76,126.0,1/23,0,0,60.32,0,0,0,0,,0,,0,4,4,100.0,120,3.65,1,0,0,,6,6.0,0
fc54ef7a,23785,BB Seebaran,BB Seebaran,Canada,2003-02-19,2003-03-03,4,3,2,4,13,4*,4.0,30.77,0,0,0,0,0.0,76.92,10.7,3,108,130,1,130.0,7.22,108.0,1/61,0,0,36.11,1,0,0,0,,6,26.0,0,0,0,,84,6.64,1,4,13,30.77,18,3.67,0
ecaad7d2,55774,RW Sims,RW Sims,Zimbabwe,2003-07-10,2003-07-10,1,1,0,24,60,24,24.0,40.0,0,0,2,0,3.33,75.0,7.0,1,18,18,0,,6.0,,0/18,0,0,38.89,0,0,0,0,,0,,0,24,59,40.68,18,6.0,0,0,1,0.0,0,,0
81049310,447587,J Yadav,J Yadav,India,2016-10-29,2022-01-23,2,2,1,3,7,2,3.0,42.86,0,0,0,0,0.0,57.14,8.0,2,84,61,1,61.0,4.36,84.0,1/8,0,0,57.14,1,0,0,0,,0,,0,0,1,0.0,84,4.36,1,3,6,50.0,0,,0
c3b93a03,431909,J Blackwood,J Blackwood,West Indies,2015-11-04,2022-08-17,3,3,1,23,41,12*,11.5,56.1,0,0,2,0,4.88,63.41,4.0,1,18,16,0,,5.33,,0/16,0,0,22.22,2,0,11,23,47.83,0,,0,12,18,66.67,18,5.33,0,0,0,,0,,0
77bf0483,1161669,Akeem Jordan,Akeem Jordan,West Indies,2023-06-06,2023-06-09,2,1,1,3,6,3*,,50.0,0,0,0,0,0.0,50.0,11.0,2,66,56,1,56.0,5.09,66.0,1/36,0,0,66.67,2,0,0,0,,48,4.88,1,0,0,,0,,0,3,6,50.0,18,5.67,0
8ec9db50,1276721,PD Macchi,PD Macchi,Oman,2025-05-19,2026-05-03,4,4,0,23,47,12,5.75,48.94,0,0,3,0,6.38,76.6,2.8,0,0,0,0,,,,,0,0,,5,0,23,46,50.0,0,,0,0,1,0.0,0,,0,0,0,,0,,0
e42dff5f,48967,KHRK Fernando,KHRK Fernando,Sri Lanka,2006-02-20,2006-02-22,2,2,1,3,14,3,3.0,21.43,0,0,0,0,0.0,78.57,7.0,2,66,41,1,41.0,3.73,66.0,1/18,0,0,62.12,1,0,0,0,,0,,0,3,14,21.43,60,3.6,1,0,0,,6,5.0,0
8a79613a,23887,D Soraine,D Soraine,Canada,2007-10-18,2007-10-20,2,2,0,3,9,3,1.5,33.33,0,0,0,0,0.0,66.67,10.0,2,53,37,1,37.0,4.19,53.0,1/23,0,0,52.83,1,0,0,0,,5,4.8,0,0,0,,48,4.12,1,3,9,33.33,0,,0
9c1ccdea,46075,J Louw,J Louw,South Africa,2008-11-07,2008-11-07,1,1,0,23,7,23,23.0,328.57,0,0,1,3,57.14,28.57,9.0,1,42,50,0,,7.14,,0/50,0,0,54.76,0,0,0,0,,30,7.4,0,0,0,,12,6.5,0,23,7,328.57,0,,0
9cbbe35b,208755,TG Gordon,TG Gordon,Canada,2011-02-20,2011-03-07,4,4,0,23,53,9,5.75,43.4,0,0,2,0,3.77,73.58,7.0,1,3,1,0,,2.0,,0/1,0,0,100.0,1,0,0,0,,3,2.0,0,20,42,47.62,0,,0,3,11,27.27,0,,0
92c43fac,463215,RD McCann,RD McCann,Ireland,2010-07-07,2010-09-06,2,2,0,23,56,17,11.5,41.07,0,0,1,0,1.79,69.64,6.0,0,0,0,0,,,,,0,0,,1,0,0,0,,0,,0,23,56,41.07,0,,0,0,0,,0,,0
df92d6fb,49121,D Gamage,D Gamage,Sri Lanka,2003-06-07,2003-06-11,2,2,1,3,10,2*,3.0,30.0,0,0,0,0,0.0,70.0,11.0,2,65,57,1,57.0,5.26,65.0,1/30,0,0,52.31,1,0,0,0,,12,7.0,0,0,0,,53,4.87,1,3,10,30.0,0,,0
7f82b4fb,55675,HK Olonga,HK Olonga,Zimbabwe,2003-02-10,2003-03-12,2,1,0,3,12,3,3.0,25.0,0,0,0,0,0.0,75.0,10.0,2,42,29,1,29.0,4.14,42.0,1/21,0,0,76.19,0,0,0,0,,6,0.0,0,3,10,30.0,36,4.83,1,0,2,0.0,0,,0
20fbf68c,52294,Reon King,Reon King,West Indies,2005-02-01,2005-02-01,1,1,1,3,10,3*,,30.0,0,0,0,0,0.0,70.0,11.0,1,60,60,1,60.0,6.0,60.0,1/60,0,0,40.0,0,0,0,0,,0,,0,0,0,,54,5.44,1,3,10,30.0,6,11.0,0
59cc6b79,25883,SJ Massiah,SJ Massiah,United States of America,2004-09-10,2004-09-13,2,2,0,23,44,23,11.5,52.27,0,0,3,0,6.82,79.55,4.0,0,0,0,0,,,,,0,0,,0,0,16,33,48.48,0,,0,7,11,63.64,0,,0,0,0,,0,,0
90de905a,424377,K Gowtham,K Gowtham,India,2021-07-23,2021-07-23,1,1,0,2,3,2,2.0,66.67,0,0,0,0,0.0,33.33,8.0,1,48,49,1,49.0,6.12,48.0,1/49,0,0,50.0,1,0,0,0,,18,6.0,1,2,3,66.67,30,6.2,0,0,0,,0,,0
64775749,961713,RP Meredith,RP Meredith,Australia,2021-07-22,2026-06-14,3,2,2,2,4,2*,,50.0,0,0,0,0,0.0,50.0,11.0,3,108,127,1,127.0,7.06,108.0,1/50,0,0,50.0,1,0,0,0,,42,6.29,0,0,0,,60,8.0,1,2,4,50.0,6,3.0,0
c740ea83,823703,RM Patidar,RM Patidar,India,2023-12-21,2023-12-21,1,1,0,22,16,22,22.0,137.5,0,0,3,1,25.0,56.25,1.0,0,0,0,0,,,,,0,0,,0,0,22,16,137.5,0,,0,0,0,,0,,0,0,0,,0,,0
ff154ecd,1112537,JM Cox,JM Cox,England,2024-10-31,2024-11-06,3,3,0,22,56,17,7.33,39.29,0,0,2,0,3.57,71.43,3.0,0,0,0,0,,,,,0,0,,1,0,5,28,17.86,0,,0,17,28,60.71,0,,0,0,0,,0,,0
afe830a2,1070229,RMMP Rathnayake,RMMP Rathnayake,Sri Lanka,2025-07-02,2026-06-03,2,2,0,22,32,22,11.0,68.75,0,0,3,0,9.38,62.5,7.5,2,66,64,0,,5.82,,0/10,0,0,45.45,2,0,0,0,,12,11.0,0,22,31,70.97,42,4.0,0,0,1,0.0,12,7.0,0
94268960,952207,S Qeshile,S Qeshile,South Africa,2025-11-04,2025-11-06,2,1,0,22,23,22,22.0,95.65,0,0,3,0,13.04,43.48,5.0,0,0,0,0,,,,,0,0,,0,0,0,0,,0,,0,22,23,95.65,0,,0,0,0,,0,,0
056f58dd,307235,KC Hodsoll,KC Hodsoll,Bermuda,2007-10-28,2007-10-28,1,1,1,2,5,2*,,40.0,0,0,0,0,0.0,60.0,11.0,1,30,28,1,28.0,5.6,30.0,1/28,0,0,53.33,0,0,0,0,,30,5.6,1,0,0,,0,,0,2,5,40.0,0,,0
9eea360c,41481,Mohammad Salman,Mohammad Salman,Pakistan,2011-04-23,2011-05-05,5,3,1,22,39,19*,11.0,56.41,0,0,2,0,5.13,64.1,8.0,0,0,0,0,,,,,0,0,,2,1,0,0,,0,,0,13,33,39.39,0,,0,9,6,150.0,0,,0
a3a078ba,301847,Subashis Roy,Subashis Roy,Bangladesh,2016-12-29,2016-12-29,1,1,1,1,9,1*,,11.11,0,0,0,0,0.0,88.89,11.0,1,60,45,1,45.0,4.5,60.0,1/45,0,0,61.67,0,0,0,0,,30,3.2,0,0,3,0.0,12,3.0,0,1,6,16.67,18,7.67,1
cdac5a3d,801817,M Shiraz,M Shiraz,Sri Lanka,2024-08-02,2024-11-19,2,1,1,1,1,1*,,100.0,0,0,0,0,0.0,0.0,10.0,2,54,48,1,48.0,5.33,54.0,1/23,0,0,62.96,0,0,0,0,,36,5.0,1,0,0,,18,6.0,0,1,1,100.0,0,,0
749a1b3a,6950,BP Nash,BP Nash,West Indies,2008-11-12,2008-12-31,2,2,0,21,21,12,10.5,100.0,0,0,2,0,9.52,38.1,6.0,1,30,33,0,,6.6,,0/33,0,0,26.67,0,0,0,0,,0,,0,12,13,92.31,30,6.6,0,9,8,112.5,0,,0
96dced3e,55640,W Mwayenga,W Mwayenga,Zimbabwe,2004-05-27,2004-05-29,2,2,0,1,11,1,0.5,9.09,0,0,0,0,0.0,90.91,10.0,2,72,83,1,83.0,6.92,72.0,1/61,0,0,44.44,2,0,0,0,,18,7.33,0,0,0,,48,6.62,0,1,11,9.09,6,8.0,1
91c984a1,38751,JW Wilson,JW Wilson,New Zealand,2005-03-01,2005-03-01,1,1,0,1,2,1,1.0,50.0,0,0,0,0,0.0,50.0,9.0,1,54,68,1,68.0,7.56,54.0,1/68,0,0,46.3,1,0,0,0,,6,12.0,0,0,0,,48,7.0,1,1,2,50.0,0,,0
a2a1efe2,25862,LC Romero,LC Romero,United States of America,2004-09-10,2004-09-13,2,2,0,1,7,1,0.5,14.29,0,0,0,0,0.0,85.71,3.0,1,24,52,1,52.0,13.0,24.0,1/52,0,0,37.5,1,0,1,7,14.29,0,,0,0,0,,18,8.33,1,0,0,,6,27.0,0
2c997ad3,362079,KMC Bandara,KMC Bandara,Sri Lanka,2016-07-02,2016-07-02,1,1,1,1,3,1*,,33.33,0,0,0,0,0.0,66.67,11.0,1,60,83,1,83.0,8.3,60.0,1/83,0,0,33.33,0,0,0,0,,24,8.75,0,0,0,,24,6.5,0,1,3,33.33,12,11.0,1
69c994e4,395057,SHA Rance,SHA Rance,New Zealand,2017-05-14,2017-05-17,2,0,0,0,0,0,,,0,0,0,0,,,,2,105,110,1,110.0,6.29,105.0,1/44,0,0,49.52,3,0,0,0,,54,5.22,0,0,0,,24,7.75,0,0,0,,27,7.11,1
31803fac,550137,Abu Hider,Abu Hider,Bangladesh,2018-10-26,2018-10-26,1,0,0,0,0,0,,,0,0,0,0,,,,1,54,39,1,39.0,4.33,54.0,1/39,0,0,57.41,0,0,0,0,,30,3.4,1,0,0,,12,4.5,0,0,0,,12,6.5,0
a089f93f,389666,Mohammad Abbas,Mohammad Abbas,Pakistan,2019-03-22,2019-03-31,3,0,0,0,0,0,,,0,0,0,0,,,,3,162,153,1,153.0,5.67,162.0,1/44,0,0,45.68,0,0,0,0,,72,6.0,0,0,0,,60,5.0,0,0,0,,30,6.2,1
3abe1ef6,596456,A Ndlovu,A Ndlovu,Zimbabwe,2019-06-19,2019-06-21,2,0,0,0,0,0,,,0,0,0,0,,,,2,102,80,1,80.0,4.71,102.0,1/29,0,0,60.78,0,0,0,0,,18,5.67,1,0,0,,84,4.5,0,0,0,,0,,0
f6571355,959823,CK Tshuma,CK Tshuma,Zimbabwe,2020-03-03,2020-03-06,2,1,0,0,1,0,0.0,0.0,0,0,0,0,0.0,100.0,11.0,2,66,83,1,83.0,7.55,66.0,1/35,0,0,50.0,0,0,0,0,,36,6.17,0,0,1,0.0,18,11.0,0,0,0,,12,6.5,1
f05fe9b1,21440,JA Simpson,JA Simpson,England,2021-07-08,2021-07-13,3,2,0,20,31,17,10.0,64.52,0,0,2,0,6.45,58.06,6.0,0,0,0,0,,,,,0,0,,9,0,0,0,,0,,0,20,31,64.52,0,,0,0,0,,0,,0
33742f04,348152,Usman Qadir,Usman Qadir,Pakistan,2021-04-07,2021-04-07,1,0,0,0,0,0,,,0,0,0,0,,,,1,54,48,1,48.0,5.33,54.0,1/48,0,0,44.44,1,0,0,0,,0,,0,0,0,,54,5.33,1,0,0,,0,,0
6c79c098,362710,DA Payne,DA Payne,England,2022-06-22,2022-06-22,1,0,0,0,0,0,,,0,0,0,0,,,,1,54,38,1,38.0,4.22,54.0,1/38,0,0,57.41,0,0,0,0,,30,4.0,0,0,0,,6,2.0,0,0,0,,18,5.33,1
70f2f922,547760,TF van Woerkom,TF van Woerkom,Ireland,2023-09-26,2023-12-17,2,0,0,0,0,0,,,0,0,0,0,,,,2,48,75,1,75.0,9.38,48.0,1/47,0,0,22.92,1,0,0,0,,0,,0,0,0,,48,9.38,1,0,0,,0,,0
98299b67,1186229,HGV Vare,HGV Vare,Papua New Guinea,2023-02-28,2023-03-27,6,5,1,20,28,7,5.0,71.43,0,0,2,0,7.14,60.71,9.6,0,0,0,0,,,,,0,0,,7,0,0,0,,0,,0,7,9,77.78,0,,0,13,19,68.42,0,,0
083e01d9,1241201,Matiullah Khan,Matiullah Khan,United Arab Emirates,2023-03-30,2023-03-30,1,1,1,0,0,0*,,,0,0,0,0,,,11.0,1,30,37,1,37.0,7.4,30.0,1/37,0,0,40.0,0,0,0,0,,18,6.33,0,0,0,,12,9.0,1,0,0,,0,,0
aea11d1d,1112214,D Birrell,D Birrell,Jersey,2023-04-05,2023-04-05,1,1,0,0,1,0,0.0,0.0,0,0,0,0,0.0,100.0,11.0,1,60,54,1,54.0,5.4,60.0,1/54,0,0,61.67,0,0,0,0,,24,7.5,0,0,0,,30,3.2,1,0,1,0.0,6,8.0,0
94759472,1241218,Adhitya Shetty,Adhitya Shetty,United Arab Emirates,2023-06-06,2023-06-06,1,0,0,0,0,0,,,0,0,0,0,,,,1,60,56,1,56.0,5.6,60.0,1/56,0,0,48.33,1,0,0,0,,0,,0,0,0,,60,5.6,1,0,0,,0,,0
1a448be0,928059,B White,B White,Ireland,2023-06-19,2023-06-21,2,0,0,0,0,0,,,0,0,0,0,,,,2,108,118,1,118.0,6.56,108.0,1/59,0,0,40.74,0,0,0,0,,0,,0,0,0,,102,6.53,1,0,0,,6,7.0,0
b34d91ec,1415039,MG Kariata,MG Kariata,Namibia,2024-07-18,2024-07-18,1,0,0,0,0,0,,,0,0,0,0,,,,1,30,31,1,31.0,6.2,30.0,1/31,0,0,53.33,0,0,0,0,,18,6.0,1,0,0,,12,6.5,0,0,0,,0,,0
e3fe4b49,1099225,F Hand,F Hand,Ireland,2024-10-07,2024-10-07,1,1,0,0,1,0,0.0,0.0,0,0,0,0,0.0,100.0,8.0,1,48,44,1,44.0,5.5,48.0,1/44,0,0,54.17,0,0,0,0,,6,6.0,0,0,0,,42,5.43,1,0,1,0.0,0,,0
b88fa6fe,530814,MJ Mindley,MJ Mindley,West Indies,2024-12-10,2024-12-10,1,0,0,0,0,0,,,0,0,0,0,,,,1,42,45,1,45.0,6.43,42.0,1/45,0,0,59.52,0,0,0,0,,24,8.0,0,0,0,,18,4.33,1,0,0,,0,,0
af4a9a0a,1403089,J Blades,J Blades,West Indies,2024-12-12,2025-08-10,3,1,0,0,1,0,0.0,0.0,0,0,0,0,0.0,100.0,11.0,3,120,172,1,172.0,8.6,120.0,1/46,0,0,39.17,0,0,0,0,,54,7.44,0,0,0,,48,8.5,1,0,1,0.0,18,12.33,0
a86a37ab,1158175,Mohammad Ali,Mohammad Ali (2),Pakistan,2025-03-29,2025-03-29,1,1,1,0,2,0*,,0.0,0,0,0,0,0.0,100.0,11.0,1,60,53,1,53.0,5.3,60.0,1/53,0,0,50.0,0,0,0,0,,18,3.0,0,0,0,,36,5.5,0,0,2,0.0,6,11.0,1
20ab5aad,1256934,PD Blignaut,PD Blignaut,Namibia,2024-09-22,2024-09-22,1,1,0,0,0,0,0.0,,0,0,0,0,,,10.0,1,24,28,1,28.0,7.0,24.0,1/28,0,0,20.83,0,0,0,0,,0,,0,0,0,,24,7.0,1,0,0,,0,,0
1f1b4c89,857975,JC Tongue,JC Tongue,England,2026-07-14,2026-07-19,2,1,0,0,2,0,0.0,0.0,0,0,0,0,0.0,100.0,11.0,2,90,93,1,93.0,6.2,90.0,1/50,0,0,58.89,0,0,0,0,,30,7.0,0,0,0,,54,6.0,1,0,2,0.0,6,4.0,0
80b2fb19,1350768,Prince Yadav,Prince Yadav,India,2026-07-19,2026-07-19,1,0,0,0,0,0,,,0,0,0,0,,,,1,60,79,1,79.0,7.9,60.0,1/79,0,0,43.33,1,0,0,0,,12,8.0,0,0,0,,30,6.8,0,0,0,,18,9.67,1
04d6d2e6,1518831,R Appidi,R Appidi,United States of America,2026-06-06,2026-06-06,1,0,0,0,0,0,,,0,0,0,0,,,,1,54,75,1,75.0,8.33,54.0,1/75,0,0,46.3,0,0,0,0,,12,9.5,0,0,0,,30,6.6,1,0,0,,12,11.5,0
3cbdbdeb,1452277,Zainullah Ihsan,Zainullah Ihsan,Scotland,2026-08-07,2026-08-07,1,0,0,0,0,0,,,0,0,0,0,,,,1,36,46,1,46.0,7.67,36.0,1/46,0,0,38.89,1,0,0,0,,0,,0,0,0,,30,8.0,0,0,0,,6,6.0,1
17b641bf,22144,SD Udal,SD Udal,England,2005-12-21,2005-12-21,1,1,0,0,2,0,0.0,0.0,0,0,0,0,0.0,100.0,10.0,1,42,29,1,29.0,4.14,42.0,1/29,0,0,45.24,0,0,0,0,,0,,0,0,0,,42,4.14,1,0,2,0.0,0,,0
2b944fb7,24768,JS Ababu,JS Ababu,Kenya,2006-08-13,2006-08-15,2,2,2,0,9,0*,,0.0,0,0,0,0,0.0,100.0,11.0,2,78,75,1,75.0,5.77,78.0,1/43,0,0,62.82,0,0,0,0,,0,,0,0,1,0.0,78,5.77,1,0,8,0.0,0,,0
b69e69ed,6938,AA Noffke,AA Noffke,Australia,2008-02-03,2008-02-03,1,0,0,0,0,0,,,0,0,0,0,,,,1,54,46,1,46.0,5.11,54.0,1/46,0,0,57.41,0,0,0,0,,6,11.0,0,0,0,,48,4.38,1,0,0,,0,,0
d1761087,38759,RM West,RM West,Ireland,2008-08-25,2009-08-27,3,1,0,0,3,0,0.0,0.0,0,0,0,0,0.0,100.0,9.0,2,108,64,1,64.0,3.56,108.0,1/33,0,0,65.74,1,0,0,0,,0,,0,0,3,0.0,108,3.56,1,0,0,,0,,0
079d9bdc,413702,BA Westdijk,BA Westdijk,Netherlands,2011-02-22,2011-03-03,3,2,0,0,3,0,0.0,0.0,0,0,0,0,0.0,100.0,11.0,3,138,173,1,173.0,7.52,138.0,1/56,0,0,47.1,0,0,0,0,,78,5.85,0,0,3,0.0,36,8.17,0,0,0,,24,12.0,1
c5e68250,55669,IA Nicolson,IA Nicolson,Zimbabwe,2010-10-22,2010-10-22,1,1,0,0,3,0,0.0,0.0,0,0,0,0,0.0,100.0,11.0,1,42,74,1,74.0,10.57,42.0,1/74,0,0,40.48,0,0,0,0,,12,16.0,0,0,3,0.0,18,7.67,0,0,0,,12,9.5,1
42a05795,36187,GW Aldridge,GW Aldridge,New Zealand,2011-10-22,2011-10-25,2,0,0,0,0,0,,,0,0,0,0,,,,2,114,98,1,98.0,5.16,114.0,1/45,0,0,52.63,0,0,0,0,,48,3.25,0,0,0,,30,7.0,1,0,0,,36,6.17,0
3703d634,50914,S Weerakoon,S Weerakoon,Sri Lanka,2012-06-13,2012-06-16,2,0,0,0,0,0,,,0,0,0,0,,,,1,60,49,1,49.0,4.9,60.0,1/49,0,0,31.67,0,0,0,0,,0,,0,0,0,,60,4.9,1,0,0,,0,,0
7805af0f,44493,NM Carter,NM Carter,Scotland,2013-05-17,2013-05-17,1,1,0,0,6,0,0.0,0.0,0,0,0,0,0.0,100.0,2.0,1,60,56,1,56.0,5.6,60.0,1/56,0,0,60.0,0,0,0,6,0.0,30,3.8,0,0,0,,18,3.0,1,0,0,,12,14.0,0
91bbd893,38740,KP Walmsley,KP Walmsley,New Zealand,2003-11-29,2003-11-29,1,0,0,0,0,0,,,0,0,0,0,,,,1,60,64,1,64.0,6.4,60.0,1/64,0,0,45.0,0,0,0,0,,30,5.2,0,0,0,,18,5.33,0,0,0,,12,11.0,1
4c931d56,44716,AA Donald,AA Donald,South Africa,2003-02-09,2003-02-27,3,1,1,0,0,0*,,,0,0,0,0,,,11.0,3,149,133,1,133.0,5.36,149.0,1/52,0,0,60.4,0,0,0,0,,0,,0,0,0,,119,4.99,1,0,0,,30,6.8,0
7e758bb2,24808,JL Louw,JL Louw,Namibia,2003-02-10,2003-02-10,1,0,0,0,0,0,,,0,0,0,0,,,,1,60,60,1,60.0,6.0,60.0,1/60,0,0,45.0,1,0,0,0,,0,,0,0,0,,54,6.22,1,0,0,,6,4.0,0
ca4db40e,52995,AF Sattaur,AF Sattaur,Canada,2003-02-11,2003-02-19,3,3,0,20,60,13,6.67,33.33,0,0,0,1,1.67,78.33,5.3,0,0,0,0,,,,,0,0,,2,0,0,10,0.0,0,,0,15,42,35.71,0,,0,5,8,62.5,0,,0
744b6ab0,24689,Joseph Angara,Joseph Angara,Kenya,2003-04-08,2003-04-08,1,1,0,0,3,0,0.0,0.0,0,0,0,0,0.0,100.0,11.0,1,48,52,1,52.0,6.5,48.0,1/52,0,0,41.67,0,0,0,0,,0,,0,0,3,0.0,42,5.14,1,0,0,,6,16.0,0
2b30ca91,25877,MR Johnson,MR Johnson,United States of America,2004-09-10,2004-09-13,2,2,0,20,19,20,10.0,105.26,0,0,3,0,15.79,47.37,2.0,0,0,0,0,,,,,0,0,,1,0,20,19,105.26,0,,0,0,0,,0,,0,0,0,,0,,0
ae1bd901,43919,PR Adams,PR Adams,South Africa,2003-04-21,2003-07-10,2,0,0,0,0,0,,,0,0,0,0,,,,1,60,30,1,30.0,3.0,60.0,1/30,0,0,68.33,0,0,0,0,,0,,0,0,0,,54,3.33,0,0,0,,6,0.0,1
4f7279a4,343548,Raza Hasan,Raza Hasan,Pakistan,2014-10-10,2014-10-10,1,1,0,0,2,0,0.0,0.0,0,0,0,0,0.0,100.0,9.0,1,60,68,1,68.0,6.8,60.0,1/68,0,0,55.0,0,0,0,0,,18,7.0,0,0,0,,36,7.17,1,0,2,0.0,6,4.0,0
016e5101,230860,M Shezi,M Shezi,South Africa,2014-08-21,2014-08-21,1,0,0,0,0,0,,,0,0,0,0,,,,1,36,8,1,8.0,1.33,36.0,1/8,0,0,80.56,0,0,0,0,,0,,0,0,0,,36,1.33,1,0,0,,0,,0
c661789d,355267,AW Mathieson,AW Mathieson,New Zealand,2015-06-20,2015-06-20,1,1,1,0,0,0*,,,0,0,0,0,,,11.0,1,24,40,1,40.0,10.0,24.0,1/40,0,0,25.0,0,0,0,0,,6,2.0,1,0,0,,18,12.67,0,0,0,,0,,0
7c8f533d,501012,JS Paris,JS Paris,Australia,2016-01-12,2016-01-15,2,0,0,0,0,0,,,0,0,0,0,,,,2,96,93,1,93.0,5.81,96.0,1/40,0,0,48.96,1,0,0,0,,54,5.22,1,0,0,,42,6.57,0,0,0,,0,,0
9b12068b,23860,S Jyoti,S Jyoti,Canada,2006-11-30,2009-08-19,3,2,0,19,43,16,9.5,44.19,0,0,0,1,2.33,67.44,4.0,0,0,0,0,,,,,0,0,,0,0,3,17,17.65,0,,0,3,13,23.08,0,,0,13,13,100.0,0,,0
b8f3362a,52280,LR Johnson,LR Johnson,West Indies,2015-01-16,2015-01-25,3,3,0,19,61,18,6.33,31.15,0,0,2,1,4.92,86.89,3.0,0,0,0,0,,,,,0,0,,2,0,11,48,22.92,0,,0,8,13,61.54,0,,0,0,0,,0,,0
07687c15,873769,Sultan Ahmed,Sultan Ahmed (2),United Arab Emirates,2019-04-10,2019-04-16,2,2,0,18,42,11,9.0,42.86,0,0,2,0,4.76,73.81,9.5,2,72,58,0,,4.83,,0/28,0,0,50.0,0,0,0,0,,24,5.5,0,11,22,50.0,48,4.5,0,7,20,35.0,0,,0
527b2c2d,208252,Skhawat Ali,Skhawat Ali,Hong Kong,2008-06-24,2014-05-04,3,3,0,18,55,10,6.0,32.73,0,0,2,0,3.64,80.0,2.0,1,48,68,0,,8.5,,0/68,0,0,18.75,0,0,12,47,25.53,0,,0,6,8,75.0,36,5.83,0,0,0,,12,16.5,0
04029c44,220613,Munir Dar,Munir Dar,Hong Kong,2008-06-24,2008-06-25,2,2,0,18,16,14,9.0,112.5,0,0,4,0,25.0,62.5,8.0,2,108,89,0,,4.94,,0/34,0,0,42.59,0,0,0,0,,0,,0,18,16,112.5,96,4.44,0,0,0,,12,9.0,0
08323d6b,492924,K Whatham,K Whatham,Canada,2011-03-16,2011-03-16,1,1,0,18,41,18,18.0,43.9,0,0,2,0,4.88,70.73,8.0,0,0,0,0,,,,,0,0,,0,0,0,0,,0,,0,8,28,28.57,0,,0,10,13,76.92,0,,0
51e1ed69,310519,SG Borthwick,SG Borthwick,England,2011-08-25,2011-10-23,2,2,0,18,16,15,9.0,112.5,0,0,1,1,12.5,43.75,9.0,2,54,72,0,,8.0,,0/13,0,0,33.33,0,0,0,0,,0,,0,4,6,66.67,54,8.0,0,14,10,140.0,0,,0
5208c0a1,472153,DI Allan,DI Allan,Kenya,2012-02-18,2012-02-20,2,2,0,18,47,15,9.0,38.3,0,0,2,0,4.26,80.85,2.0,1,18,13,0,,4.33,,0/13,0,0,44.44,1,0,11,37,29.73,0,,0,7,10,70.0,18,4.33,0,0,0,,0,,0
4dcd505e,55938,Jamaluddin Ahmed,Jamaluddin Ahmed,Bangladesh,2003-11-07,2003-11-07,1,1,1,18,28,18*,,64.29,0,0,2,0,7.14,64.29,10.0,1,24,28,0,,7.0,,0/28,0,0,62.5,1,0,0,0,,0,,0,12,21,57.14,24,7.0,0,6,7,85.71,0,,0
9a137157,279531,OO Bascome,OO Bascome,Bermuda,2008-06-29,2008-06-29,1,1,0,17,45,17,17.0,37.78,0,0,2,0,4.44,80.0,2.0,0,0,0,0,,,,,0,0,,0,0,12,33,36.36,0,,0,5,12,41.67,0,,0,0,0,,0,,0
4c3bd588,43041,Sami Faridi,Sami Faridi,Canada,2008-06-29,2008-06-29,1,1,0,16,25,16,16.0,64.0,0,0,1,0,4.0,64.0,10.0,1,36,27,0,,4.5,,0/27,0,0,61.11,0,0,0,0,,0,,0,2,3,66.67,36,4.5,0,14,22,63.64,0,,0
cb5211dc,24154,JPR Lamsam,JPR Lamsam,Hong Kong,2008-06-25,2008-06-25,1,1,0,16,30,16,16.0,53.33,0,0,3,0,10.0,80.0,7.0,1,12,27,0,,13.5,,0/27,0,0,16.67,1,0,0,0,,12,13.5,0,16,30,53.33,0,,0,0,0,,0,,0
4ff67681,25433,MM Iqbal,MM Iqbal,Scotland,2009-04-01,2013-05-17,2,2,0,16,56,10,8.0,28.57,0,0,0,0,0.0,78.57,6.5,1,36,45,0,,7.5,,0/45,0,0,44.44,0,0,0,0,,0,,0,10,42,23.81,36,7.5,0,6,14,42.86,0,,0
1d5dd8a6,23816,N Ifill,N Ifill,Canada,2003-02-23,2003-03-03,3,2,0,16,43,9,8.0,37.21,0,0,2,0,4.65,76.74,4.0,3,72,88,0,,7.33,,0/7,0,0,40.28,1,0,7,15,46.67,6,17.0,0,9,28,32.14,66,6.45,0,0,0,,0,,0
1af1bc4b,25880,JH Desai,JH Desai,United States of America,2004-09-10,2004-09-10,1,1,0,16,38,16,16.0,42.11,0,0,1,0,2.63,76.32,7.0,0,0,0,0,,,,,0,0,,1,0,0,0,,0,,0,16,38,42.11,0,,0,0,0,,0,,0
aa8aaa45,717099,Ankur Sharma,Ankur Sharma,Hong Kong,2014-05-04,2014-05-04,1,1,0,16,31,16,16.0,51.61,0,0,1,0,3.23,61.29,7.0,0,0,0,0,,,,,0,0,,0,0,0,0,,0,,0,8,17,47.06,0,,0,8,14,57.14,0,,0
7f87204d,467420,SP Terry,SP Terry,Ireland,2016-09-25,2016-09-27,2,2,0,16,18,16,8.0,88.89,0,0,3,0,16.67,61.11,6.0,0,0,0,0,,,,,0,0,,0,0,0,0,,0,,0,16,18,88.89,0,,0,0,0,,0,,0
5a22d91c,304735,EMDY Munaweera,EMDY Munaweera,Sri Lanka,2017-08-31,2017-09-03,2,2,0,15,29,11,7.5,51.72,0,0,2,0,6.9,75.86,2.5,0,0,0,0,,,,,0,0,,2,0,15,29,51.72,0,,0,0,0,,0,,0,0,0,,0,,0
7f148ce7,230556,AM McCarthy,AM McCarthy,West Indies,2021-01-20,2021-01-22,2,2,0,15,41,12,7.5,36.59,0,0,1,0,2.44,75.61,3.5,1,12,10,0,,5.0,,0/10,0,0,41.67,0,0,10,27,37.04,0,,0,5,14,35.71,12,5.0,0,0,0,,0,,0
071ce010,1553234,S Sajeev,S Sajeev,Oman,2026-09-08,2026-09-08,1,1,1,15,27,15*,,55.56,0,0,1,0,3.7,55.56,9.0,0,0,0,0,,,,,0,0,,0,0,0,0,,0,,0,15,27,55.56,0,,0,0,0,,0,,0
27258b3e,24784,ML Patel,ML Patel,Kenya,2004-09-14,2006-08-15,2,2,0,15,55,15,7.5,27.27,0,0,0,0,0.0,74.55,6.0,0,0,0,0,,,,,0,0,,0,0,6,33,18.18,0,,0,9,22,40.91,0,,0,0,0,,0,,0
0605de92,331375,HD Rutherford,HD Rutherford,New Zealand,2013-02-20,2013-10-31,4,4,0,15,56,11,3.75,26.79,0,0,2,0,3.57,85.71,1.8,0,0,0,0,,,,,0,0,,2,0,15,56,26.79,0,,0,0,0,,0,,0,0,0,,0,,0
8c82ae9a,49767,MN Nawaz,MN Nawaz,Sri Lanka,2002-06-27,2002-06-27,1,1,1,15,22,15*,,68.18,0,0,0,0,0.0,31.82,8.0,0,0,0,0,,,,,0,0,,0,0,0,0,,0,,0,0,0,,0,,0,15,22,68.18,0,,0
bab78fa2,1168667,J Da Silva,J Da Silva,West Indies,2021-01-20,2021-01-22,2,2,0,14,35,9,7.0,40.0,0,0,1,0,2.86,71.43,2.5,0,0,0,0,,,,,0,0,,1,1,11,27,40.74,0,,0,3,8,37.5,0,,0,0,0,,0,,0
e5ad357a,577345,MD du Preez,MD du Preez,Namibia,2021-11-26,2023-04-04,3,3,0,14,44,5,4.67,31.82,0,0,0,0,0.0,68.18,6.3,0,0,0,0,,,,,0,0,,4,0,0,0,,0,,0,14,44,31.82,0,,0,0,0,,0,,0
ba7b21fd,1199669,A Valthapa,A Valthapa,United Arab Emirates,2023-03-12,2023-03-16,3,1,0,14,22,14,14.0,63.64,0,0,1,0,4.55,50.0,7.0,0,0,0,0,,,,,0,0,,3,1,0,0,,0,,0,14,22,63.64,0,,0,0,0,,0,,0
ada72696,1481835,Sukhjinder Singh,Sukhjinder Singh,Canada,2026-06-06,2026-06-16,2,1,0,14,21,14,14.0,66.67,0,0,1,1,9.52,71.43,9.0,1,24,30,0,,7.5,,0/30,0,0,29.17,0,0,0,0,,0,,0,8,15,53.33,24,7.5,0,6,6,100.0,0,,0
85afed77,10712,G Chapple,G Chapple,England,2006-06-13,2006-06-13,1,1,0,14,7,14,14.0,200.0,0,0,1,1,28.57,14.29,8.0,1,24,14,0,,3.5,,0/14,0,0,66.67,0,0,0,0,,24,3.5,0,0,0,,0,,0,14,7,200.0,0,,0
7a624752,48321,IPP Batuwitarachchi,IPP Batuwitarachchi,United Arab Emirates,2008-06-24,2008-06-26,2,2,0,14,48,14,7.0,29.17,0,0,0,0,0.0,77.08,3.0,0,0,0,0,,,,,0,0,,2,0,7,25,28.0,0,,0,7,23,30.43,0,,0,0,0,,0,,0
64fb6b15,1058508,A Bohara,A Bohara,Nepal,2020-02-05,2020-02-08,2,2,2,13,14,8*,,92.86,0,0,0,0,0.0,35.71,11.0,2,66,51,0,,4.64,,0/13,0,0,65.15,0,0,0,0,,18,3.33,0,0,0,,30,3.0,0,13,14,92.86,18,8.67,0
ef7a904e,513005,AA Shafique,AA Shafique,Oman,2023-04-21,2023-04-29,2,1,0,13,33,13,13.0,39.39,0,0,2,0,6.06,78.79,3.0,0,0,0,0,,,,,0,0,,2,2,11,23,47.83,0,,0,2,10,20.0,0,,0,0,0,,0,,0
e7de4f6b,51784,RR Emrit,RR Emrit,West Indies,2007-01-27,2007-01-31,2,2,1,13,35,13,13.0,37.14,0,0,1,0,2.86,71.43,9.0,2,84,99,0,,7.07,,0/34,0,0,42.86,1,0,0,0,,12,8.5,0,13,32,40.62,54,5.11,0,0,3,0.0,18,12.0,0
5a7405f1,260519,Usman Salahuddin,Usman Salahuddin,Pakistan,2011-05-02,2011-05-05,2,2,0,13,28,8,6.5,46.43,0,0,0,0,0.0,64.29,5.5,0,0,0,0,,,,,0,0,,1,0,0,0,,0,,0,8,20,40.0,0,,0,5,8,62.5,0,,0
6eb146d2,537124,Gurkeerat Singh,Gurkeerat Singh,India,2016-01-17,2016-01-23,3,3,1,13,13,8,6.5,100.0,0,0,2,0,15.38,53.85,5.7,3,60,68,0,,6.8,,0/17,0,0,35.0,1,0,0,0,,0,,0,1,4,25.0,60,6.8,0,12,9,133.33,0,,0
a4799701,793411,Danish Aziz,Danish Aziz,Pakistan,2021-04-02,2021-04-04,2,2,0,12,20,9,6.0,60.0,0,0,2,0,10.0,75.0,5.0,2,30,27,0,,5.4,,0/11,0,0,50.0,0,0,0,0,,0,,0,12,20,60.0,30,5.4,0,0,0,,0,,0
e95cd1f5,701211,S Dhamala,S Dhamala,Nepal,2022-06-09,2022-06-09,1,1,0,12,38,12,12.0,31.58,0,0,0,0,0.0,73.68,1.0,0,0,0,0,,,,,0,0,,0,0,7,29,24.14,0,,0,5,9,55.56,0,,0,0,0,,0,,0
22b98d7c,1150772,TW Hartley,TW Hartley,England,2023-09-23,2023-09-26,2,1,1,12,9,12*,,133.33,0,0,1,0,11.11,22.22,9.0,1,60,48,0,,4.8,,0/48,0,0,58.33,0,0,0,0,,0,,0,0,0,,60,4.8,0,12,9,133.33,0,,0
a38e7be7,1194744,S Daniel,S Daniel,Sri Lanka,2024-01-11,2024-01-11,1,1,0,12,28,12,12.0,42.86,0,0,1,0,3.57,71.43,1.0,0,0,0,0,,,,,0,0,,0,0,8,22,36.36,0,,0,4,6,66.67,0,,0,0,0,,0,,0
e343abe9,19276,NS Poonia,NS Poonia,Scotland,2007-03-14,2009-04-08,6,6,0,12,40,8,2.0,30.0,0,0,0,0,0.0,80.0,2.8,0,0,0,0,,,,,0,0,,0,0,4,26,15.38,0,,0,8,14,57.14,0,,0,0,0,,0,,0
a8bbd62e,25102,GI Maiden,GI Maiden,Scotland,2011-06-29,2011-06-29,1,1,1,12,14,12*,,85.71,0,0,1,0,7.14,50.0,7.0,0,0,0,0,,,,,0,0,,3,0,0,0,,0,,0,12,14,85.71,0,,0,0,0,,0,,0
49dfe4a4,364302,EJ Richardson,EJ Richardson,Ireland,2013-09-06,2013-09-06,1,1,0,12,18,12,12.0,66.67,0,0,2,0,11.11,72.22,8.0,1,18,15,0,,5.0,,0/15,0,0,66.67,0,0,0,0,,0,,0,12,18,66.67,18,5.0,0,0,0,,0,,0
5c756df3,373439,Abul Hasan,Abul Hasan,Bangladesh,2012-11-30,2018-01-25,7,3,0,11,16,7,3.67,68.75,0,0,1,0,6.25,56.25,8.0,7,216,244,0,,6.78,,0/9,0,0,47.69,1,0,0,0,,114,6.16,0,8,8,100.0,78,8.08,0,3,8,37.5,24,5.5,0
127bc5ca,422871,NGRP Jayasuriya,NGRP Jayasuriya,Sri Lanka,2018-08-01,2018-08-05,2,2,1,11,13,11*,11.0,84.62,0,0,1,0,7.69,53.85,10.0,2,96,95,0,,5.94,,0/42,0,0,43.75,0,0,0,0,,0,,0,0,0,,96,5.94,0,11,13,84.62,0,,0
4cbf2e06,547085,Saad Ali,Saad Ali,Pakistan,2019-03-29,2019-03-31,2,2,0,11,23,7,5.5,47.83,0,0,0,0,0.0,56.52,6.0,0,0,0,0,,,,,0,0,,0,0,0,0,,0,,0,0,1,0.0,0,,0,11,22,50.0,0,,0
94edecfe,24261,PJK Mooney,PJK Mooney,Ireland,2006-06-13,2007-04-03,2,2,1,11,8,11*,11.0,137.5,0,0,1,0,12.5,12.5,10.0,2,51,57,0,,6.71,,0/17,0,0,41.18,2,0,0,0,,12,11.5,0,0,1,0.0,39,5.23,0,11,7,157.14,0,,0
9ff7f691,24844,SF Burger,SF Burger,Namibia,2003-02-19,2003-03-03,2,2,0,11,20,6,5.5,55.0,0,0,1,0,5.0,65.0,8.0,2,66,67,0,,6.09,,0/32,0,0,39.39,1,0,0,0,,0,,0,0,0,,60,6.2,0,11,20,55.0,6,5.0,0
bd35515a,26815,SV Bahutule,SV Bahutule,India,2003-11-06,2003-11-06,1,1,0,11,13,11,11.0,84.62,0,0,1,0,7.69,38.46,7.0,1,18,24,0,,8.0,,0/24,0,0,33.33,0,0,0,0,,0,,0,2,2,100.0,18,8.0,0,9,11,81.82,0,,0
599ce28e,1058990,Ansh Tandon,Ansh Tandon,United Arab Emirates,2023-04-05,2023-04-05,1,1,0,10,18,10,10.0,55.56,0,0,1,0,5.56,61.11,4.0,0,0,0,0,,,,,0,0,,0,0,0,0,,0,,0,10,18,55.56,0,,0,0,0,,0,,0
d3395043,1339105,Shamyl Hussain,Shamyl Hussain,Pakistan,2026-03-11,2026-03-13,2,2,0,10,29,6,5.0,34.48,0,0,0,0,0.0,72.41,3.0,0,0,0,0,,,,,0,0,,1,0,0,0,,0,,0,10,29,34.48,0,,0,0,0,,0,,0
619aa81f,29646,W Jaffer,W Jaffer,India,2006-11-22,2006-11-29,2,2,0,10,23,10,5.0,43.48,0,0,2,0,8.7,86.96,1.0,0,0,0,0,,,,,0,0,,0,0,10,23,43.48,0,,0,0,0,,0,,0,0,0,,0,,0
8a15b50b,25471,RO Hussain,RO Hussain,Scotland,2007-07-13,2007-07-13,1,1,1,10,20,10*,,50.0,0,0,1,0,5.0,70.0,5.0,0,0,0,0,,,,,0,0,,0,0,0,0,,0,,0,10,20,50.0,0,,0,0,0,,0,,0
a15aaa7f,8845,TR Ambrose,TR Ambrose,England,2008-06-15,2008-06-28,5,5,1,10,34,6,2.5,29.41,0,0,0,0,0.0,76.47,7.2,0,0,0,0,,,,,0,0,,3,0,0,0,,0,,0,7,25,28.0,0,,0,3,9,33.33,0,,0
a98a6b86,888455,Umair Ali,Umair Ali,United Arab Emirates,2015-11-16,2015-11-16,1,1,0,10,11,10,10.0,90.91,0,0,0,1,9.09,63.64,5.0,1,60,60,0,,6.0,,0/60,0,0,48.33,0,0,0,0,,30,2.8,0,10,11,90.91,6,7.0,0,0,0,,24,9.75,0
afb3b840,633527,H Shah,H Shah,Nepal,2022-11-14,2022-12-08,3,3,1,9,25,8,4.5,36.0,0,0,1,0,4.0,76.0,6.0,3,60,55,0,,5.5,,0/13,0,0,60.0,1,0,6,5,120.0,6,16.0,0,3,20,15.0,54,4.33,0,0,0,,0,,0
3c00e140,1241238,Lovepreet Singh,Lovepreet Singh,United Arab Emirates,2023-06-06,2023-06-09,2,2,0,9,25,6,4.5,36.0,0,0,1,0,4.0,80.0,3.0,0,0,0,0,,,,,0,0,,2,0,4,13,30.77,0,,0,5,12,41.67,0,,0,0,0,,0,,0
31ca7a9c,1345983,Ethan D'Souza,Ethan D'Souza,United Arab Emirates,2023-06-09,2023-07-06,3,2,0,9,19,6,4.5,47.37,0,0,1,0,5.26,68.42,4.5,0,0,0,0,,,,,0,0,,2,0,0,0,,0,,0,9,19,47.37,0,,0,0,0,,0,,0
9c821d2e,596097,RA Herman,RA Herman,South Africa,2025-11-08,2026-09-09,2,2,0,9,8,8,4.5,112.5,0,0,1,0,12.5,37.5,5.0,0,0,0,0,,,,,0,0,,1,0,0,0,,0,,0,1,2,50.0,0,,0,8,6,133.33,0,,0
1530a7e9,55551,F Kasteni,F Kasteni,Zimbabwe,2007-03-19,2007-03-21,2,2,0,9,24,9,4.5,37.5,0,0,0,0,0.0,79.17,2.5,0,0,0,0,,,,,0,0,,0,0,9,24,37.5,0,,0,0,0,,0,,0,0,0,,0,,0
890b877d,47846,VB van Jaarsveld,VB van Jaarsveld,South Africa,2009-01-16,2009-01-30,2,2,0,9,15,5,4.5,60.0,0,0,0,0,0.0,53.33,7.0,0,0,0,0,,,,,0,0,,1,0,0,0,,0,,0,0,0,,0,,0,9,15,60.0,0,,0
a5544576,297524,D Murphy,D Murphy,Scotland,2013-05-17,2013-09-06,2,2,0,9,28,7,4.5,32.14,0,0,0,0,0.0,75.0,8.0,0,0,0,0,,,,,0,0,,3,2,0,0,,0,,0,7,23,30.43,0,,0,2,5,40.0,0,,0
d797ecfe,25860,Rashid Zia,Rashid Zia,United States of America,2004-09-10,2004-09-13,2,2,0,9,57,8,4.5,15.79,0,0,2,0,3.51,94.74,8.0,2,59,69,0,,7.02,,0/6,0,0,45.76,0,0,0,0,,5,7.2,0,5,53,9.43,48,4.62,0,4,4,100.0,6,26.0,0
03ce169b,40113,Faisal Athar,Faisal Athar,Pakistan,2003-05-23,2003-05-23,1,1,0,9,38,9,9.0,23.68,0,0,1,0,2.63,84.21,2.0,0,0,0,0,,,,,0,0,,0,0,3,21,14.29,0,,0,6,17,35.29,0,,0,0,0,,0,,0
21b97584,1012137,Mrittunjoy Chowdhury,Mrittunjoy Chowdhury,Bangladesh,2023-05-14,2023-05-14,1,1,0,8,11,8,8.0,72.73,0,0,0,0,0.0,45.45,8.0,1,48,64,0,,8.0,,0/64,0,0,43.75,2,0,0,0,,6,11.0,0,0,0,,36,6.5,0,8,11,72.73,6,14.0,0
6b0db726,1394273,J Andrew,J Andrew,West Indies,2024-10-26,2025-06-01,3,2,0,8,12,8,4.0,66.67,0,0,0,1,8.33,75.0,3.5,0,0,0,0,,,,,0,0,,0,0,1,6,16.67,0,,0,7,6,116.67,0,,0,0,0,,0,,0
0e63259d,1120613,J Campbell,J Campbell,Zimbabwe,2025-02-14,2025-02-18,3,2,1,8,15,6*,8.0,53.33,0,0,0,0,0.0,53.33,6.0,1,12,13,0,,6.5,,0/13,0,0,16.67,3,0,0,0,,0,,0,2,6,33.33,12,6.5,0,6,9,66.67,0,,0
034b4b7d,35281,VRV Singh,VRV Singh,India,2006-04-12,2006-04-15,2,1,0,8,13,8,8.0,61.54,0,0,1,0,7.69,61.54,10.0,2,72,105,0,,8.75,,0/33,0,0,51.39,3,0,0,0,,6,13.0,0,0,0,,48,8.12,0,8,13,61.54,18,9.0,0
9d65b06f,276539,ADJ Pitcher,ADJ Pitcher,Bermuda,2007-02-04,2007-02-04,1,1,0,8,12,8,8.0,66.67,0,0,0,1,8.33,83.33,9.0,1,37,38,0,,6.16,,0/38,0,0,43.24,0,0,0,0,,0,,0,8,12,66.67,30,5.4,0,0,0,,7,9.43,0
25d8d51a,24212,KH Butt,KH Butt,Hong Kong,2008-06-24,2008-06-25,2,2,0,8,28,4,4.0,28.57,0,0,0,0,0.0,75.0,4.0,0,0,0,0,,,,,0,0,,1,0,1,5,20.0,0,,0,7,23,30.43,0,,0,0,0,,0,,0
ed70ac05,297517,BP Kruger,BP Kruger,Netherlands,2011-03-09,2011-03-09,1,1,0,8,12,8,8.0,66.67,0,0,1,0,8.33,58.33,9.0,1,21,23,0,,6.57,,0/23,0,0,47.62,1,0,0,0,,0,,0,2,7,28.57,21,6.57,0,6,5,120.0,0,,0
0604ef16,27225,SB Bangar,SB Bangar,India,2002-12-29,2004-01-09,3,3,0,8,19,4,2.67,42.11,0,0,1,0,5.26,78.95,7.0,3,66,60,0,,5.45,,0/7,0,0,43.94,0,0,0,0,,0,,0,5,14,35.71,66,5.45,0,3,5,60.0,0,,0
9c9f8dbc,44752,H Davids,H Davids,South Africa,2013-11-30,2013-12-11,2,2,0,8,24,7,4.0,33.33,0,0,0,0,0.0,75.0,3.0,0,0,0,0,,,,,0,0,,0,0,8,19,42.11,0,,0,0,5,0.0,0,,0,0,0,,0,,0
67875075,24945,RH Scholte,RH Scholte,Netherlands,2003-02-12,2003-02-28,2,2,0,8,31,7,4.0,25.81,0,0,0,0,0.0,74.19,7.0,0,0,0,0,,,,,0,0,,0,0,0,0,,0,,0,8,31,25.81,0,,0,0,0,,0,,0
d5afc103,52055,RO Hinds,RO Hinds,West Indies,2004-09-18,2004-09-25,3,1,0,8,19,8,8.0,42.11,0,0,1,0,5.26,78.95,7.0,2,66,36,0,,3.27,,0/1,0,0,56.06,0,0,0,0,,0,,0,8,19,42.11,66,3.27,0,0,0,,0,,0
3ce127f2,39898,Asif Iqbal (1),Asif Iqbal (1),United Arab Emirates,2015-11-16,2015-11-16,1,1,0,8,8,8,8.0,100.0,0,0,2,0,25.0,75.0,1.0,1,24,32,0,,8.0,,0/32,0,0,33.33,0,0,8,8,100.0,0,,0,0,0,,18,7.67,0,0,0,,6,9.0,0
fb2d1dda,604527,N Rana,N Rana,India,2021-07-23,2021-07-23,1,1,0,7,14,7,7.0,50.0,0,0,0,0,0.0,50.0,7.0,1,18,10,0,,3.33,,0/10,0,0,50.0,0,0,0,0,,0,,0,7,14,50.0,18,3.33,0,0,0,,0,,0
43f4087c,1112535,NA Rock,NA Rock,Ireland,2022-01-08,2022-01-16,3,2,0,7,23,5,3.5,30.43,0,0,0,0,0.0,69.57,7.0,0,0,0,0,,,,,0,0,,2,0,0,0,,0,,0,2,14,14.29,0,,0,5,9,55.56,0,,0
d8976cb7,470893,DG Blampied,DG Blampied,Jersey,2023-03-30,2023-04-04,3,2,0,7,13,7,3.5,53.85,0,0,1,0,7.69,69.23,6.0,3,78,77,0,,5.92,,0/21,0,0,44.87,0,0,0,1,0.0,0,,0,7,12,58.33,72,5.67,0,0,0,,6,9.0,0
f0398c2f,1287093,J Matharu,J Matharu,Canada,2025-05-19,2025-05-23,2,2,2,7,10,7*,,70.0,0,0,1,0,10.0,60.0,10.5,2,78,71,0,,5.46,,0/16,0,0,52.56,0,0,0,0,,48,3.88,0,0,0,,12,5.0,0,7,10,70.0,18,10.0,0
42d1b920,49008,WCA Ganegama,WCA Ganegama,Sri Lanka,2006-01-26,2006-01-29,2,1,0,7,8,7,7.0,87.5,0,0,1,0,12.5,50.0,9.0,2,42,61,0,,8.71,,0/20,0,0,57.14,1,0,0,0,,18,8.0,0,0,0,,24,9.25,0,7,8,87.5,0,,0
fd483a3e,342182,V Shetty,V Shetty,United Arab Emirates,2008-06-24,2008-06-24,1,1,0,7,17,7,7.0,41.18,0,0,0,0,0.0,64.71,7.0,0,0,0,0,,,,,0,0,,0,0,0,0,,0,,0,7,17,41.18,0,,0,0,0,,0,,0
7572bf45,50460,EHSN Silva,EHSN Silva,United Arab Emirates,2008-06-24,2008-06-24,1,1,0,7,13,7,7.0,53.85,0,0,0,0,0.0,61.54,9.0,1,42,33,0,,4.71,,0/33,0,0,52.38,0,0,0,0,,0,,0,1,1,100.0,42,4.71,0,6,12,50.0,0,,0
f58839ad,6480,GA Manou,GA Manou,Australia,2009-10-31,2009-11-08,4,1,0,7,6,7,7.0,116.67,0,0,0,0,0.0,16.67,8.0,0,0,0,0,,,,,0,0,,5,0,0,0,,0,,0,0,0,,0,,0,7,6,116.67,0,,0
af2a0740,49868,M Pushpakumara,M Pushpakumara,Sri Lanka,2009-12-27,2010-01-05,3,1,1,7,19,7*,,36.84,0,0,0,0,0.0,63.16,7.0,1,30,21,0,,4.2,,0/21,0,0,40.0,0,0,0,0,,0,,0,7,19,36.84,24,4.25,0,0,0,,6,4.0,0
261d6559,42066,Naved Latif,Naved Latif,Pakistan,2003-04-03,2003-10-10,2,2,0,7,16,4,3.5,43.75,0,0,0,0,0.0,62.5,4.5,0,0,0,0,,,,,0,0,,0,0,3,6,50.0,0,,0,4,10,40.0,0,,0,0,0,,0,,0
0db94786,24956,NA Statham,NA Statham,Netherlands,2003-02-16,2003-02-25,2,2,0,7,44,7,3.5,15.91,0,0,0,0,0.0,88.64,2.0,0,0,0,0,,,,,0,0,,0,0,3,20,15.0,0,,0,4,24,16.67,0,,0,0,0,,0,,0
134ba8ae,55301,ADR Campbell,ADR Campbell,Zimbabwe,2003-03-12,2003-03-12,1,1,0,7,25,7,7.0,28.0,0,0,0,0,0.0,76.0,2.0,0,0,0,0,,,,,0,0,,0,0,7,25,28.0,0,,0,0,0,,0,,0,0,0,,0,,0
a91392b4,43751,Zeeshan Siddiqi,Zeeshan Siddiqi,Canada,2014-01-23,2014-01-23,1,1,0,7,21,7,7.0,33.33,0,0,1,0,4.76,80.95,3.0,0,0,0,0,,,,,0,0,,0,0,7,21,33.33,0,,0,0,0,,0,,0,0,0,,0,,0
dc2f959a,431905,SO Dowrich,SO Dowrich,West Indies,2019-05-07,2019-05-07,1,1,0,6,8,6,6.0,75.0,0,0,1,0,12.5,62.5,7.0,0,0,0,0,,,,,0,0,,0,0,0,0,,0,,0,0,0,,0,,0,6,8,75.0,0,,0
c537cf4d,594992,M Commins,M Commins,Ireland,2023-01-21,2023-01-23,2,1,0,6,13,6,6.0,46.15,0,0,0,0,0.0,61.54,3.0,0,0,0,0,,,,,0,0,,1,0,0,0,,0,,0,6,13,46.15,0,,0,0,0,,0,,0
89a7dd4a,659087,JE Dunford,JE Dunford,Jersey,2023-03-30,2023-04-05,4,3,0,6,17,4,2.0,35.29,0,0,0,0,0.0,70.59,7.7,0,0,0,0,,,,,0,0,,2,0,0,2,0.0,0,,0,0,0,,0,,0,6,15,40.0,0,,0
3e722460,23700,CR Foggo,CR Foggo,Bermuda,2008-06-29,2008-06-29,1,1,0,6,5,6,6.0,120.0,0,0,0,0,0.0,40.0,1.0,0,0,0,0,,,,,0,0,,0,0,6,5,120.0,0,,0,0,0,,0,,0,0,0,,0,,0
fb16f6e7,25434,MQ Sheikh,MQ Sheikh,Scotland,2008-07-29,2008-08-12,3,2,0,6,20,4,3.0,30.0,0,0,0,0,0.0,75.0,3.0,0,0,0,0,,,,,0,0,,0,0,1,6,16.67,0,,0,5,14,35.71,0,,0,0,0,,0,,0
99464591,6943,MJ North,MJ North,Australia,2009-05-01,2009-05-03,2,2,0,6,19,5,3.0,31.58,0,0,0,0,0.0,68.42,3.0,1,18,16,0,,5.33,,0/16,0,0,38.89,1,0,1,5,20.0,0,,0,5,14,35.71,18,5.33,0,0,0,,0,,0
24104e5c,421892,Tanbir Hayder,Tanbir Hayder,Bangladesh,2016-12-29,2016-12-31,2,2,0,5,16,3,2.5,31.25,0,0,0,0,0.0,68.75,7.5,2,60,67,0,,6.7,,0/20,0,0,35.0,1,0,0,0,,0,,0,5,16,31.25,48,6.62,0,0,0,,12,7.0,0
54501715,279710,Badal Singh,Badal Singh,Oman,2020-02-05,2020-02-11,2,1,0,5,12,5,5.0,41.67,0,0,0,0,0.0,58.33,8.0,2,60,70,0,,7.0,,0/32,0,0,48.33,2,0,0,0,,6,2.0,0,3,4,75.0,54,7.56,0,2,8,25.0,0,,0
78feb458,332937,JN Hamilton,JN Hamilton,West Indies,2021-01-25,2021-01-25,1,1,0,5,16,5,5.0,31.25,0,0,0,0,0.0,68.75,7.0,0,0,0,0,,,,,0,0,,0,0,0,0,,0,,0,5,16,31.25,0,,0,0,0,,0,,0
f2397e48,949461,Codi Yusuf,Codi Yusuf,South Africa,2025-09-07,2025-09-07,1,1,0,5,11,5,5.0,45.45,0,0,1,0,9.09,81.82,9.0,1,60,80,0,,8.0,,0/80,0,0,38.33,0,0,0,0,,24,6.5,0,5,11,45.45,24,8.25,0,0,0,,12,10.5,0
692c7070,227757,Ali Khan,Ali Shamsher Khan,Canada,2026-08-11,2026-08-11,1,1,1,5,11,5*,,45.45,0,0,1,0,9.09,81.82,11.0,1,48,44,0,,5.5,,0/44,0,0,35.42,0,0,0,0,,0,,0,5,11,45.45,42,5.43,0,0,0,,6,6.0,0
7d32d965,25475,RT Lyons,RT Lyons,Scotland,2007-02-04,2007-02-04,1,1,1,5,3,5*,,166.67,0,0,1,0,33.33,33.33,10.0,1,60,41,0,,4.1,,0/41,0,0,51.67,1,0,0,0,,0,,0,0,0,,48,4.12,0,5,3,166.67,12,4.0,0
7a4819e1,245288,MJ Fourie,MJ Fourie,Ireland,2007-06-23,2008-07-31,4,2,1,5,12,4*,5.0,41.67,0,0,0,0,0.0,58.33,6.5,2,77,51,0,,3.97,,0/21,0,0,66.23,0,0,1,3,33.33,60,3.3,0,0,0,,17,6.35,0,4,9,44.44,0,,0
efa04f87,334946,N Fernandes,N Fernandes,United Arab Emirates,2008-06-26,2008-06-26,1,1,0,5,13,5,5.0,38.46,0,0,0,0,0.0,61.54,7.0,0,0,0,0,,,,,0,0,,0,0,0,0,,0,,0,5,13,38.46,0,,0,0,0,,0,,0
a6c84e0e,42059,Naumanullah,Naumanullah,Pakistan,2008-04-19,2008-04-19,1,1,0,5,4,5,5.0,125.0,0,0,1,0,25.0,50.0,8.0,0,0,0,0,,,,,0,0,,0,0,0,0,,0,,0,0,0,,0,,0,5,4,125.0,0,,0
0557a636,275943,RT Crandon,RT Crandon,West Indies,2009-09-30,2009-09-30,1,1,0,5,9,5,5.0,55.56,0,0,1,0,11.11,77.78,8.0,0,0,0,0,,,,,0,0,,0,0,0,0,,0,,0,5,9,55.56,0,,0,0,0,,0,,0
12f6b3bd,355107,N Kruger,N Kruger,Netherlands,2011-06-29,2011-06-29,1,1,0,5,20,5,5.0,25.0,0,0,0,0,0.0,85.0,5.0,0,0,0,0,,,,,0,0,,0,0,0,1,0.0,0,,0,5,19,26.32,0,,0,0,0,,0,,0
174369f2,52430,NAM McLean,NAM McLean,West Indies,2003-02-13,2003-02-13,1,1,0,5,7,5,5.0,71.43,0,0,0,0,0.0,42.86,10.0,1,36,38,0,,6.33,,0/38,0,0,47.22,0,0,0,0,,30,6.0,0,0,0,,6,8.0,0,5,7,71.43,0,,0
6d60ece6,25661,Aijaz Ali,Aijaz Ali,United States of America,2004-09-10,2004-09-13,2,2,0,5,11,4,2.5,45.45,0,0,1,0,9.09,81.82,8.0,0,0,0,0,,,,,0,0,,1,0,0,0,,0,,0,5,11,45.45,0,,0,0,0,,0,,0
e00a9155,826679,SD Heazlett,SD Heazlett,Australia,2017-01-30,2017-01-30,1,1,0,4,11,4,4.0,36.36,0,0,0,0,0.0,63.64,6.0,0,0,0,0,,,,,0,0,,0,0,0,0,,0,,0,4,11,36.36,0,,0,0,0,,0,,0
8bd614b2,300617,Rony Talukdar,Rony Talukdar,Bangladesh,2023-05-14,2023-05-14,1,1,0,4,14,4,4.0,28.57,0,0,1,0,7.14,92.86,2.0,0,0,0,0,,,,,0,0,,1,0,4,14,28.57,0,,0,0,0,,0,,0,0,0,,0,,0
8f3c6b8a,1323402,Muhammad Farooq,Muhammad Farooq,United Arab Emirates,2024-09-26,2024-11-01,2,2,0,4,16,4,2.0,25.0,0,0,1,0,6.25,93.75,9.5,2,78,66,0,,5.08,,0/31,0,0,55.13,1,0,0,0,,0,,0,4,16,25.0,78,5.08,0,0,0,,0,,0
2bf69ff5,1294146,J Giyanani,J Giyanani,United Arab Emirates,2026-05-03,2026-05-03,1,1,0,4,5,4,4.0,80.0,0,0,0,0,0.0,40.0,7.0,1,18,31,0,,10.33,,0/31,0,0,22.22,0,0,0,0,,0,,0,0,0,,18,10.33,0,4,5,80.0,0,,0
a3b936c8,25023,MWA van Nierop,MWA van Nierop,Netherlands,2006-12-01,2006-12-01,1,1,0,4,14,4,4.0,28.57,0,0,1,0,7.14,92.86,2.0,0,0,0,0,,,,,0,0,,0,0,4,14,28.57,0,,0,0,0,,0,,0,0,0,,0,,0
97b7c5c0,414985,VAB Tewarie,VAB Tewarie,Netherlands,2011-06-29,2011-06-29,1,1,0,4,22,4,4.0,18.18,0,0,0,0,0.0,81.82,3.0,0,0,0,0,,,,,0,0,,0,0,4,22,18.18,0,,0,0,0,,0,,0,0,0,,0,,0
0e9af639,56180,Talha Jubair,Talha Jubair,Bangladesh,2003-02-18,2003-02-22,2,1,1,4,8,4*,,50.0,0,0,1,0,12.5,87.5,11.0,2,60,70,0,,7.0,,0/24,0,0,60.0,0,0,0,0,,24,9.0,0,4,8,50.0,30,3.0,0,0,0,,6,19.0,0
4a25c894,49236,HAPW Jayawardene,HAPW Jayawardene,Sri Lanka,2003-04-04,2003-04-07,3,2,0,4,9,4,2.0,44.44,0,0,0,0,0.0,55.56,7.5,0,0,0,0,,,,,0,0,,3,1,0,0,,0,,0,0,0,,0,,0,4,9,44.44,0,,0
3c4007d3,524095,Sagar Pun,Sagar Pun,Nepal,2018-08-30,2018-08-30,1,1,0,3,20,3,3.0,15.0,0,0,0,0,0.0,85.0,4.0,0,0,0,0,,,,,0,0,,0,0,0,3,0.0,0,,0,3,17,17.65,0,,0,0,0,,0,,0
158d6619,1276395,DOD Rikhi,DOD Rikhi,United States of America,2021-09-16,2021-09-16,1,1,0,3,6,3,3.0,50.0,0,0,0,0,0.0,66.67,4.0,0,0,0,0,,,,,0,0,,1,0,3,6,50.0,0,,0,0,0,,0,,0,0,0,,0,,0
a323465c,1111473,RR Joshi,RR Joshi,Canada,2024-08-19,2024-08-19,1,1,0,3,4,3,3.0,75.0,0,0,0,0,0.0,50.0,11.0,1,60,77,0,,7.7,,0/77,0,0,35.0,0,0,0,0,,0,,0,0,0,,42,6.43,0,3,4,75.0,18,10.67,0
fc5b1bcc,23866,A Shamshudeen,A Shamshudeen,Canada,2007-10-18,2007-10-18,1,1,0,3,28,3,3.0,10.71,0,0,0,0,0.0,89.29,6.0,1,18,24,0,,8.0,,0/24,0,0,22.22,0,0,0,0,,0,,0,3,28,10.71,0,,0,0,0,,18,8.0,0
95db4ab0,208380,CK Kruger,CK Kruger,Hong Kong,2008-06-24,2008-06-25,2,2,0,3,20,3,1.5,15.0,0,0,0,0,0.0,85.0,5.0,0,0,0,0,,,,,0,0,,0,0,0,4,0.0,0,,0,3,16,18.75,0,,0,0,0,,0,,0
e32d22f6,32973,Pankaj Singh,Pankaj Singh,India,2010-06-05,2010-06-05,1,1,1,3,3,3*,,100.0,0,0,0,0,0.0,0.0,9.0,1,42,45,0,,6.43,,0/45,0,0,52.38,1,0,0,0,,30,5.4,0,0,0,,6,10.0,0,3,3,100.0,6,8.0,0
21231130,24891,JJ Esmeijer,JJ Esmeijer,Netherlands,2003-02-25,2003-03-03,3,2,1,3,15,3*,3.0,20.0,0,0,0,0,0.0,80.0,10.0,3,156,138,0,,5.31,,0/35,0,0,49.36,3,0,0,0,,30,5.2,0,0,2,0.0,120,4.95,0,3,13,23.08,6,13.0,0
ab965cad,557295,HWR Cartwright,HWR Cartwright,Australia,2017-09-17,2017-09-21,2,2,0,2,23,1,1.0,8.7,0,0,0,0,0.0,91.3,1.5,0,0,0,0,,,,,0,0,,1,0,2,23,8.7,0,,0,0,0,,0,,0,0,0,,0,,0
5d68fe4f,1126002,Fahad Nawaz,Fahad Nawaz,United Arab Emirates,2019-01-25,2019-01-26,2,2,0,2,10,2,1.0,20.0,0,0,0,0,0.0,80.0,6.5,0,0,0,0,,,,,0,0,,0,0,0,0,,0,,0,2,10,20.0,0,,0,0,0,,0,,0
0a2184d9,792519,D Lakshan,D Lakshan,Sri Lanka,2021-06-29,2021-06-29,1,1,0,2,9,2,2.0,22.22,0,0,0,0,0.0,77.78,6.0,1,12,12,0,,6.0,,0/12,0,0,33.33,0,0,0,0,,0,,0,2,9,22.22,12,6.0,0,0,0,,0,,0
3cae1e0b,317250,Anop Santosh,Anop Santosh,Canada,2025-05-25,2025-05-25,1,1,0,2,9,2,2.0,22.22,0,0,0,0,0.0,77.78,6.0,0,0,0,0,,,,,0,0,,2,0,0,0,,0,,0,2,9,22.22,0,,0,0,0,,0,,0
b57e43e2,1518812,O Jones,O Jones,Scotland,2026-05-18,2026-08-09,2,2,1,2,6,2,2.0,33.33,0,0,0,0,0.0,66.67,10.5,2,66,56,0,,5.09,,0/18,0,0,50.0,0,0,0,0,,0,,0,2,6,33.33,66,5.09,0,0,0,,0,,0
d7d744e5,24243,PG Gillespie,PG Gillespie,Ireland,2006-06-13,2007-04-09,2,2,0,2,11,2,1.0,18.18,0,0,0,0,0.0,81.82,6.5,0,0,0,0,,,,,0,0,,0,0,0,0,,0,,0,2,11,18.18,0,,0,0,0,,0,,0
6e161a33,303437,JNK Shannon,JNK Shannon,Ireland,2013-05-26,2013-05-26,1,1,0,2,8,2,2.0,25.0,0,0,0,0,0.0,75.0,7.0,0,0,0,0,,,,,0,0,,0,0,0,0,,0,,0,0,0,,0,,0,2,8,25.0,0,,0
1efd9f52,37228,LJ Hamilton,LJ Hamilton,New Zealand,2005-03-01,2005-03-01,1,1,1,2,4,2*,,50.0,0,0,0,0,0.0,50.0,11.0,1,48,67,0,,8.38,,0/67,0,0,52.08,0,0,0,0,,24,9.0,0,0,0,,24,7.75,0,2,4,50.0,0,,0
97edbfb1,46973,JN Rhodes,JN Rhodes,South Africa,2003-02-09,2003-02-12,2,1,0,2,6,2,2.0,33.33,0,0,0,0,0.0,66.67,5.0,0,0,0,0,,,,,0,0,,0,0,0,0,,0,,0,2,6,33.33,0,,0,0,0,,0,,0
474a8333,25625,Nasir Javed,Nasir Javed,United States of America,2004-09-13,2004-09-13,1,1,1,2,19,2*,,10.53,0,0,0,0,0.0,89.47,9.0,0,0,0,0,,,,,0,0,,0,0,0,0,,0,,0,2,19,10.53,0,,0,0,0,,0,,0
dcf81436,326017,S Kaul,S Kaul,India,2018-07-12,2018-07-14,2,1,0,1,2,1,1.0,50.0,0,0,0,0,0.0,50.0,10.0,2,108,121,0,,6.72,,0/59,0,0,40.74,1,0,0,0,,54,6.22,0,0,0,,18,4.33,0,1,2,50.0,36,8.67,0
714af18b,906755,KJ Harding,KJ Harding,West Indies,2021-01-25,2021-01-25,1,1,1,1,1,1*,,100.0,0,0,0,0,0.0,0.0,11.0,1,60,88,0,,8.8,,0/88,0,0,40.0,0,0,0,0,,30,6.2,0,0,0,,12,7.5,0,1,1,100.0,18,14.0,0
f8035c2a,370034,BDH Stevens,BDH Stevens,Jersey,2023-04-05,2023-04-05,1,1,0,1,5,1,1.0,20.0,0,0,0,0,0.0,80.0,6.0,1,18,28,0,,9.33,,0/28,0,0,33.33,0,0,0,0,,6,8.0,0,1,5,20.0,12,10.0,0,0,0,,0,,0
e3e09091,697059,Zakir Hasan,Zakir Hasan,Bangladesh,2023-09-26,2023-09-26,1,1,0,1,5,1,1.0,20.0,0,0,0,0,0.0,80.0,2.0,0,0,0,0,,,,,0,0,,0,0,1,5,20.0,0,,0,0,0,,0,,0,0,0,,0,,0
d38b80df,453321,T Mufudza,T Mufudza,Zimbabwe,2024-01-06,2024-01-08,2,1,0,1,9,1,1.0,11.11,0,0,0,0,0.0,88.89,11.0,2,102,75,0,,4.41,,0/37,0,0,50.98,0,0,0,0,,0,,0,0,0,,84,4.36,0,1,9,11.11,18,4.67,0
547c5509,948593,M Mpongwana,M Mpongwana,South Africa,2025-02-10,2025-02-10,1,1,1,1,2,1*,,50.0,0,0,0,0,0.0,50.0,8.0,1,18,25,0,,8.33,,0/25,0,0,38.89,1,0,0,0,,0,,0,0,0,,18,8.33,0,1,2,50.0,0,,0
edfe226f,1411895,Omid Shafi Rahman,Omid Shafi Rahman,United Arab Emirates,2024-09-24,2024-09-26,2,2,1,1,7,1,1.0,14.29,0,0,0,0,0.0,85.71,11.0,2,78,104,0,,8.0,,0/31,0,0,57.69,0,0,0,0,,54,6.0,0,1,5,20.0,6,14.0,0,0,2,0.0,18,12.0,0
85caa37f,52913,RR Ramdass,RR Ramdass,West Indies,2005-08-02,2005-08-02,1,1,0,1,9,1,1.0,11.11,0,0,0,0,0.0,88.89,2.0,0,0,0,0,,,,,0,0,,0,0,1,9,11.11,0,,0,0,0,,0,,0,0,0,,0,,0
c968b533,332921,Alawi Shukri,Alawi Shukri,United Arab Emirates,2008-06-26,2008-06-26,1,1,0,1,3,1,1.0,33.33,0,0,0,0,0.0,66.67,8.0,0,0,0,0,,,,,0,0,,0,0,0,0,,0,,0,1,3,33.33,0,,0,0,0,,0,,0
890946a0,32102,NV Ojha,NV Ojha,India,2010-06-05,2010-06-05,1,1,0,1,7,1,1.0,14.29,0,0,0,0,0.0,85.71,2.0,0,0,0,0,,,,,0,0,,0,1,1,7,14.29,0,,0,0,0,,0,,0,0,0,,0,,0
075e9f9c,56011,Moniruzzaman,Moniruzzaman,Bangladesh,2003-11-10,2003-11-12,2,2,0,1,20,1,0.5,5.0,0,0,0,0,0.0,95.0,2.5,0,0,0,0,,,,,0,0,,0,0,1,20,5.0,0,,0,0,0,,0,,0,0,0,,0,,0
6232e1ed,348037,GJ McCarter,GJ McCarter,Ireland,2014-09-12,2014-09-12,1,1,1,1,1,1*,,100.0,0,0,0,0,0.0,0.0,11.0,1,48,38,0,,4.75,,0/38,0,0,54.17,0,0,0,0,,12,2.0,0,0,0,,18,4.0,0,1,1,100.0,18,7.33,0
e855edaa,796331,Y Punja,Y Punja,United Arab Emirates,2015-11-16,2015-11-16,1,1,0,1,6,1,1.0,16.67,0,0,0,0,0.0,83.33,10.0,1,36,49,0,,8.17,,0/49,0,0,36.11,0,0,0,0,,30,7.4,0,1,6,16.67,6,12.0,0,0,0,,0,,0
65122d56,1063728,K Christie,K Christie,Hong Kong,2016-11-06,2016-11-06,1,1,0,0,3,0,0.0,0.0,0,0,0,0,0.0,100.0,10.0,1,6,18,0,,18.0,,0/18,0,0,33.33,0,0,0,0,,0,,0,0,0,,6,18.0,0,0,3,0.0,0,,0
2a242d58,633410,Simandeep Singh,Simandeep Singh,Hong Kong,2018-03-17,2018-03-17,1,1,0,0,7,0,0.0,0.0,0,0,0,0,0.0,100.0,5.0,0,0,0,0,,,,,0,0,,0,0,0,0,,0,,0,0,7,0.0,0,,0,0,0,,0,,0
b4bef2ed,55893,Fazle Mahmud,Fazle Mahmud,Bangladesh,2018-10-21,2018-10-24,2,2,0,0,9,0,0.0,0.0,0,0,0,0,0.0,100.0,3.0,1,18,16,0,,5.33,,0/16,0,0,50.0,1,0,0,4,0.0,0,,0,0,5,0.0,18,5.33,0,0,0,,0,,0
ad1730bc,270135,Ariful Haque,Ariful Haque,Bangladesh,2018-10-26,2018-10-26,1,0,0,0,0,0,,,0,0,0,0,,,,1,18,17,0,,5.67,,0/17,0,0,44.44,0,0,0,0,,0,,0,0,0,,18,5.67,0,0,0,,0,,0
f7c3d426,914519,CK Holder,CK Holder,West Indies,2021-01-20,2021-01-20,1,1,1,0,3,0*,,0.0,0,0,0,0,0.0,100.0,11.0,1,18,26,0,,8.67,,0/26,0,0,55.56,0,0,0,0,,18,8.67,0,0,3,0.0,0,,0,0,0,,0,,0
dff2050b,1210293,C Gunasekara,C Gunasekara,Sri Lanka,2022-01-16,2022-01-16,1,0,0,0,0,0,,,0,0,0,0,,,,1,6,8,0,,8.0,,0/8,0,0,66.67,0,0,0,0,,6,8.0,0,0,0,,0,,0,0,0,,0,,0
c290033d,1283740,Ihsanullah,Ihsanullah (2),Pakistan,2023-04-29,2023-04-29,1,0,0,0,0,0,,,0,0,0,0,,,,1,48,60,0,,7.5,,0/60,0,0,39.58,0,0,0,0,,12,10.0,0,0,0,,36,6.67,0,0,0,,0,,0
c68554a6,1275935,TJ Bishop,TJ Bishop,West Indies,2024-02-06,2024-02-06,1,1,0,0,6,0,0.0,0.0,0,0,0,0,0.0,100.0,5.0,0,0,0,0,,,,,0,0,,0,0,0,0,,0,,0,0,6,0.0,0,,0,0,0,,0,,0
28392e11,1272475,Zaman Khan,Zaman Khan,Pakistan,2023-09-14,2023-09-14,1,0,0,0,0,0,,,0,0,0,0,,,,1,36,39,0,,6.5,,0/39,0,0,52.78,0,0,0,0,,18,5.33,0,0,0,,12,8.0,0,0,0,,6,7.0,0
5691931a,1171127,Haseebullah Khan,Haseebullah Khan,Pakistan,2024-11-24,2025-11-16,2,2,0,0,14,0,0.0,0.0,0,0,0,0,0.0,100.0,4.0,0,0,0,0,,,,,0,0,,3,0,0,12,0.0,0,,0,0,2,0.0,0,,0,0,0,,0,,0
f190c775,1206188,K Tathgur,K Tathgur,Canada,2024-08-19,2024-08-19,1,0,0,0,0,0,,,0,0,0,0,,,,0,0,0,0,,,,,0,0,,0,0,0,0,,0,,0,0,0,,0,,0,0,0,,0,,0
78c12883,1191192,S Baker,S Baker,England,2025-09-02,2025-09-02,1,1,0,0,1,0,0.0,0.0,0,0,0,0,0.0,100.0,11.0,1,42,76,0,,10.86,,0/76,0,0,42.86,0,0,0,0,,24,14.0,0,0,1,0.0,18,6.67,0,0,0,,0,,0
790ac2b0,1444101,G Bajwa,G Bajwa,Canada,2024-09-26,2024-09-26,1,0,0,0,0,0,,,0,0,0,0,,,,1,37,35,0,,5.68,,0/35,0,0,43.24,0,0,0,0,,0,,0,0,0,,36,4.83,0,0,0,,1,36.0,0
8bb34d86,1394079,J Neill,J Neill,Ireland,2025-05-25,2025-05-25,1,0,0,0,0,0,,,0,0,0,0,,,,1,30,33,0,,6.6,,0/33,0,0,50.0,0,0,0,0,,6,4.0,0,0,0,,24,7.25,0,0,0,,0,,0
3bea1983,643133,DT Doram,DT Doram,Netherlands,2026-06-08,2026-06-16,2,0,0,0,0,0,,,0,0,0,0,,,,1,48,31,0,,3.88,,0/31,0,0,70.83,0,0,0,0,,24,3.0,0,0,0,,24,4.75,0,0,0,,0,,0
1daa8927,1147801,S Malla,S Malla,Nepal,2026-09-10,2026-09-10,1,1,0,0,9,0,0.0,0.0,0,0,0,0,0.0,100.0,10.0,1,12,5,0,,2.5,,0/5,0,0,58.33,0,0,0,0,,0,,0,0,0,,12,2.5,0,0,9,0.0,0,,0
b885a355,1552004,Muhammad Mohsin,Muhammad Mohsin,United Arab Emirates,2026-09-12,2026-09-12,1,1,0,0,2,0,0.0,0.0,0,0,0,0,0.0,100.0,10.0,1,36,41,0,,6.83,,0/41,0,0,38.89,0,0,0,0,,18,4.33,0,0,0,,18,9.33,0,0,2,0.0,0,,0
637b6fbd,46797,AG Puttick,AG Puttick,South Africa,2005-10-28,2005-10-28,1,1,0,0,5,0,0.0,0.0,0,0,0,0,0.0,100.0,2.0,0,0,0,0,,,,,0,0,,1,0,0,5,0.0,0,,0,0,0,,0,,0,0,0,,0,,0
ee5aa838,16388,AGR Loudon,AGR Loudon,England,2006-06-24,2006-06-24,1,1,0,0,0,0,0.0,,0,0,0,0,,,8.0,1,36,36,0,,6.0,,0/36,0,0,36.11,0,0,0,0,,0,,0,0,0,,30,5.4,0,0,0,,6,9.0,0
f9a87783,23729,KL Tucker,KL Tucker,Bermuda,2006-11-27,2006-11-27,1,1,0,0,4,0,0.0,0.0,0,0,0,0,0.0,100.0,1.0,0,0,0,0,,,,,0,0,,0,0,0,4,0.0,0,,0,0,0,,0,,0,0,0,,0,,0
bd48593c,24613,GE Kidd,GE Kidd,Ireland,2007-07-14,2007-07-14,1,0,0,0,0,0,,,0,0,0,0,,,,0,0,0,0,,,,,0,0,,0,0,0,0,,0,,0,0,0,,0,,0,0,0,,0,,0
0cc2c8b6,307237,TE Tucker,TE Tucker,Bermuda,2008-06-29,2008-06-29,1,0,0,0,0,0,,,0,0,0,0,,,,1,18,20,0,,6.67,,0/20,0,0,38.89,1,0,0,0,,0,,0,0,0,,18,6.67,0,0,0,,0,,0
0b2a170a,303341,R Strydom,R Strydom,Ireland,2008-07-31,2008-08-25,2,0,0,0,0,0,,,0,0,0,0,,,,0,0,0,0,,,,,0,0,,0,0,0,0,,0,,0,0,0,,0,,0,0,0,,0,,0
45de8d3e,43235,Samiullah Khan,Samiullah Khan,Pakistan,2008-01-21,2008-01-24,2,0,0,0,0,0,,,0,0,0,0,,,,2,120,115,0,,5.75,,0/55,0,0,50.83,0,0,0,0,,60,5.0,0,0,0,,48,6.38,0,0,0,,12,7.0,0
81147b00,42430,Rizwan Ahmed,Rizwan Ahmed,Pakistan,2008-02-02,2008-02-02,1,0,0,0,0,0,,,0,0,0,0,,,,1,24,26,0,,6.5,,0/26,0,0,29.17,1,0,0,0,,0,,0,0,0,,24,6.5,0,0,0,,0,,0
5147ad5b,319613,Aman Ali,Aman Ali,United Arab Emirates,2008-06-26,2008-06-26,1,1,0,0,2,0,0.0,0.0,0,0,0,0,0.0,100.0,11.0,1,12,22,0,,11.0,,0/22,0,0,33.33,0,0,0,0,,12,11.0,0,0,2,0.0,0,,0,0,0,,0,,0
7a653792,38626,EP Thompson,EP Thompson,New Zealand,2009-03-11,2009-03-11,1,0,0,0,0,0,,,0,0,0,0,,,,1,24,42,0,,10.5,,0/42,0,0,33.33,0,0,0,0,,18,9.0,0,0,0,,6,15.0,0,0,0,,0,,0
a45a5e8d,32091,AM Nayar,AM Nayar,India,2009-07-03,2009-09-30,3,1,1,0,7,0*,,0.0,0,0,0,0,0.0,100.0,5.0,1,18,17,0,,5.67,,0/17,0,0,44.44,0,0,0,0,,0,,0,0,7,0.0,18,5.67,0,0,0,,0,,0
6d25efd7,52300,E Katchay,E Katchay,Canada,2009-04-08,2009-04-08,1,0,0,0,0,0,,,0,0,0,0,,,,1,18,23,0,,7.67,,0/23,0,0,50.0,0,0,0,0,,0,,0,0,0,,18,7.67,0,0,0,,0,,0
d69c9b12,230552,NT Pascal,NT Pascal,West Indies,2009-07-26,2009-07-26,1,1,0,0,1,0,0.0,0.0,0,0,0,0,0.0,100.0,11.0,1,24,29,0,,7.25,,0/29,0,0,54.17,0,0,0,0,,12,7.5,0,0,0,,12,7.0,0,0,1,0.0,0,,0
39ef812b,23879,S Keshvani,S Keshvani,Canada,2009-08-19,2009-08-19,1,0,0,0,0,0,,,0,0,0,0,,,,0,0,0,0,,,,,0,0,,0,0,0,0,,0,,0,0,0,,0,,0,0,0,,0,,0
c78f1ff5,40926,Junaid Zia,Junaid Zia,Pakistan,2003-09-09,2003-09-18,2,0,0,0,0,0,,,0,0,0,0,,,,2,78,81,0,,6.23,,0/35,0,0,56.41,0,0,0,0,,0,,0,0,0,,60,5.2,0,0,0,,18,9.67,0
0d08cbcb,41316,Mushtaq Ahmed,Mushtaq Ahmed,Pakistan,2003-10-03,2003-10-03,1,0,0,0,0,0,,,0,0,0,0,,,,1,60,65,0,,6.5,,0/65,0,0,40.0,0,0,0,0,,0,,0,0,0,,48,5.62,0,0,0,,12,10.0,0
37b67a54,38760,MDJ Walker,MDJ Walker,New Zealand,2003-11-29,2003-11-29,1,0,0,0,0,0,,,0,0,0,0,,,,1,30,25,0,,5.0,,0/25,0,0,33.33,1,0,0,0,,0,,0,0,0,,30,5.0,0,0,0,,0,,0
9fa4ff04,56104,Shahriar Hossain,Shahriar Hossain,Bangladesh,2004-05-15,2004-05-15,1,1,0,0,3,0,0.0,0.0,0,0,0,0,0.0,100.0,1.0,0,0,0,0,,,,,0,0,,0,0,0,3,0.0,0,,0,0,0,,0,,0,0,0,,0,,0
d32a4a41,24835,R Walters,R Walters,Namibia,2003-02-10,2003-02-16,2,2,0,0,5,0,0.0,0.0,0,0,0,0,0.0,100.0,1.0,0,0,0,0,,,,,0,0,,0,0,0,5,0.0,0,,0,0,0,,0,,0,0,0,,0,,0
ef6aea67,465797,PHT Kaushal,PHT Kaushal,Sri Lanka,2015-03-18,2015-03-18,1,1,0,0,1,0,0.0,0.0,0,0,0,0,0.0,100.0,9.0,1,36,25,0,,4.17,,0/25,0,0,61.11,0,0,0,0,,18,4.67,0,0,1,0.0,18,3.67,0,0,0,,0,,0
20f4a109,364300,TGJ Gruijters,TGJ Gruijters,Netherlands,2013-08-29,2013-08-29,1,0,0,0,0,0,,,0,0,0,0,,,,0,0,0,0,,,,,0,0,,0,0,0,0,,0,,0,0,0,,0,,0,0,0,,0,,0
6cd0b2d8,25881,DL Blake,DL Blake,United States of America,2004-09-13,2004-09-13,1,1,0,0,2,0,0.0,0.0,0,0,0,0,0.0,100.0,10.0,1,6,7,0,,7.0,,0/7,0,0,16.67,0,0,0,0,,6,7.0,0,0,2,0.0,0,,0,0,0,,0,,0
9911ecbb,626111,Salman Faris,Salman Faris,United Arab Emirates,2014-05-04,2014-05-04,1,1,0,0,2,0,0.0,0.0,0,0,0,0,0.0,100.0,2.0,0,0,0,0,,,,,0,0,,0,0,0,2,0.0,0,,0,0,0,,0,,0,0,0,,0,,0
7b1e20ea,349853,ZS Ansari,ZS Ansari,England,2015-05-08,2015-05-08,1,0,0,0,0,0,,,0,0,0,0,,,,0,0,0,0,,,,,0,0,,0,0,0,0,,0,,0,0,0,,0,,0,0,0,,0,,0
119678fd,30288,KV Sharma,KV Sharma,India,2014-11-13,2014-11-16,2,0,0,0,0,0,,,0,0,0,0,,,,2,114,125,0,,6.58,,0/61,0,0,52.63,3,0,0,0,,0,,0,0,0,,102,6.0,0,0,0,,12,11.5,0
e3dd0d8e,392946,R Kaia,R Kaia,Zimbabwe,2015-05-31,2015-05-31,1,0,0,0,0,0,,,0,0,0,0,,,,0,0,0,0,,,,,0,0,,0,0,0,0,,0,,0,0,0,,0,,0,0,0,,0,,0
