id,name,team,source,position,bat_role,bowl_role,bat_hand,bowl_kind,bat_balls,bat_conf,ref_avg,ref_sr,ref_boundary_pct,bat_runs_idx,bat_wkt_idx,bat_six_idx,bowl_balls,bowl_conf,ref_econ,ref_bowl_avg,ref_bowl_sr,bowl_runs_idx,bowl_wkt_idx,career
7dc35884,Shakib Al Hasan,Bangladesh,ball_by_ball,4.6,middle,spec_spin,left,left_arm_orthodox,7930,0.98,37.3,90.5,9.8,1.045,0.883,0.513,10636,0.72,4.86,31.4,38.8,0.903,0.942,odi: 211m 6638r 258w
ba607b88,V Kohli,India,ball_by_ball,3.2,top,part_pace,right,medium,15784,0.99,60.5,100.1,11.1,1.184,0.612,0.86,664,0.13,6.07,49.5,49.0,1.14,0.77,odi: 311m 14819r 5w
5bdcdb72,TM Dilshan,Sri Lanka,ball_by_ball,3.2,top,part_spin,right,off_spin,10538,0.99,43.9,99.6,12.1,1.173,0.81,0.48,5073,0.53,5.1,38.8,45.7,0.965,0.81,odi: 280m 9212r 87w
9ab63e7b,Mohammad Hafeez,Pakistan,ball_by_ball,2.3,top,spec_spin,right,off_spin,8179,0.98,36.0,85.2,10.7,1.055,0.881,1.302,7217,0.59,4.4,32.4,44.2,0.844,0.86,odi: 204m 6351r 128w
6b71e6cf,KC Sangakkara,Sri Lanka,ball_by_ball,3.3,top,,left,off_spin,14315,0.99,48.7,92.8,10.1,1.106,0.704,0.591,,,,,,,,odi: 298m 11640r 0w
fe93fd9d,RA Jadeja,India,ball_by_ball,7.0,lower,spec_spin,left,left_arm_orthodox,3362,0.97,34.6,91.9,9.0,0.887,0.745,0.774,10257,0.69,4.93,32.9,40.1,0.926,0.921,odi: 207m 2880r 225w
0dc00542,Shahid Afridi,Pakistan,ball_by_ball,6.1,lower,spec_spin,right,leg_spin,2878,0.96,28.8,150.0,22.8,1.584,1.64,4.207,10247,0.68,4.94,30.6,37.1,0.918,1.005,odi: 207m 3913r 242w
740742ef,RG Sharma,India,ball_by_ball,2.2,top,part_spin,right,off_spin,12478,0.99,50.9,98.8,13.6,1.212,0.714,2.487,610,0.14,5.84,43.8,45.0,1.071,0.809,odi: 281m 11532r 9w
64c34cd0,Shoaib Malik,Pakistan,ball_by_ball,4.9,middle,spec_spin,right,off_spin,7192,0.98,37.3,93.7,9.7,1.058,0.859,1.111,5612,0.55,5.18,36.4,42.1,0.953,0.88,odi: 224m 5981r 114w
62af8546,Mohammad Nabi,Afghanistan,wikipedia_totals,,lower,spec_spin,right,off_spin,4739,0.79,27.2,83.2,9.7,0.96,1.065,1.147,8054,0.65,4.55,31.4,41.5,0.843,0.878,"wikipedia_odi: 178m 3,792r 177w"
1c914163,Yuvraj Singh,India,ball_by_ball,4.6,middle,spec_spin,left,left_arm_orthodox,7889,0.98,44.0,103.7,14.5,1.157,0.826,1.746,4024,0.46,5.62,35.4,37.8,1.038,0.968,odi: 226m 6932r 92w
896d78ad,AD Mathews,Sri Lanka,ball_by_ball,5.5,middle,spec_pace,right,medium,6741,0.98,42.3,91.6,9.3,0.952,0.687,0.765,5131,0.45,4.77,26.3,33.1,0.919,1.124,odi: 216m 5646r 120w
4a8a2e3b,MS Dhoni,India,ball_by_ball,5.5,middle,part_pace,right,medium,11820,0.99,56.0,98.2,11.0,1.025,0.552,1.265,36,0.01,5.77,44.8,46.6,1.087,0.834,odi: 331m 10274r 1w
db584dad,CH Gayle,West Indies,ball_by_ball,1.3,top,spec_spin,left,off_spin,7190,0.98,37.4,105.3,18.1,1.327,1.077,4.71,4415,0.52,5.36,35.6,39.9,0.94,0.87,odi: 201m 6433r 95w
4329fbb5,SR Watson,Australia,ball_by_ball,2.6,top,spec_pace,right,fast_medium,5844,0.98,44.0,103.1,14.2,1.255,0.86,2.321,5599,0.49,5.42,28.0,31.0,0.97,1.148,odi: 164m 5357r 146w
f842c2cf,MJ Clarke,Australia,ball_by_ball,4.2,middle,part_spin,right,left_arm_orthodox,8938,0.99,48.3,90.2,8.7,1.025,0.649,0.533,2226,0.32,5.36,34.4,38.5,0.994,0.953,odi: 217m 6988r 52w
a12e1d51,SL Malinga,Sri Lanka,ball_by_ball,10.0,tail,spec_pace,right,fast,689,0.88,10.5,80.4,10.7,0.743,1.955,1.29,10408,0.66,5.38,25.4,28.4,0.982,1.206,odi: 213m 508r 322w
bf1d7d3e,Mahmudullah,Bangladesh,ball_by_ball,5.9,lower,part_spin,right,off_spin,6585,0.98,33.9,82.6,8.4,0.869,0.792,0.832,3984,0.52,5.75,47.2,49.2,1.061,0.764,odi: 215m 5131r 75w
a343262c,JE Root,England,ball_by_ball,3.4,top,part_spin,right,off_spin,8672,0.99,51.0,91.9,8.6,1.079,0.666,0.445,1705,0.28,5.76,44.0,45.8,1.082,0.821,odi: 186m 7578r 29w
86dc8f2e,JH Kallis,South Africa,ball_by_ball,3.2,top,spec_pace,right,fast_medium,6453,0.98,47.7,91.1,10.0,1.073,0.694,1.009,3880,0.39,5.69,30.2,31.8,1.031,1.126,odi: 138m 4929r 92w
d027ba9f,KS Williamson,New Zealand,ball_by_ball,3.3,top,part_spin,right,off_spin,8749,0.99,46.4,85.1,8.8,1.035,0.669,0.584,1468,0.26,5.47,35.5,38.9,0.991,0.907,odi: 173m 7145r 37w
e186f49c,Mashrafe Mortaza,Bangladesh,ball_by_ball,8.8,tail,spec_pace,right,fast,1567,0.94,15.4,93.9,11.7,0.847,1.654,1.264,8583,0.63,5.27,30.7,34.9,0.996,1.007,odi: 175m 1304r 209w
d18f9182,DPMD Jayawardene,Sri Lanka,ball_by_ball,3.8,middle,part_pace,right,medium,9993,0.99,38.0,93.4,9.8,1.097,0.891,0.572,67,0.02,5.97,42.0,42.2,1.078,0.839,odi: 283m 8069r 1w
b61a3e1a,LRPL Taylor,New Zealand,ball_by_ball,3.9,middle,part_spin,right,off_spin,9791,0.99,47.8,90.0,9.9,1.029,0.672,1.091,42,0.01,5.36,40.7,45.6,1.008,0.862,odi: 224m 8126r 0w
3b041a12,Tamim Iqbal,Bangladesh,ball_by_ball,1.1,top,part_unk,left,,9681,0.98,35.7,83.7,10.6,1.068,0.877,0.988,6,0.0,7.59,74.7,59.0,1.335,0.583,odi: 218m 7648r 0w
a386e91b,PD Collingwood,England,ball_by_ball,5.3,middle,spec_pace,right,medium,5413,0.98,40.6,90.8,9.2,1.004,0.755,1.078,4240,0.42,5.28,31.3,35.7,0.978,1.034,odi: 158m 4148r 86w
469ea22b,KMDN Kulasekara,Sri Lanka,ball_by_ball,8.4,tail,spec_pace,right,fast_medium,1611,0.94,17.5,89.9,10.2,0.868,1.473,1.375,8039,0.58,5.04,27.8,33.1,0.988,1.089,odi: 179m 1323r 192w
d7c6af50,DL Vettori,New Zealand,ball_by_ball,7.8,tail,spec_spin,left,left_arm_orthodox,1703,0.94,22.5,97.7,9.2,1.024,1.375,0.45,7947,0.61,4.35,26.8,36.9,0.822,1.014,odi: 159m 1450r 184w
c4487b84,AB de Villiers,South Africa,ball_by_ball,3.8,middle,part_pace,right,medium,9323,0.99,58.2,113.5,14.0,1.309,0.687,1.913,192,0.05,6.23,39.9,38.4,1.075,0.893,odi: 222m 9435r 7w
d12143bf,JM Anderson,England,ball_by_ball,10.7,tail,spec_pace,left,fast_medium,498,0.84,10.5,61.5,5.9,0.569,1.433,0.158,8853,0.61,5.33,26.8,30.1,0.992,1.162,odi: 179m 254r 250w
2e8994e7,JP Duminy,South Africa,ball_by_ball,5.0,middle,part_spin,left,off_spin,5858,0.98,37.6,92.9,8.8,0.999,0.817,0.814,3391,0.43,5.55,40.4,43.6,1.048,0.873,odi: 193m 4928r 67w
87e562a9,DJ Bravo,West Indies,ball_by_ball,5.6,lower,spec_pace,right,medium_fast,3398,0.97,28.7,93.4,10.4,1.012,1.07,1.334,5836,0.55,5.97,30.4,30.6,1.02,1.113,odi: 146m 2760r 177w
f846de6a,MN Samuels,West Indies,ball_by_ball,4.2,middle,spec_spin,right,off_spin,5527,0.98,35.5,84.8,11.0,0.999,0.87,1.687,3633,0.46,5.18,39.3,45.5,0.939,0.782,odi: 152m 4205r 57w
afe57f7a,SC Williams,Zimbabwe,ball_by_ball,4.8,middle,spec_spin,left,left_arm_orthodox,4912,0.98,34.5,91.5,9.9,1.043,0.947,0.681,4179,0.56,5.29,46.0,52.1,0.961,0.689,odi: 134m 4351r 70w
8b5b6769,Harbhajan Singh,India,ball_by_ball,8.3,tail,spec_spin,right,off_spin,1119,0.92,19.0,97.4,11.6,0.892,1.385,1.504,7957,0.62,4.81,32.4,40.4,0.887,0.92,odi: 154m 917r 166w
dd09ff8e,B Lee,Australia,ball_by_ball,8.6,tail,spec_pace,right,fast,1057,0.92,19.4,95.0,10.3,0.843,1.215,1.317,7934,0.57,5.02,23.1,27.6,0.945,1.288,odi: 154m 865r 257w
249d60c9,AU Rashid,England,ball_by_ball,9.4,tail,spec_spin,right,leg_spin,1016,0.91,18.8,96.0,10.3,0.874,1.297,0.506,7953,0.62,5.6,30.5,32.7,1.042,1.138,odi: 159m 942r 234w
d2c2b2d5,SR Tendulkar,India,ball_by_ball,2.1,top,part_spin,right,leg_spin,7414,0.98,55.9,104.8,14.1,1.304,0.702,1.225,1506,0.28,6.19,43.2,41.9,1.057,0.807,odi: 146m 6433r 27w
e798611a,HM Amla,South Africa,ball_by_ball,1.5,top,,right,off_spin,8861,0.98,49.5,96.3,11.1,1.186,0.72,0.588,,,,,,,,odi: 177m 7834r 0w
a94e08ea,Mushfiqur Rahim,Bangladesh,ball_by_ball,4.9,middle,,right,off_spin,8783,0.99,36.6,85.5,8.7,0.966,0.825,0.725,,,,,,,,odi: 241m 7096r 0w
f233bbb4,ST Jayasuriya,Sri Lanka,ball_by_ball,1.9,top,spec_spin,left,left_arm_orthodox,4625,0.96,41.6,113.5,17.4,1.476,1.037,3.222,4003,0.45,5.44,33.8,37.2,0.988,0.969,odi: 135m 4414r 89w
26d041c4,Sikandar Raza,Zimbabwe,ball_by_ball,4.9,middle,spec_spin,right,off_spin,4298,0.97,33.1,88.9,9.8,0.985,0.928,1.095,4325,0.57,5.14,44.8,52.3,0.946,0.7,odi: 129m 3762r 77w
7ed9fd56,WU Tharanga,Sri Lanka,ball_by_ball,1.8,top,,left,,8565,0.98,35.4,85.5,10.8,1.062,0.904,0.721,,,,,,,,odi: 217m 6482r 0w
7d415ea5,RT Ponting,Australia,ball_by_ball,3.0,top,,right,medium,8481,0.98,45.6,97.8,12.1,1.173,0.799,1.423,,,,,,,,odi: 198m 6979r 0w
13c35c9e,TG Southee,New Zealand,ball_by_ball,9.5,tail,spec_pace,right,medium_fast,750,0.89,15.3,99.2,12.2,0.899,1.601,1.343,7700,0.58,5.47,27.6,30.2,1.027,1.159,odi: 152m 715r 215w
0f721006,JO Holder,West Indies,ball_by_ball,7.2,lower,spec_pace,right,medium_fast,2395,0.96,25.0,90.9,10.0,0.967,1.154,1.374,6050,0.55,5.5,31.2,34.1,1.028,1.036,odi: 129m 2144r 151w
2be41edb,MJ Guptill,New Zealand,ball_by_ball,1.4,top,part_spin,right,off_spin,8164,0.98,40.9,93.2,13.1,1.168,0.864,2.243,110,0.03,5.95,37.4,37.7,1.01,0.883,odi: 194m 7124r 4w
bb351c23,MM Ali,England,ball_by_ball,5.8,lower,spec_spin,left,off_spin,2357,0.95,26.3,101.3,12.6,1.091,1.26,1.626,5891,0.52,5.19,36.6,42.3,1.006,0.929,odi: 135m 2278r 111w
f5180fe6,MG Johnson,Australia,ball_by_ball,8.5,tail,spec_pace,left,fast,976,0.91,18.6,103.5,11.6,0.902,1.364,1.018,7215,0.55,5.05,23.8,28.3,0.907,1.262,odi: 147m 934r 226w
1dc12ab9,SK Raina,India,ball_by_ball,5.1,middle,part_spin,left,off_spin,5955,0.98,40.4,105.7,12.8,1.159,0.878,1.673,2124,0.35,5.4,41.8,46.4,0.998,0.785,odi: 220m 5585r 36w
9de271ef,P Utseya,Zimbabwe,ball_by_ball,8.6,tail,spec_spin,right,off_spin,1891,0.95,15.7,67.7,5.8,0.646,1.277,0.338,6146,0.61,5.05,46.0,54.7,0.956,0.686,odi: 118m 1114r 91w
5f547c8b,Rashid Khan,Afghanistan,wikipedia_totals,,lower,spec_spin,right,leg_spin,1780,0.58,21.0,83.2,9.7,0.96,1.391,1.147,6174,0.59,4.38,21.8,29.9,0.81,1.216,"wikipedia_odi: 123m 1,469r 226w"
e4a0deae,MJ Santner,New Zealand,ball_by_ball,7.6,tail,spec_spin,left,left_arm_orthodox,1784,0.95,24.8,95.7,10.2,0.9,1.074,1.162,6101,0.56,4.65,29.8,38.4,0.857,0.95,odi: 127m 1641r 136w
8ba8195d,V Sehwag,India,ball_by_ball,1.6,top,part_spin,right,off_spin,5442,0.97,43.4,126.2,21.0,1.632,1.1,3.245,2429,0.38,5.72,39.0,40.9,1.04,0.862,odi: 169m 5763r 54w
d2babdd5,E Chigumbura,Zimbabwe,ball_by_ball,6.3,lower,spec_pace,right,medium_fast,4143,0.97,25.3,87.9,10.2,0.93,1.134,1.166,3581,0.45,6.2,41.1,39.8,1.128,0.918,odi: 160m 3266r 80w
0f12f9df,NLTC Perera,Sri Lanka,ball_by_ball,7.2,lower,spec_pace,left,medium_fast,1980,0.95,22.8,117.8,14.5,1.155,1.449,1.939,5669,0.49,6.05,30.1,29.9,1.111,1.216,odi: 161m 2233r 164w
30a45b23,SPD Smith,Australia,ball_by_ball,3.8,middle,part_spin,right,leg_spin,6522,0.98,43.0,90.5,9.2,1.052,0.754,0.626,1076,0.2,5.87,38.9,39.8,1.106,0.947,odi: 167m 5668r 28w
d2a6c0e6,EJG Morgan,England,ball_by_ball,4.6,middle,,left,,7578,0.98,40.4,99.5,12.6,1.13,0.883,1.917,,,,,,,,odi: 231m 6953r 0w
7fb32e5b,KD Mills,New Zealand,ball_by_ball,9.2,tail,spec_pace,right,fast_medium,966,0.91,19.0,100.3,13.3,0.903,1.313,1.773,6453,0.52,4.87,23.7,29.2,0.952,1.227,odi: 131m 871r 191w
91a4a398,Z Khan,India,ball_by_ball,9.4,tail,spec_pace,right,fast_medium,745,0.88,17.3,86.4,11.6,0.793,1.325,1.288,6639,0.55,5.26,27.3,31.1,0.987,1.112,odi: 132m 531r 180w
bd77eb62,A Symonds,Australia,ball_by_ball,5.0,middle,spec_spin,right,off_spin,3960,0.97,49.7,109.9,13.5,1.196,0.742,1.846,3407,0.39,5.7,35.4,37.3,1.051,0.981,odi: 126m 3589r 69w
0a476045,S Dhawan,India,ball_by_ball,1.9,top,,left,off_spin,7358,0.98,44.8,96.9,13.3,1.244,0.831,1.092,,,,,,,,odi: 166m 6733r 0w
4c5d73db,CR Woakes,England,ball_by_ball,7.8,tail,spec_pace,right,fast_medium,1683,0.94,22.3,93.7,8.9,0.903,1.193,0.533,5665,0.51,5.29,25.6,29.1,1.0,1.199,odi: 119m 1514r 173w
72861603,GC Smith,South Africa,ball_by_ball,1.4,top,part_spin,left,off_spin,6467,0.97,39.7,95.8,11.8,1.229,0.925,0.927,808,0.16,5.97,40.4,40.6,1.052,0.871,odi: 155m 5280r 15w
8a75e999,Babar Azam,Pakistan,ball_by_ball,3.1,top,,right,off_spin,7260,0.98,49.7,88.9,9.5,1.059,0.658,0.599,,,,,,,,odi: 137m 6328r 0w
372455c4,Q de Kock,South Africa,ball_by_ball,1.5,top,,left,,7248,0.98,45.7,100.7,13.6,1.29,0.85,1.601,,,,,,,,odi: 159m 7014r 0w
3fb19989,MA Starc,Australia,ball_by_ball,9.1,tail,spec_pace,left,fast,748,0.89,14.8,82.2,8.3,0.735,1.392,0.688,6469,0.53,5.11,22.0,25.8,0.933,1.367,odi: 126m 579r 239w
1fc6ef83,SD Hope,West Indies,ball_by_ball,2.9,top,,right,medium,7191,0.98,42.5,82.8,8.8,0.982,0.718,1.063,,,,,,,,odi: 144m 5857r 0w
57efa3be,SB Styris,New Zealand,ball_by_ball,4.6,middle,spec_pace,right,medium,3906,0.97,43.2,97.6,10.6,1.105,0.795,1.174,3219,0.34,5.23,29.3,33.7,0.954,1.092,odi: 111m 3184r 67w
4ba44e19,M Muralitharan,Sri Lanka,ball_by_ball,10.0,tail,spec_spin,right,off_spin,379,0.8,12.7,92.1,11.1,0.826,1.748,0.946,6736,0.59,4.56,24.9,32.8,0.824,1.087,odi: 126m 317r 190w
888e32bf,Abdur Razzak,Bangladesh,ball_by_ball,9.5,tail,spec_spin,left,left_arm_orthodox,854,0.89,14.5,85.2,9.4,0.799,1.634,1.065,6254,0.6,5.03,30.9,36.9,0.909,0.964,odi: 122m 644r 163w
53597be1,BRM Taylor,Zimbabwe,ball_by_ball,3.2,top,part_spin,right,off_spin,6848,0.98,33.7,83.1,9.5,1.008,0.912,0.946,258,0.09,6.83,55.2,48.5,1.126,0.639,odi: 164m 5153r 4w
390ff45b,Abdul Razzaq,Pakistan,ball_by_ball,7.1,lower,spec_pace,right,fast_medium,2604,0.96,37.1,109.3,13.4,1.046,0.856,1.958,4457,0.42,5.35,31.4,35.2,1.008,1.067,odi: 116m 2327r 96w
495d42a5,R Ashwin,India,ball_by_ball,8.0,tail,spec_spin,right,off_spin,813,0.89,19.9,93.9,9.0,0.887,1.261,0.485,6247,0.56,5.02,31.1,37.2,0.938,0.996,odi: 115m 707r 153w
c58b0108,Mehedi Hasan Miraz,Bangladesh,ball_by_ball,6.9,lower,spec_spin,right,off_spin,1779,0.94,20.8,80.1,8.8,0.844,1.196,0.609,5235,0.55,4.73,33.5,42.5,0.928,0.903,odi: 108m 1408r 114w
33155d1b,IR Bell,England,ball_by_ball,2.8,top,part_pace,right,medium,6865,0.98,43.0,90.5,9.8,1.095,0.766,0.588,92,0.04,7.19,41.0,34.2,1.125,0.86,odi: 156m 5289r 6w
14f96089,A Zampa,Australia,ball_by_ball,10.0,tail,spec_spin,right,leg_spin,620,0.87,12.3,67.8,6.2,0.641,1.448,0.188,6216,0.55,5.27,26.9,30.6,0.972,1.181,odi: 119m 401r 193w
dcce6f09,DA Warner,Australia,ball_by_ball,1.5,top,part_spin,left,leg_spin,6828,0.98,45.9,104.4,13.5,1.305,0.865,1.687,6,0.0,5.54,37.4,40.5,1.019,0.918,odi: 156m 6623r 0w
b681e71e,GJ Maxwell,Australia,ball_by_ball,5.7,lower,spec_spin,right,off_spin,2975,0.97,34.7,129.1,17.9,1.332,1.173,2.391,3852,0.41,5.26,34.0,38.7,0.984,0.969,odi: 144m 3695r 74w
8fd1a8f5,DW Steyn,South Africa,ball_by_ball,9.3,tail,spec_pace,right,fast,562,0.85,13.0,71.8,8.9,0.678,1.432,0.783,6216,0.53,5.07,24.3,28.7,0.929,1.206,odi: 124m 365r 193w
31fbf891,H Masakadza,Zimbabwe,ball_by_ball,2.1,top,part_pace,right,medium,5503,0.97,26.0,77.5,10.1,1.006,1.138,1.192,1223,0.28,6.03,57.2,57.0,1.108,0.646,odi: 156m 3955r 19w
e087956b,BA Stokes,England,ball_by_ball,5.1,middle,spec_pace,left,fast_medium,3613,0.97,41.7,99.8,11.9,1.101,0.819,1.74,3103,0.36,5.91,31.6,32.1,1.037,1.081,odi: 113m 3461r 74w
c03c6200,DJG Sammy,West Indies,ball_by_ball,7.7,tail,spec_pace,right,medium_fast,1857,0.95,24.8,110.3,15.2,1.091,1.341,2.595,4840,0.46,4.97,35.0,42.2,0.951,0.899,odi: 121m 1853r 77w
eba6a852,SCJ Broad,England,ball_by_ball,9.0,tail,spec_pace,left,fast_medium,665,0.87,15.0,85.3,8.5,0.791,1.493,0.771,5933,0.52,5.63,28.1,29.9,1.016,1.171,odi: 117m 509r 173w
2e81a32d,B Kumar,India,ball_by_ball,8.7,tail,spec_pace,right,medium,747,0.89,16.4,80.3,8.0,0.698,1.202,0.458,5804,0.53,5.1,28.1,33.1,0.957,1.039,odi: 120m 552r 141w
33cb3411,Younis Khan,Pakistan,ball_by_ball,3.8,middle,part_pace,right,medium,6297,0.98,33.8,87.3,8.3,1.036,0.928,0.664,215,0.06,6.59,47.2,42.9,1.107,0.76,odi: 177m 4777r 1w
3eac9d95,JDP Oram,New Zealand,ball_by_ball,6.6,lower,spec_pace,left,fast_medium,1711,0.94,28.8,107.7,13.9,1.083,1.155,2.148,4796,0.46,4.95,26.7,32.4,0.892,1.109,odi: 106m 1546r 120w
88fccd6c,SM Pollock,South Africa,ball_by_ball,7.1,lower,spec_pace,right,fast_medium,1450,0.93,33.5,110.4,12.8,1.091,0.916,1.154,5013,0.44,3.82,21.8,34.1,0.786,1.099,odi: 98m 1358r 108w
7eae4418,Misbah-ul-Haq,Pakistan,ball_by_ball,4.9,middle,part_spin,right,leg_spin,6411,0.98,43.8,82.3,7.7,0.906,0.632,0.904,24,0.01,6.84,41.5,36.4,1.049,0.803,odi: 149m 4752r 0w
5fa06777,IK Pathan,India,ball_by_ball,6.7,lower,spec_pace,left,medium_fast,1516,0.92,28.7,97.3,13.4,1.033,1.043,1.823,4858,0.46,5.79,28.6,29.7,1.065,1.187,odi: 100m 1226r 144w
3355b542,F du Plessis,South Africa,ball_by_ball,3.7,middle,part_spin,right,leg_spin,6175,0.98,46.5,93.7,10.3,1.111,0.731,0.817,192,0.04,5.68,42.8,45.3,1.079,0.872,odi: 141m 5445r 2w
8d2c70ad,Kuldeep Yadav,India,ball_by_ball,9.2,tail,spec_spin,left,left_arm_wrist,399,0.81,12.2,58.2,5.4,0.535,1.19,0.139,5968,0.57,5.04,27.4,32.6,0.951,1.141,odi: 117m 202r 191w
a818c1be,TA Boult,New Zealand,ball_by_ball,10.8,tail,spec_pace,right,fast_medium,279,0.75,14.0,85.1,10.5,0.761,1.556,0.985,6026,0.51,4.85,21.9,27.1,0.922,1.311,odi: 111m 216r 206w
16dfcc19,Umar Gul,Pakistan,ball_by_ball,9.3,tail,spec_pace,right,fast_medium,630,0.87,12.9,78.4,9.4,0.708,1.499,0.993,5659,0.52,5.54,29.0,31.4,1.022,1.117,odi: 120m 442r 157w
05d74535,Saeed Ajmal,Pakistan,ball_by_ball,10.0,tail,spec_spin,right,off_spin,534,0.85,10.6,68.1,5.1,0.605,1.564,0.102,5748,0.57,4.54,24.2,32.0,0.795,1.081,odi: 108m 323r 175w
b8d490fd,AJ Finch,Australia,ball_by_ball,1.7,top,part_spin,right,left_arm_orthodox,5990,0.98,38.9,91.9,11.8,1.165,0.911,1.866,284,0.05,5.19,37.9,43.9,1.005,0.912,odi: 143m 5188r 4w
ddc0828d,A Flintoff,England,ball_by_ball,5.3,middle,spec_pace,right,fast_medium,2377,0.95,40.9,111.5,16.0,1.221,0.947,2.343,3820,0.41,4.76,23.3,29.4,0.843,1.19,odi: 83m 2168r 119w
48fd7349,MEK Hussey,Australia,ball_by_ball,5.4,middle,part_pace,left,medium,5920,0.98,48.8,100.0,9.7,1.053,0.634,0.976,240,0.05,6.43,43.4,40.5,1.128,0.875,odi: 175m 5076r 2w
5bb5a915,M Morkel,South Africa,ball_by_ball,9.8,tail,spec_pace,left,fast,354,0.79,14.2,84.6,10.1,0.755,1.503,0.888,5740,0.51,5.14,24.3,28.4,0.922,1.247,odi: 116m 268r 187w
e237b28c,Yousuf Youhana,Pakistan,ball_by_ball,4.2,middle,part_pace,right,medium,5845,0.98,46.5,92.1,8.7,1.051,0.691,0.632,2,0.0,5.77,43.8,45.6,1.06,0.809,odi: 136m 4523r 1w
e62dd25d,K Rabada,South Africa,ball_by_ball,9.0,tail,spec_pace,left,fast,507,0.84,16.5,84.0,9.3,0.748,1.275,0.81,5322,0.49,4.95,23.9,29.0,0.905,1.215,odi: 103m 401r 164w
f9c29fcd,Rahmat Shah,Afghanistan,wikipedia_totals,,lower,part_spin,right,leg_spin,5269,0.81,32.7,83.2,9.7,0.96,0.879,1.147,543,0.13,5.87,42.8,43.7,1.097,0.832,"wikipedia_odi: 132m 4,300r 15w"
bb345e0b,G Gambhir,India,ball_by_ball,2.0,top,part_spin,left,leg_spin,5804,0.97,46.3,99.4,11.4,1.234,0.807,0.466,7,0.0,5.86,43.2,44.2,1.07,0.843,odi: 138m 4981r 0w
acee4cc4,Imran Tahir,South Africa,ball_by_ball,10.8,tail,spec_spin,right,leg_spin,225,0.72,12.7,78.8,9.3,0.681,1.426,0.331,5501,0.54,4.73,25.5,32.3,0.875,1.13,odi: 106m 157r 169w
0a8fce53,Mustafizur Rahman,Bangladesh,ball_by_ball,10.6,tail,spec_pace,left,fast_medium,342,0.79,8.1,52.2,5.6,0.479,1.558,0.149,5347,0.55,5.21,26.7,30.7,0.94,1.117,odi: 112m 165r 174w
d1988788,Rohan Mustafa,United Arab Emirates,ball_by_ball,4.4,middle,spec_spin,left,off_spin,2193,0.95,16.7,61.1,6.3,0.693,1.289,0.553,3484,0.58,5.49,47.0,51.4,0.999,0.695,odi: 75m 1401r 79w
bcce309e,WPUJC Vaas,Sri Lanka,ball_by_ball,8.1,tail,spec_pace,left,fast_medium,844,0.89,14.7,82.8,7.1,0.767,1.477,0.272,4809,0.43,4.4,24.0,32.7,0.885,1.126,odi: 95m 579r 112w
cf494ffe,PR Stirling,Ireland,ball_by_ball,1.8,top,spec_spin,right,off_spin,4054,0.96,28.9,88.6,12.5,1.11,1.175,1.65,1460,0.28,5.31,42.7,48.2,0.978,0.764,odi: 116m 3548r 22w
881a9bdd,S Chanderpaul,West Indies,ball_by_ball,3.7,middle,part_spin,left,leg_spin,5484,0.98,44.3,83.1,8.2,0.97,0.677,0.907,26,0.01,5.52,45.8,49.7,1.039,0.772,odi: 114m 3804r 0w
8cf9814c,Mohammed Shami,India,ball_by_ball,9.5,tail,spec_pace,right,fast,271,0.76,13.4,85.9,10.6,0.735,1.467,1.014,5227,0.52,5.51,24.6,26.7,1.0,1.268,odi: 106m 224r 200w
3d8feaf8,MR Marsh,Australia,ball_by_ball,4.2,middle,spec_pace,right,medium,3284,0.96,40.3,98.4,12.7,1.117,0.843,1.797,2199,0.25,5.34,27.2,30.6,0.98,1.22,odi: 98m 3102r 57w
e824e6ee,TWM Latham,New Zealand,ball_by_ball,4.2,middle,,left,medium,5427,0.98,33.1,87.1,8.9,1.016,0.944,0.711,,,,,,,,odi: 169m 4583r 0w
1252f71a,MRJ Watt,Scotland,ball_by_ball,8.0,tail,spec_spin,left,left_arm_orthodox,1106,0.92,13.5,77.5,7.9,0.726,1.601,0.642,4298,0.62,5.5,44.5,48.5,1.02,0.75,odi: 84m 916r 108w
36d33dd0,RR Sarwan,West Indies,ball_by_ball,3.7,middle,part_spin,right,leg_spin,5022,0.97,42.4,88.7,9.4,1.043,0.757,1.002,371,0.09,6.61,41.8,38.0,1.075,0.832,odi: 120m 3717r 14w
b8a55852,BB McCullum,New Zealand,ball_by_ball,3.9,middle,,right,medium,5347,0.97,36.8,113.7,16.9,1.276,1.085,3.168,,,,,,,,odi: 212m 5157r 0w
39f01cdb,KP Pietersen,England,ball_by_ball,3.7,middle,part_spin,right,off_spin,4897,0.97,45.2,101.0,12.7,1.168,0.804,1.552,389,0.08,6.1,44.6,43.9,1.097,0.837,odi: 125m 4202r 7w
4c61a0f9,NW Bracken,Australia,ball_by_ball,9.9,tail,spec_pace,right,fast_medium,263,0.73,14.5,80.0,7.9,0.708,1.36,0.709,5011,0.46,4.81,22.4,27.9,0.906,1.251,odi: 100m 174r 154w
7ca5e05d,RS Bopara,England,ball_by_ball,5.1,middle,part_pace,right,medium,3450,0.97,34.4,87.8,8.9,0.987,0.878,0.825,1819,0.3,5.25,38.3,43.8,0.973,0.852,odi: 117m 2689r 38w
ded9240e,PJ Cummins,Australia,ball_by_ball,8.6,tail,spec_pace,right,fast,635,0.87,16.3,84.5,8.7,0.787,1.354,0.68,4593,0.43,5.02,23.2,27.7,0.904,1.253,odi: 88m 525r 140w
5d1e7582,BKG Mendis,Sri Lanka,ball_by_ball,3.3,top,part_spin,right,leg_spin,5148,0.97,34.9,89.4,11.0,1.087,0.954,0.906,20,0.0,5.73,42.5,44.5,1.071,0.855,odi: 141m 4491r 0w
e84ac20c,MJ Henry,New Zealand,ball_by_ball,9.5,tail,spec_pace,right,fast_medium,290,0.77,14.4,96.6,12.2,0.815,1.574,1.229,4878,0.47,5.06,23.6,27.9,0.978,1.273,odi: 93m 270r 171w
58043739,TT Bresnan,England,ball_by_ball,8.0,tail,spec_pace,right,fast_medium,965,0.91,21.4,98.7,10.3,0.928,1.199,0.405,4182,0.44,5.79,30.6,31.7,1.038,1.098,odi: 84m 871r 107w
0184dc35,R Dravid,India,ball_by_ball,4.0,middle,,right,off_spin,5128,0.97,46.3,89.5,9.2,1.029,0.656,0.493,,,,,,,,odi: 127m 3723r 0w
b3118300,Wahab Riaz,Pakistan,ball_by_ball,8.8,tail,spec_pace,right,fast,840,0.9,16.2,90.3,10.6,0.802,1.365,1.241,4259,0.48,5.84,31.5,32.4,0.977,1.048,odi: 89m 725r 116w
dbe50b21,HH Pandya,India,ball_by_ball,6.0,lower,spec_pace,right,medium_fast,1708,0.94,34.5,112.0,13.4,1.142,0.983,1.912,3368,0.37,5.43,29.8,32.9,1.009,1.135,odi: 92m 1897r 87w
03806cf8,JR Hazlewood,Australia,ball_by_ball,10.9,tail,spec_pace,left,fast_medium,166,0.64,16.3,82.8,9.4,0.77,1.32,0.674,4886,0.45,4.5,22.3,29.8,0.873,1.211,odi: 94m 135r 138w
f708a0bc,GB Hogg,Australia,ball_by_ball,7.9,tail,spec_spin,left,left_arm_wrist,802,0.88,21.0,96.1,7.8,0.894,1.219,0.472,4245,0.45,5.19,27.9,32.3,0.973,1.151,odi: 97m 647r 129w
8dd02a98,LD Chandimal,Sri Lanka,ball_by_ball,4.3,middle,,right,off_spin,4970,0.98,33.1,79.9,7.1,0.924,0.854,0.679,,,,,,,,odi: 151m 3657r 0w
a757b0d8,KA Pollard,West Indies,ball_by_ball,6.0,lower,part_pace,right,medium,2802,0.96,28.4,103.2,13.9,1.111,1.223,3.184,2159,0.37,5.88,38.8,39.6,1.023,0.86,odi: 117m 2608r 54w
78eb4223,KAJ Roach,West Indies,ball_by_ball,10.1,tail,spec_pace,right,fast_medium,593,0.86,11.7,60.2,6.6,0.564,1.377,0.638,4359,0.47,5.33,29.3,32.9,1.011,1.076,odi: 90m 308r 118w
95a5e066,MG Erasmus,Namibia,ball_by_ball,4.2,middle,spec_spin,right,off_spin,2941,0.96,23.4,71.3,7.5,0.834,1.133,0.785,1894,0.44,5.73,45.0,47.2,1.046,0.766,odi: 71m 2253r 53w
d8699ab7,ML Hayden,Australia,ball_by_ball,1.9,top,,left,fast_medium,4818,0.96,51.0,100.8,13.3,1.277,0.748,1.987,,,,,,,,odi: 99m 3939r 0w
ab89348d,MF Maharoof,Sri Lanka,ball_by_ball,7.7,tail,spec_pace,right,fast_medium,970,0.91,17.6,94.6,9.9,0.849,1.43,0.924,3821,0.38,5.2,26.7,30.8,0.987,1.212,odi: 89m 799r 110w
1747ea18,DS Airee,Nepal,ball_by_ball,5.7,lower,spec_spin,right,off_spin,2135,0.95,18.0,70.7,6.7,0.786,1.325,0.449,2649,0.52,5.14,45.4,52.9,0.964,0.689,odi: 78m 1667r 59w
99b75528,JC Buttler,England,ball_by_ball,5.8,lower,,right,,4771,0.98,42.4,121.1,14.4,1.258,0.924,1.954,,,,,,,,odi: 197m 5529r 0w
462411b3,JJ Bumrah,India,ball_by_ball,10.2,tail,spec_pace,right,fast_medium,171,0.67,13.2,74.7,9.4,0.627,1.294,0.477,4596,0.48,4.48,21.6,28.9,0.813,1.152,odi: 89m 110r 145w
b0946605,AS Joseph,West Indies,ball_by_ball,9.7,tail,spec_pace,right,fast,633,0.86,14.7,76.0,9.5,0.781,1.583,1.307,4132,0.48,5.44,27.9,30.7,0.972,1.132,odi: 81m 478r 136w
5673a3fc,NL McCullum,New Zealand,ball_by_ball,7.9,tail,spec_spin,right,off_spin,1220,0.92,21.1,95.6,10.6,0.942,1.332,1.542,3537,0.4,5.21,36.2,41.6,1.0,0.923,odi: 84m 1070r 63w
67af6f81,RW Price,Zimbabwe,ball_by_ball,9.9,tail,spec_spin,right,left_arm_orthodox,527,0.84,10.4,67.8,6.9,0.623,1.73,0.415,4102,0.53,4.7,38.1,48.7,0.874,0.762,odi: 78m 315r 77w
b410bd3d,S Lamichhane,Nepal,ball_by_ball,9.6,tail,spec_spin,right,leg_spin,550,0.85,10.5,74.0,7.3,0.714,1.916,0.431,4074,0.63,5.49,35.1,38.3,0.991,0.934,odi: 75m 479r 152w
99cddc5e,GH Dockrell,Ireland,ball_by_ball,7.7,tail,spec_spin,right,left_arm_orthodox,1426,0.93,17.2,82.7,8.6,0.837,1.483,0.708,3191,0.48,5.48,43.3,47.5,1.01,0.782,odi: 98m 1197r 65w
b68d14a9,AJ Strauss,England,ball_by_ball,2.0,top,part_pace,left,medium,4606,0.97,39.7,95.5,11.5,1.201,0.907,0.879,6,0.0,6.19,43.1,41.7,1.089,0.827,odi: 114m 3729r 0w
20a941bb,M Ntini,South Africa,ball_by_ball,10.6,tail,spec_pace,right,fast,143,0.6,14.1,88.7,11.5,0.751,1.477,1.206,4454,0.44,5.3,25.1,28.4,1.011,1.24,odi: 89m 101r 141w
e21bc7f3,RD Berrington,Scotland,ball_by_ball,4.5,middle,part_pace,right,medium_fast,3847,0.97,25.9,73.9,7.5,0.85,1.016,0.93,746,0.22,6.32,58.5,55.6,1.192,0.681,odi: 104m 2972r 14w
1fba2ae3,Dawlat Zadran,Afghanistan,wikipedia_totals,,tail,spec_pace,right,fast_medium,822,0.32,16.2,65.3,7.3,0.753,1.416,0.762,3769,0.42,5.68,30.4,32.1,1.06,1.135,wikipedia_odi: 82m 513r 115w
72e60730,A Vala,Papua New Guinea,ball_by_ball,3.3,top,spec_spin,left,off_spin,2557,0.95,20.0,65.8,6.7,0.793,1.257,0.559,1999,0.44,4.98,44.5,53.6,0.944,0.709,odi: 56m 1783r 46w
9f77963a,Gulbadin Naib,Afghanistan,wikipedia_totals,,lower,spec_pace,right,fast_medium,1654,0.57,22.3,83.2,9.7,0.96,1.309,1.147,2883,0.36,5.72,33.0,34.6,1.067,1.051,"wikipedia_odi: 89m 1,332r 74w"
f56cd097,Rubel Hossain,Bangladesh,ball_by_ball,10.4,tail,spec_pace,right,fast,224,0.71,8.8,60.4,7.0,0.543,1.642,0.414,4305,0.47,5.88,31.8,32.5,1.065,1.079,odi: 95m 112r 122w
2498e163,JR Hopes,Australia,ball_by_ball,6.7,lower,spec_pace,right,medium,1415,0.93,28.7,104.8,10.1,0.992,0.972,0.373,3105,0.32,4.81,26.1,32.5,0.907,1.153,odi: 83m 1326r 66w
9a963804,LE Plunkett,England,ball_by_ball,8.9,tail,spec_pace,right,fast_medium,492,0.84,21.4,119.9,13.5,1.002,1.298,1.199,3993,0.42,5.84,27.9,28.6,1.044,1.232,odi: 85m 536r 131w
c5928dec,HDRL Thirimanne,Sri Lanka,ball_by_ball,4.2,middle,part_pace,left,medium_fast,4368,0.97,35.5,77.6,7.2,0.911,0.776,0.457,104,0.02,5.52,43.5,47.2,1.069,0.856,odi: 124m 3164r 3w
2e171977,AR Patel,India,ball_by_ball,6.8,lower,spec_spin,left,left_arm_orthodox,995,0.9,26.5,93.7,10.2,0.973,1.09,1.333,3461,0.44,4.57,29.8,39.1,0.854,0.947,odi: 74m 918r 80w
f32dbc84,CJ Chibhabha,Zimbabwe,ball_by_ball,2.7,top,part_pace,right,medium,3053,0.95,24.1,71.2,7.9,0.902,1.135,0.435,1392,0.3,6.25,53.1,51.0,1.135,0.713,odi: 87m 1987r 28w
e957b38f,AR McBrine,Ireland,ball_by_ball,6.6,lower,spec_spin,left,off_spin,1068,0.89,20.4,75.4,8.9,0.85,1.216,0.686,3373,0.49,5.24,42.2,48.4,1.006,0.792,odi: 72m 812r 69w
725529bc,SC Ganguly,India,ball_by_ball,2.1,top,part_pace,left,medium,3405,0.96,40.8,86.9,11.4,1.06,0.781,1.7,1034,0.18,5.78,45.4,47.1,1.111,0.842,odi: 77m 2452r 19w
243431b5,KJ O'Brien,Ireland,ball_by_ball,5.4,middle,spec_pace,right,medium_fast,2087,0.95,26.4,98.4,12.9,1.085,1.285,1.418,2322,0.37,6.37,41.0,38.6,1.097,0.903,odi: 90m 1990r 52w
61646132,Samiullah Shenwari,Afghanistan,wikipedia_totals,,lower,part_spin,right,leg_spin,2293,0.64,28.2,83.2,9.7,0.96,1.027,1.147,2111,0.36,5.25,38.8,44.3,0.977,0.821,"wikipedia_odi: 84m 1,811r 46w"
d67d5f00,DA Miller,South Africa,ball_by_ball,5.7,lower,,left,off_spin,4396,0.98,42.6,108.6,12.2,1.118,0.822,1.579,,,,,,,,odi: 175m 4573r 0w
f43dd8c2,SM Sharif,Scotland,ball_by_ball,8.8,tail,spec_pace,right,fast_medium,752,0.89,11.9,73.2,6.6,0.659,1.582,0.404,3606,0.53,6.29,43.0,41.0,1.164,0.879,odi: 80m 583r 101w
e1d1b294,HH Gibbs,South Africa,ball_by_ball,2.7,top,,right,medium,4344,0.96,44.5,103.9,15.3,1.286,0.87,2.281,,,,,,,,odi: 110m 3766r 0w
7d92277a,Mujeeb Ur Rahman,Afghanistan,wikipedia_totals,,tail,spec_spin,right,off_spin,365,0.17,13.8,65.3,7.3,0.753,1.675,0.762,3968,0.48,4.47,28.3,38.0,0.826,0.958,wikipedia_odi: 75m 236r 101w
7c503806,J Botha,South Africa,ball_by_ball,8.0,tail,spec_spin,right,off_spin,698,0.87,20.1,96.0,9.0,0.9,1.295,0.358,3631,0.4,5.02,33.2,39.7,0.933,0.949,odi: 74m 594r 68w
14b14cd8,DM Bravo,West Indies,ball_by_ball,3.6,middle,,left,medium,4321,0.97,30.9,76.0,9.3,0.914,0.884,1.44,,,,,,,,odi: 118m 3007r 0w
7d608e12,DM de Silva,Sri Lanka,ball_by_ball,5.3,middle,spec_spin,right,off_spin,2269,0.95,26.9,80.3,9.1,0.916,1.069,0.381,2050,0.28,5.01,33.5,40.1,0.979,0.967,odi: 82m 1769r 41w
9de62878,Shadab Khan,Pakistan,ball_by_ball,7.4,lower,spec_spin,right,leg_spin,995,0.9,28.1,86.6,8.0,0.902,0.985,0.968,3311,0.43,5.34,34.4,38.6,1.005,0.955,odi: 68m 814r 82w
342d8ade,CRD Fernando,Sri Lanka,ball_by_ball,10.6,tail,spec_pace,right,fast,257,0.72,13.6,79.5,8.4,0.716,1.454,0.447,4034,0.41,5.5,28.8,31.4,0.999,1.152,odi: 89m 175r 108w
ef18b66e,Taskin Ahmed,Bangladesh,ball_by_ball,9.4,tail,spec_pace,left,fast,423,0.82,10.1,63.4,7.2,0.575,1.633,0.649,3836,0.45,5.39,29.8,33.2,0.988,1.074,odi: 80m 253r 112w
1777c020,Fakhar Zaman,Pakistan,ball_by_ball,1.6,top,part_spin,left,left_arm_orthodox,4066,0.96,44.8,94.8,12.6,1.198,0.797,1.479,135,0.03,5.22,44.0,50.5,1.022,0.801,odi: 87m 3802r 1w
ea0cdc12,BAW Mendis,Sri Lanka,ball_by_ball,10.2,tail,spec_spin,right,off_spin,261,0.74,12.1,79.1,7.7,0.684,1.57,0.387,3927,0.46,5.21,26.5,30.5,0.937,1.159,odi: 82m 185r 136w
75de770f,T Taibu,Zimbabwe,ball_by_ball,4.9,middle,part_pace,right,medium,4156,0.97,33.7,80.1,7.6,0.907,0.844,0.821,24,0.01,5.99,59.9,60.0,1.121,0.636,odi: 106m 2837r 0w
221ad9d9,GP Swann,England,ball_by_ball,8.7,tail,spec_spin,right,off_spin,516,0.84,18.1,102.8,10.1,0.924,1.425,0.51,3660,0.41,4.9,28.5,34.9,0.923,1.069,odi: 76m 475r 98w
2b6e6dec,AC Gilchrist,Australia,ball_by_ball,1.1,top,,left,,4153,0.96,47.5,131.4,20.7,1.69,1.064,3.362,,,,,,,,odi: 121m 4355r 0w
e85d03d6,BM Scholtz,Namibia,ball_by_ball,9.7,tail,spec_spin,right,left_arm_orthodox,478,0.83,8.2,59.1,5.2,0.553,1.966,0.224,3673,0.58,4.2,32.6,46.5,0.813,0.811,odi: 69m 313r 102w
f41598c1,AN Cook,England,ball_by_ball,1.1,top,,left,spin,4147,0.96,39.6,89.2,10.7,1.136,0.86,0.409,,,,,,,,odi: 91m 3204r 0w
2f28dc94,RAS Lakmal,Sri Lanka,ball_by_ball,10.1,tail,spec_pace,right,fast_medium,391,0.81,11.1,64.0,5.9,0.595,1.46,0.336,3753,0.39,5.45,27.6,30.4,1.027,1.178,odi: 83m 229r 105w
808f425a,JP Faulkner,Australia,ball_by_ball,7.6,tail,spec_pace,right,fast_medium,984,0.91,27.0,107.7,11.7,0.987,1.047,1.194,3158,0.36,5.49,25.5,27.9,0.971,1.218,odi: 67m 1025r 94w
4180d897,JE Taylor,West Indies,ball_by_ball,9.4,tail,spec_pace,right,fast,296,0.75,14.6,93.5,11.5,0.888,1.755,1.035,3820,0.43,5.48,28.3,30.9,1.021,1.128,odi: 80m 258r 113w
1adb8ee8,Sompal Kami,Nepal,ball_by_ball,8.3,tail,spec_pace,right,fast_medium,999,0.9,12.0,69.6,6.7,0.688,1.754,0.496,3090,0.53,6.61,45.6,41.4,1.243,0.837,odi: 70m 753r 92w
9f0270e0,AG Cremer,Zimbabwe,ball_by_ball,8.5,tail,spec_spin,right,leg_spin,882,0.89,11.9,62.0,4.7,0.641,1.641,0.108,3198,0.47,5.18,40.0,46.3,0.979,0.822,odi: 68m 507r 69w
d68e7f48,R Rampaul,West Indies,ball_by_ball,10.1,tail,spec_pace,left,fast_medium,438,0.81,15.0,84.6,11.8,0.832,1.609,1.583,3587,0.41,5.26,28.2,32.1,1.027,1.123,odi: 80m 338r 103w
ab6b1c45,AL Phehlukwayo,South Africa,ball_by_ball,7.4,lower,spec_pace,left,medium_fast,969,0.9,24.8,90.8,12.2,0.891,1.064,1.407,3054,0.35,5.82,28.3,29.2,1.005,1.19,odi: 81m 827r 92w
d1c36f5c,JJ Roy,England,ball_by_ball,1.0,top,,right,medium,4015,0.96,40.6,107.7,15.2,1.416,1.017,1.861,,,,,,,,odi: 114m 4237r 0w
12b610c2,TM Head,Australia,ball_by_ball,3.0,top,part_spin,left,off_spin,2807,0.95,45.0,111.8,15.5,1.297,0.898,1.741,1185,0.2,5.4,36.0,39.9,1.018,0.947,odi: 78m 2952r 28w
3a60e0b5,WD Parnell,South Africa,ball_by_ball,7.7,tail,spec_pace,left,medium_fast,723,0.88,19.7,85.5,8.2,0.816,1.184,0.62,3239,0.36,5.65,27.5,29.2,1.037,1.219,odi: 73m 574r 99w
34464143,Zeeshan Maqsood,Oman,ball_by_ball,4.3,middle,spec_spin,left,left_arm_orthodox,1813,0.93,21.0,63.3,6.4,0.735,1.095,0.411,2132,0.46,5.47,44.6,48.9,1.012,0.735,odi: 46m 1196r 54w
5bb1a1c4,I Sharma,India,ball_by_ball,10.6,tail,spec_pace,right,fast_medium,203,0.67,10.9,54.0,6.3,0.529,1.396,0.356,3742,0.41,5.89,28.9,29.4,1.06,1.174,odi: 79m 72r 114w
f53b3e1d,Karan KC,Nepal,ball_by_ball,8.9,tail,spec_pace,right,fast_medium,793,0.89,11.3,81.7,9.4,0.715,1.89,1.033,3148,0.53,6.16,39.5,38.5,1.149,0.897,odi: 71m 714r 106w
9d430b40,SP Narine,West Indies,ball_by_ball,9.6,tail,spec_spin,left,off_spin,441,0.81,14.4,87.9,12.0,0.846,1.657,1.298,3487,0.44,4.21,25.6,36.5,0.772,0.985,odi: 64m 363r 91w
28131839,MA Leask,Scotland,ball_by_ball,6.9,lower,spec_spin,right,off_spin,1373,0.93,22.2,107.6,12.6,1.058,1.464,1.558,2547,0.46,6.14,46.7,45.6,1.154,0.828,odi: 88m 1558r 69w
45a7e761,Shaheen Shah Afridi,Pakistan,ball_by_ball,9.2,tail,spec_pace,left,fast,375,0.8,15.3,85.1,10.6,0.781,1.435,1.007,3542,0.42,5.4,25.4,28.3,1.003,1.23,odi: 71m 321r 133w
a97c8ec2,PWH de Silva,Sri Lanka,ball_by_ball,7.6,tail,spec_spin,right,leg_spin,965,0.9,21.2,106.3,12.3,1.022,1.426,1.185,2949,0.39,5.22,29.1,33.4,0.994,1.113,odi: 63m 1031r 98w
c8a3f688,SN Netravalkar,United States of America,ball_by_ball,10.5,tail,spec_pace,right,fast_medium,277,0.76,7.7,57.9,5.8,0.498,1.811,0.189,3625,0.57,5.18,35.7,41.3,0.978,0.838,odi: 70m 163r 110w
cf73ad76,JEC Franklin,New Zealand,ball_by_ball,7.3,lower,spec_pace,left,medium,1389,0.93,28.9,92.0,9.8,0.916,0.971,0.917,2510,0.28,5.38,29.6,33.0,1.042,1.134,odi: 77m 1107r 56w
9219eff0,JDS Neesham,New Zealand,ball_by_ball,6.2,lower,spec_pace,left,medium_fast,1496,0.93,29.7,104.4,12.1,1.068,1.071,1.285,2398,0.3,6.36,32.1,30.3,1.078,1.153,odi: 75m 1495r 66w
ec02b798,WTS Porterfield,Ireland,ball_by_ball,1.5,top,,left,off_spin,3881,0.96,25.1,70.6,8.5,0.891,1.072,0.643,,,,,,,,odi: 90m 2670r 0w
7f048519,DJ Willey,England,ball_by_ball,8.7,tail,spec_pace,left,fast_medium,689,0.87,21.5,96.2,11.7,0.933,1.287,1.42,3173,0.38,5.42,26.8,29.7,1.025,1.174,odi: 72m 656r 100w
ac7fa28f,IJL Trott,England,ball_by_ball,2.9,top,part_pace,right,medium,3658,0.97,50.8,87.8,7.8,1.041,0.64,0.18,184,0.04,5.89,46.8,47.7,1.123,0.816,odi: 68m 2819r 2w
57ee1fde,YS Chahal,India,ball_by_ball,10.2,tail,spec_spin,right,leg_spin,141,0.6,14.1,68.5,7.6,0.642,1.275,0.34,3688,0.44,5.26,28.6,32.7,0.966,1.108,odi: 71m 77r 119w
fa463154,AB Agarkar,India,ball_by_ball,7.9,tail,spec_pace,right,fast_medium,539,0.82,16.0,80.1,8.9,0.803,1.442,0.921,3289,0.38,5.74,28.1,29.4,1.02,1.177,odi: 68m 352r 100w
5bbabe59,TL Chatara,Zimbabwe,ball_by_ball,10.3,tail,spec_pace,right,fast_medium,360,0.79,8.7,54.4,5.2,0.516,1.679,0.251,3453,0.49,5.73,35.3,37.0,1.019,0.92,odi: 70m 176r 93w
96fd40ae,A Nehra,India,ball_by_ball,10.4,tail,spec_pace,right,fast,171,0.65,11.3,70.2,9.2,0.626,1.472,0.728,3638,0.4,5.86,29.3,30.0,1.073,1.165,odi: 79m 90r 105w
c96311d4,CR Ervine,Zimbabwe,ball_by_ball,3.7,middle,,left,off_spin,3792,0.97,29.5,78.8,9.0,0.941,0.978,0.662,,,,,,,,odi: 103m 2982r 0w
ccdd8308,ST Finn,England,ball_by_ball,10.4,tail,spec_pace,right,fast_medium,223,0.69,12.9,72.1,8.1,0.676,1.486,0.691,3558,0.37,5.22,26.5,30.4,0.99,1.191,odi: 69m 136r 102w
2bb09eb2,Mohammad Ashraful,Bangladesh,ball_by_ball,3.7,middle,part_spin,right,leg_spin,3345,0.96,24.8,78.6,9.3,0.955,1.173,0.553,397,0.1,6.0,48.0,48.0,1.108,0.777,odi: 118m 2301r 8w
6a26221c,AK Markram,South Africa,ball_by_ball,3.1,top,part_spin,right,off_spin,2596,0.95,38.9,99.4,12.7,1.203,0.935,1.385,1143,0.21,5.5,41.6,45.4,1.047,0.834,odi: 80m 2539r 18w
29e95537,AM Rahane,India,ball_by_ball,2.4,top,,right,off_spin,3701,0.96,36.2,82.7,9.6,1.029,0.855,0.873,,,,,,,,odi: 89m 2906r 0w
10a91f35,Shoaib Akhtar,Pakistan,ball_by_ball,10.1,tail,spec_pace,right,fast,246,0.71,15.1,96.4,12.5,0.867,1.57,1.767,3454,0.39,5.14,26.2,30.6,0.947,1.138,odi: 70m 217r 97w
cc1e8c68,UT Yadav,India,ball_by_ball,10.5,tail,spec_pace,right,fast,134,0.6,13.5,76.8,9.1,0.659,1.322,0.52,3563,0.42,6.04,30.5,30.2,1.093,1.122,odi: 75m 79r 106w
3feda4fa,RL Chase,West Indies,ball_by_ball,6.0,lower,spec_spin,right,off_spin,1326,0.92,23.7,78.7,7.4,0.897,1.21,0.738,2343,0.37,5.14,40.0,46.7,0.96,0.799,odi: 64m 1037r 40w
f8fd6e3f,Ahmed Shehzad,Pakistan,ball_by_ball,1.8,top,part_spin,right,leg_spin,3540,0.96,33.8,77.9,9.0,1.009,0.874,0.59,116,0.03,5.96,47.6,47.9,1.132,0.811,odi: 80m 2555r 2w
436c763a,BJ McMullen,Scotland,ball_by_ball,3.5,top,spec_pace,right,medium,1684,0.92,29.1,85.2,10.6,1.056,1.121,1.366,1971,0.38,5.42,34.3,37.9,1.096,0.98,odi: 47m 1572r 68w
0fdabe05,V Sibanda,Zimbabwe,ball_by_ball,1.9,top,part_pace,right,medium,3374,0.95,25.0,72.3,9.4,0.934,1.084,0.982,267,0.07,6.36,61.9,58.4,1.149,0.629,odi: 99m 2125r 3w
5056011d,GJ Bailey,Australia,ball_by_ball,4.5,middle,,right,medium,3622,0.97,41.2,90.1,9.2,1.017,0.768,1.117,,,,,,,,odi: 88m 3011r 0w
7ff3fcaa,Mohammad Rafique,Bangladesh,ball_by_ball,8.3,tail,spec_spin,left,left_arm_orthodox,730,0.86,15.2,80.0,10.1,0.783,1.535,1.282,2888,0.4,5.14,37.5,43.8,0.922,0.815,odi: 58m 492r 49w
086f5984,Junaid Khan,Pakistan,ball_by_ball,10.6,tail,spec_pace,right,fast,127,0.59,10.8,71.1,6.7,0.596,1.455,0.414,3488,0.42,5.47,27.7,30.3,0.997,1.117,odi: 73m 68r 104w
d9273ee7,MP Stoinis,Australia,ball_by_ball,5.5,middle,spec_pace,right,medium,1584,0.93,31.2,98.2,12.5,1.044,0.999,1.566,2029,0.24,5.66,28.4,30.1,1.012,1.191,odi: 69m 1489r 46w
b17e2f24,KL Rahul,India,ball_by_ball,4.1,middle,,right,,3607,0.97,47.8,91.9,9.6,1.036,0.663,1.087,,,,,,,,odi: 93m 3283r 0w
35205dfc,DR Smith,West Indies,ball_by_ball,4.9,middle,spec_pace,right,medium,1406,0.91,24.6,101.8,15.2,1.195,1.459,3.119,2198,0.28,5.59,32.6,34.9,1.027,1.057,odi: 87m 1261r 52w
1a3cc554,RK Paudel,Nepal,ball_by_ball,4.3,middle,part_spin,right,off_spin,3058,0.96,20.9,67.4,6.0,0.793,1.19,0.57,544,0.23,5.89,53.3,54.3,1.048,0.64,odi: 86m 2232r 14w
abb83e27,JM Bairstow,England,ball_by_ball,2.5,top,,right,,3596,0.96,44.0,108.7,15.0,1.34,0.935,1.912,,,,,,,,odi: 103m 3671r 0w
4f629497,SE Bond,New Zealand,ball_by_ball,10.3,tail,spec_pace,right,fast,266,0.74,14.0,80.7,8.1,0.683,1.383,0.728,3317,0.37,4.63,22.3,28.9,0.879,1.235,odi: 60m 173r 107w
e938e1bc,P Kumar,India,ball_by_ball,8.8,tail,spec_pace,right,medium_fast,331,0.78,18.8,98.1,11.6,0.864,1.305,1.083,3246,0.36,5.27,28.8,32.7,1.016,1.099,odi: 68m 292r 77w
fd2bf2a0,Umar Akmal,Pakistan,ball_by_ball,5.6,lower,,right,off_spin,3575,0.97,34.3,94.1,10.5,1.033,0.945,1.073,,,,,,,,odi: 117m 3032r 0w
f7d267f7,NP Kenjige,United States of America,ball_by_ball,9.0,tail,spec_spin,left,left_arm_orthodox,636,0.87,10.5,66.3,5.5,0.596,1.702,0.207,2935,0.53,5.3,49.5,56.0,1.039,0.682,odi: 62m 440r 61w
b0c772ee,BJ Haddin,Australia,ball_by_ball,4.6,middle,,right,,3569,0.96,36.4,93.6,12.0,1.08,0.865,1.727,,,,,,,,odi: 118m 3003r 0w
c03449e0,GD Elliott,New Zealand,ball_by_ball,5.1,middle,part_pace,right,medium,2344,0.95,36.4,88.5,9.1,0.986,0.832,0.905,1201,0.21,5.59,37.0,39.7,1.034,0.955,odi: 77m 1913r 35w
2911de16,Hasan Ali,Pakistan,ball_by_ball,8.9,tail,spec_pace,right,medium_fast,327,0.77,18.5,112.1,15.7,1.025,1.571,2.324,3184,0.39,5.77,29.1,30.3,1.023,1.137,odi: 66m 377r 100w
6ef13460,A Balbirnie,Ireland,ball_by_ball,2.9,top,part_spin,right,off_spin,3487,0.96,28.0,73.7,8.3,0.908,0.986,0.643,24,0.01,6.43,51.8,48.4,1.146,0.734,odi: 88m 2628r 1w
9920dd86,CA Soper,Papua New Guinea,ball_by_ball,8.2,tail,spec_pace,right,medium_fast,1167,0.92,8.7,53.4,3.5,0.526,1.833,0.198,2331,0.46,5.51,40.6,44.2,0.999,0.8,odi: 50m 653r 64w
f834dcfc,L Ngidi,South Africa,ball_by_ball,10.5,tail,spec_pace,right,fast_medium,247,0.73,11.6,60.4,7.7,0.546,1.314,0.711,3249,0.37,5.6,27.0,28.9,1.06,1.235,odi: 70m 123r 107w
84dc72db,Junaid Siddique,United Arab Emirates,ball_by_ball,10.0,tail,spec_pace,right,medium_fast,250,0.72,7.3,57.6,6.2,0.537,2.109,0.986,3228,0.55,6.04,41.1,40.8,1.122,0.842,odi: 69m 152r 100w
2f9d0389,LH Ferguson,New Zealand,ball_by_ball,10.1,tail,spec_pace,right,fast,236,0.71,10.8,61.7,6.5,0.573,1.5,0.584,3221,0.37,5.54,28.0,30.3,0.977,1.155,odi: 63m 122r 92w
732c038e,KIC Asalanka,Sri Lanka,ball_by_ball,4.9,middle,part_spin,left,off_spin,2702,0.96,38.4,91.2,9.9,1.024,0.817,0.981,754,0.16,5.14,37.4,43.7,0.985,0.871,odi: 73m 2420r 19w
40c041ea,Imam-ul-Haq,Pakistan,ball_by_ball,1.4,top,,left,leg_spin,3440,0.96,42.8,83.6,8.2,1.076,0.73,0.709,,,,,,,,odi: 69m 2854r 0w
8d92a2c3,MA Wood,England,ball_by_ball,10.6,tail,spec_pace,right,fast,140,0.6,17.5,99.0,11.4,0.894,1.368,1.064,3288,0.39,5.38,29.5,32.9,0.991,1.047,odi: 65m 147r 75w
33f28243,Naved-ul-Hasan,Pakistan,ball_by_ball,8.9,tail,spec_pace,right,fast_medium,510,0.84,19.2,100.3,11.7,0.894,1.339,1.499,2916,0.35,5.55,27.6,29.8,1.046,1.158,odi: 62m 449r 86w
bb134e5c,JJ Smit,Namibia,ball_by_ball,6.5,lower,spec_pace,right,medium_fast,1388,0.92,16.1,71.2,7.4,0.754,1.455,1.321,2024,0.41,5.42,36.3,40.2,1.034,0.885,odi: 58m 1053r 62w
e174dadd,Mohammad Amir,Pakistan,ball_by_ball,9.6,tail,spec_pace,left,fast,444,0.83,17.7,87.2,9.8,0.814,1.283,0.883,2963,0.37,4.69,24.5,31.4,0.873,1.098,odi: 60m 363r 81w
26ff4c29,RJ Peterson,South Africa,ball_by_ball,7.4,lower,spec_spin,left,left_arm_orthodox,627,0.85,28.0,98.0,11.1,0.975,0.984,0.738,2775,0.35,5.26,32.1,36.6,1.003,1.021,odi: 66m 523r 67w
2f26ac1a,Mohammad Rizwan,Pakistan,ball_by_ball,4.6,middle,,right,medium,3401,0.97,40.9,85.2,8.5,0.953,0.712,0.514,,,,,,,,odi: 99m 2881r 0w
64d43928,Sohail Tanvir,Pakistan,ball_by_ball,8.5,tail,spec_pace,left,medium_fast,458,0.83,16.6,93.1,10.6,0.83,1.386,0.609,2931,0.37,5.5,30.1,32.9,0.971,1.032,odi: 61m 399r 69w
ff6a7ab5,R Trumpelmann,Namibia,ball_by_ball,8.5,tail,spec_pace,right,fast,685,0.86,11.6,74.7,8.4,0.766,2.014,1.088,2643,0.48,5.78,39.1,40.6,1.07,0.87,odi: 56m 566r 80w
eade4650,DJ Mitchell,New Zealand,ball_by_ball,4.2,middle,part_pace,right,medium,2968,0.96,52.7,95.4,10.4,1.083,0.65,1.241,339,0.08,5.82,39.9,41.2,1.056,0.915,odi: 61m 2810r 14w
ff077124,Kamran Akmal,Pakistan,ball_by_ball,4.0,middle,,right,medium,3307,0.96,29.5,94.4,12.3,1.131,1.143,1.093,,,,,,,,odi: 134m 2746r 0w
fc4375ef,BFW de Leede,Netherlands,ball_by_ball,4.6,middle,spec_pace,right,medium,1817,0.94,25.0,71.6,6.9,0.827,1.041,0.731,1485,0.3,6.37,40.4,38.1,1.108,0.929,odi: 54m 1336r 44w
f21043a5,MDKJ Perera,Sri Lanka,ball_by_ball,2.2,top,,left,medium,3300,0.96,33.7,101.5,13.3,1.24,1.129,1.343,,,,,,,,odi: 112m 3077r 0w
ee7d0c82,GD McGrath,Australia,ball_by_ball,10.9,tail,spec_pace,right,fast_medium,41,0.31,13.8,80.3,8.3,0.696,1.368,0.631,3238,0.35,4.42,21.4,29.0,0.86,1.242,odi: 66m 18r 98w
a8e3170f,Mohammad Irfan,Pakistan,ball_by_ball,10.9,tail,spec_pace,right,fast,149,0.61,9.0,51.5,6.8,0.477,1.392,0.576,3120,0.37,4.91,26.6,32.6,0.923,1.097,odi: 60m 48r 83w
94eac556,CJ McKay,Australia,ball_by_ball,9.6,tail,spec_pace,right,fast_medium,337,0.78,12.3,66.6,6.8,0.615,1.375,0.418,2922,0.33,5.1,23.5,27.7,0.948,1.275,odi: 58m 190r 96w
9c376401,CS MacLeod,Scotland,ball_by_ball,3.2,top,part_pace,right,fast_medium,2524,0.95,24.2,76.7,9.2,0.916,1.175,0.646,733,0.22,6.39,63.8,59.9,1.159,0.622,odi: 62m 2015r 8w
508a1ea7,SE Marsh,Australia,ball_by_ball,2.6,top,,left,left_arm_orthodox,3255,0.96,39.9,86.8,9.6,1.066,0.799,0.941,,,,,,,,odi: 72m 2622r 0w
f0f628c7,MM Patel,India,ball_by_ball,11.0,tail,spec_pace,right,fast_medium,112,0.55,14.4,86.4,10.2,0.732,1.39,0.641,3137,0.37,5.41,28.4,31.5,0.992,1.124,odi: 69m 74r 85w
d2fcce2f,HMRKB Herath,Sri Lanka,ball_by_ball,9.5,tail,spec_spin,left,left_arm_orthodox,217,0.7,12.3,74.0,7.1,0.651,1.422,0.391,3027,0.36,4.61,28.8,37.5,0.866,1.002,odi: 66m 140r 68w
cd4d7695,Aarif Sheikh,Nepal,ball_by_ball,5.9,lower,part_pace,right,medium,2287,0.95,17.3,62.1,5.3,0.684,1.248,0.301,948,0.29,5.77,69.6,72.3,1.105,0.537,odi: 73m 1518r 9w
b699df47,MP O'Dowd,Netherlands,ball_by_ball,2.0,top,part_spin,right,off_spin,3079,0.95,26.5,71.0,7.9,0.883,1.02,0.684,129,0.05,6.68,65.8,59.0,1.254,0.656,odi: 70m 2258r 1w
49691d7a,CB Mpofu,Zimbabwe,ball_by_ball,10.9,tail,spec_pace,right,medium_fast,167,0.62,6.5,43.4,3.7,0.411,1.7,0.183,3030,0.44,6.03,42.2,41.9,1.084,0.804,odi: 65m 40r 56w
b4b99816,Shubman Gill,India,ball_by_ball,2.1,top,part_spin,right,off_spin,3171,0.96,54.7,99.9,13.1,1.244,0.682,1.309,18,0.0,5.91,44.4,45.1,1.102,0.84,odi: 64m 3141r 0w
9cb8d7a6,Imad Wasim,Pakistan,ball_by_ball,7.1,lower,spec_spin,left,left_arm_orthodox,840,0.9,34.8,115.3,12.9,1.033,0.864,0.879,2343,0.33,4.7,33.3,42.5,0.891,0.885,odi: 54m 937r 42w
803dbf1d,A Dutt,Netherlands,ball_by_ball,9.5,tail,spec_spin,right,off_spin,373,0.79,8.0,58.8,5.3,0.539,1.929,0.513,2799,0.5,5.23,39.9,45.8,0.969,0.793,odi: 57m 219r 73w
0b60eb09,KA Maharaj,South Africa,ball_by_ball,8.8,tail,spec_spin,right,left_arm_orthodox,403,0.81,15.6,80.3,9.3,0.757,1.374,0.392,2767,0.35,4.66,29.1,37.4,0.905,1.043,odi: 54m 324r 70w
85ec8e33,SS Iyer,India,ball_by_ball,4.0,middle,part_spin,right,leg_spin,3124,0.96,46.5,99.5,11.7,1.148,0.769,1.363,37,0.01,6.47,40.4,37.5,1.047,0.832,odi: 78m 3053r 0w
5fbe14fc,Imrul Kayes,Bangladesh,ball_by_ball,2.1,top,,left,left_arm_orthodox,3160,0.96,29.6,74.0,9.3,0.948,0.947,1.172,,,,,,,,odi: 72m 2242r 0w
d1c94b25,CK Langeveldt,South Africa,ball_by_ball,10.5,tail,spec_pace,right,fast_medium,119,0.57,12.9,79.6,8.7,0.671,1.406,0.378,3025,0.36,5.87,29.3,29.9,1.021,1.13,odi: 62m 70r 80w
79b4839e,Ahmed Raza,United Arab Emirates,ball_by_ball,8.9,tail,spec_spin,right,left_arm_orthodox,630,0.86,9.0,59.7,5.7,0.579,1.904,0.438,2495,0.48,5.03,42.7,51.0,0.95,0.73,odi: 47m 391r 57w
4d84ad05,CJA Amini,Papua New Guinea,ball_by_ball,4.5,middle,spec_unk,,,1517,0.92,16.5,60.3,5.6,0.711,1.356,0.16,1593,0.42,6.21,64.8,62.6,1.166,0.605,odi: 45m 952r 31w
a36915ce,N Vanua,Papua New Guinea,ball_by_ball,8.0,tail,spec_pace,right,medium,957,0.9,11.1,75.0,8.3,0.748,2.071,1.521,2140,0.46,6.45,50.0,46.5,1.128,0.733,odi: 51m 769r 51w
d2d15439,Aayan Afzal Khan,United Arab Emirates,ball_by_ball,7.2,lower,spec_spin,right,left_arm_orthodox,904,0.89,15.3,66.4,7.3,0.684,1.369,0.476,2169,0.46,4.97,41.8,50.4,0.966,0.749,odi: 42m 647r 56w
f24c6701,M Theekshana,Sri Lanka,ball_by_ball,9.2,tail,spec_spin,right,off_spin,557,0.85,11.7,53.9,4.5,0.517,1.275,0.082,2516,0.38,4.48,27.3,36.6,0.86,1.016,odi: 51m 284r 75w
bbd41817,AD Russell,West Indies,ball_by_ball,7.6,tail,spec_pace,right,fast,794,0.88,26.9,135.7,21.3,1.358,1.533,3.717,2273,0.32,6.1,32.1,31.6,1.057,1.109,odi: 55m 1034r 70w
03521fd3,HM Nicholls,New Zealand,ball_by_ball,3.7,middle,,left,off_spin,3065,0.96,32.0,80.2,8.4,0.967,0.905,0.452,,,,,,,,odi: 92m 2415r 0w
f0e293b0,Zahoor Khan,United Arab Emirates,ball_by_ball,10.4,tail,spec_pace,right,medium_fast,257,0.73,7.0,53.6,5.3,0.501,2.02,0.417,2792,0.52,6.19,40.6,39.4,1.065,0.851,odi: 60m 143r 90w
4d9f9686,Soumya Sarkar,Bangladesh,ball_by_ball,2.5,top,part_pace,left,medium_fast,2456,0.94,34.6,97.2,13.4,1.219,1.05,1.774,588,0.14,6.02,44.6,44.4,1.093,0.822,odi: 78m 2334r 17w
c654af19,R McLaren,South Africa,ball_by_ball,7.3,lower,spec_pace,left,medium_fast,680,0.86,23.0,81.7,9.0,0.81,1.018,0.644,2357,0.3,5.6,27.2,29.2,0.978,1.226,odi: 53m 485r 77w
12bffe91,LL Tsotsobe,South Africa,ball_by_ball,10.7,tail,spec_pace,right,fast_medium,109,0.54,13.2,75.1,9.1,0.652,1.344,0.601,2917,0.32,4.93,23.8,29.0,1.002,1.278,odi: 60m 58r 94w
d6dcb0c9,Mohammad Shahzad,Afghanistan,wikipedia_totals,,top,part_unk,right,,3017,0.74,34.1,95.2,11.3,1.098,0.968,1.106,,,,,,,,"wikipedia_odi: 84m 2,727r w"
6b0c3a20,AJ Hall,South Africa,ball_by_ball,7.6,tail,spec_pace,right,fast_medium,451,0.79,21.5,100.4,10.3,0.99,1.329,0.918,2565,0.31,5.26,24.9,28.4,0.915,1.192,odi: 55m 387r 76w
2503e881,A Nel,South Africa,ball_by_ball,9.7,tail,spec_pace,right,fast_medium,156,0.59,19.1,92.9,11.3,0.865,1.337,1.095,2857,0.33,5.37,26.2,29.3,0.942,1.202,odi: 60m 123r 84w
6adf9347,Iftikhar Anjum,Pakistan,ball_by_ball,9.9,tail,spec_pace,right,medium,325,0.77,14.7,75.8,7.0,0.67,1.301,0.556,2683,0.33,5.37,29.8,33.3,0.994,1.094,odi: 57m 203r 67w
69762509,DR Martyn,Australia,ball_by_ball,3.9,middle,spec_pace,right,medium,2907,0.95,44.0,96.1,9.4,1.095,0.78,0.414,90,0.02,6.24,23.8,22.9,0.955,1.231,odi: 82m 2239r 1w
3b417422,T Panyangara,Zimbabwe,ball_by_ball,9.3,tail,spec_pace,right,fast_medium,384,0.79,8.8,58.3,6.3,0.549,1.813,0.389,2599,0.39,5.92,40.3,40.9,1.072,0.832,odi: 50m 192r 50w
3c87f0c3,JN Frylinck,Namibia,ball_by_ball,4.9,middle,spec_pace,left,medium_fast,1697,0.93,19.3,67.4,6.3,0.764,1.21,0.405,1257,0.29,5.83,40.3,41.5,1.051,0.865,odi: 56m 1233r 35w
8a686d30,MS Atapattu,Sri Lanka,ball_by_ball,2.9,top,,right,leg_spin,2953,0.95,41.4,86.1,8.7,1.035,0.741,0.081,,,,,,,,odi: 70m 2025r 0w
a9231c3f,SR Taylor,United States of America,ball_by_ball,1.5,top,spec_spin,left,off_spin,1473,0.9,20.8,73.8,10.0,0.947,1.366,1.044,1478,0.34,5.69,47.0,49.6,1.111,0.787,odi: 46m 1139r 39w
85d8110a,KJ Coetzer,Scotland,ball_by_ball,1.6,top,spec_pace,right,medium_fast,2776,0.95,27.8,81.6,11.6,1.015,1.131,0.804,168,0.05,6.14,39.1,38.2,1.089,0.924,odi: 63m 2280r 1w
4d6d6280,Salman Butt,Pakistan,ball_by_ball,1.1,top,part_spin,left,off_spin,2866,0.95,40.7,86.9,11.0,1.111,0.783,0.443,72,0.02,6.36,45.5,42.9,1.098,0.797,odi: 64m 2186r 0w
eea6b7f1,SP Fleming,New Zealand,ball_by_ball,1.8,top,,left,spin,2932,0.94,41.9,92.8,13.6,1.178,0.844,1.874,,,,,,,,odi: 68m 2133r 0w
8b261d84,MH Cross,Scotland,ball_by_ball,3.3,top,,right,,2931,0.96,19.5,70.5,7.3,0.848,1.317,0.43,,,,,,,,odi: 104m 2152r 0w
502b2c81,XJ Doherty,Australia,ball_by_ball,10.5,tail,spec_spin,left,left_arm_orthodox,184,0.66,14.0,70.9,6.8,0.631,1.244,0.48,2746,0.32,5.04,31.5,37.6,0.955,1.015,odi: 59m 101r 54w
9948e262,HE van der Dussen,South Africa,ball_by_ball,3.7,middle,part_spin,right,leg_spin,2912,0.96,45.3,88.1,9.0,1.018,0.695,0.925,6,0.0,5.82,37.5,38.7,1.02,0.894,odi: 68m 2529r 1w
f3cb53a1,MV Boucher,South Africa,ball_by_ball,6.0,lower,,right,medium,2909,0.96,36.3,107.7,12.3,1.115,0.942,1.565,,,,,,,,odi: 132m 2617r 0w
0404d43c,Liton Das,Bangladesh,ball_by_ball,2.5,top,,right,off_spin,2906,0.95,28.6,85.0,10.4,1.085,1.14,1.168,,,,,,,,odi: 94m 2478r 0w
e38bce7a,MG Bracewell,New Zealand,ball_by_ball,6.5,lower,spec_spin,left,off_spin,969,0.9,35.0,107.0,13.3,1.114,0.958,1.83,1936,0.3,5.02,32.2,38.5,0.939,0.982,odi: 48m 1042r 46w
a7489342,IDR Bradshaw,West Indies,ball_by_ball,9.3,tail,spec_pace,left,medium_fast,414,0.8,14.4,76.1,7.9,0.694,1.389,0.751,2465,0.3,4.71,27.1,34.5,0.909,1.08,odi: 48m 259r 61w
24bb1c2f,Haris Rauf,Pakistan,ball_by_ball,10.4,tail,spec_pace,right,fast,141,0.62,12.2,78.7,10.9,0.669,1.464,1.281,2723,0.37,5.58,27.1,29.2,1.021,1.194,odi: 56m 104r 102w
d0513f63,CL White,Australia,ball_by_ball,5.2,middle,part_spin,right,leg_spin,2555,0.96,37.3,91.3,10.1,0.976,0.804,1.413,304,0.07,6.26,43.2,41.4,1.169,0.946,odi: 88m 2053r 10w
641ac5ff,IS Sodhi,New Zealand,ball_by_ball,9.5,tail,spec_spin,right,leg_spin,289,0.76,12.5,77.1,8.2,0.675,1.476,0.974,2559,0.35,5.33,32.5,36.5,1.0,1.01,odi: 54m 210r 64w
c2a46cb4,Hashmatullah Shahidi,Afghanistan,wikipedia_totals,,top,part_spin,left,off_spin,2792,0.72,33.4,95.2,11.3,1.098,0.99,1.106,48,0.01,5.69,43.8,46.2,1.061,0.787,"wikipedia_odi: 96m 2,607r 0w"
89f64c19,LMP Simmons,West Indies,ball_by_ball,3.0,top,part_pace,right,fast_medium,2679,0.95,34.0,82.0,10.2,0.992,0.871,1.818,158,0.03,6.05,49.9,49.5,1.097,0.748,odi: 67m 1958r 1w
88679525,Asghar Afghan,Afghanistan,wikipedia_totals,,top,part_pace,right,medium_fast,2676,0.71,27.2,95.2,11.3,1.098,1.225,1.106,139,0.04,5.36,41.3,46.2,0.998,0.787,"wikipedia_odi: 114m 2,424r 3w"
adbf0400,Basil Hameed,United Arab Emirates,ball_by_ball,5.9,lower,spec_spin,right,off_spin,1423,0.93,16.8,68.6,6.9,0.754,1.397,0.812,1378,0.35,5.29,40.8,46.2,0.996,0.803,odi: 48m 1051r 43w
68ddabdb,Mohammad Sami,Pakistan,ball_by_ball,9.5,tail,spec_pace,right,fast,357,0.77,16.4,83.1,9.0,0.774,1.386,1.315,2442,0.32,5.59,28.8,30.9,0.993,1.107,odi: 49m 246r 67w
327b58d3,PVD Chameera,Sri Lanka,ball_by_ball,9.6,tail,spec_pace,right,fast,489,0.84,11.3,63.6,5.7,0.567,1.376,0.213,2303,0.3,5.48,29.0,31.8,1.025,1.129,odi: 54m 292r 60w
6eea0b32,Nasir Hossain,Bangladesh,ball_by_ball,6.6,lower,part_spin,right,off_spin,1545,0.93,25.9,87.6,9.3,0.903,1.064,0.567,1241,0.24,4.84,38.5,47.6,0.921,0.785,odi: 64m 1240r 24w
8f6dd463,Azmatullah Omarzai,Afghanistan,wikipedia_totals,,lower,spec_pace,right,fast_medium,1413,0.54,33.2,83.2,9.7,0.96,0.865,1.147,1371,0.22,5.49,30.2,33.0,1.024,1.103,"wikipedia_odi: 44m 1,169r 44w"
a03bba42,T Shamsi,South Africa,ball_by_ball,10.9,tail,spec_spin,right,left_arm_wrist,69,0.4,15.8,72.7,7.7,0.724,1.335,0.467,2702,0.37,5.52,31.9,34.7,0.99,1.027,odi: 55m 39r 73w
ff014c34,HG Munsey,Scotland,ball_by_ball,3.1,top,,left,medium_fast,2769,0.95,29.4,89.4,12.2,1.048,1.135,1.516,,,,,,,,odi: 71m 2557r 0w
2c13defe,TM Odoyo,Kenya,ball_by_ball,6.5,lower,spec_pace,right,medium_fast,1183,0.9,20.4,77.2,8.9,0.828,1.251,1.031,1585,0.29,5.08,31.9,37.7,0.985,0.932,odi: 39m 830r 43w
dcbea954,Aasif Sheikh,Nepal,ball_by_ball,2.0,top,,right,,2765,0.95,22.6,72.0,8.9,0.905,1.229,0.538,,,,,,,,odi: 73m 2075r 0w
fa433be6,M Labuschagne,Australia,ball_by_ball,4.4,middle,part_pace,right,medium_fast,2400,0.95,35.4,83.6,7.5,0.98,0.862,0.286,356,0.09,6.28,38.3,36.6,1.099,0.92,odi: 70m 1966r 11w
449f4e3c,B Muzarabani,Zimbabwe,ball_by_ball,10.3,tail,spec_pace,right,fast_medium,222,0.69,8.9,58.9,6.2,0.553,1.813,0.488,2519,0.42,5.25,35.7,40.8,0.962,0.852,odi: 51m 119r 59w
cddafe26,V Aravind,United Arab Emirates,ball_by_ball,2.9,top,,right,,2731,0.95,20.9,63.3,6.8,0.774,1.149,0.309,,,,,,,,odi: 63m 1865r 0w
25d7f1ac,MD Patel,United States of America,ball_by_ball,3.0,top,,right,,2728,0.95,23.5,76.7,7.8,0.936,1.256,0.619,,,,,,,,odi: 71m 2221r 0w
c3d1402f,RP Singh,India,ball_by_ball,10.0,tail,spec_pace,right,fast_medium,241,0.7,13.3,59.6,6.6,0.583,1.268,0.503,2478,0.31,5.92,30.3,30.7,1.071,1.151,odi: 55m 103r 69w
1a8eebbe,Shafiul Islam,Bangladesh,ball_by_ball,9.9,tail,spec_pace,right,fast_medium,239,0.73,9.6,66.6,7.4,0.563,1.597,0.411,2476,0.35,6.28,34.8,33.2,1.148,1.053,odi: 58m 132r 69w
8ee36b18,P Nissanka,Sri Lanka,ball_by_ball,1.3,top,,right,,2714,0.95,36.0,86.0,11.3,1.091,0.897,0.627,,,,,,,,odi: 67m 2311r 0w
69d03465,AT Carey,Australia,ball_by_ball,5.5,lower,,left,,2681,0.96,33.4,91.3,9.7,0.992,0.89,0.507,,,,,,,,odi: 90m 2378r 0w
ea42ddb9,ME Trescothick,England,ball_by_ball,1.0,top,part_pace,left,medium,2527,0.93,44.0,106.0,15.1,1.356,0.905,1.142,151,0.03,6.05,46.6,46.2,1.122,0.822,odi: 64m 2109r 2w
8ea6e670,NM Hauritz,Australia,ball_by_ball,8.9,tail,spec_spin,right,off_spin,309,0.79,18.7,102.5,9.8,0.829,1.247,0.848,2368,0.3,4.95,30.6,37.1,0.937,1.042,odi: 50m 295r 53w
211de69f,Azhar Ali,Pakistan,ball_by_ball,1.7,top,part_spin,right,leg_spin,2413,0.94,36.3,77.6,8.4,0.982,0.79,0.617,258,0.06,5.82,43.2,44.5,1.041,0.802,odi: 52m 1806r 4w
4c4fa80b,SMSM Senanayake,Sri Lanka,ball_by_ball,9.1,tail,spec_spin,right,off_spin,311,0.76,16.3,95.6,11.0,0.874,1.562,0.793,2358,0.33,4.95,31.5,38.2,0.943,0.972,odi: 49m 290r 53w
fd835ab3,DJ Hussey,Australia,ball_by_ball,5.3,middle,part_spin,right,off_spin,1878,0.94,37.5,101.4,10.5,1.078,0.864,1.074,778,0.14,5.64,37.7,40.1,1.037,0.928,odi: 67m 1672r 17w
89c16049,Agha Salman,Pakistan,ball_by_ball,5.4,middle,part_spin,right,off_spin,1562,0.93,41.9,96.9,10.4,1.057,0.76,0.749,1093,0.21,5.39,43.9,48.9,1.037,0.801,odi: 50m 1507r 19w
fc55ec67,MR Adair,Ireland,ball_by_ball,7.9,tail,spec_pace,right,fast_medium,410,0.8,17.0,100.3,12.0,0.952,1.68,1.565,2230,0.37,6.05,36.0,35.6,1.085,0.954,odi: 49m 448r 61w
c01d7726,H Thaker,Canada,ball_by_ball,4.7,middle,spec_spin,right,off_spin,1365,0.92,22.4,62.3,5.0,0.708,0.976,0.474,1263,0.33,5.59,51.8,55.6,1.065,0.682,odi: 31m 903r 25w
b80dd12c,Jatinder Singh,Oman,ball_by_ball,1.6,top,part_spin,right,off_spin,2567,0.94,22.7,72.5,8.8,0.933,1.216,0.781,48,0.02,6.11,62.6,61.4,1.174,0.646,odi: 68m 1973r 1w
4d7f517e,AJ Hosein,West Indies,ball_by_ball,8.8,tail,spec_spin,left,left_arm_orthodox,396,0.79,14.2,75.2,7.9,0.766,1.577,1.143,2218,0.35,4.97,32.2,38.8,0.946,0.971,odi: 40m 309r 63w
2254ab79,Sarfraz Ahmed,Pakistan,ball_by_ball,5.7,lower,part_spin,right,off_spin,2601,0.96,33.2,90.5,7.6,0.981,0.863,0.319,12,0.01,6.2,41.8,40.4,1.036,0.806,odi: 115m 2289r 0w
4a745f65,AR Nurse,West Indies,ball_by_ball,8.3,tail,spec_spin,right,off_spin,454,0.83,17.3,102.0,11.7,0.904,1.538,1.05,2153,0.3,5.37,37.8,42.2,1.024,0.91,odi: 48m 454r 44w
02e83ac5,Naeem Islam,Bangladesh,ball_by_ball,6.6,lower,spec_spin,right,off_spin,1211,0.92,24.0,76.8,8.4,0.81,1.012,0.674,1394,0.25,5.36,37.6,42.1,1.005,0.897,odi: 51m 842r 31w
a48fc79d,EC Joyce,Ireland,ball_by_ball,2.6,top,,left,medium,2603,0.95,28.4,75.7,8.7,0.931,1.004,0.579,,,,,,,,odi: 60m 1845r 0w
05c2ca46,RE van der Merwe,Netherlands,ball_by_ball,8.2,tail,spec_spin,right,left_arm_orthodox,375,0.78,12.7,78.8,7.1,0.788,1.841,0.654,2227,0.42,5.19,40.5,46.8,0.97,0.793,odi: 45m 334r 53w
d1523761,D Ramdin,West Indies,ball_by_ball,6.3,lower,,right,,2593,0.96,25.7,88.4,8.9,0.97,1.175,0.96,,,,,,,,odi: 128m 2072r 0w
6e1b1ec0,MP Vaughan,England,ball_by_ball,2.8,top,part_spin,right,off_spin,2071,0.92,34.2,85.2,10.5,1.055,0.94,0.932,519,0.11,5.67,39.2,41.5,1.021,0.834,odi: 59m 1382r 9w
7cd0a092,Haris Sohail,Pakistan,ball_by_ball,4.3,middle,spec_spin,left,left_arm_orthodox,1968,0.94,43.2,89.3,9.0,1.013,0.697,0.847,606,0.11,5.38,37.7,42.0,1.023,0.925,odi: 43m 1709r 11w
37f501d7,HH Streak,Zimbabwe,ball_by_ball,7.3,lower,spec_pace,right,fast_medium,1079,0.9,29.6,85.3,8.8,0.88,0.923,0.831,1491,0.26,4.89,29.7,36.4,0.93,0.942,odi: 31m 736r 41w
934b36a6,Khawar Ali,Oman,ball_by_ball,3.9,middle,spec_spin,right,leg_spin,1054,0.89,18.5,57.5,6.0,0.673,1.099,0.32,1514,0.39,6.24,49.9,48.0,1.113,0.728,odi: 32m 620r 39w
c3d35165,JA Morkel,South Africa,ball_by_ball,6.6,lower,spec_pace,left,medium_fast,708,0.87,27.6,111.5,14.7,1.08,1.135,1.729,1848,0.25,6.05,31.3,31.0,1.083,1.139,odi: 52m 705r 44w
e7ba1233,S Matsikenyeri,Zimbabwe,ball_by_ball,4.4,middle,part_spin,right,off_spin,1887,0.93,23.2,82.2,9.2,0.969,1.247,0.6,668,0.16,5.73,51.3,53.7,1.048,0.689,odi: 79m 1309r 13w
3086f7a4,Mohammad Nawaz (3),Pakistan,ball_by_ball,7.4,lower,spec_spin,left,left_arm_orthodox,568,0.86,22.3,88.9,9.8,0.828,1.047,0.894,1983,0.31,5.02,34.6,41.3,0.961,0.928,odi: 42m 498r 44w
6e3f5a5c,R Ngarava,Zimbabwe,ball_by_ball,10.0,tail,spec_pace,left,fast_medium,324,0.75,14.9,79.7,9.7,0.83,1.716,0.954,2225,0.39,5.55,34.0,36.8,1.014,0.931,odi: 49m 271r 67w
9811e35e,Gulsan Jha,Nepal,ball_by_ball,7.3,lower,spec_pace,left,medium,1184,0.91,19.0,77.4,8.9,0.806,1.304,1.371,1363,0.31,7.0,48.4,41.4,1.251,0.871,odi: 50m 986r 40w
29b89ae8,WB Rankin,Ireland,ball_by_ball,10.7,tail,spec_pace,left,fast_medium,179,0.66,8.8,56.0,5.2,0.507,1.597,0.323,2367,0.36,5.43,33.1,36.6,1.004,0.988,odi: 49m 78r 64w
6b8eb6e5,S Sreesanth,India,ball_by_ball,10.6,tail,spec_pace,right,fast_medium,121,0.57,11.2,64.0,7.4,0.557,1.298,0.42,2405,0.29,6.1,30.0,29.5,1.13,1.194,odi: 50m 44r 73w
364ee2cf,SJ Benn,West Indies,ball_by_ball,10.1,tail,spec_spin,left,left_arm_orthodox,240,0.71,13.1,81.4,9.7,0.779,1.691,0.904,2280,0.33,4.93,37.0,45.0,0.932,0.82,odi: 45m 182r 35w
e3386c8a,K Bhurtel,Nepal,ball_by_ball,1.4,top,part_spin,right,leg_spin,1947,0.92,19.8,76.7,9.9,0.987,1.491,0.982,571,0.22,6.42,62.7,58.6,1.187,0.64,odi: 71m 1598r 13w
b3b39bed,Aqib Ilyas,Oman,ball_by_ball,3.0,top,spec_spin,right,off_spin,1622,0.92,26.0,70.3,7.5,0.844,1.014,0.396,895,0.27,6.14,49.4,48.3,1.103,0.736,odi: 31m 1191r 23w
dcdb87f2,Bilal Khan,Oman,ball_by_ball,10.9,tail,spec_pace,left,fast_medium,73,0.44,7.0,52.9,5.2,0.483,1.977,0.391,2430,0.48,6.35,36.5,34.5,1.132,0.952,odi: 47m 30r 98w
b59db04f,SA Edwards,Netherlands,ball_by_ball,5.0,middle,,right,,2495,0.96,30.9,82.4,6.7,0.902,0.894,0.315,,,,,,,,odi: 69m 2156r 0w
51a3c5ef,MJ McClenaghan,New Zealand,ball_by_ball,10.6,tail,spec_pace,left,fast_medium,138,0.6,15.8,86.3,10.1,0.755,1.36,0.895,2355,0.31,5.9,27.9,28.3,1.064,1.232,odi: 48m 108r 82w
6ad2d5f7,LN Rajbanshi,Nepal,ball_by_ball,10.9,tail,spec_spin,right,left_arm_orthodox,177,0.64,5.2,36.8,3.5,0.355,1.918,0.089,2314,0.46,4.84,39.7,49.1,0.942,0.766,odi: 51m 43r 59w
782fb776,LV van Beek,Netherlands,ball_by_ball,7.7,tail,spec_pace,right,medium_fast,624,0.86,14.8,81.0,7.2,0.788,1.613,0.724,1866,0.34,5.75,35.7,37.2,1.028,0.933,odi: 37m 524r 54w
bdd985f2,Mirwais Ashraf,Afghanistan,wikipedia_totals,,middle,spec_unk,,,477,0.32,24.2,86.5,9.6,0.997,1.252,0.944,2009,0.35,4.58,33.3,43.6,0.849,0.834,wikipedia_odi: 46m 387r 46w
8abdf100,CJ Anderson,New Zealand,ball_by_ball,5.8,lower,spec_pace,left,medium_fast,1012,0.9,31.0,111.7,14.9,1.212,1.206,2.911,1445,0.22,6.1,28.2,27.7,1.055,1.255,odi: 48m 1102r 58w
97bdec3d,G Motie,West Indies,ball_by_ball,8.8,tail,spec_spin,left,left_arm_orthodox,462,0.8,18.8,88.8,11.5,0.954,1.596,1.358,1992,0.32,4.66,32.2,41.4,0.896,0.94,odi: 40m 425r 51w
17aa4f1d,Aaron Jones,United States of America,ball_by_ball,4.2,middle,part_spin,right,leg_spin,2253,0.95,22.8,67.2,6.5,0.786,1.074,0.684,197,0.08,6.92,68.9,59.8,1.239,0.591,odi: 51m 1620r 0w
c16d2e28,SJ Harmison,England,ball_by_ball,10.6,tail,spec_pace,right,fast,133,0.58,13.8,80.2,6.9,0.711,1.416,0.417,2308,0.28,5.43,28.8,31.8,1.001,1.144,odi: 47m 80r 61w
92aeac25,AD Hales,England,ball_by_ball,2.2,top,,right,medium,2438,0.94,38.1,99.7,13.8,1.254,0.998,1.656,,,,,,,,odi: 67m 2330r 0w
5b16a806,A Dananjaya,Sri Lanka,ball_by_ball,8.6,tail,spec_spin,left,off_spin,441,0.81,14.9,78.6,8.0,0.755,1.451,0.324,1995,0.27,5.01,29.4,35.2,0.958,1.073,odi: 40m 321r 55w
6020a3c6,KU Carty,West Indies,ball_by_ball,3.6,middle,part_pace,right,medium,2401,0.95,36.4,74.9,7.9,0.913,0.761,0.712,28,0.01,5.88,49.7,50.7,1.099,0.758,odi: 52m 1814r 0w
99639abf,NJ Astle,New Zealand,ball_by_ball,2.4,top,part_pace,right,medium,2028,0.93,43.4,95.8,12.5,1.141,0.804,1.36,401,0.08,6.01,40.9,40.8,1.044,0.831,odi: 44m 1571r 6w
b9a3d8c6,Inzamam-ul-Haq,Pakistan,ball_by_ball,4.7,middle,,right,left_arm_orthodox,2426,0.95,41.7,95.4,10.4,1.062,0.782,1.165,,,,,,,,odi: 69m 1916r 0w
99d63244,KM Jadhav,India,ball_by_ball,5.9,lower,part_spin,right,off_spin,1273,0.93,38.4,106.2,12.9,1.065,0.832,0.897,1145,0.2,5.17,37.4,43.4,0.968,0.886,odi: 71m 1318r 26w
d5403021,BC Lara,West Indies,ball_by_ball,4.3,middle,,left,leg_spin,2404,0.94,38.8,96.3,12.5,1.129,0.904,2.144,,,,,,,,odi: 71m 1878r 0w
44d6a8b8,Ayan Khan,Oman,ball_by_ball,5.0,middle,spec_unk,left,,1251,0.91,21.4,71.7,8.0,0.816,1.17,0.55,1149,0.34,6.16,59.3,57.8,1.132,0.636,odi: 39m 948r 24w
f28a60e0,Saad Bin Zafar,Canada,ball_by_ball,7.6,tail,spec_spin,left,left_arm_orthodox,591,0.85,11.3,69.3,7.2,0.684,1.825,0.276,1809,0.42,5.32,53.1,59.9,1.008,0.634,odi: 35m 456r 31w
f468293b,JN Loftie-Eaton,Namibia,ball_by_ball,5.7,lower,part_pace,left,medium,1417,0.92,17.4,68.8,6.8,0.778,1.412,0.601,982,0.34,6.8,56.1,49.5,1.237,0.71,odi: 54m 1044r 32w
e94915e6,SM Curran,England,ball_by_ball,7.2,lower,spec_pace,left,medium_fast,735,0.87,25.5,91.2,9.9,0.957,1.139,1.149,1663,0.25,5.88,31.5,32.2,1.067,1.103,odi: 43m 658r 43w
5ec41cd7,Jasdeep Singh,United States of America,ball_by_ball,8.8,tail,spec_pace,right,medium,424,0.81,9.5,63.5,6.0,0.603,1.869,0.485,1970,0.43,6.99,51.2,43.9,1.217,0.785,odi: 44m 297r 51w
350bb1b1,AF Milne,New Zealand,ball_by_ball,8.8,tail,spec_pace,right,fast,205,0.7,14.2,90.9,8.8,0.751,1.466,0.673,2185,0.28,5.35,27.7,31.1,0.988,1.146,odi: 49m 180r 56w
cfad138c,CK Kapugedera,Sri Lanka,ball_by_ball,5.6,lower,part_pace,right,medium,2111,0.95,25.3,82.2,8.4,0.904,1.098,1.158,264,0.05,5.65,45.7,48.5,1.079,0.819,odi: 92m 1505r 2w
8afe73e2,WA Young,New Zealand,ball_by_ball,2.0,top,,right,off_spin,2360,0.94,34.9,82.5,10.1,1.08,0.897,0.793,,,,,,,,odi: 62m 1996r 0w
84826f48,NJ O'Brien,Ireland,ball_by_ball,4.2,middle,,left,,2351,0.95,27.3,75.5,8.1,0.894,1.023,0.841,,,,,,,,odi: 64m 1692r 0w
f78e7113,S Prasanna,Sri Lanka,ball_by_ball,7.5,tail,spec_spin,right,leg_spin,441,0.81,17.4,96.4,14.7,0.979,1.65,2.9,1905,0.27,5.35,36.4,40.9,0.996,0.918,odi: 39m 421r 31w
59792462,KM Jarvis,Zimbabwe,ball_by_ball,9.8,tail,spec_pace,right,fast_medium,315,0.77,10.3,67.2,7.1,0.613,1.696,0.404,2020,0.35,5.71,37.3,39.1,1.073,0.89,odi: 41m 195r 50w
2f49c897,Mohammed Siraj,India,ball_by_ball,10.1,tail,spec_pace,right,fast,134,0.6,11.5,62.5,6.7,0.548,1.287,0.277,2198,0.32,4.98,25.0,30.1,0.951,1.173,odi: 49m 57r 76w
2af838ee,N Pradeep,Sri Lanka,ball_by_ball,10.9,tail,spec_pace,right,fast,79,0.48,10.3,69.4,8.0,0.576,1.499,0.437,2251,0.29,6.08,31.1,30.7,1.085,1.122,odi: 47m 35r 58w
fb66ce1f,CH Morris,South Africa,ball_by_ball,7.4,lower,spec_pace,right,fast_medium,465,0.82,27.3,107.0,12.7,1.034,1.07,1.415,1861,0.23,5.5,28.5,31.1,1.014,1.172,odi: 41m 467r 45w
0ebfb1ad,E Lewis,West Indies,ball_by_ball,1.9,top,,left,medium,2325,0.94,34.7,88.2,12.1,1.137,0.96,2.433,,,,,,,,odi: 61m 2051r 0w
1274d7ab,Nazmul Hossain Shanto,Bangladesh,ball_by_ball,3.0,top,part_spin,left,off_spin,2218,0.94,32.3,78.6,9.5,0.976,0.917,0.503,101,0.04,6.59,39.6,36.0,1.008,0.763,odi: 58m 1742r 2w
49b6c09f,JC Tredwell,England,ball_by_ball,9.4,tail,spec_spin,left,off_spin,242,0.71,14.5,77.6,8.1,0.716,1.411,0.757,2062,0.29,4.95,29.1,35.2,0.934,1.056,odi: 44m 163r 59w
7a80ddf2,D Bishoo,West Indies,ball_by_ball,9.7,tail,spec_spin,left,leg_spin,263,0.74,11.6,69.2,7.7,0.631,1.526,0.463,2031,0.28,4.98,35.3,42.5,0.945,0.904,odi: 41m 164r 38w
59ea70a4,HT Tector,Ireland,ball_by_ball,4.0,middle,part_spin,right,off_spin,2111,0.94,34.9,83.0,8.8,0.943,0.836,0.969,180,0.05,6.17,56.7,55.1,1.178,0.715,odi: 49m 1775r 2w
e342e5fb,CR Brathwaite,West Indies,ball_by_ball,7.7,tail,spec_pace,right,fast_medium,595,0.86,16.7,90.8,10.5,0.866,1.493,1.527,1682,0.26,5.9,33.3,33.9,1.01,1.013,odi: 40m 527r 39w
478a63e7,C Campher,Ireland,ball_by_ball,5.1,middle,spec_pace,right,medium_fast,1196,0.91,28.2,78.7,9.0,0.91,1.005,0.575,1074,0.2,5.83,36.4,37.5,1.072,1.007,odi: 38m 963r 31w
1212cbec,Najibullah Zadran,Afghanistan,wikipedia_totals,,top,part_spin,left,off_spin,2226,0.67,30.5,95.2,11.3,1.098,1.09,1.106,30,0.01,5.69,43.6,46.0,1.061,0.791,"wikipedia_odi: 92m 2,060r 0w"
509a7ca1,MD Gunathilaka,Sri Lanka,ball_by_ball,1.6,top,part_spin,left,off_spin,1833,0.92,36.0,91.9,11.5,1.159,0.964,0.975,402,0.08,5.44,41.9,46.3,1.06,0.864,odi: 46m 1592r 8w
ba5e1069,R Ravindra,New Zealand,ball_by_ball,3.3,top,spec_spin,left,left_arm_orthodox,1283,0.9,42.9,105.5,13.4,1.294,0.92,1.496,950,0.18,5.34,32.6,36.6,0.968,0.964,odi: 38m 1392r 20w
1abb78f8,SN Thakur,India,ball_by_ball,7.9,tail,spec_pace,right,medium,313,0.77,19.4,102.8,11.8,0.913,1.331,0.906,1918,0.26,6.13,31.1,30.4,1.112,1.193,odi: 46m 329r 64w
b4296080,Milind Kumar,United States of America,ball_by_ball,5.1,middle,spec_spin,right,off_spin,1231,0.91,32.9,89.6,9.5,0.95,0.897,0.837,997,0.3,5.65,44.2,46.9,1.06,0.782,odi: 28m 1209r 32w
b743f01b,Syed Rasel,Bangladesh,ball_by_ball,10.9,tail,spec_pace,left,medium_fast,163,0.63,9.4,61.6,6.4,0.555,1.608,0.19,2063,0.29,5.03,29.9,35.7,0.979,1.015,odi: 40m 76r 46w
94d7f855,C de Grandhomme,New Zealand,ball_by_ball,6.9,lower,spec_pace,right,medium_fast,699,0.87,30.6,111.0,13.8,1.13,1.073,2.056,1526,0.18,4.7,27.1,34.6,0.892,1.141,odi: 44m 742r 29w
70d205c9,AT Rayudu,India,ball_by_ball,3.9,middle,part_spin,right,off_spin,2094,0.95,42.6,81.2,9.0,0.94,0.672,0.834,122,0.03,6.17,43.4,42.3,1.098,0.849,odi: 53m 1637r 3w
c6e10e5c,NK Patel,United States of America,ball_by_ball,7.1,lower,spec_unk,,,685,0.86,14.6,66.4,6.4,0.684,1.42,0.44,1531,0.41,6.11,54.8,53.8,1.14,0.685,odi: 38m 477r 39w
c03f1114,KD Karthik,India,ball_by_ball,4.0,middle,,right,off_spin,2212,0.94,31.2,80.7,9.4,0.955,0.921,0.654,,,,,,,,odi: 90m 1624r 0w
3ff033bb,MD Shanaka,Sri Lanka,ball_by_ball,6.4,lower,part_pace,right,medium,1291,0.92,25.3,91.6,10.5,0.992,1.179,1.367,916,0.18,5.53,41.2,44.7,1.071,0.87,odi: 62m 1153r 21w
3c6ffae8,YK Pathan,India,ball_by_ball,6.2,lower,part_spin,right,off_spin,713,0.87,34.3,125.3,18.9,1.269,1.106,3.509,1490,0.26,5.9,42.9,43.6,1.104,0.862,odi: 57m 810r 33w
83904270,DBL Powell,West Indies,ball_by_ball,9.8,tail,spec_pace,right,fast_medium,136,0.58,13.1,86.5,10.5,0.785,1.676,1.557,2064,0.26,5.02,29.3,35.0,0.992,1.066,odi: 39m 105r 49w
bd0a4a7d,CA Young,Ireland,ball_by_ball,10.4,tail,spec_pace,right,fast_medium,168,0.64,12.7,80.7,9.0,0.747,1.672,0.837,2028,0.34,5.87,32.4,33.1,1.071,1.067,odi: 42m 149r 73w
60beb01b,WW Hinds,West Indies,ball_by_ball,3.4,top,spec_pace,left,medium,1576,0.91,33.8,83.9,10.9,1.013,0.876,1.914,613,0.1,5.46,31.7,34.9,1.028,1.096,odi: 42m 1066r 20w
afa7e784,MS Wade,Australia,ball_by_ball,5.7,lower,,left,medium,2180,0.95,28.3,90.8,9.3,0.996,1.063,1.075,,,,,,,,odi: 95m 1792r 0w
9ffd1ac1,T Bavuma,South Africa,ball_by_ball,2.5,top,spec_pace,right,medium,2141,0.94,43.6,90.9,10.4,1.104,0.765,0.808,37,0.01,5.25,26.1,29.8,0.955,1.194,odi: 51m 1894r 0w
f144d99b,Yasir Hameed,Pakistan,ball_by_ball,1.7,top,,right,off_spin,2178,0.92,43.8,86.6,9.9,1.085,0.753,0.524,,,,,,,,odi: 39m 1459r 0w
bd4ea627,Faheem Ashraf,Pakistan,ball_by_ball,7.3,lower,spec_pace,left,medium,477,0.82,21.4,89.9,10.8,0.91,1.263,1.092,1685,0.24,5.16,31.0,36.1,0.967,1.022,odi: 44m 408r 31w
0bacade8,Rahmanullah Gurbaz,Afghanistan,wikipedia_totals,,top,part_unk,right,,2151,0.68,36.8,95.2,11.3,1.098,0.894,1.106,,,,,,,,"wikipedia_odi: 55m 2,036r w"
5574750c,JC Archer,England,ball_by_ball,9.6,tail,spec_pace,right,fast,185,0.67,18.2,105.8,13.1,0.907,1.42,1.055,1963,0.27,4.83,24.1,29.9,0.903,1.189,odi: 37m 205r 64w
72253b87,Kaleemullah,Oman,ball_by_ball,9.6,tail,spec_pace,right,medium,136,0.59,9.9,78.5,9.3,0.692,2.005,1.129,2011,0.39,5.38,43.1,48.1,1.119,0.784,odi: 45m 125r 41w
fcbf5a30,D Gough,England,ball_by_ball,9.7,tail,spec_pace,right,fast,197,0.66,17.3,87.4,9.0,0.793,1.333,0.596,1944,0.26,5.01,25.5,30.6,0.944,1.137,odi: 39m 137r 54w
00d69fa4,SO Tikolo,Kenya,ball_by_ball,4.2,middle,spec_spin,right,off_spin,1069,0.87,22.6,74.6,8.9,0.916,1.277,0.682,1070,0.27,6.37,46.1,43.4,1.113,0.779,odi: 39m 705r 26w
7bf96684,OA Shah,England,ball_by_ball,4.7,middle,part_spin,right,off_spin,1919,0.94,38.3,95.9,10.7,1.062,0.845,1.209,193,0.04,6.04,42.3,42.0,1.092,0.873,odi: 56m 1579r 7w
c5d7b244,Mohammad Nadeem,Oman,ball_by_ball,5.6,lower,part_pace,right,medium_fast,1298,0.92,18.9,61.0,5.6,0.66,1.09,0.284,811,0.27,6.96,63.9,55.1,1.273,0.654,odi: 40m 827r 19w
9868bc75,BMAJ Mendis,Sri Lanka,ball_by_ball,7.1,lower,part_spin,left,leg_spin,726,0.88,21.6,90.8,9.7,0.874,1.196,0.866,1375,0.22,5.38,39.4,43.9,1.029,0.886,odi: 56m 593r 28w
43936951,DR Tuffey,New Zealand,ball_by_ball,9.7,tail,spec_pace,right,fast_medium,194,0.67,16.9,106.6,12.3,0.92,1.538,1.43,1904,0.23,5.32,27.9,31.5,1.014,1.161,odi: 38m 188r 46w
6581d753,JM Kemp,South Africa,ball_by_ball,6.2,lower,part_pace,right,medium,1434,0.92,33.7,105.3,14.5,1.053,0.97,2.836,658,0.13,5.68,41.5,43.8,1.057,0.883,odi: 64m 1226r 14w
9061a703,J Little,Ireland,ball_by_ball,10.7,tail,spec_pace,right,fast,87,0.5,11.2,84.8,10.1,0.716,1.769,0.558,1993,0.34,6.49,38.1,35.2,1.159,0.994,odi: 41m 81r 60w
a4af4849,AF Giles,England,ball_by_ball,8.5,tail,spec_spin,right,left_arm_orthodox,380,0.78,19.0,92.3,9.3,0.854,1.293,0.768,1698,0.25,4.79,30.8,38.5,0.884,0.956,odi: 37m 288r 34w
2a9eee66,Vikramjit Singh,Netherlands,ball_by_ball,1.5,top,part_pace,left,medium_fast,1825,0.92,24.3,69.7,8.3,0.888,1.107,0.551,247,0.08,6.33,60.1,56.9,1.215,0.694,odi: 46m 1304r 7w
6f02fe2a,Waseem Muhammad,United Arab Emirates,ball_by_ball,2.3,top,part_pace,right,medium,2000,0.93,21.3,81.3,10.1,0.993,1.43,2.064,71,0.05,8.66,71.6,49.6,1.306,0.581,odi: 69m 1745r 0w
74234d66,JN Gillespie,Australia,ball_by_ball,10.0,tail,spec_pace,right,fast,109,0.56,18.5,113.0,12.4,0.885,1.314,1.249,1960,0.25,4.7,22.9,29.2,0.882,1.224,odi: 38m 115r 56w
9a95bebb,S Bau,Papua New Guinea,ball_by_ball,4.6,middle,spec_pace,left,medium,1452,0.92,15.0,56.9,5.5,0.673,1.427,0.293,609,0.17,5.77,48.9,50.8,1.124,0.741,odi: 49m 874r 9w
ea3ffd1b,NO Miller,West Indies,ball_by_ball,9.3,tail,spec_spin,right,left_arm_orthodox,355,0.78,16.7,84.6,8.8,0.842,1.488,0.86,1703,0.28,5.3,38.5,43.6,0.989,0.861,odi: 42m 279r 32w
3241e3fd,N Pooran,West Indies,ball_by_ball,4.6,middle,part_spin,left,off_spin,1868,0.94,35.5,98.0,11.9,1.108,0.99,2.102,173,0.04,5.94,46.6,47.1,1.092,0.796,odi: 57m 1829r 6w
eaa76d3c,C Green,Australia,ball_by_ball,5.7,lower,spec_pace,right,fast_medium,1134,0.91,35.9,86.0,9.4,0.957,0.808,1.144,907,0.13,5.42,27.7,30.7,1.011,1.209,odi: 37m 946r 21w
3766056b,BJ McCarthy,Ireland,ball_by_ball,9.2,tail,spec_pace,right,fast_medium,265,0.73,10.9,65.3,6.6,0.649,1.754,0.346,1766,0.32,6.35,36.8,34.8,1.159,1.001,odi: 35m 169r 55w
81c36ee9,M Jansen,South Africa,ball_by_ball,7.1,lower,spec_pace,right,fast,491,0.82,31.2,109.8,13.1,1.122,1.09,1.729,1533,0.22,5.73,28.1,29.4,1.053,1.198,odi: 31m 553r 48w
45c2196c,DE Bollinger,Australia,ball_by_ball,10.6,tail,spec_pace,left,fast,54,0.37,16.8,100.1,9.7,0.831,1.344,0.56,1964,0.25,4.72,22.4,28.5,0.873,1.251,odi: 39m 50r 62w
fccebff9,Shapoor Zadran,Afghanistan,wikipedia_totals,,middle,spec_pace,left,fast_medium,82,0.07,26.4,86.5,9.6,0.997,1.142,0.944,1935,0.27,5.11,30.2,35.5,0.949,1.026,wikipedia_odi: 43m 67r 43w
d84378a4,M Kaif,India,ball_by_ball,5.1,middle,,right,off_spin,2007,0.94,31.7,83.1,8.1,0.935,0.884,0.224,,,,,,,,odi: 70m 1314r 0w
d4550956,Ibrahim Zadran,Afghanistan,wikipedia_totals,,top,part_pace,right,medium_fast,2003,0.65,41.9,95.2,11.3,1.098,0.78,1.106,,,,,,,,"wikipedia_odi: 42m 1,902r –w"
7e9f1cde,Kushal Malla,Nepal,ball_by_ball,5.1,middle,spec_spin,left,left_arm_orthodox,891,0.88,21.7,80.0,10.2,0.925,1.35,1.934,1076,0.3,5.45,49.4,54.3,1.042,0.701,odi: 38m 801r 22w
50250426,Asad Shafiq,Pakistan,ball_by_ball,3.6,middle,part_spin,right,off_spin,1946,0.94,29.3,74.4,6.9,0.914,0.96,0.345,12,0.0,5.65,43.7,46.4,1.048,0.81,odi: 58m 1312r 0w
9a46c4e5,GD Phillips,New Zealand,ball_by_ball,5.9,lower,part_spin,right,off_spin,1143,0.91,35.5,103.1,11.8,1.06,0.922,1.615,799,0.16,5.75,41.8,43.6,1.073,0.864,odi: 46m 1191r 16w
aae9ce90,JF Mooney,Ireland,ball_by_ball,7.8,tail,spec_pace,left,medium,728,0.87,16.4,83.6,9.2,0.824,1.513,0.49,1205,0.24,6.01,35.4,35.3,1.07,0.966,odi: 37m 610r 34w
b2ae53f5,T Thushara,Sri Lanka,ball_by_ball,8.3,tail,spec_pace,left,fast_medium,382,0.79,19.2,100.3,11.1,0.934,1.434,1.045,1545,0.21,5.42,27.7,30.7,1.0,1.192,odi: 35m 357r 46w
e01895bb,DT Johnston,Ireland,ball_by_ball,7.9,tail,spec_pace,right,fast_medium,459,0.81,14.5,83.0,8.6,0.797,1.628,0.867,1467,0.26,5.26,31.9,36.4,0.986,0.975,odi: 35m 361r 37w
ec4dada1,MN Waller,Zimbabwe,ball_by_ball,6.2,lower,part_spin,right,off_spin,1351,0.92,22.8,83.2,9.5,0.931,1.286,0.583,570,0.15,5.55,52.2,56.5,1.018,0.649,odi: 54m 1039r 9w
f5821615,JS Patel,New Zealand,ball_by_ball,10.6,tail,spec_spin,right,off_spin,148,0.6,14.5,77.6,8.7,0.716,1.405,0.872,1772,0.27,5.4,31.4,34.9,0.96,0.991,odi: 37m 91r 42w
a7c226e1,FH Edwards,West Indies,ball_by_ball,10.7,tail,spec_pace,right,fast,153,0.62,10.7,65.0,7.2,0.583,1.499,0.567,1766,0.25,5.28,29.2,33.2,0.992,1.082,odi: 41m 70r 49w
8919756f,Mosaddek Hossain,Bangladesh,ball_by_ball,6.5,lower,part_spin,right,off_spin,784,0.88,26.5,92.0,10.7,0.951,1.091,0.967,1124,0.23,5.21,45.2,52.0,0.988,0.728,odi: 45m 691r 15w
df5a6881,DP Conway,New Zealand,ball_by_ball,1.7,top,,left,medium,1908,0.93,42.5,88.3,11.8,1.118,0.775,0.835,,,,,,,,odi: 42m 1672r 0w
093ae70b,Hamid Hassan,Afghanistan,wikipedia_totals,,tail,spec_pace,right,fast,173,0.09,14.0,65.3,7.3,0.753,1.649,0.762,1734,0.25,4.95,26.2,31.7,0.92,1.148,wikipedia_odi: 38m 107r 59w
a879b92c,W Madhevere,Zimbabwe,ball_by_ball,4.3,middle,part_spin,right,off_spin,1094,0.89,24.2,78.3,7.6,0.93,1.19,0.354,806,0.21,5.59,51.4,55.2,1.051,0.679,odi: 41m 863r 16w
56ab442f,NM Coulter-Nile,Australia,ball_by_ball,9.0,tail,spec_pace,right,fast,262,0.73,19.3,97.0,10.0,0.911,1.381,0.964,1631,0.21,5.44,25.0,27.6,0.993,1.274,odi: 31m 252r 52w
cccdde80,RP Arnold,Sri Lanka,ball_by_ball,6.4,lower,part_spin,left,off_spin,1509,0.93,27.3,85.0,7.0,0.871,0.932,0.326,381,0.08,6.21,42.8,41.3,1.116,0.874,odi: 62m 1068r 9w
480ed517,Imran Farhat,Pakistan,ball_by_ball,1.8,top,part_spin,left,leg_spin,1837,0.92,32.9,77.4,9.6,0.999,0.884,0.779,51,0.02,5.89,41.1,41.9,1.034,0.819,odi: 44m 1232r 2w
87b177e8,CD Collymore,West Indies,ball_by_ball,11.0,tail,spec_pace,right,fast_medium,70,0.4,12.4,75.8,9.4,0.704,1.605,1.327,1816,0.25,4.85,29.9,37.0,0.891,0.976,odi: 40m 39r 30w
c5aef772,R Shepherd,West Indies,ball_by_ball,7.7,tail,spec_pace,right,fast_medium,427,0.81,17.9,97.1,11.7,0.967,1.647,1.418,1456,0.25,5.66,34.3,36.4,1.029,0.976,odi: 39m 449r 31w
4c4a06fb,Nasir Jamshed,Pakistan,ball_by_ball,1.6,top,,left,left_arm_orthodox,1881,0.92,34.4,84.3,10.9,1.08,0.921,1.263,,,,,,,,odi: 48m 1418r 0w
4557dc54,PA van Meekeren,Netherlands,ball_by_ball,10.4,tail,spec_pace,right,fast_medium,156,0.64,8.5,67.3,6.4,0.572,1.871,0.39,1714,0.35,5.91,36.1,36.7,1.047,0.956,odi: 34m 111r 59w
736123bb,DN Wellalage,Sri Lanka,ball_by_ball,7.6,tail,spec_spin,left,left_arm_orthodox,478,0.81,18.2,81.7,8.3,0.844,1.406,0.763,1392,0.22,4.84,29.9,37.1,0.928,1.019,odi: 31m 389r 37w
9e52a414,Towhid Hridoy,Bangladesh,ball_by_ball,4.9,middle,part_spin,right,off_spin,1868,0.94,38.4,80.5,7.2,0.912,0.733,0.72,1,0.0,5.84,46.0,47.2,1.061,0.773,odi: 45m 1493r 0w
5680f1ad,CO Obuya,Kenya,ball_by_ball,5.4,middle,spec_spin,right,leg_spin,1026,0.89,24.3,78.3,9.0,0.887,1.108,1.157,841,0.19,5.95,43.9,44.2,1.064,0.814,odi: 36m 737r 21w
98ecf62a,HH Dippenaar,South Africa,ball_by_ball,2.6,top,,right,off_spin,1865,0.92,42.8,86.0,9.4,1.037,0.737,0.721,,,,,,,,odi: 42m 1283r 0w
156d0ea2,SR Mukkamalla,United States of America,ball_by_ball,3.8,middle,,right,off_spin,1863,0.94,26.8,75.3,7.2,0.879,1.028,0.562,,,,,,,,odi: 43m 1532r 0w
6b19d823,A Mishra,India,ball_by_ball,9.1,tail,spec_spin,right,leg_spin,82,0.43,16.6,68.7,7.6,0.733,1.341,0.545,1781,0.3,5.17,28.6,33.2,0.912,1.057,odi: 33m 43r 61w
bb34fd31,Shoriful Islam,Bangladesh,ball_by_ball,10.0,tail,spec_pace,left,medium_fast,112,0.56,11.6,84.0,9.5,0.704,1.672,0.797,1746,0.28,5.43,29.5,32.6,1.03,1.101,odi: 37m 98r 59w
17efdeb8,Raqibul Hasan,Bangladesh,ball_by_ball,4.5,middle,,right,leg_spin,1856,0.94,29.1,71.4,7.0,0.845,0.907,0.47,,,,,,,,odi: 48m 1177r 0w
cca50cd6,LJ Wright,England,ball_by_ball,5.7,lower,part_pace,right,medium,820,0.87,27.6,99.7,12.8,1.084,1.169,1.776,1035,0.19,5.64,44.3,47.1,1.043,0.794,odi: 48m 707r 15w
9c9af282,Naseem Shah,Pakistan,ball_by_ball,9.4,tail,spec_pace,right,fast,221,0.7,16.3,85.0,9.5,0.779,1.344,1.209,1630,0.26,5.29,26.6,30.2,0.966,1.145,odi: 32m 196r 58w
235c2bb6,H Klaasen,South Africa,ball_by_ball,5.1,middle,part_spin,right,off_spin,1816,0.94,46.5,118.5,14.8,1.307,0.871,1.9,30,0.01,5.65,41.2,43.8,1.067,0.882,odi: 59m 2131r 0w
2f8a9682,RS Morton,West Indies,ball_by_ball,3.6,middle,part_spin,right,off_spin,1840,0.93,33.5,78.3,7.8,0.915,0.821,0.89,6,0.0,5.65,45.3,48.1,1.041,0.775,odi: 45m 1205r 0w
c89474d1,TJ Murtagh,Ireland,ball_by_ball,10.1,tail,spec_pace,left,fast_medium,185,0.65,12.5,76.7,7.6,0.723,1.705,0.29,1656,0.29,4.92,29.2,35.6,0.942,0.985,odi: 32m 143r 45w
ffe699c0,CJ Jordan,England,ball_by_ball,9.0,tail,spec_pace,right,fast_medium,211,0.7,15.4,91.5,9.8,0.809,1.423,0.892,1625,0.23,5.93,30.0,30.4,1.021,1.132,odi: 34m 184r 44w
331ea488,UT Khawaja,Australia,ball_by_ball,2.2,top,,left,off_spin,1828,0.93,41.1,90.1,10.2,1.096,0.808,0.648,,,,,,,,odi: 39m 1539r 0w
f5390243,CD McMillan,New Zealand,ball_by_ball,4.7,middle,part_pace,right,medium,1363,0.91,36.0,98.7,12.6,1.126,0.955,2.205,461,0.12,6.19,36.9,35.8,1.041,0.85,odi: 50m 1129r 11w
f5f18a18,S Randiv,Sri Lanka,ball_by_ball,8.2,tail,spec_spin,right,off_spin,382,0.78,17.9,79.4,7.9,0.812,1.309,0.248,1438,0.21,5.14,29.9,34.9,0.946,1.022,odi: 31m 280r 36w
53bc7b84,Aftab Ahmed,Bangladesh,ball_by_ball,3.9,middle,part_pace,right,medium,1416,0.9,26.9,88.8,12.3,1.068,1.245,1.932,402,0.08,5.94,52.5,53.0,1.134,0.745,odi: 55m 1061r 4w
4bc0a378,WP Masakadza,Zimbabwe,ball_by_ball,8.5,tail,spec_spin,left,left_arm_orthodox,392,0.78,12.3,64.9,6.1,0.673,1.631,0.249,1423,0.3,5.26,46.9,53.5,0.988,0.699,odi: 36m 260r 22w
a3bfec5d,SR Clark,Australia,ball_by_ball,10.2,tail,spec_pace,right,fast_medium,88,0.46,17.9,91.6,9.6,0.833,1.34,0.814,1722,0.21,5.14,25.0,29.2,0.947,1.246,odi: 37m 69r 48w
09a9d073,J Charles,West Indies,ball_by_ball,1.6,top,part_unk,right,,1803,0.92,30.5,94.0,13.7,1.188,1.188,2.399,6,0.0,7.35,77.5,63.3,1.358,0.585,odi: 58m 1537r 0w
e9c7f0d0,Fazalhaq Farooqi,Afghanistan,wikipedia_totals,,tail,spec_pace,right,fast,32,0.02,14.7,65.3,7.3,0.753,1.569,0.762,1776,0.27,5.78,32.5,33.8,1.078,1.076,wikipedia_odi: 42m 21r 52w
0b130202,CL Cairns,New Zealand,ball_by_ball,5.8,lower,spec_pace,right,fast,874,0.87,35.9,111.0,14.9,1.208,1.032,2.911,933,0.13,5.65,29.3,31.1,1.02,1.15,odi: 35m 790r 20w
e03b66ec,Mohammad Asif,Pakistan,ball_by_ball,11.0,tail,spec_pace,left,medium_fast,91,0.49,9.8,59.7,6.3,0.523,1.409,0.349,1716,0.23,4.98,27.2,32.8,0.963,1.093,odi: 34m 26r 41w
dce2019b,F Behardien,South Africa,ball_by_ball,6.1,lower,part_pace,right,medium,1097,0.91,32.4,104.0,10.7,1.0,0.912,1.048,701,0.14,5.74,41.7,43.6,1.06,0.851,odi: 58m 1074r 12w
1be70c88,LPC Silva,Sri Lanka,ball_by_ball,5.3,middle,part_spin,right,leg_spin,1754,0.94,33.4,84.6,8.8,0.909,0.831,0.462,42,0.02,6.29,39.1,37.3,1.035,0.851,odi: 59m 1279r 1w
d094e7d1,Abdur Rehman,Pakistan,ball_by_ball,8.6,tail,spec_spin,left,left_arm_orthodox,222,0.7,12.4,72.3,6.9,0.639,1.425,0.34,1569,0.25,4.62,31.5,40.8,0.845,0.896,odi: 30m 132r 29w
4861d29b,Mohammad Naveed,United Arab Emirates,ball_by_ball,8.1,tail,spec_pace,right,medium,258,0.73,12.1,92.0,13.1,0.849,2.004,1.825,1531,0.33,6.01,39.9,39.9,1.154,0.873,odi: 31m 275r 45w
7fca84b7,BA King,West Indies,ball_by_ball,2.0,top,,right,,1785,0.92,26.7,81.4,10.9,1.017,1.155,1.087,,,,,,,,odi: 57m 1491r 0w
dbfb8218,DT Tiripano,Zimbabwe,ball_by_ball,8.7,tail,spec_pace,right,medium_fast,526,0.83,13.6,68.7,7.3,0.686,1.547,0.692,1257,0.24,6.05,40.8,40.4,1.076,0.873,odi: 32m 343r 27w
012829ff,JW Hastings,Australia,ball_by_ball,8.5,tail,spec_pace,right,fast_medium,273,0.74,22.2,101.9,12.7,0.949,1.258,1.266,1487,0.19,5.05,24.3,28.9,0.932,1.241,odi: 29m 271r 42w
b9c225c2,Shahriar Nafees,Bangladesh,ball_by_ball,2.1,top,,left,off_spin,1757,0.91,26.2,80.0,10.5,1.031,1.167,0.295,,,,,,,,odi: 52m 1216r 0w
0c2730df,A Kumble,India,ball_by_ball,9.4,tail,spec_spin,right,leg_spin,254,0.68,14.8,61.1,6.9,0.633,1.253,0.407,1502,0.23,5.1,33.8,39.8,0.942,0.936,odi: 29m 108r 28w
3812d56b,MH Yardy,England,ball_by_ball,6.6,lower,spec_spin,left,left_arm_orthodox,472,0.8,25.8,84.5,7.9,0.896,1.06,0.61,1273,0.2,5.31,36.0,40.7,0.977,0.903,odi: 27m 326r 18w
72b245dd,Anamul Haque,Bangladesh,ball_by_ball,1.8,top,,right,medium_fast,1744,0.92,29.7,80.8,10.6,1.017,1.013,1.372,,,,,,,,odi: 47m 1322r 0w
af2c687b,C Munro,New Zealand,ball_by_ball,3.5,top,part_pace,left,medium_fast,1190,0.9,31.3,112.9,15.3,1.317,1.291,2.218,552,0.1,5.29,40.5,45.9,0.986,0.829,odi: 56m 1249r 7w
addfb70e,SW Tait,Australia,ball_by_ball,11.0,tail,spec_pace,right,fast,29,0.24,17.7,89.2,10.5,0.815,1.287,1.038,1708,0.23,5.35,24.7,27.7,0.948,1.295,odi: 35m 25r 62w
14810ee7,Kaleem Sana,Canada,ball_by_ball,10.1,tail,spec_pace,right,medium_fast,154,0.64,9.0,76.2,8.6,0.622,1.918,0.935,1575,0.38,5.43,36.2,40.0,1.001,0.845,odi: 31m 135r 50w
1a2676c5,SA Abbott,Australia,ball_by_ball,8.3,tail,spec_pace,right,fast_medium,388,0.78,21.6,92.8,10.4,0.964,1.357,1.3,1339,0.19,5.43,26.6,29.4,0.993,1.206,odi: 29m 374r 35w
0bf15e52,Harmeet Singh,United States of America,ball_by_ball,7.4,lower,spec_spin,left,left_arm_orthodox,294,0.74,16.6,88.4,9.7,0.833,1.434,1.231,1427,0.38,5.26,44.1,50.4,0.973,0.732,odi: 28m 293r 38w
50c6bc2b,LS Livingstone,England,ball_by_ball,6.1,lower,spec_spin,right,off_spin,840,0.88,34.2,108.1,12.4,1.174,1.059,2.304,878,0.16,5.89,37.8,38.4,1.093,0.977,odi: 37m 912r 22w
45963d9e,N Dickwella,Sri Lanka,ball_by_ball,1.8,top,,left,,1717,0.92,33.1,99.4,12.3,1.228,1.162,0.664,,,,,,,,odi: 55m 1604r 0w
a1d053dd,SS Cottrell,West Indies,ball_by_ball,10.3,tail,spec_pace,right,fast_medium,130,0.58,12.5,73.3,9.2,0.69,1.588,1.162,1586,0.25,5.76,29.8,31.0,1.041,1.078,odi: 34m 88r 48w
b3a28446,Mohammad Saifuddin,Bangladesh,ball_by_ball,8.2,tail,spec_pace,left,medium_fast,420,0.81,17.8,87.4,8.4,0.805,1.337,0.568,1292,0.23,6.12,32.1,31.5,1.073,1.063,odi: 29m 360r 41w
96a6a7ad,NM Lyon,Australia,ball_by_ball,10.5,tail,spec_spin,right,off_spin,83,0.46,18.8,92.1,10.1,0.861,1.329,0.943,1626,0.22,4.81,30.1,37.6,0.92,1.01,odi: 29m 77r 29w
61f05b05,Fawad Alam,Pakistan,ball_by_ball,5.7,lower,spec_spin,left,left_arm_orthodox,1296,0.92,35.4,83.9,6.9,0.896,0.775,0.447,398,0.09,5.99,41.2,41.3,1.094,0.892,odi: 37m 966r 5w
aceb7654,JDF Vandersay,Sri Lanka,ball_by_ball,9.4,tail,spec_spin,right,leg_spin,265,0.73,11.7,58.7,4.6,0.569,1.41,0.102,1428,0.23,5.15,29.6,34.5,0.967,1.086,odi: 32m 132r 48w
10a2a1ff,PG Fulton,New Zealand,ball_by_ball,3.7,middle,,right,medium,1689,0.92,37.0,86.9,9.9,1.063,0.888,1.414,,,,,,,,odi: 45m 1216r 0w
e29e9c12,Shakeel Ahmed,Oman,ball_by_ball,8.3,tail,spec_unk,,,344,0.75,8.9,50.9,4.9,0.535,1.839,0.511,1334,0.39,4.61,33.7,43.9,0.917,0.816,odi: 24m 184r 52w
1688f2dc,T Lungameni,Namibia,ball_by_ball,10.5,tail,spec_pace,left,medium,103,0.53,6.6,52.8,3.9,0.472,1.991,0.12,1573,0.36,5.74,38.0,39.7,1.048,0.883,odi: 34m 46r 50w
0c8a1d51,Khaled Mahmud,Bangladesh,ball_by_ball,8.0,tail,spec_pace,right,medium,467,0.79,15.6,73.8,6.8,0.789,1.57,0.507,1201,0.17,5.82,35.1,36.2,1.059,1.016,odi: 28m 283r 22w
18fac429,SR Patel,England,ball_by_ball,6.7,lower,spec_spin,right,left_arm_orthodox,517,0.83,30.8,104.5,12.4,1.044,1.02,1.438,1145,0.19,5.78,35.4,36.7,1.025,0.951,odi: 35m 482r 23w
5d096f3d,RR Powar,India,ball_by_ball,8.4,tail,spec_spin,right,off_spin,240,0.68,16.9,79.6,8.6,0.779,1.324,0.7,1420,0.21,5.3,34.1,38.6,0.981,0.977,odi: 29m 156r 30w
cad40f5e,BA Carse,England,ball_by_ball,8.7,tail,spec_pace,right,fast,329,0.76,16.9,79.5,8.2,0.795,1.403,0.9,1316,0.2,5.96,33.5,33.7,1.13,1.124,odi: 30m 264r 34w
7147f314,Sabbir Rahman,Bangladesh,ball_by_ball,5.5,lower,part_spin,right,leg_spin,1353,0.92,26.1,93.2,12.0,1.01,1.162,0.852,288,0.07,6.33,51.6,48.9,1.167,0.753,odi: 62m 1259r 3w
090f9211,Shahadat Hossain,Bangladesh,ball_by_ball,10.5,tail,spec_pace,right,fast,115,0.54,11.3,68.6,7.7,0.616,1.521,0.516,1524,0.22,6.34,38.2,36.1,1.175,0.984,odi: 33m 60r 27w
7eb36269,M van Lingen,Namibia,ball_by_ball,2.3,top,part_pace,left,medium,1564,0.91,24.8,81.4,10.6,1.001,1.224,0.933,74,0.03,6.39,65.5,61.6,1.231,0.65,odi: 44m 1396r 2w
79aad751,PADLR Sandakan,Sri Lanka,ball_by_ball,10.1,tail,spec_spin,right,left_arm_wrist,140,0.61,10.2,61.3,5.5,0.554,1.444,0.141,1496,0.22,5.99,39.5,39.5,1.104,0.954,odi: 31m 64r 27w
abbdca1a,PM Seelaar,Netherlands,ball_by_ball,7.6,tail,spec_spin,right,left_arm_orthodox,364,0.76,11.4,60.6,6.4,0.663,1.814,0.462,1271,0.26,5.29,42.1,47.8,0.998,0.783,odi: 27m 218r 26w
e74ad9ea,Habibul Bashar,Bangladesh,ball_by_ball,4.3,middle,,right,off_spin,1635,0.92,26.1,69.9,6.8,0.829,0.967,0.32,,,,,,,,odi: 51m 926r 0w
434e36b1,UDU Chandana,Sri Lanka,ball_by_ball,7.2,lower,spec_spin,right,leg_spin,393,0.78,20.4,81.7,8.2,0.806,1.162,0.503,1241,0.21,5.66,32.9,34.8,1.018,1.026,odi: 27m 261r 36w
05de1a5a,GC Wilson,Ireland,ball_by_ball,5.4,middle,,right,medium,1631,0.93,22.5,77.3,8.2,0.84,1.148,0.506,,,,,,,,odi: 61m 1232r 0w
e86754b2,TK Curran,England,ball_by_ball,9.1,tail,spec_pace,right,fast_medium,321,0.78,19.9,96.3,10.2,0.852,1.255,0.638,1310,0.22,6.17,30.7,29.8,1.04,1.092,odi: 28m 303r 34w
2f0d7e4a,RW Chakabva,Zimbabwe,ball_by_ball,4.0,middle,,right,off_spin,1621,0.92,23.2,71.0,6.7,0.865,1.147,0.416,,,,,,,,odi: 52m 1106r 0w
91ffa6c6,JD Ryder,New Zealand,ball_by_ball,2.1,top,part_pace,left,medium,1266,0.89,41.0,110.9,16.3,1.391,1.041,2.995,350,0.09,6.4,40.2,37.7,1.081,0.872,odi: 43m 1242r 10w
54279e23,Alok Kapali,Bangladesh,ball_by_ball,5.7,lower,part_spin,right,leg_spin,880,0.87,22.3,84.0,9.5,0.931,1.302,0.965,734,0.17,6.02,47.2,47.1,1.13,0.792,odi: 39m 613r 16w
1200550f,MJ Prior,England,ball_by_ball,3.6,middle,,right,,1613,0.92,31.6,89.2,10.2,1.067,1.02,0.568,,,,,,,,odi: 64m 1229r 0w
9550470d,WIA Fernando,Sri Lanka,ball_by_ball,1.7,top,,right,medium_fast,1610,0.91,32.3,91.4,11.1,1.142,1.076,0.996,,,,,,,,odi: 48m 1405r 0w
0087a35d,Javed Ahmadi,Afghanistan,wikipedia_totals,,top,part_spin,right,off_spin,1155,0.52,28.4,95.2,11.3,1.098,1.172,1.106,452,0.11,5.32,40.5,45.7,0.99,0.797,"wikipedia_odi: 47m 1,049r 9w"
80ec5dfd,AM Blignaut,Zimbabwe,ball_by_ball,7.4,lower,spec_pace,left,medium_fast,256,0.69,24.4,120.0,13.8,1.181,1.438,1.253,1350,0.23,5.73,38.6,40.3,1.047,0.893,odi: 31m 284r 29w
bd9fbd51,Fayyaz Butt,Oman,ball_by_ball,8.9,tail,spec_pace,,medium_fast,279,0.74,10.0,65.1,6.2,0.61,1.821,0.293,1320,0.34,7.16,48.5,40.7,1.199,0.81,odi: 30m 201r 35w
e5309baa,CP Rizwan,United Arab Emirates,ball_by_ball,4.4,middle,part_spin,right,leg_spin,1536,0.93,18.9,56.0,4.5,0.649,1.052,0.093,58,0.03,6.91,62.1,54.0,1.161,0.613,odi: 41m 901r 1w
41eb4a4f,R Vinay Kumar,India,ball_by_ball,9.8,tail,spec_pace,right,medium_fast,146,0.6,14.6,74.4,8.7,0.677,1.267,0.77,1440,0.21,6.27,32.4,31.0,1.178,1.124,odi: 31m 86r 38w
dca1ac2e,Amir Hamza,Afghanistan,wikipedia_totals,,lower,spec_spin,right,left_arm_orthodox,29,0.02,23.0,83.2,9.7,0.96,1.266,1.147,1552,0.26,4.3,27.6,38.6,0.795,0.944,wikipedia_odi: 31m 23r 40w
d2e67105,Pargat Singh,Canada,ball_by_ball,2.9,top,part_spin,right,off_spin,1389,0.91,23.0,69.0,8.7,0.843,1.158,0.511,185,0.08,6.6,58.9,53.5,1.171,0.655,odi: 32m 1034r 6w
21bf71ab,T Mupariwa,Zimbabwe,ball_by_ball,9.5,tail,spec_pace,right,fast_medium,200,0.65,9.3,59.9,7.1,0.559,1.747,0.601,1373,0.23,5.66,36.1,38.3,1.037,0.938,odi: 28m 87r 36w
074acfb4,Asif Khan,United Arab Emirates,ball_by_ball,4.3,middle,,right,,1569,0.93,24.0,72.3,7.8,0.82,1.065,0.938,,,,,,,,odi: 38m 1270r 0w
0503ae22,Nawroz Mangal,Afghanistan,wikipedia_totals,,top,part_spin,right,off_spin,1275,0.55,31.0,95.2,11.3,1.098,1.069,1.106,293,0.07,5.42,40.2,44.5,1.009,0.817,"wikipedia_odi: 49m 1,139r 8w"
f19ccfad,Washington Sundar,India,ball_by_ball,6.4,lower,spec_spin,left,off_spin,520,0.83,26.3,87.0,9.7,0.892,0.996,1.04,1039,0.18,4.84,31.3,38.8,0.933,0.996,odi: 31m 426r 29w
770494eb,DAS Gunaratne,Sri Lanka,ball_by_ball,6.1,lower,spec_pace,right,medium,724,0.87,25.7,86.0,8.9,0.88,1.013,0.49,834,0.13,5.32,28.3,31.9,0.985,1.154,odi: 31m 575r 22w
fbdc8309,B Sharki,Nepal,ball_by_ball,4.1,middle,part_unk,,,1548,0.92,19.9,60.8,6.4,0.736,1.142,0.215,6,0.0,7.97,102.0,76.8,1.488,0.482,odi: 41m 1034r 0w
348195ea,GW Flower,Zimbabwe,ball_by_ball,3.8,middle,spec_spin,right,left_arm_orthodox,942,0.86,33.3,82.3,7.9,0.96,0.882,0.393,606,0.13,5.32,44.6,50.3,0.987,0.738,odi: 24m 627r 9w
b91f2a31,KP Meiyappan,United Arab Emirates,ball_by_ball,8.9,tail,spec_spin,right,leg_spin,333,0.77,7.4,47.1,3.5,0.475,1.902,0.053,1208,0.33,6.38,50.7,47.7,1.189,0.775,odi: 31m 163r 37w
2764133a,L Vincent,New Zealand,ball_by_ball,2.2,top,part_pace,right,medium,1521,0.9,34.4,90.0,12.1,1.108,0.969,1.657,18,0.01,6.37,40.4,38.1,1.072,0.861,odi: 48m 1089r 1w
3cf83487,AJ Bichel,Australia,ball_by_ball,9.1,tail,spec_pace,right,fast_medium,287,0.75,21.5,108.6,12.6,0.919,1.204,1.37,1250,0.17,5.24,26.2,30.0,0.941,1.213,odi: 27m 258r 31w
27cc4361,PJ Ongondo,Kenya,ball_by_ball,9.2,tail,spec_pace,right,medium_fast,248,0.69,9.7,68.2,7.1,0.645,1.956,0.834,1281,0.23,5.48,36.5,40.0,1.081,0.945,odi: 32m 150r 34w
ded9ff1e,JNT Seales,West Indies,ball_by_ball,10.8,tail,spec_pace,left,fast_medium,114,0.5,13.4,66.8,7.9,0.703,1.614,1.131,1410,0.23,5.52,30.1,32.7,1.047,1.08,odi: 32m 70r 44w
469ccead,CB Sole,Scotland,ball_by_ball,10.2,tail,spec_pace,right,fast,83,0.48,10.1,75.9,7.4,0.67,1.876,0.186,1431,0.3,5.91,36.0,36.5,1.109,1.002,odi: 29m 67r 52w
1afdbdbf,JWM Dalrymple,England,ball_by_ball,6.7,lower,spec_spin,right,off_spin,672,0.85,25.6,91.2,8.8,0.932,1.071,0.649,841,0.15,5.21,34.8,40.1,0.949,0.934,odi: 27m 487r 14w
cfe70281,VD Philander,South Africa,ball_by_ball,7.9,tail,spec_pace,right,fast_medium,213,0.69,15.2,79.3,7.4,0.713,1.313,0.244,1289,0.18,4.73,24.4,30.9,0.933,1.229,odi: 30m 151r 41w
a82eb3fb,TP Ura,Papua New Guinea,ball_by_ball,1.8,top,part_unk,right,,1495,0.9,19.7,75.6,9.6,0.965,1.446,1.081,6,0.0,7.93,111.3,84.2,1.48,0.439,odi: 51m 1196r 0w
fdedb37c,SM Katich,Australia,ball_by_ball,2.9,top,,left,left_arm_wrist,1494,0.9,44.5,88.1,10.2,1.089,0.723,0.685,,,,,,,,odi: 33m 1041r 0w
5f26f677,BM Duckett,England,ball_by_ball,2.4,top,,left,off_spin,1491,0.91,43.4,101.0,12.5,1.251,0.888,0.975,,,,,,,,odi: 36m 1491r 0w
84212ffb,J Liyanage,Sri Lanka,ball_by_ball,5.9,lower,part_pace,right,fast_medium,1140,0.91,33.5,88.1,9.3,0.938,0.844,0.906,350,0.08,5.4,42.6,47.3,1.02,0.806,odi: 32m 984r 3w
a2421394,AC Agar,Australia,ball_by_ball,7.8,tail,spec_spin,left,left_arm_orthodox,388,0.79,20.6,84.1,8.3,0.858,1.271,0.547,1098,0.16,4.78,29.6,37.1,0.916,1.033,odi: 22m 322r 21w
34cb2f69,Hamza Tahir,Scotland,ball_by_ball,11.0,tail,spec_spin,right,left_arm_orthodox,78,0.45,7.7,53.0,5.3,0.495,1.858,0.197,1406,0.34,5.74,43.2,45.2,1.068,0.808,odi: 30m 26r 38w
ad9c32a2,DJ Malan,England,ball_by_ball,2.4,top,part_spin,left,leg_spin,1449,0.91,48.7,97.6,12.0,1.194,0.736,1.269,15,0.01,6.37,39.6,37.3,1.051,0.848,odi: 29m 1418r 1w
73c18486,KR Mayers,West Indies,ball_by_ball,2.8,top,part_pace,left,medium,775,0.83,29.6,87.4,12.3,1.13,1.14,1.992,686,0.16,5.61,46.3,49.5,1.109,0.771,odi: 28m 660r 14w
b8704508,LM Jongwe,Zimbabwe,ball_by_ball,7.5,lower,spec_pace,right,medium,391,0.78,18.5,81.2,8.9,0.867,1.392,0.669,1070,0.22,6.21,41.4,39.9,1.084,0.873,odi: 33m 315r 24w
7fe5deb8,DT Hondo,Zimbabwe,ball_by_ball,10.8,tail,spec_pace,right,fast_medium,110,0.54,7.6,57.2,6.3,0.481,1.676,0.244,1346,0.24,6.01,39.1,39.0,1.094,0.896,odi: 32m 35r 30w
b08252b8,RP Burl,Zimbabwe,ball_by_ball,6.3,lower,part_spin,left,leg_spin,905,0.89,22.9,80.6,8.6,0.883,1.183,1.109,547,0.17,6.63,61.1,55.3,1.217,0.686,odi: 39m 761r 13w
c9945bdf,Simi Singh,Ireland,ball_by_ball,7.2,lower,spec_spin,right,off_spin,495,0.82,22.4,85.1,8.8,0.865,1.123,0.569,953,0.21,4.53,32.6,43.1,0.859,0.884,odi: 22m 406r 27w
f2800ef3,Yasir Shah,Pakistan,ball_by_ball,9.2,tail,spec_spin,right,leg_spin,149,0.61,16.4,84.2,7.3,0.774,1.355,0.381,1293,0.22,5.09,35.8,42.2,0.966,0.902,odi: 25m 127r 24w
53fe6ee4,DS Lehmann,Australia,ball_by_ball,5.2,middle,part_spin,left,left_arm_orthodox,854,0.86,45.0,100.6,10.1,1.117,0.746,0.784,585,0.12,5.87,36.5,37.3,1.078,0.977,odi: 28m 687r 21w
6176f240,Chirag Suri,United Arab Emirates,ball_by_ball,2.0,top,,right,,1434,0.9,18.7,60.0,7.4,0.798,1.239,0.699,,,,,,,,odi: 36m 924r 0w
a9da7784,KJ Abbott,South Africa,ball_by_ball,9.0,tail,spec_pace,right,fast_medium,126,0.58,13.0,74.8,7.3,0.658,1.388,0.316,1308,0.19,4.73,24.7,31.3,0.921,1.17,odi: 28m 76r 34w
75224f22,KMA Paul,West Indies,ball_by_ball,8.4,tail,spec_pace,right,fast_medium,319,0.76,16.8,94.2,11.2,0.888,1.559,1.213,1111,0.21,6.48,36.2,33.6,1.098,1.015,odi: 28m 308r 28w
290cba17,SJ Modani,United States of America,ball_by_ball,1.9,top,part_spin,right,off_spin,1417,0.9,19.8,59.3,5.7,0.765,1.126,0.255,12,0.0,6.31,61.9,58.8,1.173,0.639,odi: 33m 898r 0w
fd8f11e9,JM How,New Zealand,ball_by_ball,2.3,top,,right,medium,1418,0.9,32.5,77.7,10.1,0.988,0.898,0.857,,,,,,,,odi: 36m 939r 0w
7d7ab238,MR Gillespie,New Zealand,ball_by_ball,10.1,tail,spec_pace,right,fast_medium,93,0.48,17.3,93.7,10.2,0.854,1.414,0.821,1321,0.18,5.57,28.4,30.6,0.989,1.131,odi: 26m 80r 28w
9ab2914d,S Samarawickrama,Sri Lanka,ball_by_ball,3.8,middle,,right,,1411,0.92,32.3,89.3,9.8,1.043,1.009,0.27,,,,,,,,odi: 48m 1268r 0w
8716233e,ZE Green,Namibia,ball_by_ball,5.4,middle,,left,,1409,0.92,18.9,70.7,8.3,0.79,1.271,0.333,,,,,,,,odi: 58m 1075r 0w
8db7f47f,RJW Topley,England,ball_by_ball,11.0,tail,spec_pace,right,fast_medium,63,0.38,13.2,64.0,7.8,0.635,1.409,0.835,1341,0.2,5.25,26.1,29.8,1.004,1.193,odi: 29m 20r 46w
da785bf8,GB Brent,Zimbabwe,ball_by_ball,8.8,tail,spec_pace,right,medium_fast,298,0.74,12.9,74.8,7.2,0.694,1.558,0.57,1103,0.21,5.48,38.1,41.7,1.019,0.866,odi: 24m 192r 22w
5a37ec26,MS Panesar,England,ball_by_ball,10.2,tail,spec_spin,left,left_arm_orthodox,91,0.45,12.1,61.1,7.2,0.597,1.429,0.506,1308,0.21,4.97,32.9,39.7,0.929,0.932,odi: 26m 26r 24w
48a1d7b7,SO Hetmyer,West Indies,ball_by_ball,4.5,middle,,left,,1395,0.92,36.8,109.9,12.9,1.261,1.062,2.421,,,,,,,,odi: 52m 1509r 0w
568e5a4a,AR Cusack,Ireland,ball_by_ball,7.0,lower,spec_pace,right,medium_fast,412,0.77,18.8,70.7,7.7,0.796,1.295,0.506,975,0.2,5.99,34.5,34.6,1.052,1.014,odi: 32m 264r 32w
dfc4d8b5,KW Richardson,Australia,ball_by_ball,9.9,tail,spec_pace,right,fast_medium,68,0.41,19.6,99.1,12.5,0.917,1.343,1.543,1313,0.18,5.29,24.3,27.6,0.992,1.244,odi: 25m 75r 39w
fb3e0d39,C Karunaratne,Sri Lanka,ball_by_ball,7.8,tail,spec_pace,right,fast_medium,575,0.84,19.1,79.7,7.5,0.817,1.3,0.62,800,0.13,5.68,28.8,30.4,0.993,1.16,odi: 26m 451r 24w
98ae73b1,PP Chawla,India,ball_by_ball,9.1,tail,spec_spin,left,leg_spin,58,0.37,16.5,86.4,9.3,0.77,1.295,0.611,1315,0.22,5.74,36.6,38.2,1.065,0.978,odi: 25m 38r 32w
374bb5e7,K Klein,Netherlands,ball_by_ball,8.5,tail,spec_pace,right,medium,239,0.69,10.3,61.7,4.8,0.617,1.807,0.241,1133,0.29,5.95,36.2,36.5,1.111,0.954,odi: 24m 160r 45w
11614d87,D Pretorius,South Africa,ball_by_ball,6.9,lower,spec_pace,right,medium_fast,224,0.68,26.3,94.3,10.8,0.955,1.061,1.172,1144,0.15,4.93,25.8,31.4,0.967,1.235,odi: 27m 192r 35w
85ad2217,DS Smith,West Indies,ball_by_ball,2.0,top,part_spin,left,off_spin,1343,0.89,29.7,83.0,10.5,1.086,1.069,1.2,17,0.0,5.94,45.6,46.1,1.055,0.772,odi: 40m 973r 0w
4ec07775,RN ten Doeschate,Netherlands,ball_by_ball,3.9,middle,spec_pace,right,medium_fast,673,0.83,35.6,91.1,10.8,1.064,0.919,0.849,685,0.15,6.21,40.1,38.7,1.12,0.923,odi: 14m 594r 19w
cad00a4d,RR Rossouw,South Africa,ball_by_ball,3.6,middle,part_spin,left,off_spin,1313,0.91,39.9,95.8,12.0,1.139,0.893,1.183,45,0.01,6.0,37.2,37.2,1.018,0.885,odi: 36m 1239r 1w
2a3a3786,Aftab Alam,Afghanistan,wikipedia_totals,,lower,spec_pace,right,fast,101,0.07,24.3,83.2,9.7,0.96,1.199,1.147,1257,0.2,5.24,28.3,32.4,0.975,1.122,wikipedia_odi: 27m 80r 41w
bb1819fa,Tapash Baisya,Bangladesh,ball_by_ball,10.1,tail,spec_pace,right,fast_medium,212,0.68,11.5,69.4,6.5,0.621,1.535,0.2,1142,0.17,5.99,34.6,34.7,1.166,1.035,odi: 25m 113r 25w
e9a870ed,AC Evans,Scotland,ball_by_ball,10.2,tail,spec_pace,right,fast_medium,90,0.51,9.5,74.6,7.5,0.621,1.799,0.413,1264,0.27,6.45,41.1,38.2,1.2,0.941,odi: 27m 66r 36w
4fc516bd,HMCM Bandara,Sri Lanka,ball_by_ball,9.2,tail,spec_spin,right,leg_spin,181,0.65,15.2,86.2,9.3,0.751,1.373,0.99,1170,0.19,5.57,33.7,36.3,1.019,1.0,odi: 26m 130r 28w
488b7e1b,SHT Kandamby,Sri Lanka,ball_by_ball,5.3,middle,part_spin,left,leg_spin,1175,0.91,33.9,79.2,7.2,0.874,0.765,0.079,174,0.03,5.76,44.5,46.3,1.099,0.849,odi: 35m 827r 2w
773cec26,JN Mohammed,West Indies,ball_by_ball,4.8,middle,part_spin,right,off_spin,908,0.88,25.8,73.1,8.3,0.863,1.043,1.01,440,0.11,5.21,42.1,48.4,0.989,0.773,odi: 33m 621r 8w
c70448aa,R Hekure,Papua New Guinea,ball_by_ball,7.0,lower,spec_unk,,,426,0.8,12.7,69.0,6.8,0.698,1.639,0.445,920,0.33,6.11,55.7,54.7,1.082,0.641,odi: 23m 328r 26w
72e46d30,Noor Ali Zadran,Afghanistan,wikipedia_totals,,top,part_pace,right,medium_fast,1345,0.56,28.9,95.2,11.3,1.098,1.152,1.106,,,,,,,,"wikipedia_odi: 51m 1,216r w"
abfeb126,M Kartik,India,ball_by_ball,9.8,tail,spec_spin,left,left_arm_orthodox,133,0.56,19.6,90.4,9.9,0.845,1.233,0.731,1210,0.18,5.36,34.0,38.1,1.002,0.992,odi: 24m 102r 28w
400e2d4d,FDM Karunaratne,Sri Lanka,ball_by_ball,2.3,top,part_spin,left,off_spin,1326,0.9,28.6,78.5,8.0,1.004,1.047,0.129,16,0.0,5.72,42.2,44.2,1.065,0.854,odi: 42m 1044r 0w
c4e73ff1,KH Prajapati,Oman,ball_by_ball,1.3,top,part_spin,right,off_spin,1330,0.89,22.4,71.8,8.2,0.908,1.225,0.652,2,0.0,6.35,60.8,57.4,1.167,0.644,odi: 36m 996r 0w
9dca07d7,RJ Sidebottom,England,ball_by_ball,10.1,tail,spec_pace,left,fast_medium,182,0.66,15.1,81.7,7.7,0.737,1.381,0.33,1146,0.17,5.2,27.9,32.2,0.972,1.091,odi: 22m 124r 24w
9e9af5f2,Mohammad Wasim,Pakistan,ball_by_ball,9.4,tail,spec_pace,right,fast_medium,101,0.54,13.9,90.3,10.8,0.748,1.477,1.008,1227,0.21,5.53,28.7,31.1,0.988,1.129,odi: 26m 94r 43w
8012d0b8,CAK Rajitha,Sri Lanka,ball_by_ball,9.9,tail,spec_pace,right,medium_fast,171,0.62,13.8,63.5,6.8,0.661,1.452,0.276,1146,0.17,5.68,30.0,31.6,1.076,1.14,odi: 27m 104r 29w
4948a447,Farhad Reza,Bangladesh,ball_by_ball,7.3,lower,spec_pace,right,fast_medium,501,0.79,21.8,76.3,10.0,0.865,1.25,1.147,815,0.13,6.12,37.4,36.6,1.164,1.011,odi: 27m 316r 14w
df08c69e,KM Dabengwa,Zimbabwe,ball_by_ball,6.9,lower,part_spin,left,left_arm_orthodox,614,0.84,18.7,70.9,7.0,0.734,1.193,0.739,701,0.2,6.23,55.7,53.7,1.11,0.65,odi: 24m 364r 12w
acc321aa,Rajin Saleh,Bangladesh,ball_by_ball,2.8,top,part_spin,right,off_spin,1030,0.86,24.4,64.9,6.7,0.83,1.012,0.424,281,0.08,6.48,43.2,40.0,1.047,0.794,odi: 26m 515r 8w
3300d23c,SF Mire,Zimbabwe,ball_by_ball,2.9,top,part_pace,right,medium,918,0.86,23.1,79.5,9.7,0.99,1.291,1.309,388,0.12,6.63,57.7,52.2,1.173,0.695,odi: 35m 729r 11w
62e203d4,Junaid Siddique,Bangladesh,ball_by_ball,2.6,top,part_spin,left,off_spin,1289,0.89,24.8,78.9,9.6,0.988,1.202,0.728,12,0.0,5.78,46.9,48.7,1.064,0.772,odi: 46m 896r 0w
f3171936,BW Hilfenhaus,Australia,ball_by_ball,10.8,tail,spec_pace,right,fast_medium,69,0.44,13.1,71.8,7.8,0.622,1.286,0.502,1230,0.16,5.2,25.5,29.5,0.984,1.219,odi: 25m 29r 29w
85e0cf10,M Prasidh Krishna,India,ball_by_ball,10.9,tail,spec_pace,right,fast_medium,20,0.19,14.5,75.3,9.1,0.683,1.311,0.679,1277,0.21,5.81,29.1,30.1,1.062,1.166,odi: 26m 2r 45w
4751caa3,CBRLS Kumara,Sri Lanka,ball_by_ball,10.4,tail,spec_pace,left,fast,134,0.59,9.9,57.6,7.0,0.54,1.514,0.281,1158,0.17,6.07,31.1,30.7,1.13,1.184,odi: 28m 58r 36w
2e9fdf9b,DAJ Bracewell,New Zealand,ball_by_ball,8.2,tail,spec_pace,right,medium_fast,274,0.73,17.6,82.5,8.8,0.834,1.408,1.096,1016,0.16,5.24,27.3,31.3,0.977,1.152,odi: 21m 221r 26w
e97aefe2,SI Mahmood,England,ball_by_ball,9.1,tail,spec_pace,right,fast_medium,99,0.47,17.5,95.5,10.0,0.902,1.486,0.836,1186,0.18,6.01,31.5,31.5,1.087,1.128,odi: 25m 84r 30w
650d5e49,R Powell,West Indies,ball_by_ball,6.3,lower,part_pace,right,medium_fast,1023,0.9,23.3,94.4,11.2,0.981,1.311,1.902,254,0.06,6.08,49.9,49.2,1.115,0.749,odi: 47m 915r 3w
7be8a0ed,JW Dernbach,England,ball_by_ball,11.0,tail,spec_pace,right,fast_medium,39,0.29,13.4,80.1,8.6,0.716,1.475,0.614,1235,0.17,6.5,32.9,30.4,1.156,1.137,odi: 24m 19r 31w
9eb1455b,NT Ellis,Australia,ball_by_ball,9.4,tail,spec_pace,right,fast_medium,172,0.63,16.8,82.1,9.1,0.802,1.388,1.115,1095,0.17,4.98,23.8,28.7,0.899,1.223,odi: 22m 139r 32w
3a7ea906,VJ Kingma,Netherlands,ball_by_ball,11.0,tail,spec_pace,right,medium_fast,48,0.33,7.8,55.6,5.6,0.513,1.886,0.478,1218,0.26,5.55,35.1,38.0,1.085,0.943,odi: 27m 15r 38w
f8c72766,D Heyliger,Canada,ball_by_ball,8.6,tail,spec_pace,right,medium_fast,222,0.69,11.3,82.2,9.0,0.743,1.953,0.717,1042,0.29,6.32,41.1,39.0,1.089,0.876,odi: 22m 213r 37w
caf1b14c,N Deonarine,West Indies,ball_by_ball,4.8,middle,part_spin,left,off_spin,855,0.87,27.6,73.9,8.5,0.859,0.954,0.869,394,0.09,5.97,49.6,49.8,1.109,0.747,odi: 27m 546r 4w
7f8ecc51,AM Phangiso,South Africa,ball_by_ball,9.3,tail,spec_spin,right,left_arm_orthodox,162,0.62,13.0,66.3,6.4,0.624,1.355,0.297,1086,0.19,4.78,29.2,36.6,0.875,0.999,odi: 21m 81r 26w
e9630504,Shaiman Anwar,United Arab Emirates,ball_by_ball,4.7,middle,part_pace,right,medium_fast,1128,0.9,25.7,80.8,9.3,0.943,1.161,0.874,117,0.04,6.75,71.4,63.5,1.323,0.637,odi: 30m 947r 4w
e93b6c95,G Singh,United States of America,ball_by_ball,5.4,middle,part_unk,,,1130,0.91,24.9,78.0,8.6,0.84,1.021,0.564,113,0.06,7.4,86.2,69.9,1.415,0.554,odi: 31m 938r 6w
4ae1755b,HC Brook,England,ball_by_ball,4.3,middle,,right,medium,1235,0.91,43.6,104.6,13.2,1.227,0.857,2.237,,,,,,,,odi: 39m 1294r 0w
eb2d5fe7,Anwar Ali,Pakistan,ball_by_ball,8.3,tail,spec_pace,right,fast_medium,331,0.77,20.2,92.3,9.9,0.85,1.237,0.818,903,0.15,5.94,32.4,32.7,1.076,1.049,odi: 21m 300r 18w
7ee2ce62,VS Solanki,England,ball_by_ball,3.0,top,part_spin,right,off_spin,1151,0.88,35.3,91.4,12.4,1.122,0.961,0.837,81,0.01,5.64,45.3,48.1,1.09,0.84,odi: 36m 829r 1w
b8cc58c9,RR Hendricks,South Africa,ball_by_ball,2.3,top,part_spin,right,off_spin,1187,0.89,31.3,79.3,9.7,1.05,0.977,0.745,42,0.01,5.54,40.8,44.1,1.061,0.891,odi: 35m 930r 1w
68c56d09,KA Jamieson,New Zealand,ball_by_ball,9.4,tail,spec_pace,right,fast_medium,115,0.55,16.6,87.0,9.2,0.796,1.396,0.853,1112,0.17,5.3,27.2,30.8,0.978,1.155,odi: 23m 101r 30w
29e253dd,Iftikhar Ahmed,Pakistan,ball_by_ball,6.0,lower,spec_spin,right,off_spin,484,0.82,32.7,102.8,11.7,1.068,0.991,1.183,742,0.13,5.09,34.9,41.1,0.984,0.938,odi: 25m 527r 16w
0fa5042b,L Ronchi,New Zealand,ball_by_ball,5.6,lower,,right,,1220,0.91,27.6,118.4,16.4,1.251,1.348,1.923,,,,,,,,odi: 84m 1397r 0w
5748e866,TD Paine,Australia,ball_by_ball,3.4,top,,right,medium,1219,0.9,29.7,76.9,9.6,0.934,0.909,0.631,,,,,,,,odi: 34m 861r 0w
db767b89,TL Best,West Indies,ball_by_ball,10.2,tail,spec_pace,right,fast,110,0.54,12.4,79.3,8.6,0.69,1.563,0.643,1107,0.18,5.5,29.6,32.3,0.982,1.084,odi: 22m 72r 33w
1ac2a995,HR Walsh,West Indies,ball_by_ball,8.8,tail,spec_spin,left,leg_spin,252,0.7,14.7,69.7,7.5,0.739,1.54,0.53,962,0.2,5.68,37.8,39.9,1.025,0.895,odi: 22m 172r 24w
27159c6a,RM Haq,Scotland,ball_by_ball,6.9,lower,spec_spin,left,off_spin,339,0.71,15.3,61.6,6.9,0.705,1.366,0.409,866,0.21,5.35,38.0,42.6,0.997,0.847,odi: 20m 181r 25w
42537f07,JA Rudolph,South Africa,ball_by_ball,4.4,middle,,left,leg_spin,1203,0.9,48.7,87.2,9.3,0.987,0.582,0.329,,,,,,,,odi: 28m 820r 0w
3227beb4,IJ Harvey,Australia,ball_by_ball,7.2,lower,spec_pace,right,medium,282,0.72,28.1,112.0,13.1,1.05,1.041,0.843,915,0.13,5.3,25.9,29.4,0.967,1.242,odi: 23m 259r 26w
33609a8c,Saim Ayub,Pakistan,ball_by_ball,1.4,top,spec_spin,left,off_spin,751,0.82,43.8,95.6,12.9,1.256,0.834,1.694,445,0.09,4.64,33.5,43.3,0.932,0.928,odi: 17m 751r 9w
9caf69a1,WG Jacks,England,ball_by_ball,4.3,middle,part_spin,right,off_spin,666,0.83,36.5,99.3,11.1,1.154,0.958,1.448,530,0.13,6.03,45.1,44.9,1.104,0.824,odi: 26m 679r 10w
6b4593ee,L Siaka,Papua New Guinea,ball_by_ball,2.5,top,part_spin,right,leg_spin,993,0.86,17.8,73.3,8.3,0.93,1.606,0.747,199,0.08,5.97,66.7,67.0,1.128,0.576,odi: 40m 749r 3w
759ac88f,MM Sharma,India,ball_by_ball,10.2,tail,spec_pace,right,fast_medium,66,0.38,16.5,68.6,8.4,0.709,1.297,0.58,1126,0.18,5.49,28.9,31.6,1.021,1.131,odi: 26m 31r 31w
5e5eab39,Nazmul Hossain,Bangladesh,ball_by_ball,10.8,tail,spec_pace,right,fast_medium,77,0.43,9.3,51.7,5.6,0.499,1.559,0.366,1111,0.18,5.7,32.7,34.5,1.092,1.043,odi: 26m 15r 28w
45642393,Muhammad Usman,United Arab Emirates,ball_by_ball,5.3,middle,,left,,1182,0.91,21.3,70.4,8.1,0.798,1.182,0.843,,,,,,,,odi: 35m 888r 0w
753b5a2d,NN Odhiambo,Kenya,ball_by_ball,8.0,tail,spec_pace,right,medium_fast,286,0.71,11.6,68.4,7.0,0.715,1.887,0.276,895,0.2,6.93,45.7,39.6,1.217,0.887,odi: 23m 189r 21w
864c199e,AC Voges,Australia,ball_by_ball,5.4,middle,part_spin,right,left_arm_orthodox,934,0.89,42.2,95.3,8.6,1.002,0.709,0.56,241,0.04,5.65,39.6,42.1,1.064,0.923,odi: 29m 798r 5w
e012ad13,KOA Powell,West Indies,ball_by_ball,1.9,top,,left,off_spin,1171,0.88,28.4,88.7,12.3,1.141,1.199,1.405,,,,,,,,odi: 42m 934r 0w
0d677597,W Barresi,Netherlands,ball_by_ball,3.2,top,part_spin,right,off_spin,1157,0.89,23.4,74.6,8.9,0.91,1.184,0.644,6,0.0,6.41,58.9,55.1,1.184,0.675,odi: 37m 882r 0w
21afb939,Shoaib Khan,Oman,ball_by_ball,4.5,middle,part_unk,,,1007,0.89,23.8,78.5,8.6,0.872,1.109,0.569,144,0.07,7.74,97.6,75.7,1.423,0.485,odi: 31m 843r 2w
f76d7466,JN Malan,South Africa,ball_by_ball,1.2,top,,right,leg_spin,1150,0.89,43.6,89.8,11.4,1.105,0.749,1.112,,,,,,,,odi: 23m 958r 0w
753c95b9,SS Pathirana,Sri Lanka,ball_by_ball,7.9,tail,spec_spin,left,left_arm_orthodox,383,0.77,21.7,86.9,9.6,0.964,1.408,0.824,766,0.12,5.31,35.8,40.5,1.033,0.985,odi: 18m 332r 15w
de3d549a,AM Fernando,Sri Lanka,ball_by_ball,11.0,tail,spec_pace,right,medium_fast,32,0.27,11.2,67.7,6.8,0.604,1.479,0.282,1117,0.18,5.68,29.2,30.9,1.072,1.159,odi: 28m 7r 34w
a354c917,NT Broom,New Zealand,ball_by_ball,5.2,middle,,right,medium,1143,0.91,31.2,86.9,9.1,0.964,0.94,0.741,,,,,,,,odi: 37m 919r 0w
c500ec39,MG Bevan,Australia,ball_by_ball,5.6,lower,,left,left_arm_wrist,1141,0.9,36.2,85.4,7.8,0.908,0.761,0.729,,,,,,,,odi: 32m 755r 0w
c96f6ac5,PWA Mulder,South Africa,ball_by_ball,6.5,lower,spec_pace,right,medium,301,0.74,24.4,93.6,10.4,0.949,1.155,0.65,837,0.13,5.93,31.7,32.0,1.091,1.2,odi: 26m 272r 24w
f771a151,EC Rainsford,Zimbabwe,ball_by_ball,10.8,tail,spec_pace,right,fast_medium,99,0.48,8.8,54.4,5.2,0.525,1.728,0.288,1039,0.19,5.12,37.2,43.6,1.009,0.842,odi: 22m 31r 16w
b2e1d224,G Malla,Nepal,ball_by_ball,2.6,top,part_spin,right,leg_spin,1118,0.88,18.5,63.1,7.9,0.825,1.325,0.866,18,0.01,6.45,62.9,58.5,1.2,0.648,odi: 33m 753r 1w
3c55c703,JG Bethell,England,ball_by_ball,4.7,middle,part_spin,left,left_arm_orthodox,786,0.86,37.2,92.1,11.0,1.079,0.902,1.178,346,0.08,6.59,46.4,42.3,1.186,0.859,odi: 24m 712r 9w
6a0537aa,N Boje,South Africa,ball_by_ball,7.5,tail,spec_spin,left,left_arm_orthodox,211,0.65,26.4,110.8,11.6,1.097,1.25,0.828,920,0.15,5.25,34.5,39.4,0.993,0.978,odi: 21m 215r 16w
035cb925,AG Prince,South Africa,ball_by_ball,5.3,middle,part_spin,left,off_spin,1115,0.9,37.5,83.9,7.6,0.94,0.755,0.537,12,0.01,5.85,36.1,36.9,0.992,0.882,odi: 42m 761r 0w
bf7842c9,TAM Siriwardana,Sri Lanka,ball_by_ball,6.3,lower,part_spin,left,left_arm_orthodox,525,0.83,27.4,103.7,11.0,1.083,1.188,1.249,601,0.11,5.51,40.6,44.2,1.03,0.84,odi: 27m 516r 9w
e734d090,CN Ackermann,Netherlands,ball_by_ball,3.6,middle,spec_spin,right,off_spin,509,0.79,25.2,72.5,7.3,0.882,1.107,0.256,614,0.19,5.23,41.3,47.4,0.955,0.748,odi: 16m 380r 13w
5a4c12ab,Sohag Gazi,Bangladesh,ball_by_ball,8.1,tail,spec_spin,right,off_spin,205,0.68,14.9,91.4,10.2,0.808,1.537,0.74,917,0.19,4.96,33.7,40.8,0.939,0.897,odi: 19m 182r 22w
e7e86505,B Evans,Zimbabwe,ball_by_ball,8.5,tail,spec_pace,right,fast,264,0.72,15.7,92.7,9.9,0.872,1.674,1.23,858,0.18,5.66,37.6,39.8,1.032,0.9,odi: 21m 258r 22w
d9609443,ST Gabriel,West Indies,ball_by_ball,11.0,tail,spec_pace,right,fast,58,0.38,10.8,63.9,7.5,0.613,1.611,0.827,1063,0.17,5.9,32.6,33.1,1.076,1.074,odi: 23m 22r 30w
de7d833e,D Madushanka,Sri Lanka,ball_by_ball,11.0,tail,spec_pace,right,fast_medium,75,0.45,11.8,65.9,7.0,0.605,1.43,0.158,1045,0.17,5.72,27.8,29.2,1.097,1.245,odi: 24m 36r 46w
de8cce37,VVS Laxman,India,ball_by_ball,3.1,top,,right,off_spin,1116,0.88,43.3,96.4,10.6,1.142,0.794,0.558,,,,,,,,odi: 28m 828r 0w
556302a7,SM Ervine,Zimbabwe,ball_by_ball,7.2,lower,spec_pace,left,medium,340,0.73,26.7,109.3,13.0,1.112,1.241,1.643,775,0.15,5.94,36.3,36.6,1.036,0.934,odi: 22m 321r 23w
8d8c24fd,RJ Nicol,New Zealand,ball_by_ball,1.3,top,part_spin,right,off_spin,776,0.83,31.8,85.1,11.6,1.08,0.996,1.735,339,0.07,6.0,42.9,42.9,1.124,0.897,odi: 22m 586r 10w
977b841a,SSJ Brooks,West Indies,ball_by_ball,3.2,top,,right,leg_spin,1114,0.89,28.6,78.0,8.6,0.943,1.03,1.102,,,,,,,,odi: 29m 842r 0w
e045c165,Rameez Shahzad,United Arab Emirates,ball_by_ball,4.4,middle,part_spin,right,off_spin,1082,0.9,25.3,74.2,8.2,0.849,1.059,0.767,30,0.01,6.41,67.5,63.2,1.19,0.611,odi: 25m 848r 0w
1e960f2a,C Kieswetter,England,ball_by_ball,3.2,top,,right,off_spin,1107,0.89,34.5,100.8,14.7,1.185,1.02,2.388,,,,,,,,odi: 45m 985r 0w
ade071c5,Khaled Mashud,Bangladesh,ball_by_ball,7.1,lower,,right,,1107,0.9,22.6,69.4,5.7,0.718,0.979,0.228,,,,,,,,odi: 45m 605r 0w
d3868bd0,JH Davey,Scotland,ball_by_ball,7.1,lower,spec_pace,right,medium_fast,309,0.72,16.5,65.7,6.9,0.75,1.415,0.424,796,0.17,5.52,34.1,37.0,1.056,1.002,odi: 19m 194r 27w
4167f30b,IG Holland,United States of America,ball_by_ball,5.0,middle,spec_pace,right,medium,475,0.8,22.1,73.1,6.6,0.842,1.199,0.363,628,0.19,5.95,39.1,39.4,1.063,0.862,odi: 15m 368r 19w
ac5ae4af,I Udana,Sri Lanka,ball_by_ball,8.8,tail,spec_pace,right,medium,228,0.71,17.3,95.1,11.2,0.895,1.484,1.342,874,0.14,6.13,31.2,30.5,1.056,1.105,odi: 20m 227r 17w
f93b43dd,SK Patel,United States of America,ball_by_ball,1.1,top,,right,,1102,0.87,24.7,73.7,8.8,0.943,1.134,0.533,,,,,,,,odi: 27m 885r 0w
b2b50355,L Balaji,India,ball_by_ball,10.2,tail,spec_pace,right,fast_medium,129,0.59,17.9,99.0,12.3,0.82,1.243,1.145,972,0.14,5.76,30.8,32.1,1.086,1.146,odi: 20m 104r 25w
004c9e85,PJ Hughes,Australia,ball_by_ball,2.3,top,,left,off_spin,1100,0.88,39.4,86.6,10.6,1.067,0.812,0.672,,,,,,,,odi: 25m 826r 0w
37137c8b,BV Vitori,Zimbabwe,ball_by_ball,10.6,tail,spec_pace,left,fast_medium,71,0.41,13.1,83.1,10.8,0.779,1.769,1.505,1025,0.2,6.1,37.3,36.7,1.097,0.932,odi: 20m 63r 29w
c374f37f,JWA Taylor,England,ball_by_ball,4.1,middle,,right,leg_spin,1087,0.9,39.2,85.1,8.8,1.005,0.783,0.889,,,,,,,,odi: 26m 879r 0w
12eddf28,RJ Harris,Australia,ball_by_ball,9.2,tail,spec_pace,right,fast,48,0.37,16.0,101.4,10.5,0.822,1.404,0.844,1034,0.15,4.95,22.0,26.7,0.938,1.31,odi: 21m 48r 44w
2318ba22,TLW Cooper,Netherlands,ball_by_ball,3.7,middle,part_spin,right,off_spin,770,0.85,29.3,77.4,8.6,0.935,0.996,0.462,311,0.08,5.92,56.0,56.7,1.116,0.677,odi: 18m 576r 5w
dadbdb68,JA Duffy,New Zealand,ball_by_ball,10.0,tail,spec_pace,right,fast_medium,37,0.27,13.7,75.5,8.5,0.697,1.457,0.641,1044,0.18,5.63,27.8,29.6,1.048,1.206,odi: 24m 18r 40w
3edb58fc,AD Mascarenhas,England,ball_by_ball,7.2,lower,spec_pace,right,medium_fast,257,0.7,28.9,105.7,13.6,1.068,1.109,2.406,823,0.12,5.09,29.2,34.4,0.96,1.095,odi: 20m 245r 13w
83d17bbc,MW Forde,West Indies,ball_by_ball,7.9,tail,spec_pace,right,medium,197,0.66,17.4,99.6,12.7,0.942,1.602,1.938,882,0.17,5.35,29.6,33.2,1.013,1.057,odi: 20m 224r 27w
f5715b48,Ali Naseer,United Arab Emirates,ball_by_ball,7.4,lower,spec_pace,left,medium_fast,390,0.78,20.3,90.7,10.6,0.949,1.443,1.279,689,0.2,6.22,41.9,40.4,1.128,0.834,odi: 17m 396r 20w
6b75c2b1,NR Kirton,Canada,ball_by_ball,5.0,middle,part_unk,left,,911,0.88,21.9,70.3,6.6,0.814,1.17,0.638,162,0.1,7.48,92.8,74.5,1.396,0.497,odi: 30m 693r 4w
abb7c76c,Abrar Ahmed,Pakistan,ball_by_ball,10.9,tail,spec_spin,right,leg_spin,29,0.24,16.7,86.7,8.9,0.788,1.343,0.456,1044,0.19,4.32,26.4,36.7,0.819,1.012,odi: 19m 28r 35w
37654b75,Nasum Ahmed,Bangladesh,ball_by_ball,8.0,tail,spec_spin,left,left_arm_orthodox,203,0.67,15.3,80.5,9.6,0.772,1.487,0.862,865,0.17,4.5,32.7,43.5,0.888,0.88,odi: 18m 171r 18w
acdc62f5,A Nortje,South Africa,ball_by_ball,9.4,tail,spec_pace,right,fast,59,0.39,14.8,81.0,8.1,0.735,1.394,0.449,1008,0.16,5.62,26.9,28.7,1.04,1.226,odi: 22m 40r 36w
9b79b9de,KTGD Prasad,Sri Lanka,ball_by_ball,9.7,tail,spec_pace,right,fast_medium,112,0.55,17.9,104.0,10.7,0.88,1.395,0.961,946,0.13,5.84,29.8,30.6,1.094,1.185,odi: 22m 120r 28w
e8d7b493,Manjural Islam Rana,Bangladesh,ball_by_ball,6.6,lower,spec_spin,left,left_arm_orthodox,457,0.77,24.0,72.9,6.9,0.815,1.043,0.399,599,0.12,4.87,33.7,41.5,0.899,0.894,odi: 15m 251r 13w
f42064d5,CN Greaves,Scotland,ball_by_ball,7.2,lower,spec_spin,right,leg_spin,401,0.79,18.7,82.4,8.8,0.848,1.369,0.668,655,0.21,6.6,44.6,40.5,1.191,0.88,odi: 29m 355r 28w
818e8bf2,ID Blackwell,England,ball_by_ball,6.7,lower,spec_spin,left,left_arm_orthodox,211,0.63,21.2,89.3,11.0,0.935,1.32,0.93,840,0.14,4.77,31.5,39.6,0.886,0.934,odi: 23m 146r 13w
3fc3b204,Mushfiqur Rahman,Bangladesh,ball_by_ball,6.8,lower,spec_pace,right,fast_medium,404,0.76,20.1,68.3,7.2,0.738,1.11,0.368,643,0.09,5.13,33.6,39.3,1.07,1.008,odi: 14m 208r 8w
99663fa5,D Mongia,India,ball_by_ball,5.2,middle,spec_spin,left,left_arm_orthodox,536,0.8,30.4,79.1,8.7,0.881,0.891,0.827,506,0.1,5.74,35.0,36.6,1.018,0.957,odi: 24m 325r 11w
aa8d28ae,D Wiese,Namibia,ball_by_ball,6.9,lower,spec_pace,right,medium_fast,364,0.78,17.1,83.5,8.6,0.81,1.39,0.949,677,0.17,6.14,42.5,41.5,1.154,0.861,odi: 14m 328r 15w
34ff9e07,PA de Silva,Sri Lanka,ball_by_ball,4.3,middle,spec_spin,right,off_spin,474,0.78,38.9,102.1,11.5,1.118,0.872,1.451,565,0.1,5.59,33.3,35.8,1.016,0.997,odi: 14m 390r 14w
2a2e6343,DT Christian,Australia,ball_by_ball,7.0,lower,spec_pace,right,fast_medium,307,0.75,27.0,102.5,11.2,0.972,1.007,0.867,727,0.11,5.42,25.7,28.5,0.97,1.234,odi: 20m 273r 20w
1c17e270,RV Uthappa,India,ball_by_ball,3.6,middle,part_pace,right,medium,1031,0.87,36.1,105.6,14.6,1.203,0.987,1.688,2,0.0,5.89,43.6,44.4,1.087,0.831,odi: 45m 934r 0w
3979b5e0,L Tucker,Ireland,ball_by_ball,5.5,middle,,right,,1025,0.9,21.7,81.4,8.7,0.866,1.228,0.401,,,,,,,,odi: 53m 844r 0w
b590a4d8,DD Ebrahim,Zimbabwe,ball_by_ball,4.2,middle,part_spin,right,off_spin,1023,0.87,25.5,69.4,5.4,0.807,0.975,0.157,2,0.0,6.0,57.0,57.0,1.102,0.649,odi: 33m 555r 0w
86421172,GA Lamb,Zimbabwe,ball_by_ball,6.2,lower,spec_spin,right,off_spin,381,0.76,18.5,62.4,5.2,0.72,1.232,0.502,642,0.15,4.96,41.7,50.5,0.913,0.743,odi: 15m 197r 12w
023f6b02,Nadeem Ahmed,Hong Kong,ball_by_ball,10.5,tail,spec_spin,right,left_arm_orthodox,129,0.56,6.7,50.3,4.8,0.472,2.075,0.136,887,0.23,5.29,40.2,45.6,1.002,0.809,odi: 17m 55r 25w
270b3f8e,JK Kamande,Kenya,ball_by_ball,6.8,lower,spec_spin,right,off_spin,358,0.72,12.8,54.0,5.5,0.627,1.539,0.363,658,0.18,6.43,52.9,49.4,1.133,0.721,odi: 22m 171r 10w
526e006d,Jay Odedra,Oman,ball_by_ball,8.7,tail,spec_unk,,,70,0.4,8.0,57.1,6.6,0.537,1.948,0.808,943,0.3,5.25,46.8,53.5,1.012,0.714,odi: 24m 35r 28w
cb9b8664,W O'Rourke,New Zealand,ball_by_ball,10.8,tail,spec_pace,right,fast,31,0.23,13.9,73.8,7.8,0.709,1.491,0.714,982,0.16,5.45,28.3,31.1,0.99,1.154,odi: 20m 13r 27w
5af87ad6,M Dillon,West Indies,ball_by_ball,9.9,tail,spec_pace,right,fast_medium,52,0.35,13.5,92.1,10.5,0.796,1.66,1.148,959,0.15,5.12,29.6,34.7,1.002,1.047,odi: 21m 44r 23w
9d1d34bd,Taijul Islam,Bangladesh,ball_by_ball,8.9,tail,spec_spin,left,left_arm_orthodox,133,0.6,10.7,68.0,6.9,0.609,1.526,0.27,876,0.18,4.78,32.1,40.3,0.926,0.953,odi: 17m 89r 28w
5471024e,JM Davison,Canada,ball_by_ball,2.6,top,spec_spin,right,off_spin,387,0.67,35.6,118.9,17.0,1.434,1.242,3.37,618,0.15,5.78,45.7,47.4,1.087,0.795,odi: 16m 443r 18w
d8e79af0,AC Botha,Ireland,ball_by_ball,4.9,middle,spec_pace,left,medium,405,0.73,25.6,73.9,8.6,0.898,1.099,0.641,596,0.12,5.25,32.3,36.9,0.963,0.974,odi: 17m 265r 14w
3d0ed2f9,JT Ball,England,ball_by_ball,10.8,tail,spec_pace,right,fast_medium,49,0.35,15.2,90.0,10.0,0.784,1.444,0.51,948,0.14,5.98,30.9,30.9,1.073,1.112,odi: 18m 38r 21w
05b1aef8,NG Smith,New Zealand,ball_by_ball,8.3,tail,spec_pace,right,medium_fast,171,0.63,14.2,74.8,6.4,0.713,1.474,0.317,823,0.14,5.97,31.7,31.9,1.138,1.159,odi: 21m 115r 24w
7e678d00,Sharafuddin Ashraf,Afghanistan,wikipedia_totals,,tail,spec_spin,right,left_arm_orthodox,109,0.06,14.9,65.3,7.3,0.753,1.545,0.762,884,0.17,4.67,33.0,42.3,0.866,0.859,wikipedia_odi: 20m 70r 13w
aab3e7be,MJ Mason,New Zealand,ball_by_ball,10.8,tail,spec_pace,right,fast_medium,39,0.27,14.6,79.0,8.9,0.733,1.459,0.779,951,0.14,5.54,29.3,31.8,1.081,1.169,odi: 20m 20r 24w
6c6591ab,PP Ojha,India,ball_by_ball,10.4,tail,spec_spin,left,left_arm_orthodox,112,0.51,16.0,64.6,7.6,0.649,1.202,0.528,876,0.16,5.01,32.6,39.0,0.946,0.975,odi: 18m 46r 21w
915264c2,HN Ya France,Namibia,ball_by_ball,8.4,tail,spec_spin,right,off_spin,279,0.74,11.0,73.8,8.2,0.691,1.882,0.694,709,0.21,5.68,51.5,54.4,1.066,0.705,odi: 22m 237r 12w
5935d694,Rishad Hossain,Bangladesh,ball_by_ball,7.9,tail,spec_spin,right,leg_spin,141,0.6,17.7,111.2,14.8,0.985,1.61,2.037,846,0.18,5.48,35.3,38.7,1.008,0.946,odi: 18m 183r 28w
099135ad,Aryan Lakra,United Arab Emirates,ball_by_ball,2.4,top,part_spin,left,left_arm_orthodox,668,0.82,17.1,55.5,6.0,0.693,1.208,0.334,318,0.14,6.44,66.1,61.6,1.234,0.606,odi: 16m 387r 6w
582e9baa,CZ Harris,New Zealand,ball_by_ball,6.6,lower,spec_spin,left,spin,388,0.73,22.1,71.6,7.9,0.809,1.142,0.77,598,0.11,5.02,33.5,40.1,0.945,0.951,odi: 23m 203r 8w
a319edf8,AT Nidamanuru,Netherlands,ball_by_ball,5.9,lower,part_spin,right,off_spin,976,0.9,22.0,85.5,8.6,0.93,1.326,1.191,6,0.0,6.27,57.6,55.1,1.157,0.675,odi: 40m 893r 0w
7839bf3a,HS Baidwan,Canada,ball_by_ball,9.1,tail,spec_pace,right,medium,177,0.61,11.4,65.1,5.8,0.686,1.854,0.173,804,0.2,6.41,43.6,40.8,1.183,0.865,odi: 16m 117r 23w
d014d5ac,SE Rutherford,West Indies,ball_by_ball,5.2,middle,part_pace,left,fast_medium,855,0.87,38.1,99.4,12.2,1.149,0.954,2.205,126,0.04,7.2,51.5,42.9,1.164,0.764,odi: 28m 849r 3w
953e3931,BA Williams,Australia,ball_by_ball,10.6,tail,spec_pace,right,fast,24,0.22,15.8,86.8,8.9,0.755,1.317,0.71,955,0.13,4.8,22.5,28.1,0.9,1.265,odi: 20m 14r 31w
6a71ba3a,M Levitt,Netherlands,ball_by_ball,1.6,top,spec_pace,right,fast_medium,528,0.76,23.8,77.2,10.6,0.998,1.232,1.327,450,0.12,5.83,43.3,44.6,1.122,0.879,odi: 17m 443r 9w
74d12124,JP Greaves,West Indies,ball_by_ball,5.0,middle,spec_pace,right,medium_fast,522,0.81,29.4,93.4,10.4,1.006,0.994,0.958,456,0.09,6.33,36.9,35.0,1.112,1.013,odi: 24m 506r 8w
08548b13,PHKD Mendis,Sri Lanka,ball_by_ball,5.1,middle,part_spin,left,left_arm_orthodox,674,0.84,30.0,82.8,9.1,0.948,0.955,1.0,300,0.06,6.03,46.4,46.2,1.159,0.86,odi: 28m 539r 6w
24fcd95d,Kashif Daud,United Arab Emirates,ball_by_ball,7.6,tail,spec_pace,right,medium_fast,310,0.76,12.0,79.6,9.3,0.741,1.814,1.205,664,0.18,5.45,39.7,43.7,1.081,0.821,odi: 19m 282r 16w
80ad39ac,Hasan Mahmud,Bangladesh,ball_by_ball,9.8,tail,spec_pace,right,fast_medium,78,0.43,10.9,59.4,6.1,0.604,1.657,0.264,896,0.17,5.74,32.5,33.9,1.09,1.06,odi: 21m 37r 28w
de3acffe,AJ McKay,New Zealand,ball_by_ball,10.9,tail,spec_pace,right,fast_medium,47,0.34,11.5,67.9,8.1,0.603,1.442,0.662,927,0.14,5.48,27.9,30.5,0.991,1.18,odi: 19m 12r 27w
989889ff,JP Inglis,Australia,ball_by_ball,4.2,middle,,right,,973,0.88,36.6,101.1,12.3,1.186,0.996,1.32,,,,,,,,odi: 38m 973r 0w
112959b2,A Bagai,Canada,ball_by_ball,4.9,middle,,right,,971,0.88,23.2,68.5,7.2,0.783,1.041,0.158,,,,,,,,odi: 26m 614r 0w
7fa12533,MS Chapman,New Zealand,ball_by_ball,4.6,middle,,left,left_arm_orthodox,968,0.89,37.0,100.1,12.7,1.138,0.93,1.711,,,,,,,,odi: 35m 1005r 0w
c6097d68,O Thomas,West Indies,ball_by_ball,10.7,tail,spec_pace,left,fast,73,0.45,9.3,60.3,7.6,0.535,1.578,0.652,892,0.15,6.16,33.1,32.2,1.101,1.106,odi: 23m 22r 30w
70542bef,HJH Marshall,New Zealand,ball_by_ball,4.4,middle,,right,medium,964,0.87,29.1,85.5,7.4,1.001,1.059,0.467,,,,,,,,odi: 37m 661r 0w
b98b5e1c,Sohaib Maqsood,Pakistan,ball_by_ball,4.9,middle,part_spin,right,off_spin,910,0.88,37.9,90.5,10.0,1.056,0.866,1.553,54,0.01,5.3,43.6,49.4,1.022,0.811,odi: 28m 768r 1w
525c3f54,AR Adams,New Zealand,ball_by_ball,8.1,tail,spec_pace,right,fast_medium,151,0.56,20.1,108.1,15.5,1.046,1.492,2.714,809,0.14,6.16,29.4,28.6,1.073,1.176,odi: 18m 165r 25w
25550d06,GI Hume,Ireland,ball_by_ball,9.6,tail,spec_pace,left,fast_medium,97,0.47,12.3,65.8,6.8,0.675,1.682,0.693,862,0.19,5.71,33.1,34.8,1.067,0.995,odi: 19m 65r 27w
0730a707,SI Kamea,Papua New Guinea,ball_by_ball,10.9,tail,spec_unk,,,55,0.37,5.9,48.8,4.3,0.448,2.188,0.147,903,0.32,6.05,52.4,51.9,1.125,0.678,odi: 20m 18r 28w
80fe764d,Tanzid Hasan,Bangladesh,ball_by_ball,1.5,top,,left,,951,0.85,35.0,103.1,14.4,1.312,1.14,2.493,,,,,,,,odi: 34m 985r 0w
0f6db197,S Mahmood,England,ball_by_ball,10.9,tail,spec_pace,right,fast,53,0.38,13.5,78.7,8.0,0.689,1.415,0.457,896,0.15,5.3,27.5,31.2,1.015,1.144,odi: 18m 31r 27w
c042b412,FJ Klaassen,Netherlands,ball_by_ball,10.2,tail,spec_pace,right,medium_fast,73,0.45,9.5,67.9,6.4,0.593,1.785,0.673,874,0.19,4.99,32.3,38.8,0.926,0.906,odi: 16m 48r 22w
537021f5,JT Brassell,Namibia,ball_by_ball,10.2,tail,spec_pace,right,medium,47,0.33,6.6,54.2,4.4,0.481,2.019,0.192,899,0.21,5.91,40.7,41.3,1.095,0.904,odi: 20m 14r 27w
7ecb9a14,Aamir Kaleem,Oman,ball_by_ball,3.1,top,spec_spin,left,left_arm_orthodox,266,0.63,17.3,61.8,8.8,0.786,1.35,0.59,679,0.2,4.77,41.0,51.6,0.925,0.758,odi: 15m 160r 18w
91052c96,PW Borren,Netherlands,ball_by_ball,6.8,lower,spec_pace,right,medium,459,0.8,23.7,92.4,10.9,0.978,1.27,1.098,486,0.12,6.36,43.9,41.4,1.118,0.848,odi: 21m 413r 5w
e15faa51,Javed Omar,Bangladesh,ball_by_ball,1.2,top,,right,leg_spin,938,0.84,27.7,64.1,8.4,0.833,0.864,0.547,,,,,,,,odi: 20m 468r 0w
a90e53ec,MW Short,Australia,ball_by_ball,2.0,top,part_spin,right,off_spin,513,0.77,33.2,91.6,11.2,1.146,1.06,1.29,420,0.08,5.27,37.1,42.2,0.996,0.893,odi: 22m 442r 6w
bd93fea4,PM Siddle,Australia,ball_by_ball,10.2,tail,spec_pace,right,fast_medium,30,0.26,17.1,94.1,8.8,0.828,1.357,0.591,903,0.12,4.86,24.5,30.3,0.945,1.198,odi: 20m 31r 17w
94238673,HK Bennett,New Zealand,ball_by_ball,11.0,tail,spec_pace,left,medium_fast,35,0.29,12.2,72.7,8.4,0.635,1.432,0.693,895,0.14,5.72,27.2,28.6,1.013,1.222,odi: 19m 10r 33w
0226b73a,Imran Haider,United Arab Emirates,ball_by_ball,9.8,tail,spec_spin,right,leg_spin,123,0.55,7.7,49.5,3.7,0.497,1.928,0.173,806,0.23,6.22,50.0,48.2,1.172,0.804,odi: 17m 54r 28w
48ad3373,BM Tickner,New Zealand,ball_by_ball,10.4,tail,spec_pace,right,medium_fast,69,0.44,14.0,85.7,8.6,0.723,1.427,0.429,858,0.16,6.34,32.1,30.4,1.124,1.171,odi: 18m 53r 29w
d3851cd8,Ehsan Khan,Hong Kong,ball_by_ball,6.8,lower,spec_spin,right,off_spin,224,0.67,11.2,51.8,5.3,0.551,1.528,0.223,703,0.2,5.47,40.8,44.7,1.033,0.828,odi: 13m 100r 23w
77191792,Mohammad Mithun,Bangladesh,ball_by_ball,4.6,middle,part_spin,right,off_spin,912,0.88,29.5,80.6,9.2,0.921,0.929,1.028,12,0.0,5.74,46.5,48.7,1.056,0.772,odi: 32m 711r 0w
0b7b78c6,Hammad Mirza,Oman,ball_by_ball,4.0,middle,,,,923,0.87,23.8,67.2,7.5,0.797,1.031,0.393,,,,,,,,odi: 20m 665r 0w
c995d726,CA Ingram,South Africa,ball_by_ball,3.2,top,part_spin,left,leg_spin,917,0.87,35.7,94.3,11.5,1.12,0.944,1.067,6,0.0,5.89,41.2,42.0,1.085,0.887,odi: 30m 761r 0w
87a92b6b,N Pokana,Papua New Guinea,ball_by_ball,11.0,tail,spec_unk,,,122,0.57,6.0,49.5,4.2,0.447,2.114,0.248,799,0.3,5.52,45.3,49.3,1.039,0.682,odi: 16m 54r 26w
2008fc75,TT Samaraweera,Sri Lanka,ball_by_ball,5.3,middle,part_spin,right,off_spin,890,0.89,34.9,84.8,8.0,0.922,0.783,0.098,30,0.01,6.0,41.6,41.6,1.071,0.861,odi: 37m 669r 1w
1ee08e9a,JA Richardson,Australia,ball_by_ball,8.7,tail,spec_pace,right,fast,107,0.54,17.6,91.8,8.0,0.808,1.29,0.356,810,0.11,5.49,24.4,26.7,1.0,1.267,odi: 15m 93r 27w
ab54f9e7,J Jarvis,Scotland,ball_by_ball,8.8,tail,spec_pace,right,medium_fast,153,0.6,11.3,74.4,8.1,0.721,1.916,0.847,760,0.2,6.71,42.6,38.1,1.213,0.965,odi: 23m 135r 27w
172dff15,C Bosch,South Africa,ball_by_ball,7.5,tail,spec_pace,right,fast_medium,272,0.74,24.5,108.3,12.0,0.982,1.159,0.848,640,0.1,6.11,30.2,29.7,1.091,1.161,odi: 14m 309r 13w
bad31fac,J Srinath,India,ball_by_ball,10.3,tail,spec_pace,right,fast,81,0.43,14.0,72.0,9.1,0.661,1.3,0.589,830,0.13,4.81,24.9,31.1,0.937,1.167,odi: 16m 31r 27w
365229a8,K Doriga,Papua New Guinea,ball_by_ball,4.2,middle,,right,,910,0.86,14.4,54.7,6.2,0.667,1.408,0.616,,,,,,,,odi: 34m 520r 0w
4d1ec7eb,A Nao,Papua New Guinea,ball_by_ball,9.9,tail,spec_pace,right,medium,68,0.42,7.9,65.8,6.0,0.598,2.177,0.418,842,0.25,6.47,49.2,45.7,1.147,0.741,odi: 19m 54r 18w
c51add25,MB Kruger,Namibia,ball_by_ball,3.8,middle,,right,,907,0.87,18.3,60.8,5.5,0.742,1.232,0.317,,,,,,,,odi: 27m 587r 0w
b018e1eb,L Louwrens,Namibia,ball_by_ball,1.3,top,,right,,906,0.85,16.8,55.3,6.7,0.741,1.273,0.154,,,,,,,,odi: 25m 535r 0w
7239b60d,CAH Stevenson,United States of America,ball_by_ball,8.7,tail,spec_pace,right,fast_medium,211,0.7,8.7,63.7,5.9,0.567,1.844,0.169,694,0.19,6.87,44.8,39.1,1.206,0.892,odi: 18m 141r 23w
ee229588,S Movva,Canada,ball_by_ball,6.3,lower,,right,,905,0.88,17.2,63.2,5.0,0.686,1.245,0.221,,,,,,,,odi: 29m 605r 0w
8fb49ef8,Suhrawadi Shuvo,Bangladesh,ball_by_ball,7.9,tail,spec_spin,left,left_arm_orthodox,135,0.59,13.1,81.6,8.2,0.701,1.516,0.436,765,0.16,5.23,36.8,42.3,0.961,0.858,odi: 17m 98r 14w
5be810ba,MD Dai,Papua New Guinea,ball_by_ball,6.4,lower,spec_unk,,,362,0.76,16.9,73.7,8.0,0.826,1.545,0.713,534,0.19,5.72,60.7,63.6,1.101,0.605,odi: 10m 277r 11w
0a9d8b61,JL Carter,West Indies,ball_by_ball,5.6,lower,part_pace,left,medium_fast,758,0.87,24.1,76.2,8.8,0.881,1.146,1.191,136,0.04,6.8,48.2,42.6,1.131,0.776,odi: 30m 560r 4w
c26cd57a,B Shikongo,Namibia,ball_by_ball,11.0,tail,spec_pace,right,medium_fast,61,0.39,6.9,52.9,4.4,0.481,1.986,0.156,830,0.21,6.76,46.6,41.3,1.281,0.881,odi: 22m 22r 24w
8d0ea930,MS Kasprowicz,Australia,ball_by_ball,10.2,tail,spec_pace,right,fast,20,0.19,15.8,84.5,9.2,0.746,1.322,0.678,869,0.13,4.82,22.6,28.1,0.875,1.271,odi: 17m 11r 31w
9dc3ea7e,H Hiri,Papua New Guinea,ball_by_ball,5.4,middle,part_spin,right,off_spin,787,0.86,13.7,54.0,4.8,0.627,1.415,0.315,102,0.04,6.78,72.5,64.1,1.282,0.602,odi: 32m 435r 3w
752f7486,Ishan Kishan,India,ball_by_ball,3.2,top,,left,leg_spin,886,0.87,43.6,102.7,14.0,1.268,0.889,2.098,,,,,,,,odi: 28m 901r 0w
dec8e038,J Theron,United States of America,ball_by_ball,9.8,tail,spec_pace,right,fast_medium,102,0.53,7.6,56.1,5.2,0.511,1.901,0.136,784,0.2,6.37,38.3,36.0,1.14,0.939,odi: 18m 50r 31w
024a173d,J Nyumbu,Zimbabwe,ball_by_ball,10.0,tail,spec_spin,right,off_spin,87,0.48,9.6,64.7,5.9,0.591,1.769,0.458,796,0.18,5.21,41.6,48.0,0.965,0.773,odi: 17m 45r 17w
5661ef90,A Sharma,United Arab Emirates,ball_by_ball,1.4,top,,right,,877,0.84,20.0,69.0,8.9,0.913,1.338,0.781,,,,,,,,odi: 28m 678r 0w
2e929b99,GO Jones,England,ball_by_ball,5.8,lower,,right,,876,0.87,29.4,98.9,12.4,1.077,1.094,1.503,,,,,,,,odi: 40m 715r 0w
3b50c63a,KS Lokuarachchi,Sri Lanka,ball_by_ball,7.2,lower,spec_spin,right,leg_spin,215,0.63,24.7,91.3,8.9,0.973,1.181,1.019,660,0.12,5.38,32.5,36.3,0.977,0.995,odi: 14m 164r 16w
7595b47f,Shariz Ahmad,Netherlands,ball_by_ball,7.8,tail,spec_spin,left,leg_spin,281,0.72,9.9,56.3,4.5,0.582,1.749,0.053,592,0.16,6.25,49.2,47.3,1.2,0.823,odi: 20m 159r 18w
b5da6c24,PA Patel,India,ball_by_ball,2.3,top,,left,,870,0.84,35.4,91.5,11.9,1.158,0.953,1.194,,,,,,,,odi: 32m 693r 0w
fc2fffb5,Abdullah Shafique,Pakistan,ball_by_ball,1.7,top,,right,off_spin,869,0.85,31.2,77.1,9.3,1.032,0.954,1.333,,,,,,,,odi: 26m 679r 0w
b58b7db6,GSNFG Jayasuriya,Sri Lanka,ball_by_ball,5.0,middle,part_spin,left,off_spin,543,0.81,30.6,79.7,8.3,0.947,0.959,0.776,324,0.08,5.72,41.7,43.8,1.067,0.82,odi: 18m 440r 3w
395179e8,D Parashar,United Arab Emirates,ball_by_ball,6.7,lower,spec_unk,,,315,0.73,14.7,61.3,5.8,0.654,1.356,0.499,548,0.18,5.58,58.4,62.8,1.132,0.62,odi: 13m 198r 10w
1f7adc8a,Arafat Sunny,Bangladesh,ball_by_ball,9.2,tail,spec_spin,left,left_arm_orthodox,91,0.5,11.2,66.5,6.6,0.594,1.49,0.217,770,0.17,4.78,31.1,39.0,0.894,0.914,odi: 15m 48r 22w
123e663a,S Dhaniram,Canada,ball_by_ball,6.3,lower,spec_spin,left,left_arm_orthodox,309,0.72,19.2,84.6,8.5,0.885,1.395,0.672,549,0.18,6.11,44.5,43.7,1.081,0.798,odi: 12m 281r 21w
a9520ac2,J Mubarak,Sri Lanka,ball_by_ball,4.6,middle,part_spin,left,off_spin,807,0.85,30.8,81.4,8.2,0.94,0.887,0.444,51,0.01,5.76,43.6,45.4,1.086,0.845,odi: 30m 531r 0w
67b7bad4,Fareed Ahmad,Afghanistan,wikipedia_totals,,tail,spec_pace,left,fast_medium,71,0.04,15.2,65.3,7.3,0.753,1.515,0.762,781,0.13,5.62,30.9,33.0,1.048,1.102,wikipedia_odi: 20m 46r 25w
13e5908b,Karim Sadiq,Afghanistan,wikipedia_totals,,top,part_spin,right,off_spin,532,0.33,31.0,95.2,11.3,1.098,1.069,1.106,320,0.08,4.85,37.1,45.9,0.9,0.793,wikipedia_odi: 24m 475r 6w
b52ffbbd,FA Allen,West Indies,ball_by_ball,7.7,tail,spec_spin,right,left_arm_orthodox,203,0.65,18.1,91.0,11.1,0.952,1.631,1.711,648,0.12,5.46,40.2,44.2,1.028,0.845,odi: 19m 200r 7w
571e1d2a,Shayan Jahangir,United States of America,ball_by_ball,4.8,middle,,right,fast_medium,849,0.87,23.8,82.8,9.5,0.922,1.151,0.601,,,,,,,,odi: 35m 765r 0w
3d284ca3,PD Salt,England,ball_by_ball,1.3,top,,right,off_spin,848,0.83,40.8,117.1,16.2,1.494,1.1,1.704,,,,,,,,odi: 32m 976r 0w
4e1c9f6e,Sandeep Goud,Oman,ball_by_ball,7.1,lower,part_pace,right,medium,754,0.88,16.0,69.2,7.3,0.705,1.359,0.998,90,0.03,6.35,69.7,65.9,1.24,0.615,odi: 37m 535r 0w
a71d0f89,R Chopra,United Arab Emirates,ball_by_ball,4.8,middle,part_unk,right,,838,0.87,24.4,75.3,7.9,0.843,1.074,0.675,6,0.0,7.91,100.7,76.4,1.477,0.485,odi: 21m 681r 1w
928670cc,BJ Watling,New Zealand,ball_by_ball,3.5,top,,right,off_spin,838,0.86,30.3,79.7,9.9,0.95,0.9,0.66,,,,,,,,odi: 28m 573r 0w
0939c670,MA Ouma,Kenya,ball_by_ball,2.6,top,,right,off_spin,836,0.84,19.7,62.5,7.3,0.779,1.208,0.38,,,,,,,,odi: 27m 468r 0w
a72b14ff,CT Tremlett,England,ball_by_ball,10.1,tail,spec_pace,right,fast_medium,89,0.47,14.0,78.1,9.5,0.712,1.441,1.023,744,0.1,5.6,31.7,34.0,1.054,1.097,odi: 14m 50r 11w
e0351c86,DNT Zoysa,Sri Lanka,ball_by_ball,9.3,tail,spec_pace,left,fast_medium,55,0.34,14.0,77.1,7.4,0.743,1.518,0.348,772,0.1,4.79,26.0,32.6,0.977,1.19,odi: 19m 36r 22w
d99de998,ZB Lion-Cachet,Netherlands,ball_by_ball,3.6,middle,part_spin,right,off_spin,506,0.79,19.4,60.3,4.8,0.727,1.165,0.15,319,0.14,6.33,53.6,50.9,1.137,0.706,odi: 17m 317r 11w
919a3be2,RR Pant,India,ball_by_ball,4.3,middle,,left,medium,820,0.87,39.7,107.5,14.3,1.208,0.933,1.814,,,,,,,,odi: 31m 871r 0w
270bf7e2,KV Morea,Papua New Guinea,ball_by_ball,10.2,tail,spec_unk,,,116,0.55,7.3,59.0,5.1,0.535,2.14,0.253,699,0.27,5.78,52.4,54.4,1.073,0.647,odi: 16m 72r 20w
de0a3209,Mominul Haque,Bangladesh,ball_by_ball,4.0,middle,part_spin,left,left_arm_orthodox,657,0.83,27.0,79.7,8.7,0.94,1.05,0.253,156,0.04,5.81,43.3,44.7,1.054,0.803,odi: 25m 495r 6w
f27f89e8,AR White,Ireland,ball_by_ball,6.7,lower,part_spin,right,off_spin,487,0.8,17.0,71.1,6.9,0.779,1.411,0.234,325,0.1,5.77,45.9,47.7,1.039,0.727,odi: 27m 301r 7w
cbabd6ad,NS Dhaliwal,Canada,ball_by_ball,2.4,top,part_pace,right,medium,799,0.84,18.2,53.7,6.2,0.701,1.144,0.543,6,0.0,7.13,71.2,59.9,1.321,0.62,odi: 17m 456r 0w
795df06c,AS Hansra,Canada,ball_by_ball,4.9,middle,part_spin,right,spin,527,0.8,21.4,63.1,6.9,0.749,1.118,0.986,276,0.09,6.77,72.2,64.0,1.281,0.6,odi: 15m 295r 2w
e16e7347,CG Williams,Namibia,ball_by_ball,3.6,middle,part_unk,,,543,0.81,21.6,72.8,8.1,0.848,1.21,0.771,260,0.13,7.03,89.9,76.8,1.306,0.477,odi: 16m 427r 3w
244048f6,Arshdeep Singh,India,ball_by_ball,9.9,tail,spec_pace,left,medium_fast,58,0.41,18.1,111.0,13.4,0.889,1.298,1.08,742,0.13,5.26,26.4,30.1,0.966,1.155,odi: 16m 71r 25w
eeeebf82,HA Varaiya,Kenya,ball_by_ball,10.2,tail,spec_spin,right,left_arm_wrist,116,0.55,7.0,51.7,4.6,0.457,1.847,0.139,676,0.19,6.0,49.1,49.1,1.124,0.755,odi: 18m 43r 14w
33a50ecf,RL Powell,West Indies,ball_by_ball,5.0,middle,part_spin,right,off_spin,611,0.8,34.6,112.6,15.1,1.282,1.126,2.475,180,0.05,6.77,48.1,42.6,1.142,0.779,odi: 34m 570r 4w
37138918,Afif Hossain,Bangladesh,ball_by_ball,6.4,lower,part_spin,left,off_spin,680,0.86,24.0,87.5,9.4,0.929,1.199,0.652,111,0.03,5.87,47.2,48.3,1.099,0.785,odi: 31m 594r 3w
77b1aa15,Harshit Rana,India,ball_by_ball,8.3,tail,spec_pace,right,fast,102,0.52,22.1,112.2,13.5,0.963,1.239,1.391,687,0.13,5.65,27.9,29.6,1.048,1.17,odi: 14m 124r 26w
fec50c96,SMA Priyanjan,Sri Lanka,ball_by_ball,6.2,lower,part_spin,right,off_spin,522,0.82,26.5,88.7,10.1,0.954,1.092,0.458,265,0.06,5.56,40.1,43.2,1.025,0.853,odi: 23m 420r 5w
552b228c,Anshuman Rath,Hong Kong,ball_by_ball,3.4,top,spec_spin,left,left_arm_orthodox,527,0.79,22.2,72.1,7.9,0.89,1.226,0.44,259,0.09,4.42,35.1,47.6,0.858,0.833,odi: 12m 393r 12w
9dad0f2e,Mahedi Hasan,Bangladesh,ball_by_ball,7.8,tail,spec_spin,right,off_spin,197,0.64,13.6,64.1,6.3,0.673,1.52,0.437,589,0.13,4.9,32.3,39.6,0.888,0.898,odi: 12m 125r 15w
611c06dd,MA Vermeulen,Zimbabwe,ball_by_ball,3.2,top,,right,off_spin,785,0.83,25.1,78.3,9.6,0.986,1.188,0.398,,,,,,,,odi: 29m 517r 0w
3d189742,Shabbir Ahmed,Pakistan,ball_by_ball,10.8,tail,spec_pace,right,fast_medium,15,0.14,14.1,78.9,8.1,0.712,1.411,0.633,768,0.12,4.86,27.2,33.5,0.918,1.08,odi: 15m 6r 16w
d3a1c63d,T de Zorzi,South Africa,ball_by_ball,2.8,top,,left,off_spin,782,0.85,44.7,99.6,12.4,1.215,0.843,1.526,,,,,,,,odi: 20m 777r 0w
c942a53b,WK McCallan,Ireland,ball_by_ball,8.5,tail,spec_unk,,,175,0.6,11.6,66.6,6.4,0.669,1.762,0.215,603,0.14,5.28,44.2,50.2,0.994,0.759,odi: 17m 101r 13w
9a2fc964,BC Fortuin,South Africa,ball_by_ball,8.6,tail,spec_spin,right,left_arm_orthodox,96,0.46,15.7,71.9,7.0,0.739,1.42,0.59,681,0.13,5.15,32.4,37.8,1.005,1.031,odi: 15m 61r 19w
9b4935c8,CJ Ferguson,Australia,ball_by_ball,5.4,middle,,right,medium,777,0.88,39.8,94.6,9.4,1.005,0.746,0.214,,,,,,,,odi: 30m 663r 0w
bccead86,FDW McCreath,Scotland,ball_by_ball,3.4,top,,right,medium_fast,777,0.86,21.8,68.0,7.3,0.794,1.115,0.375,,,,,,,,odi: 20m 561r 0w
053f3ce3,D Ravu,Papua New Guinea,ball_by_ball,10.1,tail,spec_pace,right,medium_fast,190,0.68,7.2,62.6,6.3,0.533,2.077,0.454,585,0.17,6.33,52.8,50.0,1.163,0.726,odi: 16m 128r 8w
a56f4b65,PL Mommsen,Scotland,ball_by_ball,4.6,middle,,,,775,0.87,26.5,76.8,7.0,0.849,1.001,0.29,,,,,,,,odi: 19m 601r 0w
2ecd844a,BJ Currie,Scotland,ball_by_ball,11.0,tail,spec_pace,right,medium_fast,30,0.24,9.9,66.9,5.9,0.612,1.788,0.299,743,0.18,5.22,31.3,36.0,1.067,1.057,odi: 17m 16r 37w
18eaf2fa,Amjad Javed,United Arab Emirates,ball_by_ball,7.2,lower,spec_pace,right,medium,258,0.71,18.1,85.3,11.5,0.878,1.457,1.418,511,0.13,6.19,45.3,43.9,1.131,0.796,odi: 13m 238r 7w
37312a74,Mudassar Bukhari,Netherlands,ball_by_ball,7.7,tail,spec_pace,right,fast_medium,179,0.62,12.1,70.5,6.9,0.713,1.786,1.148,590,0.13,5.5,36.7,40.0,1.105,0.923,odi: 15m 126r 15w
78bb68d4,Y Cariah,West Indies,ball_by_ball,8.3,tail,spec_spin,left,leg_spin,166,0.58,14.1,60.1,6.0,0.686,1.563,0.689,597,0.13,5.66,40.8,43.2,1.071,0.885,odi: 14m 93r 13w
a1d3540a,PJ Moor,Zimbabwe,ball_by_ball,6.1,lower,,right,off_spin,763,0.87,17.7,72.1,8.1,0.769,1.303,1.337,,,,,,,,odi: 38m 520r 0w
e0557f7f,DE Bernard,West Indies,ball_by_ball,6.7,lower,spec_pace,right,medium_fast,219,0.66,21.4,77.9,8.7,0.852,1.236,1.059,543,0.09,5.47,33.6,36.9,1.015,1.031,odi: 17m 141r 10w
5318ee68,Nahid Rana,Bangladesh,ball_by_ball,11.0,tail,spec_pace,right,fast,30,0.22,12.3,66.0,7.1,0.637,1.519,0.401,731,0.14,5.0,27.7,33.3,0.927,1.113,odi: 13m 12r 30w
0b0cc297,Tanzim Hasan Sakib,Bangladesh,ball_by_ball,8.6,tail,spec_pace,right,fast_medium,159,0.61,14.5,79.5,8.9,0.742,1.499,0.958,599,0.12,5.64,31.0,33.0,1.042,1.064,odi: 13m 134r 19w
c16d4035,SW Billings,England,ball_by_ball,5.1,middle,,right,,757,0.86,36.2,92.8,10.7,1.095,0.938,0.809,,,,,,,,odi: 27m 690r 0w
f752db61,JL Pattinson,Australia,ball_by_ball,9.9,tail,spec_pace,left,fast_medium,78,0.43,15.8,71.3,7.1,0.709,1.322,0.547,679,0.09,5.61,28.1,30.0,1.055,1.213,odi: 14m 41r 13w
4ebc70ca,GT Main,Scotland,ball_by_ball,9.2,tail,spec_pace,right,fast,87,0.42,14.9,71.9,6.8,0.815,1.775,0.599,668,0.18,6.92,40.2,34.9,1.273,1.027,odi: 15m 82r 33w
8596fe80,Mohammad Hasnain,Pakistan,ball_by_ball,10.9,tail,spec_pace,right,fast,34,0.3,17.9,108.1,12.0,0.894,1.401,0.706,720,0.12,5.78,31.5,32.7,1.052,1.08,odi: 15m 53r 17w
b16b5eea,VC Drakes,West Indies,ball_by_ball,9.0,tail,spec_pace,right,fast,123,0.51,12.0,66.9,7.1,0.646,1.569,0.705,631,0.11,5.12,29.4,34.5,0.966,1.048,odi: 12m 58r 15w
098a757c,Muhammad Jawadullah,United Arab Emirates,ball_by_ball,10.9,tail,spec_pace,left,fast_medium,26,0.22,8.2,61.3,6.7,0.566,1.979,0.648,723,0.2,6.35,46.7,44.1,1.184,0.834,odi: 17m 16r 20w
9ca68676,Allah Mohammad Ghazanfar,Afghanistan,wikipedia_totals,,tail,spec_spin,right,off_spin,94,0.05,14.8,65.3,7.3,0.753,1.554,0.762,655,0.14,4.77,29.7,37.3,0.885,0.975,wikipedia_odi: 17m 61r 24w
271f83cd,SA Yadav,India,ball_by_ball,5.3,middle,part_spin,right,off_spin,736,0.86,33.1,104.3,12.9,1.14,1.049,1.154,12,0.0,5.85,43.5,44.7,1.085,0.841,odi: 37m 773r 0w
c0c411cb,Naveen-ul-Haq,Afghanistan,wikipedia_totals,,tail,spec_pace,right,medium_fast,57,0.03,15.1,65.3,7.3,0.753,1.528,0.762,691,0.12,5.97,32.8,33.0,1.115,1.102,wikipedia_odi: 15m 37r 22w
9ec74db8,CM McBride,Scotland,ball_by_ball,2.4,top,part_pace,right,medium,566,0.78,21.5,69.8,8.8,0.894,1.247,0.42,180,0.06,6.05,59.3,58.9,1.144,0.687,odi: 22m 407r 3w
fbb657bb,Babar Hayat,Hong Kong,ball_by_ball,3.2,top,part_pace,right,medium,735,0.86,21.8,69.5,8.7,0.821,1.187,1.163,6,0.0,6.66,61.9,55.8,1.232,0.666,odi: 15m 539r 0w
8f7a598f,RMS Eranga,Sri Lanka,ball_by_ball,9.5,tail,spec_pace,right,fast_medium,64,0.4,13.0,72.9,7.2,0.661,1.443,0.266,675,0.1,5.7,29.8,31.4,1.088,1.179,odi: 18m 34r 20w
bd17b45f,STR Binny,India,ball_by_ball,7.1,lower,spec_pace,right,medium_fast,246,0.71,29.1,96.9,11.8,0.966,0.978,1.035,492,0.08,5.37,29.2,32.7,1.053,1.191,odi: 14m 230r 20w
d167edd3,SM Boland,Australia,ball_by_ball,11.0,tail,spec_pace,right,fast_medium,22,0.2,15.1,80.2,8.5,0.719,1.316,0.638,716,0.1,5.7,27.7,29.2,1.038,1.217,odi: 14m 9r 16w
35f173a0,MP Breetzke,South Africa,ball_by_ball,3.7,middle,,right,medium,735,0.85,52.5,98.4,10.7,1.158,0.687,1.235,,,,,,,,odi: 14m 710r 0w
b68a30f0,IG Butler,New Zealand,ball_by_ball,9.1,tail,spec_pace,right,fast,125,0.55,14.8,71.1,8.5,0.718,1.423,0.989,608,0.1,5.79,29.2,30.2,1.024,1.163,odi: 13m 78r 15w
bdadf7da,JL Denly,England,ball_by_ball,3.1,top,part_spin,right,leg_spin,629,0.82,34.9,79.8,10.2,0.982,0.84,1.03,102,0.02,5.63,43.8,46.7,1.067,0.826,odi: 16m 446r 1w
2182013e,SW Masakadza,Zimbabwe,ball_by_ball,9.4,tail,spec_pace,right,fast_medium,108,0.5,16.5,92.3,12.6,0.928,1.722,2.071,622,0.14,7.1,41.4,35.0,1.2,0.945,odi: 12m 109r 22w
fbc5c0c6,RDM Leverock,Bermuda,ball_by_ball,10.3,tail,spec_spin,right,left_arm_orthodox,120,0.53,6.3,49.4,4.1,0.466,2.166,0.168,607,0.16,5.71,46.1,48.4,1.076,0.778,odi: 12m 45r 13w
e3eb9e46,Nizakat Khan,Hong Kong,ball_by_ball,2.8,top,part_spin,right,leg_spin,615,0.82,23.3,79.2,10.6,0.935,1.258,1.109,108,0.04,6.11,57.4,56.4,1.156,0.686,odi: 15m 508r 3w
5af743d0,Sohail Khan,Pakistan,ball_by_ball,9.7,tail,spec_pace,right,fast,51,0.36,12.8,72.9,7.2,0.652,1.436,0.418,669,0.14,5.56,28.6,30.8,0.993,1.079,odi: 13m 25r 19w
a21ea40c,CK Coventry,Zimbabwe,ball_by_ball,4.5,middle,,right,leg_spin,720,0.85,31.5,96.6,13.1,1.105,1.062,2.769,,,,,,,,odi: 26m 645r 0w
b0eaaac6,Ali Khan,United States of America,ball_by_ball,10.2,tail,spec_pace,right,fast_medium,35,0.3,8.1,65.6,5.4,0.557,1.902,0.195,685,0.21,6.16,36.6,35.6,1.096,0.947,odi: 15m 20r 33w
05f96194,MA Jones,Scotland,ball_by_ball,3.9,middle,,right,off_spin,719,0.84,22.6,68.7,7.0,0.81,1.104,0.502,,,,,,,,odi: 19m 506r 0w
97b0e4ff,SC van Schalkwyk,United States of America,ball_by_ball,7.7,tail,spec_pace,left,medium,226,0.67,10.3,58.6,5.8,0.598,1.766,0.398,492,0.16,7.09,46.5,39.4,1.26,0.864,odi: 12m 138r 16w
a63775d6,Rahat Ali,Pakistan,ball_by_ball,10.4,tail,spec_pace,right,fast_medium,37,0.3,11.7,67.2,7.1,0.595,1.4,0.455,681,0.11,5.58,31.1,33.4,1.039,1.099,odi: 14m 8r 18w
f0e722e0,Usman Shinwari,Pakistan,ball_by_ball,9.5,tail,spec_pace,right,medium_fast,7,0.08,15.1,83.3,9.9,0.763,1.446,1.119,711,0.12,4.85,24.3,30.1,0.948,1.197,odi: 16m 6r 34w
2b8b75a0,H Osinde,Canada,ball_by_ball,10.7,tail,spec_pace,right,medium_fast,32,0.23,8.3,57.2,5.3,0.547,1.933,0.367,685,0.17,5.75,38.9,40.5,1.121,0.923,odi: 17m 11r 25w
45477249,MO Odumbe,Kenya,ball_by_ball,5.7,lower,spec_unk,,,355,0.72,27.0,101.5,10.3,1.12,1.316,0.667,360,0.11,6.87,58.5,51.1,1.228,0.68,odi: 10m 324r 7w
a15618fe,JM Vince,England,ball_by_ball,2.6,top,part_pace,right,medium,672,0.81,33.9,90.9,11.6,1.169,1.021,0.626,42,0.01,5.78,45.5,47.2,1.102,0.832,odi: 24m 590r 1w
656202a7,DA Marillier,Zimbabwe,ball_by_ball,3.6,middle,spec_spin,right,off_spin,350,0.68,28.5,84.8,8.9,1.002,1.066,0.702,360,0.1,5.66,46.3,49.1,1.001,0.726,odi: 12m 249r 5w
f6c2659d,Aizaz Khan,Hong Kong,ball_by_ball,5.7,lower,spec_pace,right,medium_fast,211,0.62,13.8,65.9,8.1,0.729,1.555,0.972,499,0.14,6.67,42.4,38.1,1.204,0.896,odi: 13m 143r 13w
25020f9d,AR Caddick,England,ball_by_ball,9.5,tail,spec_pace,right,fast_medium,117,0.51,15.7,78.8,8.5,0.736,1.359,0.775,590,0.1,4.69,24.3,31.1,0.918,1.148,odi: 11m 64r 17w
8c7d6cbe,MW Machan,Scotland,ball_by_ball,3.5,top,part_spin,left,off_spin,484,0.78,27.9,82.2,8.9,0.995,1.106,0.716,222,0.08,6.71,55.1,49.2,1.174,0.698,odi: 11m 393r 4w
a7c7802a,AJ Ireland,Zimbabwe,ball_by_ball,10.0,tail,spec_pace,right,fast_medium,64,0.38,8.3,53.6,5.9,0.503,1.721,0.328,642,0.13,6.09,39.0,38.4,1.096,0.891,odi: 13m 12r 15w
efc04be7,Noor Ahmad,Afghanistan,wikipedia_totals,,tail,spec_spin,right,left_arm_wrist,70,0.04,15.2,65.3,7.3,0.753,1.513,0.762,635,0.14,5.73,39.9,41.8,1.069,0.87,wikipedia_odi: 13m 46r 10w
5441db8c,Aizaz Cheema,Pakistan,ball_by_ball,11.0,tail,spec_pace,right,medium_fast,45,0.34,13.5,83.0,8.3,0.681,1.335,0.478,659,0.12,5.76,28.6,29.7,1.028,1.127,odi: 14m 26r 23w
f427e63e,NRJ Croes,Netherlands,ball_by_ball,6.0,lower,,right,medium,703,0.86,18.7,72.2,6.6,0.785,1.268,0.145,,,,,,,,odi: 27m 538r 0w
3204c99f,G Coetzee,South Africa,ball_by_ball,8.3,tail,spec_pace,right,fast,90,0.44,17.2,68.2,7.1,0.76,1.382,0.663,608,0.12,6.28,30.6,29.3,1.14,1.235,odi: 13m 57r 27w
ced0ec25,Ghulam Shabber,United Arab Emirates,ball_by_ball,3.4,top,,left,,695,0.83,18.3,61.6,6.7,0.777,1.296,0.392,,,,,,,,odi: 20m 444r 0w
89ce57a8,S Fouché,Namibia,ball_by_ball,4.3,middle,spec_pace,right,medium,386,0.73,19.5,60.2,5.7,0.772,1.204,0.329,306,0.09,6.27,43.7,41.8,1.178,0.909,odi: 11m 261r 12w
ac166f77,S Shrivastava,Oman,ball_by_ball,9.7,tail,spec_unk,,,51,0.31,9.0,52.5,5.0,0.546,1.868,0.212,636,0.24,6.61,50.6,46.0,1.197,0.779,odi: 14m 22r 28w
60dd8960,Kabir Ali,England,ball_by_ball,9.4,tail,spec_pace,right,fast_medium,57,0.39,16.7,103.8,10.6,0.859,1.401,0.895,629,0.1,6.19,30.8,29.9,1.073,1.151,odi: 13m 54r 18w
ff1ec94d,R Klein,Netherlands,ball_by_ball,8.9,tail,spec_pace,right,medium_fast,83,0.45,8.9,54.7,4.1,0.551,1.858,0.151,603,0.15,5.48,36.7,40.2,1.021,0.865,odi: 14m 38r 11w
3f5f39cd,Al-Amin Hossain,Bangladesh,ball_by_ball,10.7,tail,spec_pace,right,medium_fast,20,0.17,11.5,66.0,6.9,0.62,1.551,0.451,663,0.13,5.65,31.6,33.6,1.059,1.068,odi: 15m 4r 22w
6c75310b,J Lewis,England,ball_by_ball,9.4,tail,spec_pace,right,medium,48,0.3,17.7,91.5,8.9,0.891,1.478,0.633,635,0.09,4.47,23.9,32.0,0.885,1.152,odi: 11m 43r 17w
23eeb873,DL Chahar,India,ball_by_ball,8.2,tail,spec_pace,right,medium,193,0.67,21.3,96.9,12.2,0.867,1.182,1.279,489,0.09,5.57,29.2,31.4,1.073,1.146,odi: 12m 191r 15w
193ef196,Sharjeel Khan,Pakistan,ball_by_ball,1.7,top,,left,leg_spin,679,0.81,40.3,116.3,18.3,1.513,1.115,3.305,,,,,,,,odi: 24m 787r 0w
3f61a062,BTJ Wheal,Scotland,ball_by_ball,10.7,tail,spec_pace,right,fast_medium,62,0.39,9.9,74.2,7.3,0.646,1.828,0.21,616,0.15,5.19,33.5,38.7,1.008,0.953,odi: 13m 47r 18w
5f5ca1a7,Tanwir Afzal,Hong Kong,ball_by_ball,7.8,tail,spec_pace,right,fast_medium,177,0.63,11.1,77.3,9.8,0.758,2.067,1.305,500,0.12,5.35,40.0,44.9,1.113,0.877,odi: 13m 161r 8w
7081491e,AA Obanda,Kenya,ball_by_ball,2.9,top,,right,medium_fast,677,0.81,25.5,74.6,9.8,0.913,1.142,1.002,,,,,,,,odi: 17m 487r 0w
a6bab2a9,K Gore,United States of America,ball_by_ball,7.6,tail,spec_spin,right,left_arm_orthodox,249,0.7,10.6,62.1,5.8,0.639,1.832,0.309,427,0.14,5.53,47.1,51.1,1.05,0.748,odi: 13m 171r 11w
d2f72b19,TBM de Leede,Netherlands,ball_by_ball,5.9,lower,spec_pace,right,medium,206,0.6,18.2,70.8,7.2,0.783,1.336,0.657,467,0.1,6.29,40.3,38.5,1.135,0.962,odi: 11m 113r 16w
f011dfa3,RC Irani,England,ball_by_ball,7.4,lower,spec_pace,right,medium,200,0.61,24.3,83.0,9.3,0.884,1.088,0.845,473,0.08,5.5,28.3,30.8,0.962,1.108,odi: 10m 118r 8w
9f308dfc,JP Kotze,Namibia,ball_by_ball,2.6,top,,left,,672,0.82,16.4,61.8,7.2,0.791,1.415,0.557,,,,,,,,odi: 25m 448r 0w
4933f499,JP Behrendorff,Australia,ball_by_ball,9.7,tail,spec_pace,right,fast_medium,23,0.2,17.2,89.6,8.2,0.818,1.369,0.669,646,0.08,4.91,24.3,29.7,0.978,1.25,odi: 12m 21r 16w
ffb504b1,XM Marshall,West Indies,ball_by_ball,2.0,top,part_spin,right,off_spin,665,0.8,20.2,62.7,8.7,0.843,1.164,1.04,3,0.0,5.82,44.7,46.1,1.036,0.775,odi: 26m 379r 0w
8c2aa0f9,PKD Chase,Ireland,ball_by_ball,11.0,tail,spec_pace,right,medium_fast,31,0.24,11.3,73.1,8.3,0.692,1.788,0.864,636,0.13,6.88,40.7,35.5,1.243,1.008,odi: 13m 22r 19w
f987245c,AM Ellis,New Zealand,ball_by_ball,7.8,tail,spec_pace,right,medium_fast,184,0.65,16.5,92.4,8.8,0.836,1.455,0.71,482,0.07,5.62,30.1,32.1,1.041,1.171,odi: 15m 154r 12w
5ad8c974,I Kaia,Zimbabwe,ball_by_ball,2.2,top,part_spin,right,leg_spin,635,0.8,21.9,64.1,6.8,0.853,1.125,0.642,28,0.01,5.75,57.2,59.7,1.084,0.644,odi: 20m 405r 0w
fce581b5,Khushdil Shah,Pakistan,ball_by_ball,6.3,lower,spec_spin,left,left_arm_orthodox,334,0.77,28.3,98.7,11.0,0.966,0.986,1.08,327,0.07,5.52,34.6,37.6,0.964,0.906,odi: 15m 328r 4w
3185266a,DLS van Bunge,Netherlands,ball_by_ball,4.4,middle,part_spin,right,leg_spin,508,0.77,23.6,66.9,7.7,0.798,1.065,0.954,151,0.05,6.91,62.8,54.5,1.318,0.718,odi: 15m 293r 6w
3a026eb4,Rizwan Cheema,Canada,ball_by_ball,4.6,middle,spec_pace,right,medium,165,0.54,28.3,99.8,14.3,1.208,1.348,3.119,493,0.13,6.68,47.1,42.3,1.202,0.846,odi: 13m 196r 12w
6c7a68d0,Shubham Ranjane,United States of America,ball_by_ball,6.4,lower,spec_unk,,,237,0.69,16.7,73.2,7.4,0.749,1.333,0.532,421,0.18,6.95,62.5,54.0,1.225,0.661,odi: 11m 190r 13w
d99cc23a,T van der Gugten,Netherlands,ball_by_ball,8.5,tail,spec_pace,right,fast_medium,166,0.6,11.6,66.2,5.8,0.671,1.746,0.684,492,0.13,4.53,30.4,40.3,0.875,0.895,odi: 12m 116r 12w
465aa633,N Burger,South Africa,ball_by_ball,10.1,tail,spec_pace,left,fast_medium,92,0.48,14.3,63.6,6.5,0.624,1.282,0.372,564,0.09,5.43,26.3,29.0,1.009,1.233,odi: 12m 39r 21w
5531248e,MDK Perera,Sri Lanka,ball_by_ball,6.4,lower,spec_spin,right,off_spin,199,0.62,21.9,88.3,10.3,0.926,1.182,0.893,457,0.08,5.1,31.9,37.5,0.965,1.008,odi: 13m 152r 13w
70d57519,AAP Atkinson,England,ball_by_ball,9.3,tail,spec_pace,right,fast_medium,92,0.46,22.7,108.3,12.8,1.093,1.444,1.086,563,0.1,5.79,31.0,32.1,1.073,1.141,odi: 13m 127r 16w
aa467af0,Tanvir Islam,Bangladesh,ball_by_ball,9.3,tail,spec_spin,left,left_arm_orthodox,48,0.32,12.7,70.3,8.7,0.684,1.601,0.687,607,0.13,4.92,34.0,41.5,0.938,0.905,odi: 11m 31r 16w
796e4140,Khurram Chohan,Canada,ball_by_ball,9.3,tail,spec_pace,right,fast_medium,137,0.58,8.9,61.1,6.3,0.562,1.857,0.635,517,0.14,6.16,39.6,38.6,1.155,0.897,odi: 11m 77r 19w
27b8d7b6,K Birkenstock,Namibia,ball_by_ball,4.1,middle,part_unk,,,426,0.76,14.4,52.5,5.6,0.639,1.275,0.102,227,0.14,7.96,85.1,64.2,1.324,0.5,odi: 17m 233r 5w
58c2fac4,A Athanaze,West Indies,ball_by_ball,1.6,top,spec_spin,left,off_spin,525,0.76,28.3,78.5,10.4,1.023,1.07,1.324,128,0.03,4.57,31.8,41.7,0.843,0.901,odi: 17m 405r 4w
d405c0d5,AM Hardie,Australia,ball_by_ball,6.3,lower,spec_pace,right,medium_fast,225,0.64,26.4,85.3,9.1,0.957,1.113,0.743,426,0.07,4.99,26.5,31.9,0.996,1.227,odi: 15m 180r 10w
dd572696,Haider Ali,United Arab Emirates,ball_by_ball,9.3,tail,spec_spin,left,left_arm_orthodox,105,0.51,6.0,41.9,3.6,0.399,1.909,0.129,546,0.18,5.28,51.0,58.0,1.009,0.643,odi: 10m 26r 6w
ada15e88,PSP Handscomb,Australia,ball_by_ball,4.5,middle,,right,off_spin,649,0.85,38.0,102.5,9.5,1.14,0.908,0.666,,,,,,,,odi: 22m 632r 0w
a61bcb94,K Pierre,West Indies,ball_by_ball,9.8,tail,spec_spin,left,left_arm_orthodox,130,0.52,16.4,65.2,7.0,0.767,1.536,1.219,511,0.11,4.53,32.3,42.9,0.856,0.848,odi: 10m 81r 6w
755a77c6,GS Ballance,England,ball_by_ball,3.5,middle,,left,leg_spin,639,0.83,29.2,74.9,7.5,0.899,0.954,0.308,,,,,,,,odi: 21m 454r 0w
45d4cb14,RD Shah,Kenya,ball_by_ball,2.2,top,,,,636,0.78,27.1,74.8,9.1,0.964,1.059,0.614,,,,,,,,odi: 14m 407r 0w
7429c452,I Wardlaw,Scotland,ball_by_ball,10.9,tail,spec_pace,right,medium,32,0.24,9.9,67.3,6.7,0.633,1.856,0.386,604,0.13,6.13,38.0,37.2,1.183,0.968,odi: 12m 18r 17w
c66d9486,U Bhatti,Canada,ball_by_ball,8.6,tail,spec_pace,left,medium,129,0.57,11.3,82.7,8.8,0.73,1.863,0.721,507,0.12,5.34,41.0,46.0,1.128,0.855,odi: 11m 120r 12w
7d5af2ea,KC Brathwaite,West Indies,ball_by_ball,2.0,top,spec_spin,right,off_spin,483,0.77,25.5,63.3,6.7,0.818,0.913,0.691,152,0.03,5.17,35.0,40.6,0.945,0.872,odi: 10m 278r 1w
66b30f71,AB Dinda,India,ball_by_ball,9.8,tail,spec_pace,right,fast_medium,36,0.28,15.8,84.5,9.1,0.756,1.351,0.646,597,0.09,6.26,32.7,31.3,1.145,1.117,odi: 13m 21r 12w
b57f8a9a,BJ Hodge,Australia,ball_by_ball,4.3,middle,part_spin,right,off_spin,566,0.82,37.9,104.5,11.7,1.119,0.898,1.408,66,0.02,5.29,39.0,44.3,1.033,0.914,odi: 23m 516r 1w
4b2d6789,TS Chisoro,Zimbabwe,ball_by_ball,9.0,tail,spec_spin,left,left_arm_orthodox,151,0.61,11.7,74.1,7.2,0.679,1.689,0.518,480,0.11,4.92,39.0,47.6,0.941,0.788,odi: 12m 109r 12w
1fe81cc9,T Kamungozi,Zimbabwe,ball_by_ball,10.9,tail,spec_spin,right,leg_spin,53,0.34,10.6,65.3,7.5,0.625,1.734,0.322,577,0.14,5.55,44.7,48.3,1.03,0.764,odi: 13m 25r 12w
7ffe4817,C Tear,Scotland,ball_by_ball,1.8,top,,right,,628,0.79,23.5,71.6,8.5,0.935,1.184,0.649,,,,,,,,odi: 20m 489r 0w
0be1b885,Danish Kaneria,Pakistan,ball_by_ball,10.9,tail,spec_spin,right,leg_spin,15,0.15,14.6,81.6,8.4,0.731,1.411,0.616,612,0.11,5.59,38.2,41.0,1.028,0.91,odi: 13m 9r 10w
a8ac334b,Muhammad Shahdad,United Arab Emirates,ball_by_ball,3.6,middle,part_unk,,,426,0.77,21.1,68.0,6.9,0.784,1.114,0.921,201,0.11,7.67,100.4,78.5,1.44,0.48,odi: 9m 319r 4w
d2a989fc,DS Kulkarni,India,ball_by_ball,10.5,tail,spec_pace,right,medium,28,0.25,18.9,96.9,11.2,0.827,1.216,0.907,599,0.12,5.51,27.9,30.4,0.995,1.131,odi: 12m 27r 19w
bf74b130,FH Allen,New Zealand,ball_by_ball,1.4,top,,right,off_spin,624,0.79,34.1,92.8,13.5,1.215,1.043,1.782,,,,,,,,odi: 22m 582r 0w
bceb1b07,JJ Tucker,Bermuda,ball_by_ball,6.1,lower,spec_pace,right,medium,315,0.68,15.8,65.5,8.1,0.798,1.635,0.71,308,0.06,6.0,44.0,44.0,1.174,0.888,odi: 11m 203r 3w
c0790f82,L Klusener,South Africa,ball_by_ball,7.6,tail,spec_pace,left,fast_medium,152,0.62,23.0,119.6,15.3,0.992,1.231,1.89,469,0.07,5.58,29.4,31.6,1.029,1.189,odi: 12m 163r 11w
710dd98c,MN van Wyk,South Africa,ball_by_ball,3.0,top,,right,left_arm_orthodox,617,0.8,31.4,79.6,10.6,0.979,0.934,0.823,,,,,,,,odi: 17m 425r 0w
4a461c24,LA Dawson,England,ball_by_ball,8.4,tail,spec_spin,right,left_arm_orthodox,159,0.58,20.2,83.4,8.1,0.91,1.402,0.775,456,0.09,5.27,33.0,37.5,0.971,0.952,odi: 10m 133r 9w
d3a3e82d,AB Barath,West Indies,ball_by_ball,1.9,top,,right,off_spin,612,0.8,28.9,74.8,10.4,0.968,0.986,1.102,,,,,,,,odi: 14m 394r 0w
06cad4f0,A Sharafu,United Arab Emirates,ball_by_ball,4.4,middle,part_pace,right,fast_medium,599,0.82,18.1,67.7,7.9,0.792,1.352,0.764,12,0.0,6.44,65.9,61.4,1.231,0.606,odi: 28m 433r 0w
93b4fc78,MK Pandey,India,ball_by_ball,4.9,middle,,right,medium,610,0.85,38.0,96.3,9.8,1.0,0.766,0.549,,,,,,,,odi: 28m 558r 0w
e01aafc1,AN Petersen,South Africa,ball_by_ball,3.6,middle,part_spin,right,off_spin,601,0.81,35.7,93.3,10.7,1.088,0.923,0.72,6,0.0,5.68,39.8,42.0,1.024,0.886,odi: 20m 498r 0w
6821ac10,JJ van der Wath,South Africa,ball_by_ball,7.5,lower,spec_pace,right,fast_medium,70,0.43,28.7,140.5,20.2,1.125,1.074,2.592,532,0.08,6.47,30.7,28.4,1.127,1.19,odi: 10m 89r 13w
f7ce2ff9,J Ramanandi,Oman,ball_by_ball,6.5,lower,spec_pace,left,medium,294,0.71,17.9,74.4,8.2,0.811,1.394,0.962,306,0.09,5.77,43.8,45.6,1.113,0.815,odi: 10m 246r 2w
3f18724b,MC Sorensen,Ireland,ball_by_ball,9.1,tail,spec_pace,right,fast_medium,149,0.6,12.6,76.5,8.4,0.709,1.647,0.672,449,0.11,6.16,36.4,35.4,1.118,0.974,odi: 10m 119r 12w
32198ae0,MC Henriques,Australia,ball_by_ball,5.4,middle,spec_pace,right,fast_medium,192,0.63,23.1,77.3,8.5,0.833,1.061,0.471,403,0.06,5.15,25.5,29.7,0.94,1.228,odi: 16m 117r 8w
86cd782f,Mehrab Hossain jnr,Bangladesh,ball_by_ball,3.5,top,spec_spin,left,left_arm_orthodox,408,0.71,22.4,60.7,7.5,0.768,1.034,0.403,187,0.06,5.98,37.5,37.6,1.012,0.867,odi: 12m 183r 3w
a73321d3,A Shahzad,England,ball_by_ball,9.5,tail,spec_pace,right,fast_medium,60,0.37,15.9,83.6,10.7,0.795,1.453,1.628,530,0.09,5.55,27.6,29.9,0.979,1.137,odi: 10m 40r 15w
2e0fcc58,AG Wharf,England,ball_by_ball,9.0,tail,spec_pace,right,fast_medium,28,0.25,15.1,89.2,10.4,0.767,1.399,0.959,557,0.1,5.28,27.2,30.9,0.963,1.147,odi: 12m 19r 17w
12c3ba4d,P Khadka,Nepal,ball_by_ball,2.8,top,spec_spin,right,off_spin,308,0.68,22.9,71.8,9.5,0.907,1.218,0.739,276,0.09,5.65,50.5,53.6,1.074,0.714,odi: 8m 252r 4w
7b5c6c0b,CD Wallace,Scotland,ball_by_ball,5.2,middle,,right,,584,0.84,20.0,84.8,8.8,0.869,1.278,0.64,,,,,,,,odi: 25m 515r 0w
9d1f42c6,Ashfaq Ahmed,United Arab Emirates,ball_by_ball,1.3,top,spec_unk,,,384,0.7,22.6,79.4,10.5,1.033,1.363,1.522,199,0.07,6.47,67.6,62.7,1.249,0.627,odi: 15m 343r 4w
c3564c2d,G Toka,Papua New Guinea,ball_by_ball,4.6,middle,part_unk,,,483,0.77,13.5,53.1,5.0,0.653,1.491,0.261,100,0.06,8.27,107.7,78.1,1.46,0.451,odi: 22m 268r 3w
07793daf,JR Lennox,New Zealand,ball_by_ball,10.2,tail,spec_spin,left,left_arm_orthodox,24,0.2,12.9,71.0,8.4,0.657,1.449,0.709,558,0.12,4.59,26.8,35.1,0.854,1.051,odi: 10m 3r 22w
8728a058,R Clarke,England,ball_by_ball,7.0,lower,spec_pace,right,fast_medium,170,0.58,21.5,81.5,9.4,0.847,1.178,0.838,410,0.07,6.16,33.1,32.3,1.079,1.126,odi: 16m 91r 9w
3eb7c45d,Imran Nazir,Pakistan,ball_by_ball,1.3,top,,right,off_spin,579,0.75,36.6,105.8,15.8,1.375,1.097,2.399,,,,,,,,odi: 21m 531r 0w
7955eb15,RK Kleinveldt,South Africa,ball_by_ball,8.9,tail,spec_pace,right,fast_medium,124,0.54,18.6,88.9,11.2,0.852,1.33,1.432,455,0.07,5.44,27.7,30.5,0.968,1.189,odi: 9m 105r 11w
7cb931fc,Hassnain Shah,Oman,ball_by_ball,9.7,tail,spec_unk,,,79,0.45,11.6,81.7,10.6,0.755,1.926,1.852,500,0.22,7.24,57.5,47.7,1.251,0.708,odi: 12m 89r 19w
59559bc2,J Overton,England,ball_by_ball,8.0,tail,spec_pace,right,fast,216,0.66,23.1,99.6,12.5,1.046,1.395,1.27,362,0.06,5.38,29.8,33.2,1.035,1.161,odi: 12m 240r 13w
ed90abe4,AP Devcich,New Zealand,ball_by_ball,2.6,top,part_spin,left,left_arm_orthodox,253,0.61,31.4,90.4,12.1,1.126,1.041,0.85,325,0.06,5.47,41.9,45.9,1.034,0.854,odi: 12m 195r 4w
bf814547,K Verreynne,South Africa,ball_by_ball,4.0,middle,,right,,575,0.82,41.7,94.8,9.9,1.098,0.815,1.116,,,,,,,,odi: 16m 521r 0w
323e4c16,HDPK Dharmasena,Sri Lanka,ball_by_ball,8.0,tail,spec_spin,right,off_spin,151,0.59,17.3,95.3,7.0,0.863,1.428,0.213,422,0.08,4.73,30.1,38.2,0.875,0.942,odi: 8m 129r 4w
75b8e198,Nangeyalia Kharote,Afghanistan,wikipedia_totals,,tail,spec_spin,left,left_arm_orthodox,108,0.06,15.4,65.3,7.3,0.753,1.501,0.762,464,0.1,4.52,28.6,37.9,0.838,0.96,wikipedia_odi: 11m 70r 17w
fbaa61d2,KO Otieno,Kenya,ball_by_ball,1.1,top,,right,,571,0.75,18.1,56.3,8.3,0.751,1.196,1.177,,,,,,,,odi: 19m 250r 0w
33b3d2df,GJ Delany,Ireland,ball_by_ball,5.8,lower,spec_spin,right,leg_spin,222,0.66,19.4,89.7,10.6,0.934,1.353,0.93,348,0.09,6.27,47.3,45.2,1.154,0.815,odi: 19m 217r 6w
6ed3d5ac,DO Obuya,Kenya,ball_by_ball,2.9,top,,right,,569,0.77,18.3,63.0,7.2,0.788,1.275,0.688,,,,,,,,odi: 23m 302r 0w
c8d74c21,J Gumbie,Zimbabwe,ball_by_ball,1.0,top,,right,,567,0.78,22.6,61.5,7.0,0.818,1.035,0.23,,,,,,,,odi: 15m 379r 0w
cff25ee1,DA Gunawardene,Sri Lanka,ball_by_ball,1.7,top,,left,,567,0.75,30.2,76.3,9.0,0.979,0.975,0.595,,,,,,,,odi: 16m 322r 0w
f17971df,BG Rogers,Zimbabwe,ball_by_ball,2.0,top,spec_spin,left,off_spin,398,0.7,31.9,85.5,10.6,1.065,1.031,0.624,169,0.05,6.79,47.5,42.0,1.126,0.763,odi: 8m 287r 5w
331bd689,MA Suji,Kenya,ball_by_ball,9.6,tail,spec_pace,right,medium_fast,48,0.34,9.9,79.3,8.0,0.653,1.856,0.771,518,0.09,5.0,35.7,42.9,1.049,0.9,odi: 11m 36r 9w
1786a21b,BJ Curran,Zimbabwe,ball_by_ball,2.0,top,,left,off_spin,564,0.8,34.1,79.5,8.2,0.962,0.853,0.165,,,,,,,,odi: 9m 444r 0w
1b668884,MS Sinclair,New Zealand,ball_by_ball,3.8,middle,,right,medium,561,0.8,36.2,81.5,9.0,0.946,0.77,0.726,,,,,,,,odi: 19m 367r 0w
21d4e29b,Navdeep Saini,India,ball_by_ball,8.8,tail,spec_pace,right,fast,137,0.59,19.2,85.0,9.9,0.775,1.166,0.84,424,0.07,6.23,31.8,30.7,1.095,1.103,odi: 8m 107r 6w
56c205b7,PJ Forrest,Australia,ball_by_ball,3.5,top,,right,medium,561,0.81,32.7,79.0,10.1,0.95,0.893,1.037,,,,,,,,odi: 15m 368r 0w
e8511411,SJ Baard,Namibia,ball_by_ball,1.5,top,,right,medium_fast,559,0.78,16.6,57.7,6.7,0.754,1.356,0.461,,,,,,,,odi: 17m 326r 0w
218d4d78,MT Renshaw,Australia,ball_by_ball,5.1,middle,spec_spin,left,off_spin,336,0.74,41.4,100.1,9.3,1.137,0.862,1.007,222,0.04,5.02,30.3,36.2,0.958,1.069,odi: 10m 326r 7w
c9cac448,T Mishra,Kenya,ball_by_ball,5.3,middle,,right,medium_fast,554,0.82,24.2,75.9,7.7,0.835,1.061,0.53,,,,,,,,odi: 15m 395r 0w
151e8077,CS Baugh,West Indies,ball_by_ball,7.8,tail,,right,leg_spin,553,0.84,16.5,81.3,8.2,0.784,1.448,0.669,,,,,,,,odi: 38m 382r 0w
fe366f34,C Connolly,Australia,ball_by_ball,3.7,middle,spec_spin,left,left_arm_orthodox,371,0.74,40.3,93.0,11.1,1.073,0.778,1.426,180,0.03,4.89,28.9,35.5,0.937,1.076,odi: 13m 332r 7w
9a158001,Azhar Mahmood,Pakistan,ball_by_ball,7.7,tail,spec_pace,right,medium_fast,156,0.58,19.0,91.0,10.2,0.862,1.362,1.359,394,0.06,5.23,30.5,35.0,0.962,1.067,odi: 12m 126r 5w
b58af144,Tushar Imran,Bangladesh,ball_by_ball,4.3,middle,spec_pace,right,medium,460,0.74,22.4,69.5,8.0,0.853,1.152,0.505,90,0.01,5.29,30.9,35.0,0.969,1.042,odi: 22m 250r 1w
f6b5d11a,PDRL Perera,Sri Lanka,ball_by_ball,11.0,tail,spec_pace,left,medium_fast,9,0.08,14.6,80.3,7.8,0.75,1.492,0.509,541,0.08,5.68,30.8,32.6,1.128,1.149,odi: 13m 5r 11w
a28a7fba,A Johnson,Canada,ball_by_ball,1.2,top,part_spin,right,off_spin,525,0.75,23.3,82.6,12.8,1.079,1.367,2.507,24,0.02,7.11,59.7,50.4,1.174,0.616,odi: 22m 514r 0w
00ea9791,HP Tillakaratne,Sri Lanka,ball_by_ball,4.0,middle,,left,,548,0.77,34.2,79.0,7.3,0.954,0.834,0.229,,,,,,,,odi: 16m 332r 0w
e8b5ea8d,A McGrath,England,ball_by_ball,5.3,middle,spec_pace,right,medium,336,0.69,29.7,69.8,7.6,0.819,0.855,0.586,210,0.03,5.32,31.2,35.1,1.012,1.125,odi: 13m 155r 3w
7fa2ab1f,RML Taylor,Scotland,ball_by_ball,7.9,tail,spec_pace,left,medium,126,0.54,12.8,75.5,6.9,0.768,1.831,0.455,419,0.1,5.97,37.6,37.8,1.119,0.949,odi: 9m 105r 10w
a8ce3491,AJ Stewart,England,ball_by_ball,5.3,middle,,right,medium,545,0.81,37.1,92.3,9.6,0.983,0.786,0.539,,,,,,,,odi: 13m 398r 0w
fa1aa7e7,D Langford-Smith,Ireland,ball_by_ball,9.7,tail,spec_pace,right,fast_medium,83,0.44,14.6,90.8,9.6,0.852,1.721,0.948,461,0.08,5.21,33.6,38.7,1.028,0.986,odi: 11m 79r 10w
4b57e452,M Vijay,India,ball_by_ball,2.0,top,part_spin,right,off_spin,506,0.76,29.2,72.9,10.0,0.993,0.951,0.936,36,0.01,5.72,43.9,46.0,1.076,0.847,odi: 17m 339r 1w
6dd8b88c,Usama Mir,Pakistan,ball_by_ball,8.0,tail,spec_spin,right,leg_spin,29,0.23,17.7,92.3,10.9,0.875,1.445,1.493,512,0.11,5.33,33.7,37.9,0.959,0.949,odi: 9m 38r 14w
0480aba6,Enamul Haque jnr,Bangladesh,ball_by_ball,10.0,tail,spec_spin,right,left_arm_orthodox,16,0.17,11.5,73.2,7.2,0.655,1.602,0.446,519,0.12,4.99,34.3,41.2,0.922,0.904,odi: 9m 8r 14w
26e5cabf,MK Tiwary,India,ball_by_ball,4.4,middle,part_spin,right,leg_spin,403,0.75,34.3,80.9,9.5,0.987,0.899,0.942,132,0.04,6.73,44.4,39.6,1.153,0.861,odi: 12m 287r 5w
7f3ad1ed,SR Thompson,Ireland,ball_by_ball,6.6,lower,spec_pace,left,medium_fast,196,0.64,20.7,87.0,9.4,0.912,1.322,0.816,338,0.07,5.76,37.5,39.1,1.075,0.993,odi: 13m 178r 9w
d2f3829d,NV Knight,England,ball_by_ball,2.0,top,,left,medium,534,0.74,40.6,94.0,10.7,1.22,0.882,1.104,,,,,,,,odi: 13m 390r 0w
e88468b7,Mujibur Ali,Oman,ball_by_ball,4.0,middle,part_unk,,,237,0.64,18.5,56.9,5.8,0.701,1.194,0.148,292,0.15,6.83,87.5,76.8,1.297,0.488,odi: 10m 137r 5w
82342b13,B Bhandari,Nepal,ball_by_ball,4.9,middle,,right,,528,0.81,16.7,59.6,6.5,0.666,1.172,0.288,,,,,,,,odi: 19m 331r 0w
dadb9703,B Mavuta,Zimbabwe,ball_by_ball,8.2,tail,spec_spin,right,leg_spin,107,0.49,14.4,76.4,7.6,0.806,1.746,0.508,421,0.11,5.74,48.8,51.0,1.065,0.766,odi: 14m 92r 10w
7b953689,MP Kuhnemann,Australia,ball_by_ball,9.0,tail,spec_spin,left,left_arm_orthodox,95,0.47,15.8,71.1,7.4,0.706,1.318,0.419,432,0.08,4.72,28.2,35.8,0.931,1.072,odi: 8m 54r 13w
ba4d600a,Shafiqullah,Afghanistan,wikipedia_totals,,middle,part_unk,right,,527,0.34,29.4,86.5,9.6,0.997,1.024,0.944,,,,,,,,wikipedia_odi: 24m 430r w
8bd9fd13,L Steenkamp,Namibia,ball_by_ball,4.4,middle,,right,off_spin,525,0.81,22.7,66.7,6.2,0.787,1.114,0.718,,,,,,,,odi: 11m 374r 0w
cec44e08,SM Sharma,United Arab Emirates,ball_by_ball,8.3,tail,spec_pace,right,medium,135,0.59,10.4,75.3,7.1,0.677,1.89,0.719,390,0.13,6.08,41.9,41.4,1.156,0.837,odi: 11m 130r 12w
5faa30f7,Amir Hayat,United Arab Emirates,ball_by_ball,9.0,tail,spec_pace,right,medium,73,0.39,9.1,49.0,4.8,0.548,1.936,0.657,449,0.13,6.16,44.4,43.3,1.117,0.827,odi: 9m 31r 11w
4a36c370,N Madziva,Zimbabwe,ball_by_ball,9.1,tail,spec_pace,right,medium_fast,122,0.55,10.5,61.3,5.6,0.594,1.655,0.204,399,0.09,6.22,36.8,35.5,1.052,0.916,odi: 9m 59r 13w
0ecb4de6,Rehan Ahmed,England,ball_by_ball,6.7,lower,spec_spin,right,leg_spin,122,0.49,23.7,87.7,10.9,0.954,1.133,0.828,396,0.09,5.4,33.6,37.3,0.991,0.974,odi: 9m 99r 12w
543d3e69,KAD Hurdle,Bermuda,ball_by_ball,9.9,tail,spec_unk,,,47,0.32,7.1,61.1,7.0,0.548,2.216,0.607,470,0.14,6.13,52.0,50.9,1.209,0.749,odi: 9m 25r 15w
1bae756b,ADS Fletcher,West Indies,ball_by_ball,2.5,top,part_spin,right,leg_spin,488,0.75,23.5,71.4,10.7,0.95,1.149,1.637,28,0.01,5.88,45.5,46.4,1.049,0.769,odi: 23m 305r 0w
05e0fab5,CS Martin,New Zealand,ball_by_ball,11.0,tail,spec_pace,right,fast_medium,3,0.04,15.8,84.4,9.4,0.784,1.431,0.921,512,0.07,4.93,27.3,33.2,0.988,1.137,odi: 11m 2r 7w
068c47d2,JJ Davidson,Scotland,ball_by_ball,10.4,tail,spec_pace,right,fast,39,0.31,11.9,85.3,7.3,0.737,1.773,0.254,475,0.14,7.06,43.9,37.3,1.276,0.931,odi: 10m 47r 14w
3b53243a,XC Bartlett,Australia,ball_by_ball,8.2,tail,spec_pace,right,fast_medium,81,0.42,19.1,82.2,8.9,0.872,1.398,1.223,433,0.08,4.8,22.2,27.8,0.916,1.276,odi: 9m 69r 20w
81a0e294,SA Engelbrecht,Netherlands,ball_by_ball,4.6,middle,part_spin,right,off_spin,501,0.8,24.3,66.2,6.5,0.764,0.98,0.307,12,0.0,6.41,59.6,55.8,1.191,0.673,odi: 11m 327r 0w
c4bc3b59,D Khanal,Nepal,ball_by_ball,3.0,top,part_unk,,,495,0.77,20.3,64.8,6.8,0.825,1.24,0.734,18,0.01,7.93,103.9,78.7,1.496,0.48,odi: 15m 342r 0w
a4cc73aa,SV Samson,India,ball_by_ball,4.8,middle,,right,off_spin,512,0.81,49.0,99.5,11.8,1.118,0.684,2.025,,,,,,,,odi: 16m 510r 0w
bb9d73d8,Suraj Kumar,Oman,ball_by_ball,6.4,lower,,right,,511,0.83,17.2,73.5,7.3,0.748,1.301,0.738,,,,,,,,odi: 22m 392r 0w
69362253,RN Lewis,West Indies,ball_by_ball,8.1,tail,spec_spin,right,leg_spin,125,0.56,17.6,106.9,11.7,0.95,1.57,2.013,385,0.09,5.65,39.2,41.6,1.039,0.885,odi: 11m 134r 8w
cefe0886,E Schiferli,Netherlands,ball_by_ball,6.6,lower,spec_pace,right,medium_fast,129,0.42,18.9,68.5,8.3,0.868,1.415,0.505,381,0.08,5.74,39.1,40.9,1.166,0.901,odi: 9m 79r 7w
608e1581,Hannan Sarkar,Bangladesh,ball_by_ball,1.0,top,part_pace,right,medium,505,0.71,29.2,73.4,9.3,0.978,0.96,0.98,3,0.0,6.16,49.9,48.5,1.135,0.761,odi: 13m 280r 0w
e3829b2a,Usman Ghani,Afghanistan,wikipedia_totals,,top,part_spin,right,off_spin,466,0.3,31.5,95.2,11.3,1.098,1.053,1.106,38,0.01,5.66,42.9,45.5,1.056,0.8,wikipedia_odi: 17m 435r 1w
e662b18f,JAR Blain,Scotland,ball_by_ball,8.8,tail,spec_unk,,,129,0.53,10.3,59.9,6.0,0.606,1.791,0.782,373,0.1,5.66,46.6,49.4,1.203,0.791,odi: 10m 67r 14w
c57fa67e,E Otieno,Kenya,ball_by_ball,10.7,tail,spec_pace,right,medium_fast,54,0.36,7.7,58.0,5.7,0.517,1.875,0.253,447,0.11,6.91,42.7,37.1,1.236,0.911,odi: 11m 21r 12w
cb5100f1,Ebadat Hossain,Bangladesh,ball_by_ball,10.3,tail,spec_pace,right,fast,14,0.13,11.8,68.5,7.1,0.641,1.579,0.472,486,0.1,5.45,30.2,33.3,1.005,1.101,odi: 11m 3r 21w
5d38476c,Saqib Zulfiqar,Netherlands,ball_by_ball,6.6,lower,part_spin,right,left_arm_orthodox,223,0.67,16.8,72.2,7.6,0.739,1.319,0.672,276,0.08,6.45,58.0,53.9,1.193,0.7,odi: 11m 158r 7w
3ee0050f,PM Liyanagamage,Sri Lanka,ball_by_ball,9.6,tail,spec_pace,right,medium_fast,120,0.55,11.0,60.5,6.4,0.563,1.451,0.152,377,0.07,6.15,31.5,30.8,1.11,1.139,odi: 10m 53r 8w
d02c40ab,YS Samra,Canada,ball_by_ball,1.2,top,part_unk,,,472,0.74,24.3,75.0,10.2,0.958,1.184,1.141,24,0.01,8.09,104.8,77.8,1.536,0.49,odi: 14m 378r 1w
eaa36b2a,BJ Bennett,Zimbabwe,ball_by_ball,2.5,top,part_spin,right,off_spin,429,0.74,29.5,85.9,10.9,1.061,1.07,0.822,66,0.02,5.83,60.5,62.2,1.139,0.65,odi: 12m 387r 1w
c7f6dd3b,SW Ambris,West Indies,ball_by_ball,2.2,top,,right,,494,0.77,34.6,94.4,11.2,1.178,1.003,1.0,,,,,,,,odi: 16m 473r 0w
d06335fd,KA Edwards,West Indies,ball_by_ball,2.9,top,,right,off_spin,494,0.78,29.0,77.2,9.4,0.957,0.963,1.505,,,,,,,,odi: 16m 331r 0w
8319b9ea,CB Wishart,Zimbabwe,ball_by_ball,1.8,top,,right,off_spin,492,0.73,28.7,87.1,11.0,1.087,1.112,1.077,,,,,,,,odi: 16m 361r 0w
9025e58f,Junaid Siddiqui,Canada,ball_by_ball,8.9,tail,spec_spin,right,leg_spin,138,0.54,8.7,49.8,4.1,0.532,1.883,0.481,353,0.11,5.72,51.6,54.2,1.069,0.698,odi: 8m 59r 5w
e412cb64,HF Gurney,England,ball_by_ball,11.0,tail,spec_pace,right,fast_medium,33,0.28,13.5,79.1,8.7,0.695,1.415,0.554,458,0.07,5.63,29.2,31.2,1.035,1.134,odi: 10m 15r 11w
1c790f4f,Rumman Raees,Pakistan,ball_by_ball,10.8,tail,spec_pace,right,fast_medium,24,0.19,17.3,88.9,9.1,0.846,1.427,0.575,465,0.09,5.8,28.7,29.7,1.027,1.1,odi: 9m 27r 14w
22bd731a,DG Brownlie,New Zealand,ball_by_ball,2.6,top,,right,medium,486,0.76,33.2,84.6,11.1,1.072,0.972,0.791,,,,,,,,odi: 16m 361r 0w
7662cf7a,Bilawal Bhatti,Pakistan,ball_by_ball,8.0,tail,spec_pace,right,fast_medium,75,0.45,18.2,107.6,11.3,0.906,1.419,0.855,410,0.07,6.06,34.3,33.9,1.1,1.07,odi: 10m 89r 6w
d07c1b2f,Saud Shakeel,Pakistan,ball_by_ball,4.6,middle,part_spin,left,spin,438,0.77,34.6,84.8,8.8,1.014,0.913,0.31,47,0.01,5.22,42.4,48.7,1.004,0.813,odi: 17m 374r 1w
bb9b51f4,JOA Gordon,Canada,ball_by_ball,10.9,tail,spec_pace,right,fast,47,0.32,8.2,57.8,6.0,0.537,1.885,0.538,437,0.13,6.61,43.7,39.7,1.197,0.871,odi: 10m 22r 15w
9fbc7bc4,KO Meth,Zimbabwe,ball_by_ball,8.2,tail,spec_pace,right,medium_fast,93,0.45,11.5,64.6,6.3,0.652,1.722,0.309,388,0.09,6.44,42.9,40.0,1.169,0.85,odi: 8m 49r 5w
122108d8,S Chattergoon,West Indies,ball_by_ball,1.9,top,spec_spin,left,leg_spin,438,0.72,32.8,79.5,12.1,1.026,0.937,1.463,42,0.01,4.9,36.3,44.5,0.937,0.885,odi: 10m 281r 0w
d996ba33,J Kila,Papua New Guinea,ball_by_ball,8.0,tail,part_spin,left,left_arm_orthodox,244,0.68,9.6,60.4,6.3,0.649,2.135,0.364,236,0.1,6.36,66.7,63.0,1.187,0.602,odi: 13m 159r 6w
48301a4b,D la Cock,Namibia,ball_by_ball,2.0,top,part_spin,right,off_spin,466,0.73,19.7,66.1,9.2,0.863,1.295,1.019,12,0.01,6.55,59.0,54.0,1.156,0.646,odi: 15m 313r 0w
2feb5b8d,Akhil Kumar,Canada,ball_by_ball,7.9,tail,spec_unk,,,126,0.55,12.0,81.3,8.7,0.751,1.841,0.765,350,0.15,6.55,61.0,55.9,1.188,0.646,odi: 9m 123r 9w
9633359f,JS Malhotra,United States of America,ball_by_ball,4.9,middle,part_spin,right,off_spin,373,0.75,24.9,87.7,10.5,0.971,1.175,1.822,102,0.05,6.62,59.1,53.6,1.145,0.633,odi: 15m 358r 2w
4957b300,A Neill,Scotland,ball_by_ball,10.3,tail,spec_pace,right,medium,41,0.31,10.3,70.6,6.4,0.641,1.797,0.286,433,0.11,6.07,37.2,36.8,1.114,0.961,odi: 9m 29r 14w
c73bb037,Taufeeq Umar,Pakistan,ball_by_ball,1.7,top,,left,off_spin,474,0.71,32.5,73.8,9.7,0.983,0.868,0.588,,,,,,,,odi: 11m 262r 0w
dc0f5506,MJ Hoggard,England,ball_by_ball,11.0,tail,spec_pace,right,fast_medium,11,0.11,15.4,85.6,9.4,0.777,1.421,0.766,463,0.07,5.9,30.5,31.0,1.093,1.103,odi: 9m 5r 6w
dd37da14,UWMBCA Welegedara,Sri Lanka,ball_by_ball,10.3,tail,spec_pace,right,fast_medium,9,0.1,14.1,79.1,7.8,0.722,1.467,0.472,465,0.07,5.18,26.4,30.6,0.996,1.183,odi: 10m 4r 15w
3cacbb57,A Martin,West Indies,ball_by_ball,11.0,tail,spec_spin,right,leg_spin,29,0.24,11.7,73.2,8.8,0.647,1.553,0.967,444,0.08,4.5,30.4,40.5,0.86,0.914,odi: 9m 10r 11w
4a84f573,T Duffin,Zimbabwe,ball_by_ball,1.3,top,,left,medium,473,0.73,24.0,62.7,7.5,0.806,0.98,0.388,,,,,,,,odi: 9m 224r 0w
ae6746e0,Khurram Khan,United Arab Emirates,ball_by_ball,4.1,middle,spec_spin,left,left_arm_orthodox,311,0.71,23.9,74.4,7.5,0.889,1.184,0.405,162,0.05,6.86,53.5,46.8,1.149,0.696,odi: 9m 237r 2w
0cc343b0,NB Mahwire,Zimbabwe,ball_by_ball,8.9,tail,spec_pace,right,medium,106,0.51,9.0,60.1,5.6,0.542,1.713,0.259,366,0.08,5.44,36.9,40.7,1.005,0.872,odi: 10m 40r 7w
d1305df0,AGS Gous,United States of America,ball_by_ball,2.1,top,,right,,471,0.74,25.5,77.6,9.7,0.996,1.183,1.069,,,,,,,,odi: 13m 404r 0w
6cc006ef,RAP Nissanka,Sri Lanka,ball_by_ball,10.0,tail,spec_pace,right,medium_fast,80,0.42,12.4,66.8,6.6,0.623,1.449,0.305,389,0.06,5.03,27.9,33.3,1.03,1.164,odi: 9m 31r 11w
70456281,Ehsan Nawaz,Hong Kong,ball_by_ball,9.9,tail,spec_pace,right,fast_medium,83,0.43,7.4,46.4,4.5,0.489,2.027,0.239,386,0.12,6.05,37.8,37.4,1.089,0.903,odi: 9m 29r 11w
e2ee90d9,MA Aponso,Sri Lanka,ball_by_ball,10.6,tail,spec_spin,right,left_arm_orthodox,45,0.29,12.8,59.8,6.2,0.618,1.459,0.369,423,0.08,5.17,31.8,36.9,0.971,0.986,odi: 9m 10r 10w
6a7239a7,ES Szwarczynski,Netherlands,ball_by_ball,2.4,top,,right,medium,467,0.75,22.0,63.7,7.3,0.805,1.121,0.324,,,,,,,,odi: 13m 281r 0w
3b8e7647,SP Krishnamurthi,United States of America,ball_by_ball,6.8,lower,part_spin,right,left_arm_orthodox,348,0.76,20.3,90.6,9.2,0.92,1.368,1.303,118,0.06,6.55,54.8,50.2,1.133,0.651,odi: 20m 348r 4w
be8eec9c,ML Nkala,Zimbabwe,ball_by_ball,7.3,lower,part_pace,right,fast_medium,175,0.6,20.8,88.8,10.1,0.887,1.265,0.914,291,0.09,7.07,63.5,53.9,1.186,0.629,odi: 11m 125r 4w
78f34e15,IE O'Brien,New Zealand,ball_by_ball,11.0,tail,spec_pace,right,fast_medium,11,0.09,15.3,77.9,8.9,0.747,1.425,0.895,453,0.07,5.91,29.0,29.4,1.088,1.195,odi: 10m 3r 14w
894b2d25,MJ Potts,England,ball_by_ball,10.3,tail,spec_pace,right,fast_medium,62,0.38,16.2,80.9,7.8,0.765,1.362,0.609,402,0.07,5.55,30.0,32.4,1.081,1.143,odi: 11m 45r 12w
a7a6c1c2,AR Odedara,Oman,ball_by_ball,1.9,top,,,,464,0.74,17.9,53.7,6.7,0.69,1.139,0.659,,,,,,,,odi: 10m 243r 0w
fd7d703c,Adeeb Usmani,United Arab Emirates,ball_by_ball,2.0,top,spec_spin,right,off_spin,398,0.73,24.0,72.5,8.2,0.908,1.169,1.248,66,0.03,6.33,52.1,49.3,1.105,0.714,odi: 8m 325r 2w
a670d624,RR Watson,Scotland,ball_by_ball,2.7,top,spec_pace,right,medium,336,0.67,26.2,76.2,9.9,0.97,1.117,0.768,126,0.03,5.78,39.2,40.7,1.105,0.957,odi: 11m 239r 3w
63249474,O Davidson,Scotland,ball_by_ball,9.5,tail,spec_spin,left,left_arm_orthodox,64,0.39,9.4,62.4,6.3,0.582,1.817,0.476,396,0.12,5.96,48.9,49.2,1.149,0.781,odi: 9m 34r 7w
35aa26af,A Flower,Zimbabwe,ball_by_ball,3.1,top,,left,off_spin,459,0.73,35.6,87.5,8.8,1.079,0.951,0.573,,,,,,,,odi: 8m 332r 0w
18261c22,SJ Myburgh,Netherlands,ball_by_ball,1.1,top,,left,off_spin,457,0.73,26.0,76.9,10.1,0.973,1.122,1.192,,,,,,,,odi: 14m 347r 0w
1bd16445,VM Nyauchi,Zimbabwe,ball_by_ball,10.7,tail,spec_pace,right,fast_medium,52,0.33,12.5,72.4,7.8,0.729,1.736,0.683,403,0.09,5.29,35.7,40.5,0.979,0.866,odi: 10m 43r 7w
2eece016,RN Bhatia,United Arab Emirates,ball_by_ball,9.2,tail,spec_spin,left,left_arm_orthodox,111,0.53,7.4,53.8,4.7,0.496,1.954,0.122,344,0.12,6.24,59.3,57.0,1.184,0.662,odi: 9m 51r 3w
0d37dea9,DE Budge,Scotland,ball_by_ball,6.1,lower,part_pace,right,medium,303,0.74,17.2,78.4,7.2,0.78,1.347,0.259,151,0.05,6.2,62.1,60.1,1.211,0.673,odi: 16m 237r 1w
cb263798,DL Hemp,Bermuda,ball_by_ball,4.6,middle,spec_pace,left,medium,391,0.72,20.8,70.6,8.5,0.84,1.265,0.71,61,0.01,7.0,44.9,38.4,1.221,0.906,odi: 11m 268r 0w
047d9032,JJ Krejza,Australia,ball_by_ball,9.0,tail,spec_spin,right,off_spin,23,0.19,16.6,84.1,8.6,0.766,1.319,0.721,425,0.08,5.2,32.7,37.7,0.985,1.027,odi: 8m 13r 7w
210b05cb,Ehsan Adil,Pakistan,ball_by_ball,9.4,tail,spec_pace,,fast_medium,57,0.4,13.3,87.9,8.0,0.694,1.394,0.314,391,0.08,5.45,31.1,34.2,1.03,1.075,odi: 9m 43r 9w
5abdfd23,HS Modi,Kenya,ball_by_ball,5.5,lower,,left,off_spin,448,0.76,16.1,60.1,5.7,0.674,1.324,0.252,,,,,,,,odi: 15m 205r 0w
28c7d721,S Bhari,Nepal,ball_by_ball,10.7,tail,spec_spin,left,left_arm_orthodox,49,0.38,7.0,60.3,5.6,0.494,1.905,0.183,398,0.13,5.18,41.9,48.6,1.003,0.796,odi: 10m 22r 15w
797ee165,SS Kang,United Arab Emirates,ball_by_ball,9.2,tail,spec_unk,,,105,0.5,6.8,42.3,3.5,0.428,1.876,0.164,342,0.12,5.62,53.0,56.6,1.096,0.693,odi: 6m 31r 12w
314642ed,K Sinclair,West Indies,ball_by_ball,10.0,tail,spec_spin,right,off_spin,64,0.39,12.8,67.3,6.9,0.665,1.549,0.674,382,0.1,4.88,32.4,39.9,0.884,0.903,odi: 7m 38r 11w
5bdeeed4,Shivam Sharma,Canada,ball_by_ball,8.3,tail,spec_unk,,,164,0.62,9.8,64.8,5.7,0.621,1.861,0.309,282,0.12,7.02,62.8,53.6,1.255,0.651,odi: 7m 119r 8w
008589a4,CM Wright,Scotland,ball_by_ball,7.8,tail,spec_pace,right,medium,139,0.55,11.4,63.1,5.6,0.649,1.754,0.486,306,0.06,5.47,36.9,40.4,1.037,0.967,odi: 7m 81r 8w
3cf5ae43,Yasir Arafat,Pakistan,ball_by_ball,9.0,tail,spec_pace,right,fast_medium,99,0.48,16.6,77.4,8.5,0.755,1.345,0.764,345,0.05,5.59,31.2,33.5,0.991,1.056,odi: 9m 64r 2w
9b6ad88a,R Gunasekera,Canada,ball_by_ball,1.8,top,,left,leg_spin,443,0.74,19.5,60.9,6.9,0.798,1.208,0.867,,,,,,,,odi: 13m 255r 0w
f1cb042f,PT Collins,West Indies,ball_by_ball,10.6,tail,spec_pace,right,fast_medium,10,0.11,12.4,76.6,9.3,0.698,1.603,1.082,433,0.07,5.14,30.3,35.3,1.02,1.056,odi: 8m 3r 11w
3c28853f,Sediqullah Atal,Afghanistan,wikipedia_totals,,top,part_unk,left,,442,0.3,34.6,95.2,11.3,1.098,0.954,1.106,,,,,,,,wikipedia_odi: 14m 419r w
5fef85ee,R Mutumbami,Zimbabwe,ball_by_ball,5.4,middle,,right,off_spin,439,0.78,21.9,76.4,9.3,0.87,1.191,0.774,,,,,,,,odi: 25m 319r 0w
a2f46292,KK Ahmed,India,ball_by_ball,10.5,tail,spec_pace,right,fast_medium,16,0.15,17.0,83.5,9.7,0.773,1.296,0.749,423,0.08,5.97,32.1,32.3,1.124,1.149,odi: 10m 8r 14w
0994d0ae,V Shankar,India,ball_by_ball,5.7,lower,part_pace,right,medium,205,0.66,35.8,99.2,11.6,1.068,0.891,1.251,233,0.04,5.39,42.8,47.7,1.055,0.835,odi: 11m 194r 4w
82294960,P Sarraf,Nepal,ball_by_ball,6.6,lower,spec_spin,right,off_spin,116,0.49,14.3,65.2,7.1,0.713,1.553,0.676,322,0.12,6.16,53.3,51.9,1.133,0.707,odi: 12m 72r 6w
98e908bd,TB Sole,Scotland,ball_by_ball,6.8,lower,spec_spin,right,off_spin,36,0.27,17.3,90.2,10.3,0.86,1.435,0.588,402,0.1,5.31,42.4,47.9,0.993,0.805,odi: 8m 38r 9w
a1d95bd8,LB Williams,South Africa,ball_by_ball,9.8,tail,spec_pace,left,medium_fast,26,0.21,15.8,84.1,8.7,0.77,1.387,0.569,412,0.08,5.61,27.8,29.7,1.042,1.216,odi: 8m 18r 16w
7c7d63a2,AJ Tye,Australia,ball_by_ball,9.4,tail,spec_pace,right,medium_fast,48,0.33,19.2,101.9,11.4,0.906,1.336,1.099,389,0.07,5.59,25.1,26.9,0.957,1.237,odi: 7m 57r 12w
c27518d2,Ziaur Rahman,Bangladesh,ball_by_ball,7.2,lower,spec_pace,right,fast_medium,88,0.46,18.2,97.7,12.3,0.889,1.326,1.119,349,0.07,5.01,30.2,36.1,0.954,1.056,odi: 12m 83r 10w
513158ed,AM Samad,Canada,ball_by_ball,3.8,middle,part_spin,right,off_spin,369,0.69,22.4,65.5,7.0,0.816,1.132,0.432,67,0.02,7.3,64.6,53.1,1.258,0.643,odi: 10m 226r 2w
08bae9d5,PLS Gamage,Sri Lanka,ball_by_ball,11.0,tail,spec_pace,right,medium_fast,27,0.23,11.9,67.2,7.1,0.615,1.445,0.369,408,0.05,5.24,27.8,31.8,1.045,1.163,odi: 9m 4r 9w
3029e282,Umar Amin,Pakistan,ball_by_ball,4.4,middle,part_pace,left,medium,392,0.75,29.7,78.1,8.7,0.925,0.933,0.608,42,0.01,5.4,44.8,49.7,1.034,0.79,odi: 16m 271r 0w
f55c526f,T Maruma,Zimbabwe,ball_by_ball,5.3,middle,part_spin,right,leg_spin,221,0.62,18.9,64.3,7.9,0.779,1.224,1.234,213,0.07,6.07,58.7,58.0,1.128,0.654,odi: 18m 122r 4w
64839cb3,M Pathirana,Sri Lanka,ball_by_ball,10.3,tail,spec_pace,right,fast,33,0.29,11.1,69.5,7.3,0.608,1.497,0.249,397,0.08,6.51,31.8,29.3,1.061,1.176,odi: 10m 10r 15w
3f659464,OP Stone,England,ball_by_ball,11.0,tail,spec_pace,right,fast,35,0.28,14.5,86.0,8.9,0.749,1.432,0.495,394,0.07,5.47,28.6,31.4,1.02,1.125,odi: 10m 24r 9w
5426de63,HB Shipley,New Zealand,ball_by_ball,8.8,tail,spec_pace,right,medium_fast,39,0.3,12.5,73.7,7.6,0.664,1.494,0.577,387,0.06,5.17,25.5,29.5,0.964,1.208,odi: 8m 18r 15w
5eb51b97,V Sukumaran,United Arab Emirates,ball_by_ball,4.5,middle,part_unk,,,305,0.69,18.9,62.6,6.9,0.743,1.221,0.771,120,0.07,7.2,92.2,76.8,1.338,0.487,odi: 10m 194r 3w
737e595d,NK Yadav,Nepal,ball_by_ball,9.1,tail,spec_pace,right,medium,53,0.38,7.2,59.2,4.9,0.509,1.928,0.176,371,0.12,6.22,42.9,41.4,1.145,0.873,odi: 10m 24r 12w
e1e81c75,GR Codrington,Canada,ball_by_ball,7.5,lower,spec_unk,,,118,0.48,16.4,70.3,8.3,0.763,1.44,1.006,306,0.13,7.28,62.0,51.1,1.259,0.645,odi: 6m 80r 8w
51080a1f,JF Kloppenburg,Netherlands,ball_by_ball,2.5,top,spec_pace,right,medium,232,0.57,25.9,74.9,8.7,0.934,1.099,1.566,189,0.04,5.65,39.4,41.8,1.082,0.943,odi: 4m 149r 7w
85b3fab2,T Stubbs,South Africa,ball_by_ball,4.8,middle,part_spin,right,off_spin,409,0.76,37.4,87.6,8.0,1.009,0.821,1.061,12,0.0,5.66,40.0,42.5,1.048,0.885,odi: 12m 361r 0w
e66732f8,RD Rickelton,South Africa,ball_by_ball,1.6,top,,left,left_arm_orthodox,421,0.72,32.8,84.4,10.8,1.109,0.992,0.976,,,,,,,,odi: 16m 351r 0w
eb7af112,Mohammad Tauqir,United Arab Emirates,ball_by_ball,9.0,tail,spec_spin,right,off_spin,79,0.44,7.9,53.7,5.3,0.521,1.932,0.242,342,0.08,5.2,47.9,55.3,1.014,0.731,odi: 8m 34r 7w
26f12506,CT Mutombodzi,Zimbabwe,ball_by_ball,7.4,lower,spec_spin,right,leg_spin,144,0.57,20.4,84.6,8.7,0.887,1.316,0.735,275,0.07,5.71,47.3,49.6,1.039,0.75,odi: 9m 122r 5w
6834d1f2,B Stanlake,Australia,ball_by_ball,11.0,tail,spec_pace,left,fast,29,0.22,14.0,68.8,7.9,0.663,1.368,0.65,390,0.05,4.8,25.4,31.7,0.967,1.228,odi: 8m 4r 7w
5ee47383,DB Kotze,Namibia,ball_by_ball,6.3,lower,spec_spin,right,off_spin,135,0.47,16.9,70.1,6.3,0.809,1.478,0.788,282,0.06,5.91,51.9,52.7,1.119,0.729,odi: 6m 82r 2w
30f92334,ZGF Foulkes,New Zealand,ball_by_ball,8.2,tail,spec_pace,right,medium,55,0.38,15.3,88.5,9.3,0.763,1.404,0.484,361,0.06,5.15,26.4,30.8,0.991,1.198,odi: 9m 49r 13w
cd56a813,Jaker Ali,Bangladesh,ball_by_ball,7.0,lower,,right,,414,0.78,27.6,82.1,9.0,0.882,0.979,1.067,,,,,,,,odi: 8m 328r 0w
54725e8b,IH Romaine,Bermuda,ball_by_ball,4.0,middle,part_unk,,,349,0.69,15.8,56.5,6.6,0.693,1.322,0.395,64,0.04,9.49,95.6,60.4,1.517,0.493,odi: 12m 175r 0w
42172c3c,JT Smuts,South Africa,ball_by_ball,3.8,middle,spec_spin,right,left_arm_orthodox,229,0.65,42.0,85.2,9.8,1.004,0.725,0.636,180,0.03,5.49,29.1,31.9,0.928,1.018,odi: 6m 180r 4w
da045dea,S Mukuddem,Bermuda,ball_by_ball,6.8,lower,spec_pace,right,medium,148,0.55,13.3,68.5,6.4,0.693,1.579,0.369,259,0.06,6.12,39.0,38.2,1.192,0.95,odi: 6m 90r 10w
23cca426,OF Smith,West Indies,ball_by_ball,9.4,tail,spec_pace,right,fast_medium,119,0.58,18.9,126.7,17.7,1.061,1.57,2.411,287,0.06,5.73,33.4,34.9,0.999,1.06,odi: 9m 199r 10w
92aa28fe,ML Cummins,West Indies,ball_by_ball,10.5,tail,spec_pace,left,fast,9,0.07,13.9,77.0,9.2,0.747,1.59,1.1,397,0.07,5.96,35.5,35.8,1.111,1.043,odi: 9m 5r 8w
3560a786,C Madande,Zimbabwe,ball_by_ball,6.8,lower,,right,,405,0.78,18.1,71.6,6.8,0.763,1.278,0.149,,,,,,,,odi: 20m 294r 0w
f67c958d,Ikram Alikhil,Afghanistan,wikipedia_totals,,top,part_unk,left,,405,0.28,29.9,95.2,11.3,1.098,1.113,1.106,,,,,,,,wikipedia_odi: 32m 386r w
b56dc5f7,BE Hendricks,South Africa,ball_by_ball,9.0,tail,spec_pace,left,fast_medium,45,0.34,14.8,78.3,8.2,0.7,1.307,0.486,358,0.05,5.09,25.8,30.4,0.966,1.208,odi: 9m 24r 10w
d32782ae,Rashid Latif,Pakistan,ball_by_ball,7.6,tail,,right,leg_spin,401,0.77,21.0,96.2,9.0,0.952,1.34,1.041,,,,,,,,odi: 21m 335r 0w
41fc1ece,BB Chari,Zimbabwe,ball_by_ball,1.4,top,,right,off_spin,399,0.72,17.8,53.2,6.1,0.712,1.149,0.599,,,,,,,,odi: 14m 186r 0w
527c2dab,C Floyd,Netherlands,ball_by_ball,10.0,tail,spec_spin,right,left_arm_orthodox,19,0.16,9.9,66.4,6.4,0.625,1.837,0.289,379,0.11,5.48,47.6,52.1,1.031,0.718,odi: 9m 12r 4w
811425b1,Adnan Mufti,United Arab Emirates,ball_by_ball,6.5,lower,,left,medium,398,0.79,17.5,79.5,7.0,0.801,1.364,0.236,,,,,,,,odi: 16m 328r 0w
0a3d54b9,VR Aaron,India,ball_by_ball,10.7,tail,spec_pace,right,fast,15,0.15,17.2,86.4,10.0,0.774,1.264,0.751,382,0.08,6.66,33.0,29.7,1.129,1.133,odi: 9m 8r 11w
b03db6fa,MJG Rippon,Netherlands,ball_by_ball,6.8,lower,spec_spin,right,left_arm_wrist,157,0.58,19.6,73.2,7.7,0.809,1.298,0.894,240,0.06,5.47,44.1,48.4,1.041,0.802,odi: 6m 112r 7w
8fd3b94d,WD Balaji Rao,Canada,ball_by_ball,9.8,tail,spec_spin,left,leg_spin,41,0.3,8.7,65.4,6.2,0.584,1.911,0.327,354,0.1,6.02,48.4,48.3,1.11,0.763,odi: 7m 22r 10w
2cccba8f,Sanwar Hossain,Bangladesh,ball_by_ball,4.8,middle,spec_spin,right,off_spin,199,0.54,27.6,74.2,7.4,0.908,1.046,0.484,194,0.04,5.69,38.9,41.0,1.039,0.896,odi: 9m 115r 5w
6f4d314b,LJ Burger,Namibia,ball_by_ball,5.2,middle,spec_pace,right,medium,62,0.24,15.4,51.7,6.4,0.683,1.261,0.548,331,0.07,6.34,42.3,40.0,1.126,0.876,odi: 6m 11r 6w
e1b9f3a9,BJ Dwarshuis,Australia,ball_by_ball,8.5,tail,spec_pace,left,fast_medium,104,0.49,16.9,71.9,7.8,0.739,1.312,0.77,288,0.05,5.11,24.0,28.2,0.952,1.244,odi: 6m 65r 9w
11ce1151,MKDI Amerasinghe,Sri Lanka,ball_by_ball,11.0,tail,spec_pace,right,fast_medium,7,0.06,15.4,81.5,8.3,0.766,1.447,0.527,384,0.06,5.45,27.5,30.3,0.978,1.154,odi: 7m 5r 9w
101b1180,V Shukla,Oman,ball_by_ball,6.6,lower,,right,,387,0.77,17.3,76.4,7.4,0.803,1.426,1.067,,,,,,,,odi: 17m 327r 0w
94b8d7dd,A Saud,Nepal,ball_by_ball,1.2,top,,right,,387,0.7,16.1,50.1,6.4,0.707,1.197,0.826,,,,,,,,odi: 11m 189r 0w
97290faf,S Joseph,West Indies,ball_by_ball,10.0,tail,spec_pace,left,fast,36,0.29,14.0,88.4,10.6,0.763,1.541,1.307,351,0.07,5.61,34.3,36.7,1.031,1.011,odi: 8m 34r 4w
eef2536f,Avesh Khan,India,ball_by_ball,9.5,tail,spec_pace,right,fast_medium,29,0.25,17.0,87.6,10.5,0.779,1.271,0.905,358,0.07,5.45,29.4,32.4,1.012,1.132,odi: 8m 23r 9w
5ea51c25,Hazratullah Zazai,Afghanistan,wikipedia_totals,,top,part_spin,left,left_arm_orthodox,387,0.26,30.4,95.2,11.3,1.098,1.091,1.106,,,,,,,,wikipedia_odi: 16m 361r –w
1fb2f362,IS Billcliff,Canada,ball_by_ball,4.1,middle,,right,medium,385,0.71,23.6,68.8,8.0,0.832,1.128,0.851,,,,,,,,odi: 10m 223r 0w
51a36d3e,GH Worker,New Zealand,ball_by_ball,2.0,top,part_spin,left,left_arm_orthodox,379,0.73,32.9,77.5,9.3,0.968,0.883,0.994,6,0.0,5.58,39.9,42.9,1.027,0.868,odi: 10m 272r 0w
36fc8d18,GM Ewing,Zimbabwe,ball_by_ball,8.3,tail,spec_spin,right,off_spin,114,0.54,11.8,77.1,6.7,0.683,1.674,0.256,270,0.05,4.76,41.5,52.3,0.918,0.76,odi: 6m 77r 5w
e9987a94,C Overton,England,ball_by_ball,8.6,tail,spec_pace,right,medium_fast,76,0.46,16.2,92.4,8.9,0.801,1.384,0.598,308,0.05,5.48,30.7,33.7,1.038,1.125,odi: 7m 68r 5w
b430ec8c,Nasir Jamal,Afghanistan,wikipedia_totals,,top,part_spin,right,leg_spin,378,0.26,32.7,95.2,11.3,1.098,1.012,1.106,6,0.0,5.69,43.3,45.7,1.061,0.796,wikipedia_odi: 16m 352r 0w
3165bc1b,Krishna Chandran,United Arab Emirates,ball_by_ball,4.4,middle,spec_pace,right,medium,155,0.54,14.4,47.9,5.2,0.6,1.241,0.299,228,0.06,6.55,49.8,45.6,1.2,0.801,odi: 7m 59r 1w
52f96571,RJ Trott,Bermuda,ball_by_ball,7.5,lower,spec_spin,right,off_spin,191,0.62,12.0,57.7,5.7,0.599,1.514,0.282,190,0.07,6.3,51.1,48.6,1.208,0.811,odi: 4m 95r 8w
81c08fa3,Umran Malik,India,ball_by_ball,10.5,tail,spec_pace,right,fast,11,0.12,16.7,80.8,9.3,0.746,1.271,0.735,370,0.06,6.14,32.9,32.1,1.124,1.161,odi: 10m 2r 13w
5696c45d,Zahid Shirzad,Canada,ball_by_ball,10.3,tail,spec_unk,,,30,0.2,13.4,82.5,13.0,0.845,1.929,2.798,350,0.15,6.82,53.2,46.8,1.242,0.712,odi: 6m 57r 15w
ec9db8a7,Musa Ahmed,Netherlands,ball_by_ball,4.0,middle,part_spin,left,leg_spin,371,0.74,21.3,64.8,6.5,0.787,1.166,0.496,6,0.0,6.29,57.9,55.2,1.161,0.674,odi: 13m 238r 0w
28c78fb3,Harpreet Singh,United Arab Emirates,ball_by_ball,3.6,middle,,left,medium,376,0.75,25.3,81.6,9.0,0.928,1.135,0.543,,,,,,,,odi: 8m 353r 0w
3967930c,RL Johnson,England,ball_by_ball,7.5,lower,spec_pace,right,fast_medium,20,0.13,27.8,99.9,11.9,1.046,1.125,1.496,356,0.06,4.81,27.0,33.7,0.94,1.142,odi: 9m 16r 9w
e4271302,Amjad Ali,United Arab Emirates,ball_by_ball,1.4,top,,left,medium,375,0.7,21.4,67.6,8.3,0.873,1.221,0.3,,,,,,,,odi: 10m 249r 0w
9ac1dc9f,Qadeer Ahmed,United Arab Emirates,ball_by_ball,11.0,tail,spec_pace,right,medium_fast,11,0.12,8.1,59.1,5.9,0.539,1.923,0.419,363,0.09,5.96,45.6,45.9,1.176,0.809,odi: 8m 2r 5w
08a4f9ad,DC Thomas,West Indies,ball_by_ball,6.6,lower,part_pace,right,medium,364,0.77,18.6,77.3,9.1,0.797,1.262,0.927,7,0.0,6.35,46.1,43.6,1.091,0.784,odi: 21m 238r 2w
8361e524,SSB Magala,South Africa,ball_by_ball,8.6,tail,spec_pace,right,fast_medium,24,0.23,15.7,87.3,9.1,0.766,1.354,0.555,347,0.07,5.96,29.0,29.2,1.048,1.22,odi: 8m 18r 15w
0dbe27b8,BD Glover,Netherlands,ball_by_ball,11.0,tail,spec_pace,right,fast,45,0.34,9.4,69.2,6.2,0.598,1.788,0.181,325,0.08,6.69,44.1,39.6,1.08,0.887,odi: 7m 28r 5w
9b75e4f1,M Zondeki,South Africa,ball_by_ball,10.5,tail,spec_pace,right,fast,3,0.02,17.7,86.3,9.3,0.813,1.314,0.843,367,0.06,6.19,31.9,30.9,1.13,1.176,odi: 9m 1r 7w
3fb56752,Shahid Ahmadzai,Canada,ball_by_ball,9.8,tail,spec_spin,left,left_arm_orthodox,63,0.43,7.5,66.7,5.7,0.524,1.898,0.11,306,0.12,5.18,48.0,55.6,0.986,0.693,odi: 6m 38r 5w
5b1d6583,AK Sah,Nepal,ball_by_ball,2.6,top,,right,off_spin,369,0.7,23.3,79.9,10.5,0.977,1.277,1.389,,,,,,,,odi: 14m 322r 0w
126e56a1,Wasim Akram,Pakistan,ball_by_ball,8.2,tail,spec_pace,left,fast,69,0.38,19.4,97.8,10.7,0.911,1.361,0.812,298,0.06,5.03,26.3,31.3,0.923,1.124,odi: 6m 71r 12w
7c63baa7,JP Bray,Ireland,ball_by_ball,1.5,top,,left,,367,0.69,26.4,76.7,9.7,0.948,1.058,0.729,,,,,,,,odi: 10m 234r 0w
da4a1e46,M Spoors,Canada,ball_by_ball,2.8,top,spec_spin,right,leg_spin,276,0.64,18.0,57.2,7.0,0.747,1.229,0.638,90,0.04,6.3,49.8,47.4,1.112,0.733,odi: 10m 154r 3w
1a156c88,DJM Short,Australia,ball_by_ball,4.2,middle,part_spin,left,left_arm_wrist,269,0.68,36.8,83.4,8.2,0.996,0.855,0.588,90,0.02,5.94,38.1,38.5,1.051,0.902,odi: 8m 211r 0w
5eef2118,MVT Fernando,Sri Lanka,ball_by_ball,10.5,tail,spec_pace,right,medium_fast,61,0.41,12.4,73.0,7.3,0.637,1.422,0.252,298,0.04,5.63,30.0,32.0,1.108,1.157,odi: 8m 30r 5w
b3bad3f2,NR Kumar,Canada,ball_by_ball,2.9,top,spec_spin,right,off_spin,293,0.63,20.1,64.6,6.8,0.85,1.237,0.358,66,0.02,5.67,51.7,54.8,1.13,0.734,odi: 11m 177r 2w
78cb83f3,KOK Williams,West Indies,ball_by_ball,10.8,tail,spec_pace,right,fast_medium,27,0.25,12.8,80.8,8.8,0.705,1.556,0.859,331,0.06,5.47,29.6,32.4,0.972,1.055,odi: 8m 19r 9w
b878fc9a,Nestor Dhamba,Oman,ball_by_ball,8.6,tail,spec_spin,right,off_spin,52,0.37,7.7,58.1,4.9,0.509,1.877,0.191,306,0.1,5.5,46.5,50.7,1.07,0.784,odi: 9m 23r 11w
d953ed6a,B Zuiderent,Netherlands,ball_by_ball,3.3,top,,right,medium,358,0.69,18.4,60.2,6.9,0.753,1.246,0.613,,,,,,,,odi: 17m 178r 0w
6fd0c8e1,JD Campbell,West Indies,ball_by_ball,1.3,top,part_spin,left,off_spin,351,0.7,33.9,96.4,12.6,1.215,1.022,1.925,6,0.0,5.86,46.9,48.1,1.079,0.775,odi: 12m 359r 0w
78dfe704,V Permaul,West Indies,ball_by_ball,9.2,tail,spec_spin,right,left_arm_orthodox,26,0.24,12.7,84.0,9.3,0.724,1.586,0.867,331,0.07,5.22,38.2,43.9,1.002,0.905,odi: 7m 19r 8w
79004151,Adeel Raja,Netherlands,ball_by_ball,10.3,tail,spec_spin,right,off_spin,76,0.42,7.2,45.6,4.7,0.443,1.749,0.206,281,0.08,6.48,48.4,44.8,1.191,0.78,odi: 7m 13r 6w
397f4d3a,BM Wheeler,New Zealand,ball_by_ball,8.8,tail,spec_pace,right,medium_fast,47,0.36,17.1,105.4,12.7,0.843,1.364,1.294,309,0.06,5.56,27.2,29.3,1.027,1.166,odi: 6m 58r 8w
5b8c830e,KH Pandya,India,ball_by_ball,7.0,lower,spec_spin,left,left_arm_orthodox,128,0.56,32.6,107.3,12.2,1.003,0.875,1.003,228,0.05,5.43,37.2,41.2,1.023,0.942,odi: 5m 130r 2w
e6d298e8,CD de Lange,Scotland,ball_by_ball,6.4,lower,spec_spin,right,left_arm_orthodox,92,0.45,19.1,71.7,7.3,0.8,1.313,0.502,264,0.08,5.77,41.1,42.8,1.091,0.878,odi: 7m 65r 13w
02789d88,Shamsur Rahman,Bangladesh,ball_by_ball,2.3,top,part_spin,right,off_spin,348,0.69,32.8,82.2,11.1,1.062,0.961,1.975,6,0.0,5.9,47.4,48.2,1.087,0.772,odi: 9m 266r 0w
0a4c6dfd,Arshad Khan,Pakistan,ball_by_ball,10.5,tail,spec_spin,right,off_spin,17,0.17,15.9,85.9,8.5,0.761,1.357,0.622,337,0.06,5.06,33.0,39.2,0.924,0.937,odi: 7m 14r 7w
b40ee8a8,PC de Silva,Sri Lanka,ball_by_ball,7.2,lower,spec_spin,left,left_arm_orthodox,96,0.47,25.8,89.4,9.2,0.951,1.112,0.473,258,0.04,5.11,33.7,39.5,0.964,0.968,odi: 6m 77r 3w
e258a603,N Dutta,Canada,ball_by_ball,7.6,tail,spec_spin,right,off_spin,120,0.53,9.2,54.9,4.5,0.555,1.843,0.419,234,0.09,5.89,50.0,50.9,1.04,0.681,odi: 6m 70r 2w
f44af07f,C White,England,ball_by_ball,8.0,tail,spec_pace,right,fast_medium,81,0.44,18.3,101.7,9.0,0.902,1.398,0.518,273,0.05,5.39,30.0,33.4,1.021,1.151,odi: 5m 79r 9w
6e4588bc,Yamin Ahmadzai,Afghanistan,wikipedia_totals,,tail,spec_pace,right,medium_fast,14,0.01,15.1,65.3,7.3,0.753,1.524,0.762,340,0.06,5.44,31.0,34.2,1.014,1.065,wikipedia_odi: 9m 9r 7w
5f5e0c8c,ML Udawatte,Sri Lanka,ball_by_ball,2.1,top,,left,off_spin,353,0.68,32.7,78.3,10.0,1.021,0.925,0.794,,,,,,,,odi: 8m 243r 0w
97f437ed,NF Kelly,New Zealand,ball_by_ball,2.2,top,,left,left_arm_orthodox,353,0.7,34.3,80.4,11.3,1.053,0.905,1.142,,,,,,,,odi: 8m 265r 0w
ef5cbaf6,NFI McCallum,Scotland,ball_by_ball,5.7,lower,,right,,353,0.73,19.8,69.3,8.1,0.8,1.28,1.076,,,,,,,,odi: 11m 233r 0w
e6b3c3cc,Parveen Kumar,Canada,ball_by_ball,9.5,tail,spec_unk,,,47,0.29,11.1,65.5,6.3,0.685,1.913,0.253,303,0.12,5.68,60.6,64.0,1.131,0.603,odi: 6m 41r 4w
24ecc358,TM Dowlin,West Indies,ball_by_ball,3.3,top,,right,off_spin,348,0.73,28.7,78.2,9.6,0.935,0.981,1.032,,,,,,,,odi: 11m 228r 0w
2fdd16fe,RG Aga,Kenya,ball_by_ball,5.2,middle,spec_pace,right,medium_fast,122,0.47,26.4,80.2,8.5,0.977,1.183,0.338,225,0.06,6.33,42.1,40.0,1.116,0.894,odi: 7m 114r 4w
383dd431,TD Astle,New Zealand,ball_by_ball,8.0,tail,spec_spin,right,leg_spin,77,0.46,17.1,94.1,9.7,0.845,1.423,0.902,270,0.06,5.48,32.5,35.6,0.996,1.022,odi: 9m 79r 10w
bf172ae6,Sufyan Mehmood,Oman,ball_by_ball,6.1,lower,spec_pace,left,medium,138,0.56,15.1,71.4,7.0,0.729,1.422,0.657,209,0.07,5.9,39.8,40.5,1.038,0.866,odi: 8m 107r 6w
e6ddab51,EH Hutchinson,United States of America,ball_by_ball,8.5,tail,spec_pace,right,fast_medium,125,0.54,13.6,78.4,9.1,0.803,1.822,1.524,222,0.07,5.96,41.9,42.2,1.12,0.837,odi: 8m 123r 3w
f14c62e4,PA Nixon,England,ball_by_ball,7.7,tail,,left,medium,347,0.77,19.7,101.0,10.5,0.901,1.342,0.923,,,,,,,,odi: 19m 297r 0w
27d1cc51,PA Hitchcock,New Zealand,ball_by_ball,10.0,tail,spec_pace,right,medium,49,0.32,15.5,84.8,10.2,0.778,1.448,1.088,296,0.04,5.7,29.5,31.1,1.004,1.162,odi: 7m 32r 5w
70ced7f2,Mohammad Aadil Alam,Nepal,ball_by_ball,7.0,lower,spec_pace,right,medium,77,0.42,17.0,80.3,9.3,0.821,1.455,1.167,267,0.08,5.48,39.6,43.4,0.999,0.851,odi: 6m 70r 6w
1e66c162,JD Unadkat,India,ball_by_ball,,,spec_pace,right,medium,,,,,,,,,342,0.07,4.92,26.8,32.7,0.95,1.129,odi: 8m 0r 9w
0882b3f1,RJ van Vuuren,Namibia,ball_by_ball,11.0,tail,spec_pace,right,fast_medium,38,0.25,9.8,69.7,7.9,0.659,1.988,0.972,302,0.07,6.53,39.5,36.3,1.153,0.896,odi: 5m 26r 8w
d07dbc28,Zawar Farid,United Arab Emirates,ball_by_ball,6.0,lower,part_pace,right,medium,139,0.54,16.8,79.9,10.0,0.858,1.483,1.029,201,0.09,6.74,61.8,55.0,1.261,0.658,odi: 10m 132r 8w
73ad96ed,DJ Hooda,India,ball_by_ball,5.9,lower,part_spin,right,off_spin,189,0.64,27.8,88.9,9.4,0.909,0.968,0.73,150,0.04,5.25,41.9,47.8,1.025,0.844,odi: 10m 153r 3w
bfaf461d,Hazrat Bilal,United Arab Emirates,ball_by_ball,10.8,tail,spec_unk,,,69,0.41,7.5,48.9,4.7,0.479,1.902,0.456,270,0.11,6.17,60.8,59.1,1.238,0.651,odi: 7m 24r 8w
0e0afd8b,MO Jones,Bermuda,ball_by_ball,9.2,tail,spec_unk,,,71,0.41,8.7,71.2,9.6,0.654,2.199,1.276,267,0.09,6.83,63.3,55.6,1.367,0.689,odi: 6m 58r 6w
858b6611,WS Jayantha,Sri Lanka,ball_by_ball,2.8,top,part_spin,right,off_spin,313,0.63,33.4,84.4,11.1,1.1,0.968,0.803,25,0.01,6.42,38.7,36.1,1.04,0.851,odi: 9m 206r 0w
bb4b445b,Hussain Talat,Pakistan,ball_by_ball,6.2,lower,part_pace,left,medium_fast,278,0.72,26.2,84.2,8.7,0.88,1.01,0.543,60,0.02,6.44,47.5,44.2,1.106,0.786,odi: 12m 224r 0w
c834c290,JL Smith,England,ball_by_ball,2.7,top,,right,,336,0.68,38.0,110.4,14.6,1.373,1.127,1.666,,,,,,,,odi: 18m 383r 0w
3a0f6df2,Zulfiqar Babar,Pakistan,ball_by_ball,10.0,tail,spec_spin,right,left_arm_orthodox,40,0.31,15.9,87.4,9.0,0.775,1.377,0.776,294,0.06,4.8,33.0,41.2,0.914,0.916,odi: 5m 35r 4w
68c3f79d,LN Onyango,Kenya,ball_by_ball,8.8,tail,spec_pace,right,medium,81,0.42,10.8,69.4,6.3,0.662,1.812,0.192,252,0.07,6.34,39.0,36.9,1.13,0.925,odi: 8m 61r 9w
ed6894af,D Foxcroft,New Zealand,ball_by_ball,5.5,middle,spec_spin,right,off_spin,198,0.64,34.8,96.5,11.0,0.989,0.843,1.369,135,0.03,5.0,30.8,37.0,0.914,0.984,odi: 6m 171r 2w
5aeab54c,Ihsanullah,Afghanistan,wikipedia_totals,,top,part_unk,right,,333,0.23,30.8,95.2,11.3,1.098,1.078,1.106,,,,,,,,wikipedia_odi: 16m 307r w
a9a4df9f,JO Ngoche,Kenya,ball_by_ball,11.0,tail,spec_spin,right,off_spin,27,0.19,9.5,58.2,7.1,0.59,1.883,1.013,303,0.08,5.35,44.6,50.0,1.014,0.752,odi: 6m 11r 5w
ea59139a,Wasim Ali,Oman,ball_by_ball,5.7,lower,part_unk,,,219,0.64,17.5,73.6,7.5,0.818,1.465,0.698,111,0.06,8.37,98.0,70.3,1.559,0.54,odi: 13m 175r 5w
218c7eab,Basir Ahamad,Nepal,ball_by_ball,7.3,lower,part_spin,left,left_arm_orthodox,175,0.58,14.4,56.3,6.2,0.654,1.437,0.551,154,0.07,6.31,59.6,56.6,1.15,0.619,odi: 8m 97r 3w
28496266,CT Mumba,Zimbabwe,ball_by_ball,9.7,tail,spec_pace,right,fast_medium,55,0.34,11.8,63.9,6.4,0.663,1.723,0.741,274,0.07,6.34,40.6,38.4,1.153,0.887,odi: 7m 32r 7w
b15eaf77,AO Suji,Kenya,ball_by_ball,7.0,lower,part_pace,right,medium,92,0.39,14.7,62.4,6.9,0.703,1.441,0.51,237,0.08,7.29,60.3,49.6,1.245,0.67,odi: 14m 42r 5w
c63671e9,Naseem Khushi,Oman,ball_by_ball,7.8,tail,,right,,329,0.79,12.2,96.1,11.3,0.816,1.943,1.262,,,,,,,,odi: 31m 360r 0w
0aa14354,Saeed Anwar,Pakistan,ball_by_ball,1.2,top,part_spin,left,left_arm_orthodox,303,0.61,42.6,90.0,10.0,1.157,0.809,0.942,24,0.01,5.5,42.9,46.9,1.032,0.816,odi: 5m 218r 1w
1f3ad23f,DR Chumney,Canada,ball_by_ball,3.5,top,,right,off_spin,327,0.68,21.8,74.7,9.8,0.861,1.175,1.418,,,,,,,,odi: 11m 219r 0w
8629178f,MM English,Scotland,ball_by_ball,4.0,middle,,right,medium,326,0.71,25.7,69.5,7.1,0.82,0.988,0.68,,,,,,,,odi: 6m 230r 0w
42bf1b7d,H Carlyon,Jersey,ball_by_ball,1.0,top,spec_spin,right,off_spin,145,0.47,22.6,70.8,9.8,0.942,1.212,1.612,180,0.06,5.46,51.7,56.7,1.069,0.69,odi: 4m 125r 2w
95fcbfb7,TK Patel,United States of America,ball_by_ball,7.2,lower,spec_spin,right,leg_spin,148,0.58,13.6,56.0,6.0,0.608,1.37,0.26,174,0.06,5.48,49.1,53.8,1.084,0.749,odi: 6m 71r 5w
86f84b37,AM Tribe,Jersey,ball_by_ball,4.0,middle,part_spin,right,off_spin,309,0.72,23.8,67.9,6.5,0.787,1.033,0.681,12,0.01,6.68,67.8,60.9,1.235,0.617,odi: 4m 233r 0w
d146924b,Raza-ur-Rehman,Canada,ball_by_ball,4.8,middle,part_pace,right,medium_fast,210,0.65,24.1,78.5,8.7,0.843,1.063,0.164,111,0.04,6.77,69.6,61.6,1.295,0.607,odi: 5m 174r 1w
f76ffa81,N Hussain,England,ball_by_ball,3.8,middle,,right,leg_spin,321,0.69,31.2,85.4,8.8,0.992,0.976,0.573,,,,,,,,odi: 12m 213r 0w
3d5d51a5,T Marumani,Zimbabwe,ball_by_ball,2.9,top,,left,off_spin,320,0.65,23.3,72.7,9.3,0.95,1.167,0.834,,,,,,,,odi: 18m 216r 0w
6752c57b,Jahurul Islam,Bangladesh,ball_by_ball,3.5,middle,,right,off_spin,319,0.71,28.9,78.7,8.9,0.947,1.017,0.793,,,,,,,,odi: 12m 226r 0w
61dab16a,CL Hooper,West Indies,ball_by_ball,5.0,middle,spec_spin,right,off_spin,118,0.48,30.4,95.1,9.2,0.99,0.976,1.23,200,0.04,5.28,37.6,42.8,0.98,0.881,odi: 5m 93r 3w
7d21eb9b,GC Tonge,West Indies,ball_by_ball,10.8,tail,spec_pace,right,fast_medium,16,0.12,14.4,77.8,8.9,0.769,1.584,1.093,302,0.05,5.02,29.4,35.2,0.966,1.034,odi: 5m 10r 5w
82c78845,Khurram Manzoor,Pakistan,ball_by_ball,1.5,top,,right,off_spin,316,0.68,35.0,78.1,9.3,0.999,0.863,0.565,,,,,,,,odi: 6m 206r 0w
f10e94c4,AD Nath,United Arab Emirates,ball_by_ball,4.8,middle,part_pace,right,medium_fast,200,0.62,21.2,68.6,6.7,0.798,1.217,0.495,114,0.05,6.85,76.1,66.7,1.313,0.607,odi: 8m 148r 2w
feb37330,Moin Khan,Pakistan,ball_by_ball,7.2,lower,,right,off_spin,314,0.72,30.6,100.8,10.1,1.062,1.058,1.0,,,,,,,,odi: 17m 274r 0w
0a4736eb,Asif Ali,Pakistan,ball_by_ball,5.8,lower,part_spin,right,off_spin,308,0.75,30.5,122.5,15.0,1.168,1.128,2.381,5,0.0,5.83,42.0,43.2,1.027,0.81,odi: 20m 375r 0w
4d3097d8,GJ Hopkins,New Zealand,ball_by_ball,7.2,lower,,right,,311,0.73,25.1,89.6,9.7,0.976,1.199,1.053,,,,,,,,odi: 21m 236r 0w
540ffb25,BL Kotze,Namibia,ball_by_ball,9.5,tail,spec_pace,right,fast_medium,51,0.26,10.4,58.8,5.7,0.657,1.986,0.417,260,0.05,6.77,43.7,38.7,1.161,0.864,odi: 5m 27r 3w
50930025,Afsar Zazai,Afghanistan,wikipedia_totals,,middle,part_unk,right,,311,0.23,27.8,86.5,9.6,0.997,1.084,0.944,,,,,,,,wikipedia_odi: 17m 264r w
0b581ed6,J Sumerauer,Jersey,ball_by_ball,8.3,tail,spec_pace,right,fast_medium,74,0.46,10.4,84.4,8.3,0.688,1.873,0.428,236,0.08,6.27,41.9,40.1,1.123,0.855,odi: 4m 84r 9w
5ac8f17b,GJ Batty,England,ball_by_ball,8.8,tail,spec_spin,right,off_spin,57,0.33,16.1,65.7,7.1,0.729,1.417,0.665,252,0.05,5.29,34.7,39.3,0.985,0.954,odi: 6m 25r 4w
7fa6bd8e,RR Patel,Kenya,ball_by_ball,6.1,lower,part_spin,right,off_spin,225,0.67,18.1,77.5,7.5,0.811,1.363,0.59,84,0.03,6.34,56.6,53.6,1.149,0.675,odi: 11m 168r 2w
e28bb0b9,DO Leicher,Namibia,ball_by_ball,7.9,tail,part_unk,,,207,0.66,10.3,66.5,5.7,0.649,1.863,0.502,102,0.05,7.67,93.3,72.9,1.44,0.501,odi: 8m 154r 2w
bb95564b,Saif Hassan,Bangladesh,ball_by_ball,1.0,top,part_spin,right,off_spin,260,0.62,29.9,83.6,11.6,1.076,1.081,1.606,48,0.02,5.87,43.4,44.3,1.015,0.771,odi: 10m 211r 1w
21e5f325,TA Blundell,New Zealand,ball_by_ball,3.8,middle,,right,off_spin,307,0.7,35.9,86.2,9.4,1.032,0.861,0.599,,,,,,,,odi: 12m 266r 0w
07b6f54c,DDP D'Silva,United Arab Emirates,ball_by_ball,3.0,top,spec_unk,right,,119,0.44,17.3,55.1,7.4,0.719,1.231,0.393,187,0.07,5.51,55.6,60.6,1.139,0.657,odi: 6m 53r 6w
5af592d2,G Snyman,Namibia,ball_by_ball,7.8,tail,spec_pace,right,fast_medium,9,0.08,8.6,65.1,6.6,0.602,2.035,0.462,297,0.07,6.35,39.7,37.5,1.122,0.874,odi: 5m 5r 6w
ed547c49,I Pandey,Nepal,ball_by_ball,3.1,top,,left,,306,0.69,21.2,67.1,7.2,0.832,1.23,0.545,,,,,,,,odi: 9m 215r 0w
73e749e1,LE Bosman,South Africa,ball_by_ball,1.7,top,,right,medium,305,0.62,38.3,103.9,15.3,1.388,1.045,2.701,,,,,,,,odi: 14m 301r 0w
d365d463,Nurul Hasan,Bangladesh,ball_by_ball,6.5,lower,,right,off_spin,304,0.74,25.5,93.6,10.6,0.928,1.059,0.758,,,,,,,,odi: 13m 282r 0w
49118dc7,SO Ngoche,Kenya,ball_by_ball,9.8,tail,spec_spin,right,left_arm_orthodox,45,0.28,11.6,67.0,7.7,0.711,1.906,1.414,258,0.07,5.76,46.2,48.1,1.085,0.779,odi: 6m 37r 6w
d8b2f218,BB Sran,India,ball_by_ball,,,spec_pace,left,fast_medium,,,,,,,,,303,0.05,5.2,27.6,31.9,0.998,1.133,odi: 6m 0r 7w
96f5b685,AA Paradkar,United States of America,ball_by_ball,7.8,tail,spec_pace,left,medium_fast,80,0.41,10.8,58.5,5.3,0.633,1.845,0.478,222,0.08,7.08,45.5,38.5,1.273,0.886,odi: 6m 51r 9w
8549aaf0,Khaliq Dad,Afghanistan,wikipedia_totals,,middle,spec_unk,,,50,0.05,32.0,86.5,9.6,0.997,0.934,0.944,252,0.06,5.06,36.6,43.4,0.94,0.839,wikipedia_odi: 6m 40r 9w
1e7b1aa7,Saleem Elahi,Pakistan,ball_by_ball,3.3,top,,right,off_spin,301,0.66,35.9,86.4,9.0,1.009,0.861,0.588,,,,,,,,odi: 7m 199r 0w
a3690f55,Khuzaima Tanveer,United Arab Emirates,ball_by_ball,8.0,tail,spec_pace,right,fast,74,0.41,11.6,77.7,9.5,0.752,1.94,1.816,225,0.08,6.32,44.0,41.8,1.185,0.845,odi: 5m 79r 8w
d5ae21a2,KD Shah,Hong Kong,ball_by_ball,3.1,top,spec_spin,left,off_spin,187,0.56,17.4,62.7,7.8,0.772,1.314,0.669,110,0.05,6.27,35.5,34.0,0.981,0.812,odi: 7m 112r 7w
d285acaf,CE McConchie,New Zealand,ball_by_ball,6.8,lower,spec_spin,right,off_spin,127,0.55,28.9,98.3,11.0,0.992,1.029,1.115,168,0.03,4.69,31.5,40.3,0.916,1.005,odi: 6m 126r 4w
27410b17,PW Gunaratne,Sri Lanka,ball_by_ball,11.0,tail,spec_pace,right,fast_medium,15,0.15,15.9,89.5,9.1,0.795,1.434,0.453,279,0.04,5.69,29.8,31.4,1.118,1.154,odi: 7m 15r 6w
4347a4ae,AJ Burger,Namibia,ball_by_ball,2.0,top,part_unk,,,198,0.5,31.3,101.0,12.4,1.284,1.25,1.596,96,0.03,7.91,91.7,69.6,1.45,0.527,odi: 6m 199r 3w
5284c884,Mahbubul Alam,Bangladesh,ball_by_ball,9.5,tail,spec_pace,right,medium_fast,71,0.42,17.3,93.5,10.4,0.901,1.541,1.59,222,0.05,6.72,36.2,32.3,1.191,1.047,odi: 5m 81r 7w
8187519b,GM Hamilton,Scotland,ball_by_ball,2.7,top,,left,medium_fast,293,0.66,20.2,68.6,7.6,0.825,1.206,0.486,,,,,,,,odi: 10m 173r 0w
c3576908,MA Abbas,New Zealand,ball_by_ball,5.7,lower,spec_pace,right,medium_fast,203,0.64,28.1,85.6,8.8,0.954,1.068,1.249,90,0.01,5.03,28.8,34.4,0.978,1.177,odi: 6m 162r 2w
d5f3b5e1,D Ganga,West Indies,ball_by_ball,2.6,top,,right,off_spin,293,0.61,27.4,70.3,9.4,0.937,0.991,1.263,,,,,,,,odi: 7m 152r 0w
c981bfad,ZE Surkari,Canada,ball_by_ball,4.1,middle,,right,medium,292,0.68,18.6,54.6,5.1,0.655,1.066,0.244,,,,,,,,odi: 9m 127r 0w
2d783277,I Maraj,Canada,ball_by_ball,2.0,top,part_unk,,,264,0.61,18.0,56.8,7.3,0.684,1.108,0.422,27,0.03,9.29,94.5,61.1,1.454,0.465,odi: 6m 98r 0w
c4ff0618,H Patel,Canada,ball_by_ball,1.1,top,part_spin,left,left_arm_orthodox,189,0.5,26.1,87.4,12.6,1.136,1.289,2.385,102,0.04,6.41,68.2,63.8,1.234,0.634,odi: 10m 176r 2w
f5c198fb,SP Patil,United Arab Emirates,ball_by_ball,5.0,middle,,right,,290,0.72,17.4,58.5,5.4,0.633,1.1,0.183,,,,,,,,odi: 8m 153r 0w
6b9eb501,OEG Baartman,South Africa,ball_by_ball,10.8,tail,spec_pace,right,fast_medium,37,0.31,14.1,79.1,8.0,0.671,1.283,0.465,252,0.04,5.15,27.0,31.5,0.968,1.207,odi: 6m 16r 8w
441b1b20,LS Baker,West Indies,ball_by_ball,11.0,tail,spec_pace,left,fast_medium,16,0.17,13.0,80.4,9.9,0.717,1.572,1.011,271,0.05,5.28,29.2,33.2,0.988,1.051,odi: 7m 11r 7w
9e0bd203,B Ward,Jersey,ball_by_ball,7.0,lower,spec_spin,right,leg_spin,106,0.48,15.7,62.9,6.9,0.701,1.413,0.649,181,0.08,6.71,54.1,48.4,1.163,0.703,odi: 4m 69r 4w
4b167ede,AWJ Auguste,West Indies,ball_by_ball,2.1,top,part_spin,left,leg_spin,268,0.61,29.3,78.9,10.4,1.049,1.036,1.482,18,0.0,5.57,45.5,49.1,1.038,0.772,odi: 9m 205r 0w
9e76cdb3,Ansh Patel,Canada,ball_by_ball,8.3,tail,spec_unk,,,57,0.35,10.9,71.5,6.4,0.682,1.841,0.208,228,0.09,7.47,74.4,59.8,1.379,0.623,odi: 5m 54r 4w
a557333b,VO Lawes,West Indies,ball_by_ball,11.0,tail,spec_spin,left,left_arm_wrist,25,0.18,11.8,64.0,8.0,0.632,1.593,0.938,260,0.06,5.19,34.5,39.8,0.94,0.912,odi: 5m 2r 8w
a945bb28,T Muzarabani,Zimbabwe,ball_by_ball,10.7,tail,spec_pace,right,medium_fast,32,0.26,9.6,63.0,6.3,0.578,1.712,0.368,252,0.06,5.24,34.3,39.3,0.98,0.88,odi: 6m 10r 6w
2e11c706,BCJ Cutting,Australia,ball_by_ball,9.0,tail,spec_pace,right,fast_medium,67,0.38,19.3,82.4,8.5,0.833,1.286,0.828,216,0.04,5.01,25.1,30.1,0.927,1.228,odi: 4m 53r 5w
47c5aae7,AM Bacher,South Africa,ball_by_ball,2.2,top,spec_unk,,,175,0.49,33.1,77.6,10.9,1.042,0.9,0.956,108,0.03,5.61,38.7,41.4,1.039,0.896,odi: 5m 102r 3w
52c952d9,T Sangha,Australia,ball_by_ball,10.5,tail,spec_spin,right,leg_spin,24,0.17,15.7,72.4,7.8,0.718,1.349,0.687,258,0.05,5.29,30.1,34.1,0.947,1.029,odi: 6m 6r 4w
7c7303eb,JD Nel,Scotland,ball_by_ball,11.0,tail,spec_pace,right,medium_fast,12,0.09,10.8,66.8,7.1,0.655,1.809,0.543,270,0.06,5.81,40.7,42.0,1.204,0.93,odi: 7m 6r 3w
80de053e,B Siddharth,Oman,ball_by_ball,8.5,tail,spec_spin,right,off_spin,19,0.13,9.0,58.6,5.3,0.58,1.912,0.338,263,0.1,5.32,44.8,50.5,0.981,0.731,odi: 6m 8r 6w
8ce2080b,TJG Pringle,Netherlands,ball_by_ball,8.6,tail,spec_spin,right,left_arm_orthodox,28,0.22,8.8,60.8,5.2,0.563,1.843,0.246,253,0.06,5.58,48.7,52.4,1.103,0.754,odi: 5m 10r 2w
2d03c3f8,C Cassell,Scotland,ball_by_ball,11.0,tail,spec_pace,right,medium,5,0.06,10.4,71.1,7.1,0.656,1.829,0.494,275,0.08,6.72,42.0,37.5,1.223,0.972,odi: 6m 4r 11w
88626ed2,AA Jangoo,West Indies,ball_by_ball,5.4,middle,,left,,280,0.69,33.5,84.9,7.9,0.972,0.921,1.034,,,,,,,,odi: 8m 228r 0w
5750bcb4,E Malinga,Sri Lanka,ball_by_ball,10.0,tail,spec_pace,left,medium_fast,55,0.36,11.3,59.9,6.6,0.571,1.433,0.253,224,0.04,5.18,30.1,34.8,1.031,1.148,odi: 7m 14r 4w
d188300f,A Roy,Netherlands,ball_by_ball,10.7,tail,spec_unk,,,27,0.24,9.9,72.9,6.3,0.625,1.781,0.22,252,0.09,5.46,50.9,56.0,1.076,0.687,odi: 6m 21r 6w
c41043e6,BR McDermott,Australia,ball_by_ball,2.6,top,,right,medium,278,0.66,42.6,87.3,10.9,1.099,0.782,1.451,,,,,,,,odi: 5m 223r 0w
e70a0811,Nasir Aziz,United Arab Emirates,ball_by_ball,8.5,tail,spec_spin,right,off_spin,122,0.52,11.4,59.8,6.3,0.668,1.877,0.217,156,0.05,5.54,52.3,56.6,1.082,0.691,odi: 3m 81r 1w
96824e68,CP Tremain,Australia,ball_by_ball,10.0,tail,spec_pace,right,medium_fast,37,0.25,18.8,75.8,8.6,0.801,1.293,1.057,240,0.04,5.63,25.9,27.6,1.017,1.247,odi: 4m 23r 7w
d3e83eef,F Mutizwa,Zimbabwe,ball_by_ball,5.8,lower,,right,off_spin,275,0.7,21.3,74.5,7.3,0.832,1.234,0.828,,,,,,,,odi: 11m 183r 0w
e82dc4c5,TS Nethula,New Zealand,ball_by_ball,10.7,tail,spec_spin,right,leg_spin,11,0.11,15.9,89.7,9.6,0.809,1.442,0.847,264,0.05,5.5,34.9,38.1,1.015,0.989,odi: 5m 12r 5w
33085ffb,D Elgar,South Africa,ball_by_ball,3.9,middle,part_spin,left,left_arm_orthodox,177,0.58,30.5,76.9,8.4,0.89,0.881,0.651,97,0.02,5.15,37.1,43.2,0.966,0.891,odi: 8m 104r 2w
fe5175ce,Yasir Mohammad,United States of America,ball_by_ball,9.0,tail,spec_unk,,,20,0.16,9.1,59.0,5.5,0.571,1.852,0.352,252,0.09,6.99,69.2,59.4,1.356,0.668,odi: 7m 5r 7w
62decd8e,AC Dawson,South Africa,ball_by_ball,10.0,tail,spec_pace,right,medium_fast,31,0.26,17.2,93.2,10.6,0.791,1.276,0.682,240,0.04,5.8,28.8,29.8,1.022,1.165,odi: 6m 23r 1w
8955b928,S Dhakal,Nepal,ball_by_ball,10.8,tail,spec_spin,right,left_arm_orthodox,41,0.29,7.3,49.1,4.7,0.475,1.885,0.261,229,0.08,5.3,47.1,53.3,1.042,0.723,odi: 8m 7r 4w
5fbd0632,SA Wijeratne,Canada,ball_by_ball,3.0,top,,right,,269,0.64,20.9,66.4,6.8,0.838,1.229,0.346,,,,,,,,odi: 9m 191r 0w
8a58f203,R Ugarkar,United States of America,ball_by_ball,11.0,tail,spec_unk,,,6,0.06,9.6,64.6,6.2,0.603,1.843,0.43,262,0.11,6.69,59.1,53.0,1.316,0.719,odi: 6m 1r 12w
57bd3ecc,Hammad Azam,Pakistan,ball_by_ball,6.2,lower,part_pace,right,fast_medium,129,0.53,25.2,76.7,8.8,0.866,1.084,1.185,138,0.03,5.78,47.4,49.2,1.093,0.793,odi: 10m 79r 2w
4992d6f6,ST Doheny,Ireland,ball_by_ball,2.1,top,,right,off_spin,264,0.63,22.0,64.7,8.1,0.862,1.136,0.614,,,,,,,,odi: 11m 165r 0w
c5b87d8c,Nafees Iqbal,Bangladesh,ball_by_ball,1.9,top,,right,medium,263,0.57,24.2,65.4,8.5,0.896,1.037,0.587,,,,,,,,odi: 9m 128r 0w
d7725664,RA Reifer,West Indies,ball_by_ball,8.2,tail,spec_pace,left,medium_fast,101,0.48,12.4,61.9,5.8,0.648,1.595,0.635,162,0.03,5.71,32.0,33.6,1.031,1.068,odi: 6m 51r 6w
0b7930ed,BJ Patel,Kenya,ball_by_ball,4.4,middle,part_unk,,,241,0.6,18.4,62.9,7.7,0.738,1.18,0.265,18,0.01,7.74,96.5,74.8,1.461,0.505,odi: 11m 118r 0w
48f177f5,AJ Redmond,New Zealand,ball_by_ball,2.2,top,,right,leg_spin,259,0.63,31.6,75.0,10.6,0.982,0.913,0.952,,,,,,,,odi: 6m 152r 0w
dd468277,N M'shangwe,Zimbabwe,ball_by_ball,9.2,tail,spec_spin,right,leg_spin,43,0.31,12.0,80.7,12.4,0.722,1.718,2.131,216,0.06,5.05,44.5,52.9,0.94,0.717,odi: 4m 38r 1w
12b59324,RP Lefebvre,Netherlands,ball_by_ball,9.0,tail,spec_pace,right,medium,65,0.34,12.4,70.6,7.5,0.721,1.806,0.823,192,0.04,5.27,34.6,39.4,1.039,0.915,odi: 4m 43r 4w
9d710afe,DR Flynn,New Zealand,ball_by_ball,4.7,middle,part_spin,left,leg_spin,239,0.62,32.4,82.6,9.9,1.014,0.988,0.923,18,0.0,5.63,41.0,43.8,1.049,0.866,odi: 12m 167r 0w
d1ae8f94,Dolar Mahmud,Bangladesh,ball_by_ball,9.8,tail,spec_pace,right,fast_medium,44,0.34,15.9,103.0,14.0,0.874,1.575,1.752,213,0.05,6.23,37.1,35.8,1.207,1.064,odi: 7m 61r 8w
2c54c49b,MJ Humphreys,Ireland,ball_by_ball,10.3,tail,spec_spin,right,left_arm_orthodox,10,0.09,11.8,72.1,7.6,0.687,1.714,0.524,246,0.07,5.33,41.9,47.2,1.001,0.793,odi: 6m 6r 1w
a830c083,ND McKenzie,South Africa,ball_by_ball,4.7,middle,,right,medium,256,0.68,38.8,89.0,9.3,0.971,0.733,0.573,,,,,,,,odi: 9m 182r 0w
df7ed601,T Kaitano,Zimbabwe,ball_by_ball,1.4,top,,right,off_spin,256,0.58,23.1,67.3,8.9,0.92,1.115,0.914,,,,,,,,odi: 11m 157r 0w
2cffab74,Mukesh Kumar,India,ball_by_ball,11.0,tail,spec_pace,right,medium_fast,16,0.15,17.4,84.4,9.8,0.776,1.262,0.688,239,0.04,4.97,28.5,34.4,1.009,1.13,odi: 6m 10r 5w
8a28c5d4,Nadeem Khan,Oman,ball_by_ball,8.5,tail,spec_unk,,,21,0.14,10.2,64.0,7.8,0.649,1.93,0.987,234,0.1,6.36,57.0,53.8,1.178,0.693,odi: 4m 17r 9w
45a43fe2,RD Gaikwad,India,ball_by_ball,2.2,top,,right,off_spin,254,0.64,40.8,92.0,11.8,1.159,0.87,0.89,,,,,,,,odi: 9m 228r 0w
5278cecc,Muhammed Imran,Oman,ball_by_ball,11.0,tail,spec_unk,,,10,0.08,8.9,59.2,5.8,0.564,1.881,0.404,244,0.11,6.44,53.0,49.4,1.228,0.72,odi: 6m 2r 12w
717e803a,TCB Fernando,Sri Lanka,ball_by_ball,9.3,tail,spec_pace,right,fast_medium,38,0.3,12.6,78.5,7.1,0.659,1.412,0.334,215,0.03,5.02,28.0,33.5,1.045,1.13,odi: 6m 18r 1w
7c70083d,DR Brown,Scotland,ball_by_ball,5.8,lower,spec_pace,right,fast_medium,115,0.48,19.1,75.3,7.6,0.81,1.319,0.522,138,0.03,6.73,41.5,37.0,1.197,0.957,odi: 4m 72r 3w
83c3e8e3,SH Johnson,Australia,ball_by_ball,10.7,tail,spec_pace,left,fast,14,0.1,18.5,84.5,9.0,0.835,1.337,0.78,239,0.04,4.88,26.5,32.6,0.995,1.222,odi: 5m 12r 3w
907d6e58,Aamer Yamin,Pakistan,ball_by_ball,8.3,tail,spec_pace,right,medium,96,0.47,21.0,88.3,10.7,0.911,1.327,1.61,157,0.03,5.29,30.5,34.6,1.049,1.082,odi: 4m 95r 2w
9cb022df,A Codrington,Canada,ball_by_ball,9.7,tail,spec_pace,right,medium_fast,72,0.41,8.1,61.9,5.9,0.548,1.929,0.256,181,0.05,6.34,46.2,43.7,1.219,0.871,odi: 6m 33r 6w
9d0e7c58,DM Richards,West Indies,ball_by_ball,1.3,top,,right,,251,0.62,31.1,80.2,11.2,1.049,0.99,1.663,,,,,,,,odi: 8m 179r 0w
0164b064,MG Neser,Australia,ball_by_ball,8.2,tail,spec_pace,right,medium_fast,29,0.21,15.4,73.0,7.6,0.726,1.394,0.66,221,0.04,5.34,26.3,29.6,1.008,1.221,odi: 4m 11r 3w
5d836a72,Abid Ali,Pakistan,ball_by_ball,2.0,top,,right,leg_spin,250,0.63,39.2,93.3,11.1,1.174,0.901,0.519,,,,,,,,odi: 6m 234r 0w
a120e81b,Mohammed Qasim,United Arab Emirates,ball_by_ball,2.0,top,spec_unk,,,172,0.54,18.3,58.1,7.2,0.75,1.233,0.385,78,0.03,6.1,65.6,64.5,1.196,0.628,odi: 4m 91r 2w
3df3f50b,Waheed Ahmed,United Arab Emirates,ball_by_ball,7.5,lower,part_pace,right,medium,129,0.54,14.2,60.8,7.5,0.664,1.468,0.756,120,0.05,6.4,67.2,63.0,1.172,0.593,odi: 7m 73r 1w
fe763256,Y Venugopal Rao,India,ball_by_ball,5.4,middle,,right,off_spin,249,0.66,36.5,87.0,10.4,0.944,0.767,1.035,,,,,,,,odi: 13m 161r 0w
267269e1,Faisal Iqbal,Pakistan,ball_by_ball,3.6,middle,,right,off_spin,248,0.6,30.9,73.2,7.6,0.9,0.912,0.554,,,,,,,,odi: 8m 134r 0w
543b4a1f,R Telemachus,South Africa,ball_by_ball,9.3,tail,spec_pace,right,fast_medium,20,0.19,22.1,120.5,14.5,1.038,1.332,1.901,228,0.04,6.25,27.9,26.8,0.992,1.203,odi: 4m 41r 7w
17f552bf,SV Carlisle,Zimbabwe,ball_by_ball,2.5,top,,right,medium,245,0.6,23.3,63.6,6.8,0.812,1.057,0.543,,,,,,,,odi: 7m 110r 0w
7dfb8890,S Muthusamy,South Africa,ball_by_ball,8.2,tail,spec_spin,left,left_arm_orthodox,25,0.21,17.0,87.4,8.9,0.809,1.36,0.588,220,0.05,5.54,31.2,33.8,0.967,1.022,odi: 5m 22r 6w
9f998ed8,CW Perchard,Jersey,ball_by_ball,10.0,tail,spec_pace,right,medium,34,0.3,9.1,71.5,7.3,0.599,1.861,0.701,211,0.08,6.22,42.1,40.6,1.1,0.832,odi: 4m 31r 6w
39713d08,Mohammad Boota,United Arab Emirates,ball_by_ball,6.9,lower,part_unk,,,232,0.68,16.3,72.3,7.9,0.744,1.4,1.021,12,0.01,7.88,105.6,80.4,1.48,0.465,odi: 7m 173r 0w
61fb296e,TL Chivanga,Zimbabwe,ball_by_ball,11.0,tail,spec_pace,right,fast,25,0.2,11.7,72.5,7.2,0.68,1.681,0.372,219,0.05,5.51,41.5,45.2,1.079,0.876,odi: 6m 20r 4w
844e79d1,D Brevis,South Africa,ball_by_ball,5.3,middle,part_spin,right,leg_spin,220,0.66,41.6,125.2,15.3,1.323,0.941,3.133,24,0.0,5.59,40.4,43.3,1.05,0.883,odi: 12m 306r 0w
a58af75f,Bazid Khan,Pakistan,ball_by_ball,2.8,top,part_spin,right,off_spin,232,0.63,31.7,77.3,8.9,0.893,0.852,0.801,12,0.0,5.61,43.3,46.4,1.032,0.81,odi: 5m 131r 0w
c1fdfb46,P Rathnayake,Sri Lanka,ball_by_ball,5.8,lower,part_spin,right,off_spin,238,0.68,29.0,91.4,9.3,0.956,0.98,0.607,6,0.0,6.02,40.6,40.5,1.052,0.855,odi: 5m 218r 0w
ff1e12a0,AJ Turner,Australia,ball_by_ball,6.1,lower,spec_spin,right,off_spin,160,0.61,33.8,120.4,13.7,1.172,1.015,1.987,84,0.02,4.64,29.7,38.4,0.896,1.054,odi: 9m 192r 2w
4487cc09,LOB Cann,Bermuda,ball_by_ball,6.4,lower,spec_pace,right,medium,172,0.54,22.5,100.2,13.7,1.186,1.712,2.959,71,0.01,7.14,41.5,34.9,1.159,0.916,odi: 11m 214r 1w
1d048deb,BOP Fernando,Sri Lanka,ball_by_ball,3.8,middle,part_spin,right,leg_spin,230,0.61,29.6,72.0,9.0,0.92,0.93,1.027,12,0.0,5.71,41.8,43.9,1.058,0.856,odi: 8m 148r 0w
c7105dab,JA McCollum,Ireland,ball_by_ball,1.8,top,,right,medium,242,0.61,25.8,73.8,10.3,0.96,1.105,0.613,,,,,,,,odi: 6m 178r 0w
5b7ab5a9,CV Varun,India,ball_by_ball,,,spec_spin,right,leg_spin,,,,,,,,,241,0.05,4.88,27.6,33.9,0.863,1.003,odi: 4m 0r 10w
f2e8b37c,Arafat Minhas,Pakistan,ball_by_ball,6.3,lower,spec_spin,left,left_arm_orthodox,85,0.42,28.9,82.2,9.5,0.928,1.012,0.949,156,0.04,4.35,27.7,38.2,0.831,0.96,odi: 3m 60r 7w
4277234d,Sufiyan Muqeem,Pakistan,ball_by_ball,11.7,tail,spec_spin,left,left_arm_wrist,17,0.13,16.7,81.0,9.0,0.786,1.388,1.017,223,0.06,4.99,31.8,38.3,0.905,0.952,odi: 4m 15r 8w
571f11e4,Tanveer Ahmed,Hong Kong,ball_by_ball,11.0,tail,spec_pace,right,medium_fast,11,0.09,8.2,58.6,5.8,0.56,2.033,0.432,229,0.07,6.34,41.9,39.7,1.142,0.9,odi: 6m 4r 5w
5bd3bb5d,PJ Ingram,New Zealand,ball_by_ball,1.9,top,,right,off_spin,238,0.6,32.8,82.7,11.8,1.107,0.969,0.942,,,,,,,,odi: 8m 193r 0w
c46e9e56,CJO Smith,Scotland,ball_by_ball,5.9,lower,,,,238,0.64,19.5,70.9,8.6,0.836,1.392,0.408,,,,,,,,odi: 11m 157r 0w
1b6fef02,P Mustard,England,ball_by_ball,2.0,top,,left,medium,237,0.57,41.2,104.6,13.9,1.35,0.972,1.937,,,,,,,,odi: 9m 219r 0w
4aef496b,Nazimuddin,Bangladesh,ball_by_ball,2.3,top,,right,medium,237,0.57,25.6,74.0,10.7,0.993,1.11,1.112,,,,,,,,odi: 11m 147r 0w
5cb078d6,HK Badani,India,ball_by_ball,6.0,lower,spec_unk,,,174,0.59,36.7,99.2,10.7,1.049,0.849,1.126,63,0.02,7.01,39.3,33.7,1.077,0.841,odi: 7m 135r 1w
79f5bc26,BG Lister,New Zealand,ball_by_ball,10.8,tail,spec_pace,right,medium,21,0.17,15.3,78.6,8.5,0.753,1.436,0.753,216,0.04,5.61,26.6,28.5,0.988,1.171,odi: 4m 12r 6w
35f4cf7e,Kamran Ghulam,Pakistan,ball_by_ball,4.3,middle,part_spin,right,left_arm_orthodox,212,0.63,36.8,98.1,11.6,1.075,0.874,1.526,24,0.01,5.36,41.9,46.8,1.006,0.816,odi: 11m 210r 1w
dff967c1,RS Kaluwitharana,Sri Lanka,ball_by_ball,3.0,top,,right,,236,0.57,40.0,94.7,11.8,1.189,0.886,0.864,,,,,,,,odi: 8m 176r 0w
66cf56a5,A Mithun,India,ball_by_ball,9.7,tail,spec_pace,right,fast_medium,55,0.36,20.0,96.5,12.9,0.882,1.275,1.796,180,0.03,5.96,32.5,32.7,1.126,1.131,odi: 5m 51r 3w
77079be1,D Mohammed,West Indies,ball_by_ball,9.0,tail,spec_spin,left,left_arm_wrist,2,0.02,13.6,78.7,9.4,0.734,1.572,1.132,233,0.06,5.33,33.1,37.3,0.926,0.914,odi: 5m 0r 8w
5e71fa21,Shabir Noori,Afghanistan,wikipedia_totals,,middle,part_spin,right,off_spin,235,0.19,30.0,86.5,9.6,0.997,0.999,0.944,,,,,,,,wikipedia_odi: 10m 191r w
6843a783,Shan Masood,Pakistan,ball_by_ball,2.0,top,,left,fast_medium,234,0.6,29.8,76.9,9.6,1.006,0.991,0.501,,,,,,,,odi: 9m 163r 0w
8b8745fd,ML Lewis,Australia,ball_by_ball,11.0,tail,spec_pace,right,fast_medium,4,0.04,17.8,88.3,9.2,0.817,1.318,0.815,230,0.03,6.33,29.7,28.1,1.105,1.222,odi: 5m 4r 3w
9ff100a6,RS Gavaskar,India,ball_by_ball,6.6,lower,spec_unk,,,162,0.56,28.0,83.0,10.0,0.91,1.004,1.206,72,0.02,6.42,45.1,42.1,1.147,0.845,odi: 9m 93r 1w
7e38d2de,K Weeraratne,Sri Lanka,ball_by_ball,6.8,lower,part_unk,,,137,0.57,24.1,97.6,9.9,0.921,1.099,0.852,96,0.03,6.66,70.4,63.4,1.366,0.632,odi: 5m 120r 0w
9f9b903e,TK Musakanda,Zimbabwe,ball_by_ball,3.2,top,,right,,233,0.63,29.8,87.8,10.4,1.088,1.147,1.11,,,,,,,,odi: 9m 210r 0w
b2a79f17,B Laughlin,Australia,ball_by_ball,11.0,tail,spec_pace,right,fast_medium,9,0.07,17.1,78.9,8.7,0.766,1.316,0.823,224,0.04,5.59,26.6,28.5,0.993,1.225,odi: 5m 1r 4w
06c2de82,L Gregory,England,ball_by_ball,7.0,lower,spec_pace,right,fast_medium,116,0.49,34.6,101.6,11.3,1.122,1.01,1.418,116,0.02,4.96,27.3,33.0,1.021,1.152,odi: 3m 117r 4w
5c756df3,Abul Hasan,Bangladesh,ball_by_ball,8.0,tail,spec_pace,left,medium_fast,16,0.14,12.7,74.2,7.5,0.699,1.6,0.508,216,0.04,5.99,36.3,36.4,1.173,1.003,odi: 7m 11r 0w
91cd48e0,JF Smith,South Africa,ball_by_ball,5.2,middle,part_pace,right,medium_fast,178,0.6,39.2,95.5,10.8,1.01,0.747,1.289,54,0.02,6.06,40.1,39.7,1.052,0.869,odi: 5m 165r 1w
ad733e72,DF Watts,Scotland,ball_by_ball,2.0,top,,right,medium,232,0.55,21.4,66.3,9.0,0.907,1.196,1.002,,,,,,,,odi: 9m 130r 0w
e33616eb,HJC Mol,Netherlands,ball_by_ball,6.5,lower,part_unk,,,116,0.44,14.9,58.3,6.5,0.674,1.351,0.461,116,0.07,8.58,80.1,56.0,1.38,0.539,odi: 6m 42r 4w
4aad78d3,K Zondo,South Africa,ball_by_ball,5.5,middle,,right,off_spin,231,0.65,34.8,76.4,8.5,0.89,0.808,0.906,,,,,,,,odi: 6m 146r 0w
8fc65c2b,SM Davies,England,ball_by_ball,2.5,top,,left,,231,0.59,42.9,110.5,14.1,1.426,0.993,0.877,,,,,,,,odi: 8m 244r 0w
ca92a578,IA Karim,Kenya,ball_by_ball,1.0,top,,left,off_spin,231,0.61,26.9,76.9,8.7,0.963,1.106,0.294,,,,,,,,odi: 3m 196r 0w
1417ba2f,JJC Lawson,West Indies,ball_by_ball,11.0,tail,spec_pace,right,fast_medium,13,0.13,13.7,83.4,9.7,0.753,1.578,1.057,217,0.04,5.51,32.8,35.7,1.083,1.043,odi: 4m 11r 4w
9d0344f3,Akif Raja,United Arab Emirates,ball_by_ball,,,spec_unk,,,,,,,,,,,230,0.11,6.24,60.0,57.6,1.17,0.592,odi: 5m 0r 3w
c80b4969,Ajay Kumar,United Arab Emirates,ball_by_ball,10.0,tail,spec_unk,,,9,0.09,8.3,61.1,5.9,0.559,1.941,0.422,221,0.11,6.51,54.9,50.5,1.203,0.689,odi: 4m 3r 11w
5c124657,Irfan Ahmed,Hong Kong,ball_by_ball,3.3,top,spec_pace,right,fast_medium,79,0.33,20.5,67.7,9.5,0.861,1.282,0.894,150,0.04,6.49,38.5,35.6,1.129,0.916,odi: 3m 55r 4w
6575e3bc,Nazmul Islam,Bangladesh,ball_by_ball,9.0,tail,spec_spin,left,left_arm_orthodox,13,0.13,12.6,75.7,7.5,0.682,1.532,0.481,216,0.05,5.55,36.1,39.0,0.994,0.892,odi: 4m 7r 5w
e3540b8c,DS Bajwa,Canada,ball_by_ball,3.6,middle,part_spin,right,off_spin,175,0.5,18.7,59.5,6.6,0.78,1.227,0.431,54,0.03,6.95,59.5,51.4,1.16,0.627,odi: 9m 108r 1w
0c637131,WF Stelling,Netherlands,ball_by_ball,9.5,tail,spec_unk,,,38,0.23,13.2,74.7,8.7,0.763,1.777,1.499,190,0.06,5.51,49.9,54.3,1.115,0.698,odi: 4m 40r 5w
28ed9134,S Thuraisingam,Canada,ball_by_ball,9.0,tail,spec_pace,right,fast_medium,44,0.27,9.5,63.3,7.7,0.611,1.913,0.823,184,0.06,6.53,44.4,40.8,1.224,0.865,odi: 5m 26r 6w
2cfa6534,Manjural Islam,Bangladesh,ball_by_ball,10.7,tail,spec_pace,left,medium_fast,11,0.09,12.2,70.4,7.4,0.664,1.587,0.544,217,0.04,5.62,32.6,34.8,1.101,1.041,odi: 5m 2r 5w
5eea345c,Khalid Latif,Pakistan,ball_by_ball,2.0,top,,right,off_spin,228,0.6,34.5,79.5,9.1,1.014,0.873,0.647,,,,,,,,odi: 5m 147r 0w
a4e37e47,S Dube,India,ball_by_ball,7.2,lower,part_pace,left,medium,49,0.33,26.2,104.6,13.1,0.972,1.051,1.264,179,0.04,5.56,41.9,45.2,1.056,0.825,odi: 6m 43r 3w
d5bbb6a2,J Anderson,Ireland,ball_by_ball,2.7,top,part_unk,,,197,0.57,23.3,66.7,9.2,0.864,1.108,0.452,30,0.01,7.1,83.7,70.8,1.353,0.544,odi: 6m 118r 0w
2d4465da,SG Whittingham,Scotland,ball_by_ball,10.7,tail,spec_pace,right,fast_medium,14,0.15,9.4,67.0,6.7,0.604,1.837,0.424,212,0.06,6.26,39.0,37.4,1.125,0.958,odi: 4m 5r 6w
ba158afd,Zahid Mahmood,Pakistan,ball_by_ball,10.5,tail,spec_spin,right,leg_spin,10,0.11,15.6,83.4,9.6,0.757,1.369,1.053,216,0.04,5.37,37.2,41.6,1.018,0.93,odi: 4m 9r 4w
d2a2bb1a,KNM Fernando,Sri Lanka,ball_by_ball,1.6,top,,right,,225,0.58,32.7,82.1,10.6,1.092,0.966,0.673,,,,,,,,odi: 8m 182r 0w
671398e3,DK Butler,West Indies,ball_by_ball,10.0,tail,spec_pace,left,fast_medium,22,0.19,14.2,84.3,10.3,0.764,1.546,1.025,202,0.03,4.94,31.9,38.7,0.995,1.036,odi: 4m 16r 2w
c1f9b051,RD Jacobs,West Indies,ball_by_ball,7.5,tail,,left,,224,0.65,15.5,78.2,6.9,0.781,1.519,0.804,,,,,,,,odi: 24m 142r 0w
e64c10dd,VV Morea,Papua New Guinea,ball_by_ball,1.9,top,,right,medium,224,0.6,17.2,61.0,6.7,0.801,1.367,0.449,,,,,,,,odi: 8m 142r 0w
1edf29b9,Akshay Homraj,United States of America,ball_by_ball,6.0,lower,,right,,223,0.65,17.7,68.3,6.7,0.79,1.415,0.909,,,,,,,,odi: 8m 159r 0w
4c7df2c8,Mohammad Shahzad,United Arab Emirates,ball_by_ball,4.0,middle,spec_pace,right,medium_fast,67,0.34,21.3,64.0,7.7,0.791,1.163,1.109,156,0.05,6.63,40.9,37.0,1.098,0.872,odi: 3m 49r 8w
585dda5d,KNA Bandara,Sri Lanka,ball_by_ball,6.0,lower,part_spin,right,leg_spin,217,0.65,24.4,77.8,8.0,0.83,1.038,0.381,6,0.0,5.99,40.4,40.5,1.049,0.856,odi: 6m 141r 0w
e1891e00,BV Sears,New Zealand,ball_by_ball,9.0,tail,spec_pace,right,medium_fast,17,0.18,14.6,82.6,8.7,0.736,1.408,0.723,206,0.04,5.67,28.3,29.9,0.999,1.199,odi: 4m 11r 10w
3e91a87f,TJ Friend,Zimbabwe,ball_by_ball,3.0,top,part_unk,,,169,0.48,31.5,90.3,10.8,1.145,1.105,1.324,52,0.02,7.36,97.8,79.7,1.404,0.501,odi: 8m 132r 1w
a64e3b89,SK Atai,Papua New Guinea,ball_by_ball,8.0,tail,part_unk,,,173,0.61,7.4,50.7,3.9,0.531,2.165,0.09,48,0.03,7.57,107.8,85.4,1.393,0.43,odi: 15m 90r 0w
34c823b0,D Keulder,Namibia,ball_by_ball,3.8,middle,,right,off_spin,220,0.57,23.2,69.5,6.3,0.852,1.165,0.353,,,,,,,,odi: 6m 132r 0w
43b375d4,Abdur Rauf,Pakistan,ball_by_ball,,,spec_pace,right,fast_medium,,,,,,,,,220,0.04,5.64,29.1,31.0,1.042,1.113,odi: 4m 0r 8w
7ec9711d,P Subrayen,South Africa,ball_by_ball,9.0,tail,spec_spin,right,off_spin,22,0.16,18.5,87.9,9.4,0.856,1.346,0.993,198,0.04,5.04,33.2,39.5,0.999,1.021,odi: 4m 22r 5w
f2665768,A Phillip,West Indies,ball_by_ball,10.5,tail,spec_pace,right,fast_medium,25,0.18,15.1,80.3,8.7,0.793,1.573,1.296,195,0.04,6.12,34.6,33.9,1.131,1.036,odi: 5m 22r 4w
9db20c92,D Bau,Papua New Guinea,ball_by_ball,6.4,lower,,right,,219,0.67,12.4,60.6,5.4,0.635,1.57,0.319,,,,,,,,odi: 9m 130r 0w
a75a78eb,MR Swart,Netherlands,ball_by_ball,3.0,top,part_spin,right,off_spin,75,0.35,20.3,78.9,9.3,0.889,1.217,0.682,144,0.05,5.92,54.7,55.5,1.153,0.654,odi: 6m 59r 1w
f96933f0,Izatullah Dawlatzai,Afghanistan,wikipedia_totals,,middle,spec_pace,right,medium_fast,9,0.01,33.8,86.5,9.6,0.997,0.883,0.944,210,0.04,5.05,27.9,33.2,0.938,1.097,wikipedia_odi: 5m 7r 8w
6a685375,JB Reva,Papua New Guinea,ball_by_ball,9.0,tail,spec_pace,right,medium,26,0.22,7.5,60.2,5.0,0.556,2.172,0.25,191,0.08,6.93,46.1,39.9,1.167,0.775,odi: 5m 15r 5w
ad48eb56,G Kirsten,South Africa,ball_by_ball,3.3,top,,left,off_spin,217,0.54,48.4,102.7,13.4,1.283,0.8,1.334,,,,,,,,odi: 6m 186r 0w
d7b3a420,Jaskaran Singh,Canada,ball_by_ball,8.0,tail,spec_pace,right,medium,63,0.38,9.3,59.7,6.1,0.587,1.891,0.466,154,0.05,6.42,43.5,40.6,1.094,0.847,odi: 3m 38r 4w
19708692,MW Parkinson,England,ball_by_ball,11.0,tail,spec_spin,right,leg_spin,8,0.09,16.5,88.2,9.6,0.807,1.401,0.747,208,0.04,5.61,35.0,37.4,1.022,0.974,odi: 5m 7r 5w
41c8bae3,KT Sandher,Canada,ball_by_ball,10.0,tail,spec_spin,right,left_arm_orthodox,6,0.07,8.8,62.8,6.3,0.579,1.904,0.442,210,0.08,6.21,49.0,47.4,1.09,0.734,odi: 4m 2r 6w
922e1b19,Z Crawley,England,ball_by_ball,2.8,top,,right,off_spin,216,0.6,37.1,92.5,11.4,1.166,0.959,0.908,,,,,,,,odi: 9m 205r 0w
be4cefab,CMW Read,England,ball_by_ball,7.4,lower,,right,medium,216,0.67,22.3,97.5,11.0,0.889,1.101,0.809,,,,,,,,odi: 23m 156r 0w
7157a72f,PJC Hoffmann,Scotland,ball_by_ball,10.0,tail,spec_pace,right,medium_fast,23,0.19,12.4,84.4,9.9,0.766,1.807,0.929,192,0.04,5.5,37.1,40.5,1.137,0.931,odi: 6m 30r 1w
817c1746,Elias Sunny,Bangladesh,ball_by_ball,9.2,tail,spec_spin,left,left_arm_orthodox,11,0.1,12.1,69.9,7.5,0.66,1.584,0.552,204,0.05,5.38,36.3,40.5,0.972,0.892,odi: 4m 2r 5w
c8065f31,SC Getkate,Ireland,ball_by_ball,7.0,lower,spec_pace,right,medium_fast,23,0.22,19.4,93.2,10.9,0.863,1.267,0.963,192,0.04,5.43,33.9,37.4,1.014,1.003,odi: 4m 23r 7w
971c3f6d,FRJ Coleman,Scotland,ball_by_ball,4.6,middle,,right,off_spin,214,0.63,24.2,73.5,8.2,0.876,1.123,0.497,,,,,,,,odi: 9m 160r 0w
96503059,Ahsan Malik,Netherlands,ball_by_ball,11.0,tail,spec_pace,right,medium_fast,12,0.08,10.3,62.7,5.8,0.615,1.792,0.424,201,0.06,6.44,39.9,37.1,1.162,0.928,odi: 6m 4r 8w
a1000a26,HJW Gardiner,Scotland,ball_by_ball,2.7,top,,right,,213,0.58,22.5,68.9,8.3,0.903,1.187,0.437,,,,,,,,odi: 7m 142r 0w
207c4398,SP Jones,England,ball_by_ball,9.0,tail,spec_pace,left,fast,2,0.02,16.3,86.9,9.5,0.811,1.434,0.83,210,0.04,5.66,29.1,30.8,1.023,1.138,odi: 5m 1r 5w
7ba54dc9,Jai Prakash Yadav,India,ball_by_ball,7.0,lower,spec_pace,right,medium,26,0.18,29.4,92.2,11.3,0.972,0.982,1.265,186,0.03,5.52,32.9,35.7,1.084,1.133,odi: 7m 12r 3w
8eb611d0,Mosharraf Hossain,Bangladesh,ball_by_ball,9.5,tail,spec_spin,left,left_arm_orthodox,61,0.4,10.0,65.5,6.3,0.558,1.513,0.305,150,0.03,4.96,36.0,43.5,0.923,0.874,odi: 4m 22r 1w
c810b349,JAD Lawrenson,Jersey,ball_by_ball,3.0,top,,right,off_spin,211,0.64,22.8,76.3,7.4,0.867,1.168,0.4,,,,,,,,odi: 4m 177r 0w
74487d79,J Edness,Bermuda,ball_by_ball,3.0,top,,,,210,0.58,17.6,63.1,7.4,0.77,1.337,0.343,,,,,,,,odi: 4m 119r 0w
b7b66a96,D Joseph,Canada,ball_by_ball,11.0,tail,spec_pace,right,fast_medium,24,0.21,8.7,66.0,6.3,0.573,1.871,0.343,186,0.04,6.13,44.5,43.6,1.207,0.865,odi: 4m 13r 5w
b7d1eadd,P Jayawickrama,Sri Lanka,ball_by_ball,11.0,tail,spec_spin,right,left_arm_orthodox,12,0.12,14.2,79.5,8.0,0.724,1.44,0.42,198,0.03,4.92,33.1,40.3,0.99,0.995,odi: 5m 7r 5w
d4eef961,M de Lange,South Africa,ball_by_ball,,,spec_pace,right,fast,,,,,,,,,210,0.04,5.52,26.9,29.2,1.007,1.222,odi: 4m 0r 10w
1e1a8922,KDC Clarke,New Zealand,ball_by_ball,9.0,tail,spec_pace,right,medium_fast,28,0.24,17.2,102.3,11.2,0.867,1.405,0.941,181,0.03,6.05,28.1,27.9,1.014,1.189,odi: 4m 39r 7w
462d7c62,D Paterson,South Africa,ball_by_ball,,,spec_pace,right,fast_medium,,,,,,,,,209,0.03,5.73,28.8,30.1,1.091,1.189,odi: 4m 0r 4w
ad75edc3,AC Cummins,Canada,ball_by_ball,9.3,tail,spec_pace,right,fast_medium,23,0.16,10.3,68.3,6.4,0.662,1.891,0.39,186,0.06,6.52,43.1,39.7,1.154,0.846,odi: 4m 21r 4w
b863eae9,GJ Rennie,Zimbabwe,ball_by_ball,3.8,middle,part_unk,,,125,0.41,23.5,63.3,7.2,0.804,1.043,0.536,84,0.05,8.25,75.8,55.1,1.245,0.5,odi: 4m 50r 2w
e87aeca2,J Hermann,South Africa,ball_by_ball,1.0,top,,left,off_spin,209,0.59,48.8,105.2,13.2,1.316,0.81,1.08,,,,,,,,odi: 3m 247r 0w
15d1b59e,NA de Groot,Canada,ball_by_ball,5.8,lower,part_unk,,,127,0.47,14.3,56.6,6.7,0.642,1.424,0.533,81,0.04,8.69,91.9,63.5,1.48,0.512,odi: 6m 44r 3w
5d9a1a73,R Sharma,India,ball_by_ball,9.0,tail,spec_spin,right,leg_spin,2,0.02,18.5,86.9,9.9,0.822,1.285,0.891,206,0.04,5.24,34.5,39.5,0.988,0.978,odi: 4m 1r 6w
02802468,Ali Nadeem,Canada,ball_by_ball,1.5,top,,,,207,0.56,20.6,64.3,8.0,0.844,1.209,0.816,,,,,,,,odi: 6m 134r 0w
107c26fb,KT Maphaka,South Africa,ball_by_ball,10.7,tail,spec_pace,left,fast,8,0.07,16.2,81.8,9.0,0.775,1.384,0.781,199,0.04,6.17,30.8,29.9,1.111,1.221,odi: 5m 1r 9w
25733f03,C de Lange,Netherlands,ball_by_ball,1.0,top,,,,206,0.55,19.5,58.0,6.1,0.771,1.147,0.215,,,,,,,,odi: 6m 110r 0w
2bfec670,H Kaushik,United Arab Emirates,ball_by_ball,6.2,lower,part_unk,,,92,0.47,15.6,78.0,8.7,0.766,1.454,1.327,114,0.06,7.45,105.0,84.5,1.375,0.441,odi: 4m 80r 0w
6a52f5d3,GJ Whittall,Zimbabwe,ball_by_ball,4.8,middle,part_pace,right,medium,71,0.31,29.2,81.4,8.3,0.982,1.087,1.003,135,0.04,6.08,58.3,57.5,1.153,0.665,odi: 6m 59r 4w
943ca0cd,NT Nyamhuri,Zimbabwe,ball_by_ball,9.5,tail,spec_pace,right,medium_fast,54,0.31,13.6,63.1,6.5,0.713,1.685,0.368,152,0.04,5.88,38.4,39.2,1.01,0.91,odi: 4m 34r 7w
c1f6c27e,G Onions,England,ball_by_ball,11.0,tail,spec_pace,right,fast_medium,2,0.03,16.5,86.9,9.5,0.811,1.409,0.832,204,0.03,5.2,29.6,34.1,1.034,1.139,odi: 4m 1r 4w
d8906a73,Waqar Younis,Pakistan,ball_by_ball,9.8,tail,spec_pace,right,fast,23,0.2,14.8,84.9,8.2,0.753,1.427,0.586,183,0.03,5.59,32.0,34.4,1.085,1.122,odi: 6m 17r 7w
dd55b0b0,BP Loots,Netherlands,ball_by_ball,10.5,tail,spec_unk,,,21,0.18,10.4,70.0,9.5,0.647,1.818,1.447,185,0.05,6.94,61.9,53.5,1.266,0.67,odi: 5m 15r 2w
047c67ba,Saqlain Mushtaq,Pakistan,ball_by_ball,10.0,tail,spec_spin,right,off_spin,39,0.22,16.6,71.2,7.3,0.739,1.349,0.636,166,0.04,5.3,35.1,39.7,0.974,0.936,odi: 4m 17r 4w
72e361fe,N Davin,Namibia,ball_by_ball,2.0,top,,right,leg_spin,205,0.53,19.9,71.6,9.1,0.957,1.381,1.088,,,,,,,,odi: 12m 165r 0w
a76d4082,T Suri,United Arab Emirates,ball_by_ball,1.4,top,,,,205,0.53,23.8,77.1,10.7,1.003,1.242,1.189,,,,,,,,odi: 7m 181r 0w
fbcfa528,T Munyonga,Zimbabwe,ball_by_ball,6.1,lower,part_spin,right,off_spin,199,0.63,20.6,76.2,7.6,0.827,1.223,0.685,6,0.0,5.96,57.0,57.4,1.099,0.649,odi: 9m 145r 0w
99258814,Gurnoor Brar,India,ball_by_ball,8.5,tail,spec_pace,left,fast,29,0.22,19.2,89.4,10.1,0.829,1.243,0.993,175,0.03,6.17,32.0,31.1,1.088,1.134,odi: 3m 25r 4w
d1ac815a,JV Harris,Canada,ball_by_ball,5.7,lower,,right,off_spin,204,0.57,16.6,59.6,6.7,0.713,1.411,0.758,,,,,,,,odi: 6m 91r 0w
11df3dc8,MJ Lumb,England,ball_by_ball,1.0,top,,left,medium,203,0.57,41.1,90.6,11.2,1.163,0.847,1.354,,,,,,,,odi: 3m 165r 0w
304c9c2e,RO Hurley,West Indies,ball_by_ball,8.0,tail,spec_spin,right,off_spin,17,0.11,13.9,74.5,8.3,0.744,1.603,1.116,186,0.04,5.05,34.0,40.4,0.911,0.878,odi: 4m 8r 2w
3847ec84,JI de Villiers,Namibia,ball_by_ball,9.3,tail,part_pace,right,medium,64,0.4,7.2,55.5,5.2,0.509,2.021,0.371,139,0.06,6.87,66.7,58.3,1.291,0.633,odi: 8m 28r 2w
5500c675,PC Connell,Ireland,ball_by_ball,10.0,tail,spec_pace,right,medium_fast,23,0.19,10.2,65.9,7.4,0.61,1.707,0.437,180,0.05,6.75,37.8,33.6,1.188,1.0,odi: 5m 6r 7w
34d2ca48,LP van Troost,Netherlands,ball_by_ball,5.8,lower,part_pace,left,medium,160,0.51,20.1,75.7,8.6,0.904,1.399,1.389,42,0.01,7.25,65.5,54.2,1.318,0.671,odi: 10m 112r 1w
46050f42,GA Rogers,Scotland,ball_by_ball,9.5,tail,spec_spin,right,left_arm_orthodox,49,0.26,12.5,61.8,6.7,0.702,1.801,0.435,153,0.04,5.8,44.4,46.0,1.088,0.826,odi: 5m 32r 4w
51de2a80,DJ Cullen,Australia,ball_by_ball,,,spec_spin,right,off_spin,,,,,,,,,202,0.04,5.02,31.5,37.7,0.945,1.036,odi: 4m 0r 2w
59ddd811,NE Bonner,West Indies,ball_by_ball,4.8,middle,part_spin,right,leg_spin,135,0.5,26.9,76.9,8.5,0.892,0.999,0.886,67,0.02,5.51,48.0,52.3,1.07,0.773,odi: 6m 85r 1w
f892fcf9,L Sipamla,South Africa,ball_by_ball,9.5,tail,spec_pace,right,medium_fast,19,0.2,16.7,87.1,8.7,0.77,1.289,0.643,183,0.03,5.47,25.9,28.4,0.979,1.18,odi: 5m 14r 2w
dc36a6a5,AN Kervezee,Netherlands,ball_by_ball,3.3,top,,right,medium,201,0.54,20.9,66.3,8.0,0.873,1.229,0.393,,,,,,,,odi: 11m 110r 0w
f5ef7ac3,TSS Mackintosh,Scotland,ball_by_ball,5.4,middle,,right,,201,0.65,21.9,78.3,7.9,0.822,1.123,0.272,,,,,,,,odi: 10m 169r 0w
1494a583,Dhiman Ghosh,Bangladesh,ball_by_ball,7.6,tail,,right,,199,0.63,15.1,71.2,6.9,0.751,1.539,0.522,,,,,,,,odi: 11m 124r 0w
9103ecdb,Muhammad Rohid,United Arab Emirates,ball_by_ball,11.0,tail,spec_unk,,,19,0.15,9.3,62.9,6.3,0.6,1.921,0.373,180,0.08,6.31,60.4,57.4,1.194,0.599,odi: 3m 14r 2w
9124aa4c,Zuhaib Zubair,United Arab Emirates,ball_by_ball,7.8,tail,spec_unk,,,49,0.33,9.1,68.7,6.7,0.612,1.96,0.487,150,0.06,6.75,75.6,67.2,1.296,0.583,odi: 4m 39r 0w
af98bf5b,Ammar Khalid,Canada,ball_by_ball,,,spec_unk,,,,,,,,,,,199,0.1,6.32,56.9,54.0,1.173,0.63,odi: 4m 0r 5w
26534b48,AM Guruge,United Arab Emirates,ball_by_ball,11.0,tail,spec_pace,right,fast_medium,26,0.2,9.0,60.4,5.7,0.582,1.91,0.363,171,0.04,5.26,36.5,41.6,1.064,0.876,odi: 4m 14r 7w
6c19c6e5,YBK Jaiswal,India,ball_by_ball,1.0,top,,left,leg_spin,197,0.55,45.1,86.9,12.0,1.156,0.736,1.36,,,,,,,,odi: 4m 171r 0w
ef9acbcc,C Esterhuizen,South Africa,ball_by_ball,2.0,top,,right,,197,0.58,43.0,89.0,11.0,1.135,0.795,1.671,,,,,,,,odi: 3m 197r 0w
5a6bb1c7,Fayyaz Ahmed,United Arab Emirates,ball_by_ball,8.0,tail,spec_unk,,,94,0.49,7.9,51.3,5.1,0.494,1.848,0.192,102,0.04,6.08,68.7,67.8,1.194,0.597,odi: 2m 41r 0w
f476d2a5,Asad Ali,Pakistan,ball_by_ball,10.0,tail,spec_pace,right,fast_medium,16,0.16,15.0,84.3,9.4,0.75,1.409,0.979,180,0.04,4.75,26.5,33.4,0.914,1.076,odi: 4m 13r 2w
fdee4a01,Shoaib Khan,United Arab Emirates,ball_by_ball,5.2,middle,part_unk,right,,195,0.61,20.7,68.6,7.9,0.798,1.21,0.993,1,0.0,8.1,104.7,77.6,1.49,0.468,odi: 8m 144r 0w
75be3b2a,JC Balt,Namibia,ball_by_ball,5.5,middle,part_unk,,,111,0.48,18.9,62.8,6.3,0.705,1.144,0.216,84,0.04,7.41,92.4,74.8,1.409,0.509,odi: 4m 61r 2w
7c681ee9,J Smits,Netherlands,ball_by_ball,9.8,tail,,right,,195,0.62,9.2,51.4,4.1,0.519,1.715,0.158,,,,,,,,odi: 13m 72r 0w
684d21d7,M Bhanuka,Sri Lanka,ball_by_ball,2.5,top,,left,,194,0.55,32.4,80.4,10.3,1.04,0.927,0.833,,,,,,,,odi: 6m 140r 0w
d666d3a8,BA Parchment,West Indies,ball_by_ball,1.3,top,,,,194,0.51,28.0,75.4,11.0,1.008,1.035,1.494,,,,,,,,odi: 6m 107r 0w
fccf5309,PA Desai,Canada,ball_by_ball,11.0,tail,spec_spin,right,left_arm_orthodox,12,0.13,8.2,59.4,6.0,0.54,1.878,0.42,181,0.06,5.15,46.0,53.6,1.029,0.751,odi: 4m 2r 6w
28b61a48,Ghazi Ghori,Pakistan,ball_by_ball,3.8,middle,,,,192,0.58,37.0,79.5,9.3,0.99,0.821,0.618,,,,,,,,odi: 4m 139r 0w
31ce61ab,BA Murphy,Zimbabwe,ball_by_ball,10.0,tail,spec_spin,right,leg_spin,11,0.11,10.7,69.7,7.1,0.637,1.718,0.527,181,0.04,5.48,44.4,48.6,1.015,0.769,odi: 5m 3r 5w
c59d8f8a,KA Hope,West Indies,ball_by_ball,2.3,top,,,,192,0.56,28.1,75.8,10.6,1.005,1.039,1.192,,,,,,,,odi: 7m 138r 0w
d1d83db3,T Gwandu,Zimbabwe,ball_by_ball,11.0,tail,spec_pace,right,medium,14,0.12,11.2,68.3,6.5,0.648,1.697,0.459,178,0.05,6.17,40.9,39.8,1.086,0.884,odi: 5m 6r 5w
aad0c365,Nithish Kumar Reddy,India,ball_by_ball,7.2,lower,part_pace,right,medium_fast,99,0.47,34.9,102.7,11.6,1.084,0.936,1.674,91,0.02,5.83,48.2,49.6,1.14,0.816,odi: 4m 100r 0w
d96165b5,D Myers,Zimbabwe,ball_by_ball,3.7,middle,,right,medium,189,0.56,27.7,77.5,8.8,0.958,1.085,0.302,,,,,,,,odi: 7m 138r 0w
dabbd0ae,B Fernando,Sri Lanka,ball_by_ball,9.0,tail,spec_pace,right,medium_fast,36,0.26,14.8,78.1,7.9,0.748,1.487,0.335,153,0.02,5.15,27.7,32.2,0.983,1.149,odi: 4m 26r 2w
e5437608,GF Linde,South Africa,ball_by_ball,7.7,tail,spec_spin,left,left_arm_orthodox,38,0.24,19.6,82.2,8.4,0.855,1.334,0.679,151,0.03,5.23,33.3,38.2,1.008,1.023,odi: 4m 29r 4w
2e2fe3e8,DP Hyatt,West Indies,ball_by_ball,3.6,middle,,right,medium,188,0.56,25.7,69.7,9.6,0.886,1.026,2.087,,,,,,,,odi: 9m 112r 0w
b0e08fde,Usman Limbada,Canada,ball_by_ball,5.2,middle,,,,188,0.62,21.0,69.6,7.2,0.754,1.082,0.389,,,,,,,,odi: 4m 123r 0w
80fe6790,AR Bisht,Oman,ball_by_ball,5.2,middle,part_unk,,,109,0.46,21.6,67.8,7.5,0.792,1.158,0.736,78,0.05,8.21,93.5,68.3,1.424,0.498,odi: 5m 83r 2w
25f7b7d6,T Banton,England,ball_by_ball,4.7,middle,,right,off_spin,186,0.59,37.6,90.0,11.0,1.106,0.927,1.288,,,,,,,,odi: 7m 172r 0w
8305580c,MA Carberry,England,ball_by_ball,1.2,top,part_spin,left,off_spin,180,0.52,34.8,82.5,11.2,1.082,0.906,0.93,6,0.0,6.21,42.6,41.2,1.083,0.84,odi: 6m 114r 0w
9ba59a3c,LJ Woodcock,New Zealand,ball_by_ball,9.0,tail,spec_unk,,,22,0.18,15.7,82.4,9.0,0.773,1.432,0.849,164,0.04,6.34,43.7,41.4,1.139,0.865,odi: 4m 14r 3w
ec526fca,JP Maher,Australia,ball_by_ball,4.7,middle,,,,186,0.56,36.1,89.7,10.9,1.014,0.834,1.45,,,,,,,,odi: 7m 122r 0w
0a4735b4,RA Jones,New Zealand,ball_by_ball,2.0,top,,,,185,0.5,35.4,78.2,10.4,1.015,0.843,1.341,,,,,,,,odi: 3m 96r 0w
8dbda772,Arshad Ali,United Arab Emirates,ball_by_ball,2.0,top,spec_unk,,,89,0.36,21.1,64.5,7.7,0.813,1.184,0.583,96,0.05,7.93,69.1,52.2,1.279,0.593,odi: 2m 47r 0w
99d7d5b7,Akif Javed,Pakistan,ball_by_ball,10.3,tail,spec_pace,right,medium_fast,14,0.11,15.9,79.1,8.2,0.765,1.416,0.61,171,0.03,5.39,29.0,32.3,0.955,1.116,odi: 3m 10r 7w
a300e810,PRP Boissevain,Netherlands,ball_by_ball,9.7,tail,spec_spin,right,leg_spin,55,0.39,9.0,67.3,5.4,0.575,1.793,0.156,130,0.03,6.61,52.6,47.7,1.179,0.761,odi: 3m 33r 1w
f1a042e5,WP Myburgh,Namibia,ball_by_ball,1.0,top,part_unk,,,167,0.52,16.0,52.3,5.0,0.697,1.273,0.256,18,0.01,7.81,96.9,74.4,1.474,0.507,odi: 5m 76r 1w
17fbaab5,FL Reifer,West Indies,ball_by_ball,4.8,middle,,,,184,0.59,24.2,64.7,8.1,0.771,0.997,1.13,,,,,,,,odi: 6m 86r 0w
30b60511,LHD Dilhara,Sri Lanka,ball_by_ball,7.5,lower,spec_pace,right,fast_medium,60,0.33,26.8,88.5,10.7,0.984,1.154,1.723,124,0.02,4.92,28.0,34.2,1.011,1.166,odi: 4m 49r 3w
7a5f232a,JA Burns,Australia,ball_by_ball,1.0,top,,right,medium,184,0.54,34.8,83.0,10.6,1.1,0.914,0.999,,,,,,,,odi: 6m 146r 0w
b7e7313a,MB Loye,England,ball_by_ball,2.0,top,,,,184,0.48,38.6,94.8,14.4,1.264,0.936,2.225,,,,,,,,odi: 7m 142r 0w
38214163,M Faraz Akram,Zimbabwe,ball_by_ball,8.5,tail,spec_pace,left,medium,12,0.09,11.6,69.4,7.1,0.671,1.721,0.5,169,0.05,6.16,39.4,38.4,1.056,0.868,odi: 3m 6r 3w
bed90114,JA Clarkson,New Zealand,ball_by_ball,6.8,lower,part_pace,right,medium,55,0.32,25.9,81.2,9.1,0.933,1.143,1.107,126,0.03,5.65,42.5,45.2,1.079,0.857,odi: 6m 37r 3w
f3be8d36,Bilal Asif,Pakistan,ball_by_ball,2.0,top,spec_spin,right,off_spin,49,0.22,32.5,81.1,11.6,1.111,0.951,1.176,132,0.03,4.91,32.5,39.7,0.912,0.949,odi: 3m 40r 5w
fd093ca9,PL Harris,South Africa,ball_by_ball,,,spec_spin,right,left_arm_orthodox,,,,,,,,,181,0.05,4.54,27.0,35.7,0.81,0.998,odi: 3m 0r 3w
340db614,A Maregwede,Zimbabwe,ball_by_ball,5.6,lower,,,,179,0.58,20.5,76.2,8.6,0.845,1.283,0.787,,,,,,,,odi: 8m 108r 0w
6d8356ee,Qaiser Ali,Canada,ball_by_ball,5.6,lower,spec_unk,,,95,0.41,14.1,55.4,6.3,0.645,1.468,0.465,84,0.03,6.49,66.2,61.1,1.202,0.625,odi: 5m 38r 1w
7a98bc7a,PA Browne,West Indies,ball_by_ball,5.2,middle,,,,179,0.61,32.0,93.8,11.7,0.96,0.892,1.953,,,,,,,,odi: 5m 134r 0w
b0482a1d,Tilak Varma,India,ball_by_ball,3.8,middle,part_spin,left,off_spin,119,0.47,35.0,72.3,9.1,0.896,0.767,0.841,60,0.01,5.76,43.1,44.9,1.069,0.834,odi: 5m 68r 0w
b7646e8c,GEF Barnett,Canada,ball_by_ball,2.0,top,,,,179,0.52,20.0,61.8,7.4,0.806,1.2,0.431,,,,,,,,odi: 5m 95r 0w
732f711b,MJ Hay,New Zealand,ball_by_ball,7.0,lower,,right,,178,0.62,30.5,104.5,12.2,1.076,1.063,1.747,,,,,,,,odi: 10m 186r 0w
c3224376,RS Higgins,Zimbabwe,ball_by_ball,8.5,tail,spec_spin,right,leg_spin,20,0.19,9.4,64.1,7.0,0.571,1.708,0.435,158,0.03,5.3,45.1,51.2,1.019,0.767,odi: 3m 2r 4w
f4d6a5b0,R Murray,Zimbabwe,ball_by_ball,5.2,middle,,,,178,0.58,26.7,69.2,7.1,0.832,1.008,0.808,,,,,,,,odi: 5m 108r 0w
14661bf3,Faisal Akram,Pakistan,ball_by_ball,,,spec_spin,left,left_arm_wrist,,,,,,,,,177,0.05,4.67,33.1,42.5,0.912,0.951,odi: 4m 0r 7w
212aeedd,N Peter,South Africa,ball_by_ball,9.5,tail,spec_spin,right,leg_spin,33,0.21,18.1,74.6,8.0,0.781,1.313,0.656,144,0.04,5.91,36.5,37.1,1.088,1.022,odi: 4m 17r 5w
431f8af4,Tayyab Tahir,Pakistan,ball_by_ball,6.2,lower,,right,leg_spin,177,0.61,29.8,99.4,10.4,1.051,1.068,0.818,,,,,,,,odi: 11m 181r 0w
58431ca0,MADI Hemantha,Sri Lanka,ball_by_ball,7.7,tail,spec_spin,right,leg_spin,19,0.14,16.1,80.6,7.7,0.794,1.461,0.408,158,0.03,5.06,35.1,41.7,0.986,0.971,odi: 4m 17r 2w
65cebd5d,K Mishara,Sri Lanka,ball_by_ball,2.0,top,part_spin,left,off_spin,171,0.49,34.0,85.7,11.7,1.143,0.966,0.901,6,0.0,5.72,41.5,43.5,1.054,0.857,odi: 6m 148r 0w
22860288,RJ Kirtley,England,ball_by_ball,,,spec_pace,right,fast_medium,,,,,,,,,176,0.03,5.42,26.3,29.2,0.992,1.139,odi: 3m 0r 4w
c05f9d20,SSD Arachchige,Sri Lanka,ball_by_ball,5.3,middle,part_spin,left,off_spin,134,0.51,31.7,73.1,7.1,0.874,0.895,0.263,42,0.01,5.31,40.5,45.8,1.016,0.859,odi: 5m 89r 1w
44a2bb4f,U Bhagwan,Canada,ball_by_ball,9.0,tail,spec_pace,right,fast_medium,28,0.25,9.2,71.5,7.3,0.61,1.885,0.466,147,0.05,6.77,46.7,41.4,1.268,0.839,odi: 4m 26r 3w
0f348f58,Sunzamul Islam,Bangladesh,ball_by_ball,9.0,tail,spec_spin,left,left_arm_orthodox,24,0.22,12.7,80.5,8.3,0.697,1.545,0.384,150,0.04,4.59,33.2,43.4,0.877,0.9,odi: 3m 19r 5w
2f7a41f8,Arjun Kumal,Nepal,ball_by_ball,2.0,top,,,,174,0.53,19.5,59.9,7.5,0.777,1.188,0.279,,,,,,,,odi: 4m 102r 0w
d84a2d8e,DJ Reekers,Netherlands,ball_by_ball,1.8,top,spec_pace,right,medium,36,0.14,25.1,80.5,10.4,1.044,1.217,0.629,138,0.03,5.38,37.3,41.6,1.15,0.914,odi: 5m 38r 3w
1e25b5bf,C Carter,Hong Kong,ball_by_ball,1.8,top,,right,,173,0.52,17.7,62.8,8.4,0.821,1.374,0.37,,,,,,,,odi: 10m 111r 0w
21231130,JJ Esmeijer,Netherlands,ball_by_ball,10.0,tail,spec_unk,,,15,0.14,9.1,63.1,6.0,0.574,1.805,0.374,157,0.05,6.3,63.2,60.2,1.239,0.648,odi: 3m 3r 0w
3576e47e,S Badrinath,India,ball_by_ball,5.2,middle,,right,off_spin,172,0.57,33.1,71.5,8.8,0.84,0.778,0.744,,,,,,,,odi: 7m 79r 0w
3de06845,S Vesawkar,Nepal,ball_by_ball,4.3,middle,spec_spin,right,off_spin,136,0.52,18.1,53.3,5.5,0.641,1.124,0.259,36,0.02,5.51,47.9,52.1,1.05,0.748,odi: 3m 62r 2w
49212b50,DA Minors,Bermuda,ball_by_ball,4.2,middle,,,,172,0.51,18.4,65.0,8.6,0.812,1.384,1.659,,,,,,,,odi: 8m 104r 0w
634a7b21,BN Cooper,Netherlands,ball_by_ball,4.2,middle,,left,medium,172,0.56,24.4,76.3,9.1,0.924,1.182,1.186,,,,,,,,odi: 11m 148r 0w
74ef405a,MBS Jonkman,Netherlands,ball_by_ball,10.7,tail,spec_pace,right,fast,32,0.19,10.8,62.0,5.7,0.642,1.821,0.343,140,0.03,5.27,37.2,42.4,1.109,0.931,odi: 4m 20r 5w
33f8789e,Riaz Hassan,Afghanistan,wikipedia_totals,,top,part_unk,right,,172,0.14,34.2,95.2,11.3,1.098,0.965,1.106,,,,,,,,wikipedia_odi: 7m 165r –w
2eb25b39,M Gill,Canada,ball_by_ball,5.0,middle,,,,171,0.59,21.3,69.5,7.4,0.769,1.095,0.282,,,,,,,,odi: 5m 124r 0w
32a8161e,JW Jenner,Jersey,ball_by_ball,5.5,middle,,right,off_spin,171,0.58,21.7,65.9,5.9,0.77,1.133,0.637,,,,,,,,odi: 4m 119r 0w
8d6a0fbc,BR Dorey,Australia,ball_by_ball,10.0,tail,spec_pace,right,fast_medium,8,0.08,16.2,83.0,9.1,0.761,1.338,0.768,163,0.02,5.5,27.5,30.0,1.016,1.229,odi: 4m 2r 2w
de063a39,LD Madushanka,Sri Lanka,ball_by_ball,8.0,tail,spec_pace,right,fast_medium,26,0.21,14.2,74.3,7.6,0.719,1.473,0.418,145,0.02,6.12,28.5,27.9,1.035,1.165,odi: 4m 14r 4w
017faef2,Z Groenewald,Namibia,ball_by_ball,10.5,tail,spec_unk,left,,19,0.15,8.3,55.6,5.3,0.548,1.982,0.374,150,0.07,6.35,56.5,53.3,1.196,0.686,odi: 3m 4r 6w
c2f12310,PS Athavale,Oman,ball_by_ball,2.7,top,,,,169,0.52,18.2,61.8,7.5,0.766,1.242,0.231,,,,,,,,odi: 7m 103r 0w
6d9560f3,Maaz Sadaqat,Pakistan,ball_by_ball,2.0,top,part_spin,left,left_arm_orthodox,120,0.4,39.4,101.1,13.7,1.327,0.982,2.17,48,0.01,5.27,41.9,47.6,1.015,0.833,odi: 6m 134r 3w
a1d8d8ba,CO Browne,West Indies,ball_by_ball,8.0,tail,,right,,168,0.62,17.4,95.3,10.6,0.888,1.516,1.101,,,,,,,,odi: 12m 144r 0w
c24a2c5d,S Tyagi,India,ball_by_ball,11.0,tail,spec_pace,right,fast_medium,2,0.02,18.6,87.3,9.9,0.815,1.257,0.868,166,0.02,5.11,28.2,33.1,1.008,1.138,odi: 4m 1r 3w
1f6cbaff,TC Bastiampillai,Canada,ball_by_ball,4.0,middle,part_unk,,,160,0.51,20.6,59.6,7.6,0.744,1.112,0.878,6,0.01,8.65,104.6,72.6,1.532,0.475,odi: 5m 89r 0w
8692a3f1,OAC Banks,West Indies,ball_by_ball,6.0,lower,spec_unk,,,58,0.36,23.5,99.6,12.5,0.929,1.104,1.845,108,0.03,5.89,43.6,44.5,1.052,0.8,odi: 2m 45r 4w
8b3e9c7c,PP Shaw,India,ball_by_ball,1.0,top,,right,off_spin,166,0.48,47.4,105.5,15.4,1.393,0.844,1.282,,,,,,,,odi: 6m 189r 0w
c5326dd0,NG Jones,Ireland,ball_by_ball,7.5,lower,spec_pace,right,medium,10,0.08,20.7,82.5,8.9,0.886,1.312,0.895,156,0.04,4.91,33.5,41.0,0.96,0.985,odi: 4m 7r 4w
03252e44,PA Jaques,Australia,ball_by_ball,2.0,top,,left,medium,165,0.47,40.3,93.4,12.1,1.212,0.89,1.249,,,,,,,,odi: 5m 123r 0w
5b8fffb4,GD Drummond,Scotland,ball_by_ball,10.0,tail,spec_pace,right,medium,9,0.06,11.8,73.7,7.3,0.715,1.809,0.565,156,0.04,6.2,40.9,39.6,1.163,0.927,odi: 5m 10r 1w
0abb2525,M Heingo,Namibia,ball_by_ball,11.0,tail,spec_unk,,,9,0.08,10.7,75.9,10.8,0.721,1.985,1.681,155,0.06,6.6,65.0,59.1,1.261,0.656,odi: 4m 20r 3w
4e1b4323,TS Kamunhukamwe,Zimbabwe,ball_by_ball,1.7,top,,right,off_spin,164,0.5,23.5,78.3,10.9,1.02,1.287,1.704,,,,,,,,odi: 12m 131r 0w
26a85969,R Dhawan,India,ball_by_ball,8.0,tail,spec_pace,right,medium_fast,13,0.14,18.3,91.3,10.0,0.819,1.265,0.763,150,0.02,5.73,30.4,31.8,1.009,1.125,odi: 3m 12r 1w
711249d1,Shamim Hossain,Bangladesh,ball_by_ball,6.6,lower,part_spin,left,off_spin,79,0.4,22.9,73.9,8.1,0.864,1.226,1.135,84,0.02,5.52,42.9,46.6,1.001,0.777,odi: 5m 56r 2w
208f22ea,DJ Worrall,Australia,ball_by_ball,10.0,tail,spec_pace,right,fast_medium,4,0.05,18.3,90.5,9.6,0.836,1.318,0.808,158,0.03,5.3,27.1,30.7,1.05,1.221,odi: 3m 6r 1w
a089f93f,Mohammad Abbas,Pakistan,ball_by_ball,,,spec_pace,right,medium_fast,,,,,,,,,162,0.03,5.24,28.1,32.2,0.97,1.079,odi: 3m 0r 1w
25e26a23,Najeeb Amar,Hong Kong,ball_by_ball,9.0,tail,spec_spin,left,left_arm_orthodox,41,0.24,11.2,65.0,6.9,0.712,2.028,0.411,120,0.03,5.05,41.9,49.7,0.97,0.78,odi: 2m 34r 2w
3fb197cd,TMK Mawoyo,Zimbabwe,ball_by_ball,1.0,top,,,,160,0.44,19.8,56.5,7.5,0.81,1.088,0.607,,,,,,,,odi: 7m 58r 0w
3fbb43a9,Saad Nasim,Pakistan,ball_by_ball,7.0,lower,part_unk,,,124,0.55,26.6,90.4,9.5,0.889,0.974,0.664,36,0.01,6.85,72.9,63.9,1.306,0.608,odi: 3m 99r 0w
5dc19220,GM Strydom,Zimbabwe,ball_by_ball,5.6,lower,part_unk,,,130,0.53,17.8,74.6,9.4,0.75,1.247,1.002,30,0.01,7.1,93.4,78.9,1.354,0.487,odi: 6m 67r 0w
86b4bf88,MJ Swepson,Australia,ball_by_ball,9.0,tail,spec_spin,right,leg_spin,2,0.02,17.6,86.6,9.1,0.819,1.349,0.84,158,0.03,5.35,32.9,36.9,1.013,1.052,odi: 3m 2r 3w
9a6b71d1,SP Khakurel,Nepal,ball_by_ball,1.6,top,,,,160,0.5,17.2,55.1,6.1,0.738,1.244,0.624,,,,,,,,odi: 5m 78r 0w
f0af99a7,D Ferreira,South Africa,ball_by_ball,6.0,lower,spec_spin,right,off_spin,22,0.15,29.5,89.3,10.3,0.983,1.028,1.16,138,0.03,5.11,28.9,34.0,0.9,1.007,odi: 3m 10r 2w
f9e6e7ef,Shahbaz Ahmed,India,ball_by_ball,7.0,lower,spec_spin,left,left_arm_orthodox,4,0.03,31.5,95.9,11.7,1.017,0.968,1.332,156,0.03,4.72,32.6,41.5,0.944,0.969,odi: 3m 0r 3w
047945ae,BO van Rooi,Namibia,ball_by_ball,9.3,tail,spec_pace,right,medium,38,0.23,10.4,66.4,6.3,0.67,1.964,0.387,120,0.03,6.55,41.8,38.3,1.117,0.871,odi: 3m 26r 1w
65a05fe6,HP Rinke,Zimbabwe,ball_by_ball,3.2,top,part_unk,,,62,0.24,21.3,71.6,9.6,0.924,1.195,0.721,96,0.03,7.54,90.2,71.8,1.414,0.508,odi: 8m 28r 2w
10840285,AL Kandappah,Canada,ball_by_ball,5.0,middle,part_unk,,,156,0.55,22.0,66.5,6.7,0.74,1.056,0.957,1,0.0,8.28,105.0,76.1,1.525,0.477,odi: 2m 97r 0w
1cb14aa4,CJ Dala,South Africa,ball_by_ball,10.5,tail,spec_pace,right,medium,6,0.05,18.7,89.4,9.4,0.857,1.337,0.832,151,0.03,5.56,29.4,31.7,1.051,1.186,odi: 3m 8r 2w
359e430a,DCC Borden,Bermuda,ball_by_ball,6.0,lower,part_unk,,,79,0.31,12.2,51.2,6.2,0.655,1.638,0.669,78,0.03,7.78,95.6,73.8,1.509,0.548,odi: 4m 23r 3w
3ee90b67,Khalid Kail,Oman,ball_by_ball,6.0,lower,,right,,157,0.56,18.0,72.2,7.6,0.79,1.366,0.352,,,,,,,,odi: 5m 117r 0w
8eb2e2e6,L McCarthy,Ireland,ball_by_ball,9.0,tail,spec_unk,,,5,0.04,11.6,70.1,7.5,0.67,1.701,0.58,152,0.05,6.99,54.8,47.0,1.24,0.751,odi: 3m 0r 5w
3674b3c1,K Phillip,United States of America,ball_by_ball,11.0,tail,spec_pace,right,medium,2,0.02,9.8,66.0,6.4,0.617,1.847,0.462,154,0.05,6.31,42.9,40.8,1.142,0.855,odi: 3m 0r 3w
a5c48ed1,C Wickramasinghe,Sri Lanka,ball_by_ball,7.0,lower,part_pace,left,fast_medium,100,0.47,23.5,75.4,8.2,0.81,1.043,0.6,56,0.01,5.69,44.9,47.4,1.124,0.842,odi: 4m 58r 1w
49dc9cb4,KAR Hodge,West Indies,ball_by_ball,6.0,lower,part_spin,right,left_arm_orthodox,47,0.27,24.4,81.0,9.6,0.933,1.218,1.421,108,0.05,6.47,46.4,43.0,1.121,0.762,odi: 4m 37r 2w
82c528b2,AA Mulla,Canada,ball_by_ball,3.0,top,,,,155,0.46,26.1,87.4,12.3,1.1,1.303,1.79,,,,,,,,odi: 8m 150r 0w
e9c14262,MS Tshabalala,South Africa,ball_by_ball,11.0,tail,spec_spin,right,off_spin,3,0.03,17.8,87.5,9.4,0.814,1.312,0.824,151,0.03,5.49,36.4,39.8,1.055,1.017,odi: 4m 2r 3w
684a56df,RR Beaton,West Indies,ball_by_ball,9.5,tail,spec_pace,right,fast,51,0.33,12.1,59.3,7.5,0.615,1.542,0.889,102,0.02,5.62,31.5,33.6,1.021,1.04,odi: 2m 15r 1w
8399a7af,R Dhakal,Nepal,ball_by_ball,10.5,tail,spec_unk,,,6,0.07,9.1,65.6,6.0,0.603,1.93,0.392,147,0.07,7.03,61.0,52.0,1.283,0.636,odi: 4m 5r 3w
2957a836,GJP Kruger,South Africa,ball_by_ball,11.0,tail,spec_pace,right,medium_fast,10,0.1,15.7,80.8,9.4,0.739,1.325,0.788,142,0.02,5.66,27.5,29.2,1.02,1.193,odi: 3m 0r 2w
1e5708ac,Zahid Hussain,Canada,ball_by_ball,10.5,tail,spec_spin,right,left_arm_orthodox,31,0.26,7.5,58.5,5.9,0.504,1.867,0.336,120,0.04,6.1,49.3,48.5,1.081,0.717,odi: 2m 9r 2w
1eff8625,SC Joseph,West Indies,ball_by_ball,4.0,middle,,,,150,0.48,28.6,70.4,8.7,0.888,0.927,1.399,,,,,,,,odi: 7m 77r 0w
3e51db81,C Zhuwao,Zimbabwe,ball_by_ball,1.8,top,part_unk,,,131,0.41,30.3,95.2,14.6,1.253,1.208,3.146,19,0.02,7.88,94.3,71.8,1.393,0.483,odi: 8m 154r 0w
4c931d56,AA Donald,South Africa,ball_by_ball,,,spec_pace,right,fast,,,,,,,,,150,0.03,6.14,30.0,29.3,1.06,1.179,odi: 3m 0r 1w
5c5a8c1f,CKB Kulasekara,Sri Lanka,ball_by_ball,7.3,lower,part_unk,,,72,0.39,23.2,80.2,8.1,0.848,1.07,0.61,78,0.02,6.6,69.8,63.5,1.289,0.638,odi: 4m 38r 0w
55f33b32,JL Ontong,South Africa,ball_by_ball,4.3,middle,part_spin,right,off_spin,131,0.46,37.0,85.0,10.0,1.07,0.884,0.785,18,0.0,5.63,39.7,42.3,1.065,0.893,odi: 10m 97r 1w
52980a48,TN de Grooth,Netherlands,ball_by_ball,5.1,middle,,right,off_spin,148,0.5,19.5,60.1,5.9,0.736,1.139,0.323,,,,,,,,odi: 9m 70r 0w
74aab92e,LN Roche,Zimbabwe,ball_by_ball,8.0,tail,spec_spin,right,off_spin,10,0.08,11.4,68.8,6.8,0.665,1.724,0.532,138,0.03,5.45,48.9,53.9,1.05,0.75,odi: 3m 4r 2w
bf2d865c,JJ Atkinson,Hong Kong,ball_by_ball,3.5,top,,right,,148,0.5,19.1,62.9,8.2,0.793,1.28,1.024,,,,,,,,odi: 4m 84r 0w
8d5d991e,Qais Ahmad,Afghanistan,wikipedia_totals,,tail,spec_spin,right,leg_spin,18,0.01,15.4,65.3,7.3,0.753,1.498,0.762,130,0.03,5.4,34.8,38.7,1.006,0.941,wikipedia_odi: 3m 12r 6w
938bff19,Mohammad Saleem,Afghanistan,wikipedia_totals,,tail,spec_pace,right,fast,15,0.01,15.6,65.3,7.3,0.753,1.479,0.762,133,0.03,6.2,35.5,34.4,1.16,1.059,wikipedia_odi: 4m 10r 1w
18356eb3,GB Murgatroyd,Namibia,ball_by_ball,4.8,middle,,,,145,0.49,21.7,70.4,6.9,0.833,1.243,0.766,,,,,,,,odi: 6m 90r 0w
60aa2db3,LG Pretorius,South Africa,ball_by_ball,1.0,top,,,,145,0.45,45.1,96.5,13.2,1.272,0.816,1.387,,,,,,,,odi: 3m 142r 0w
a5c5a126,Mohammad Khalil,Pakistan,ball_by_ball,,,spec_pace,left,medium,,,,,,,,,145,0.02,5.67,31.9,33.7,1.039,1.114,odi: 3m 0r 5w
d5130a30,B Sai Sudharsan,India,ball_by_ball,2.0,top,part_spin,left,leg_spin,142,0.49,45.9,89.9,12.0,1.152,0.749,0.963,3,0.0,5.95,42.0,42.4,1.057,0.843,odi: 3m 127r 0w
1cb64b3c,CB Lambert,United States of America,ball_by_ball,6.0,lower,spec_unk,,,84,0.37,19.5,65.5,7.4,0.781,1.32,1.044,60,0.02,7.37,63.1,51.4,1.234,0.632,odi: 1m 39r 0w
97463e7d,Bikram Sob,Nepal,ball_by_ball,9.2,tail,part_pace,right,fast_medium,17,0.12,8.6,57.2,5.5,0.563,1.961,0.421,127,0.06,6.08,56.3,55.6,1.267,0.658,odi: 5m 4r 5w
ba603555,MNK Fernando,Sri Lanka,ball_by_ball,2.0,top,part_spin,right,off_spin,132,0.44,31.0,74.1,9.8,1.011,0.904,0.434,12,0.0,5.79,42.3,43.9,1.073,0.856,odi: 6m 89r 0w
86d38202,SR Waters,Kenya,ball_by_ball,1.7,top,,,,143,0.43,17.3,55.9,7.5,0.795,1.238,0.48,,,,,,,,odi: 7m 67r 0w
9295145b,SD Outerbridge,Bermuda,ball_by_ball,2.4,top,part_unk,,,137,0.43,15.9,60.7,7.4,0.805,1.488,0.54,6,0.01,8.7,94.6,65.3,1.542,0.527,odi: 9m 72r 1w
500759b6,Hasti Gul,Afghanistan,wikipedia_totals,,middle,spec_unk,,,29,0.03,34.4,86.5,9.6,0.997,0.866,0.944,114,0.03,5.53,41.5,45.1,1.031,0.808,wikipedia_odi: 2m 23r 3w
74d92a39,AY Karim,Kenya,ball_by_ball,11.0,tail,spec_spin,right,left_arm_orthodox,2,0.02,9.3,63.6,6.5,0.598,1.881,0.496,140,0.03,4.98,40.3,48.6,0.938,0.777,odi: 4m 0r 3w
079d9bdc,BA Westdijk,Netherlands,ball_by_ball,11.0,tail,spec_pace,right,medium,3,0.02,10.0,65.5,6.3,0.621,1.836,0.466,138,0.03,6.22,40.2,38.8,1.155,0.899,odi: 3m 0r 1w
28d6c44d,E Bosch,South Africa,ball_by_ball,6.5,lower,spec_pace,right,fast,22,0.21,31.1,116.0,14.3,1.077,0.977,1.881,119,0.02,4.8,25.7,32.0,0.978,1.202,odi: 3m 36r 4w
4d220a66,CJ Nevin,New Zealand,ball_by_ball,1.0,top,,,,141,0.38,30.7,82.1,11.6,1.125,1.026,1.221,,,,,,,,odi: 7m 83r 0w
4175d211,SK Springer,West Indies,ball_by_ball,9.5,tail,spec_pace,right,medium_fast,26,0.17,14.7,74.1,8.6,0.766,1.594,1.27,114,0.02,6.03,34.6,34.4,1.064,1.042,odi: 3m 18r 2w
6fb21086,Zahid Shah,United Arab Emirates,ball_by_ball,9.5,tail,spec_pace,right,fast_medium,20,0.16,9.0,61.9,6.6,0.586,1.918,0.434,120,0.04,6.16,39.2,38.2,1.097,0.868,odi: 2m 11r 6w
b529630e,PM Pushpakumara,Sri Lanka,ball_by_ball,9.0,tail,spec_spin,right,left_arm_orthodox,26,0.21,13.8,74.0,8.8,0.699,1.473,0.929,114,0.02,4.97,32.7,39.5,0.958,0.98,odi: 2m 11r 1w
0d15a8c9,Zahid Ali,United Arab Emirates,ball_by_ball,8.0,tail,spec_unk,,,25,0.21,8.6,62.9,5.6,0.576,1.932,0.263,114,0.06,7.46,62.9,50.6,1.303,0.652,odi: 3m 16r 5w
7a32c1c1,ARI Umeed,Scotland,ball_by_ball,2.0,top,,,,139,0.45,27.9,82.2,10.9,1.077,1.139,1.028,,,,,,,,odi: 5m 138r 0w
9c8448ba,OJ Peake,Australia,ball_by_ball,7.2,lower,part_unk,,,133,0.56,26.0,92.4,11.1,0.9,1.003,1.242,6,0.0,6.76,60.1,53.3,1.257,0.694,odi: 5m 102r 0w
c5f40e35,SW Currie,Scotland,ball_by_ball,8.5,tail,spec_pace,right,medium_fast,18,0.14,10.1,66.7,6.5,0.632,1.822,0.369,121,0.03,5.78,40.8,42.4,1.109,0.955,odi: 3m 10r 3w
101d1e85,KJJ van Noortwijk,Netherlands,ball_by_ball,4.0,middle,,,,138,0.51,29.1,95.2,10.0,1.006,1.035,1.167,,,,,,,,odi: 3m 141r 0w
23f94c02,J Drysdale,United States of America,ball_by_ball,11.0,tail,spec_unk,,,6,0.07,9.6,65.8,6.2,0.607,1.824,0.4,132,0.05,5.77,57.6,59.8,1.212,0.662,odi: 4m 2r 4w
548d4188,KS Airee,Nepal,ball_by_ball,9.3,tail,spec_pace,right,medium,24,0.23,9.9,74.9,6.3,0.656,1.913,0.288,114,0.04,6.32,43.7,41.5,1.184,0.85,odi: 3m 27r 2w
a549066c,J Patraj,Canada,ball_by_ball,9.0,tail,spec_unk,,,48,0.27,9.4,53.5,4.9,0.573,1.899,0.32,90,0.03,6.96,66.4,57.2,1.267,0.638,odi: 2m 21r 2w
cde067e1,J Kariko,Papua New Guinea,ball_by_ball,10.5,tail,spec_spin,left,left_arm_orthodox,12,0.09,7.9,58.0,5.9,0.568,2.172,0.356,126,0.05,5.7,52.0,54.8,1.052,0.684,odi: 3m 8r 5w
e6dd77bb,SS McKechnie,Hong Kong,ball_by_ball,6.2,lower,,right,,138,0.54,13.1,58.5,5.5,0.649,1.56,0.32,,,,,,,,odi: 6m 73r 0w
f390904d,GH Bodi,South Africa,ball_by_ball,2.5,top,part_unk,,,132,0.43,38.4,83.1,11.4,1.077,0.83,1.158,6,0.0,7.05,65.0,55.3,1.313,0.67,odi: 2m 83r 0w
6df8d190,SE Findlay,West Indies,ball_by_ball,5.5,middle,,,,137,0.53,32.7,82.0,10.2,0.928,0.884,1.476,,,,,,,,odi: 4m 88r 0w
7068c81e,MJ Fisher,New Zealand,ball_by_ball,10.0,tail,spec_pace,right,fast_medium,6,0.05,15.2,81.3,9.1,0.769,1.477,0.888,131,0.03,5.58,26.4,28.3,0.954,1.165,odi: 3m 2r 3w
82e81007,Hamza Tariq,Canada,ball_by_ball,7.0,lower,,right,,135,0.53,18.5,69.0,8.7,0.809,1.434,0.953,,,,,,,,odi: 5m 99r 0w
4fe6be0c,Shah Faisal,Oman,ball_by_ball,9.0,tail,spec_unk,,,13,0.13,8.7,63.1,5.6,0.568,1.872,0.332,121,0.06,7.11,62.6,52.8,1.292,0.648,odi: 2m 7r 3w
d876610c,Robiul Islam,Bangladesh,ball_by_ball,11.0,tail,spec_pace,right,fast_medium,1,0.01,13.1,74.9,7.8,0.701,1.551,0.599,133,0.03,5.43,32.5,35.9,1.036,1.036,odi: 3m 0r 2w
cffce71d,Raees Ahmadzai,Afghanistan,wikipedia_totals,,middle,part_spin,right,off_spin,110,0.1,33.8,86.5,9.6,0.997,0.884,0.944,24,0.01,5.69,43.5,45.9,1.061,0.792,wikipedia_odi: 5m 88r 0w
1aba45cd,Sahibzada Farhan,Pakistan,ball_by_ball,1.0,top,,right,,133,0.43,32.6,82.5,10.1,1.112,0.971,0.67,,,,,,,,odi: 6m 101r 0w
2cc08c3c,Shahid Wasif,Hong Kong,ball_by_ball,6.3,lower,,right,off_spin,133,0.53,13.0,52.0,6.3,0.62,1.573,0.82,,,,,,,,odi: 9m 60r 0w
34b332d3,DC Drakes,West Indies,ball_by_ball,9.0,tail,spec_pace,left,medium_fast,17,0.16,12.8,77.3,8.5,0.711,1.599,0.93,114,0.03,4.88,28.8,35.4,0.923,1.034,odi: 3m 11r 2w
688b2d58,Ehsanul Haque,Bangladesh,ball_by_ball,2.7,top,spec_unk,,,71,0.25,25.8,68.5,10.2,0.951,1.019,0.801,60,0.01,5.56,47.5,51.3,1.083,0.789,odi: 3m 28r 2w
b858be20,AV Lalcheta,Oman,ball_by_ball,5.0,middle,spec_spin,left,left_arm_orthodox,47,0.29,19.4,58.3,6.0,0.69,1.146,0.381,84,0.03,5.45,46.3,50.9,1.074,0.743,odi: 2m 18r 2w
19d0a172,G Hoey,Ireland,ball_by_ball,9.0,tail,spec_unk,,,28,0.17,13.4,71.9,8.1,0.749,1.718,0.943,102,0.03,6.52,55.7,51.2,1.204,0.72,odi: 2m 24r 1w
a159b802,A van der Merwe,Ireland,ball_by_ball,10.0,tail,spec_spin,right,off_spin,4,0.03,12.3,74.8,7.6,0.712,1.703,0.599,126,0.04,5.49,43.8,47.9,1.047,0.813,odi: 3m 4r 1w
d4f9dbd4,CA Pujara,India,ball_by_ball,2.2,top,,right,leg_spin,130,0.45,29.4,68.5,10.5,0.91,0.896,0.96,,,,,,,,odi: 5m 51r 0w
eb9cb105,SC Meaker,England,ball_by_ball,10.0,tail,spec_pace,right,fast_medium,16,0.14,14.4,77.4,8.9,0.722,1.439,0.736,114,0.02,5.61,30.5,32.6,1.03,1.139,odi: 2m 2r 2w
489aaf0a,Parvez Hossain Emon,Bangladesh,ball_by_ball,1.0,top,,left,,129,0.44,33.0,82.6,11.4,1.075,0.962,1.337,,,,,,,,odi: 3m 108r 0w
b98cdbf0,AD Poynter,Ireland,ball_by_ball,4.0,middle,,right,off_spin,129,0.48,21.6,62.0,7.3,0.769,1.115,0.944,,,,,,,,odi: 8m 65r 0w
26a8b2fe,Hassan Nawaz,Pakistan,ball_by_ball,6.5,lower,,,,127,0.53,29.2,90.1,10.2,0.954,0.978,1.49,,,,,,,,odi: 4m 113r 0w
6b46ce43,EJB Miles,Jersey,ball_by_ball,11.0,tail,spec_spin,right,left_arm_orthodox,7,0.08,8.6,61.4,5.9,0.566,1.909,0.392,120,0.06,6.08,48.4,47.8,1.138,0.719,odi: 3m 1r 4w
89ffd337,Faisal Hossain,Bangladesh,ball_by_ball,6.0,lower,spec_unk,,,54,0.29,22.0,75.6,8.5,0.838,1.16,0.802,73,0.02,5.91,47.9,48.6,1.1,0.772,odi: 4m 26r 1w
b3218c80,Abdul Malik,Afghanistan,wikipedia_totals,,top,part_unk,,,127,0.11,36.0,95.2,11.3,1.098,0.914,1.106,,,,,,,,wikipedia_odi: 4m 122r –w
487b8546,MW Jones,Scotland,ball_by_ball,11.0,tail,spec_pace,right,fast,5,0.04,11.4,72.8,8.9,0.696,1.814,1.149,121,0.04,6.84,43.8,38.4,1.308,0.961,odi: 3m 9r 4w
b08e58e2,LR Morris,Australia,ball_by_ball,11.0,tail,spec_pace,right,fast,2,0.01,17.2,84.6,9.1,0.8,1.348,0.836,124,0.02,5.1,25.5,30.0,0.954,1.245,odi: 3m 0r 4w
4d05a82e,Mohammad Kashif,Netherlands,ball_by_ball,11.0,tail,spec_unk,,,11,0.07,9.9,61.4,5.9,0.6,1.814,0.431,114,0.06,6.97,59.7,51.4,1.271,0.697,odi: 3m 1r 5w
79025aaa,Hasibul Hossain,Bangladesh,ball_by_ball,10.7,tail,spec_unk,,,22,0.15,12.7,68.3,7.1,0.667,1.552,0.545,103,0.02,5.52,47.0,51.1,1.197,0.771,odi: 3m 7r 1w
af4a9a0a,J Blades,West Indies,ball_by_ball,11.0,tail,spec_pace,right,fast_medium,1,0.01,13.5,79.2,9.4,0.742,1.596,1.133,124,0.03,6.23,35.7,34.4,1.132,1.032,odi: 3m 0r 1w
04029c44,Munir Dar,Hong Kong,ball_by_ball,8.0,tail,spec_unk,,,16,0.11,10.1,68.7,7.6,0.683,2.045,0.477,108,0.03,6.46,60.6,56.2,1.194,0.66,odi: 2m 18r 0w
0ec9e2c4,Mohammad Talha,Pakistan,ball_by_ball,9.0,tail,spec_pace,right,fast_medium,1,0.01,15.6,81.1,8.4,0.76,1.407,0.723,123,0.02,5.87,33.9,34.7,1.094,1.108,odi: 3m 0r 4w
902d916b,Jubair Hossain,Bangladesh,ball_by_ball,10.0,tail,spec_unk,,,9,0.07,13.4,73.3,7.8,0.711,1.566,0.587,115,0.03,5.93,50.3,50.9,1.16,0.795,odi: 3m 5r 4w
f048bb41,JM Mennie,Australia,ball_by_ball,8.5,tail,spec_pace,right,fast_medium,4,0.04,16.6,84.0,9.1,0.79,1.371,0.819,120,0.02,5.41,25.8,28.6,1.008,1.245,odi: 2m 1r 3w
1a8ad45c,SJ Cameron,Scotland,ball_by_ball,10.0,tail,spec_unk,,,13,0.13,10.2,71.9,6.9,0.646,1.82,0.453,110,0.04,7.41,56.2,45.5,1.272,0.714,odi: 2m 9r 3w
4e1b02fb,Kamran Hussain,Pakistan,ball_by_ball,9.0,tail,spec_unk,,,21,0.2,17.7,97.8,8.8,0.848,1.361,0.557,102,0.03,5.29,38.8,44.0,1.058,0.824,odi: 2m 28r 3w
bb18be76,SK Warne,Australia,ball_by_ball,8.0,tail,spec_spin,right,leg_spin,1,0.01,17.2,85.7,9.2,0.803,1.349,0.841,122,0.02,5.08,28.8,34.1,0.906,1.059,odi: 2m 0r 3w
e9e37173,A Busing-Volschenk,Namibia,ball_by_ball,2.0,top,,,,123,0.42,17.1,52.8,6.5,0.715,1.193,0.372,,,,,,,,odi: 3m 48r 0w
fb0abc20,Haseeb Amjad,Hong Kong,ball_by_ball,8.0,tail,spec_pace,right,medium_fast,15,0.13,9.8,71.3,9.9,0.677,2.046,1.573,108,0.04,6.12,38.8,38.0,1.135,0.927,odi: 2m 21r 5w
1be67d37,RTM Mendis,Sri Lanka,ball_by_ball,7.5,lower,part_spin,right,off_spin,50,0.34,25.4,102.6,10.5,0.967,1.092,0.825,72,0.02,5.72,43.8,45.9,1.094,0.882,odi: 4m 50r 4w
579f2447,Surya Tamang,Nepal,ball_by_ball,9.0,tail,spec_unk,,,32,0.27,7.3,58.0,4.8,0.499,1.885,0.191,90,0.04,6.27,66.9,64.0,1.216,0.633,odi: 2m 10r 1w
65b6943c,L Wood,England,ball_by_ball,10.5,tail,spec_pace,left,fast_medium,14,0.14,17.1,91.6,9.7,0.842,1.416,0.708,108,0.02,5.57,29.0,31.2,1.034,1.129,odi: 3m 15r 1w
e6ce0f4a,S Kalyan,United Arab Emirates,ball_by_ball,2.0,top,,,,122,0.41,16.7,53.3,5.8,0.732,1.229,0.672,,,,,,,,odi: 4m 55r 0w
e7de4f6b,RR Emrit,West Indies,ball_by_ball,9.0,tail,spec_pace,right,fast_medium,35,0.21,13.6,66.6,7.7,0.698,1.57,0.997,87,0.01,6.06,33.3,32.9,1.045,1.038,odi: 2m 13r 0w
45de8d3e,Samiullah Khan,Pakistan,ball_by_ball,,,spec_pace,right,medium_fast,,,,,,,,,121,0.03,5.53,31.6,34.4,1.081,1.073,odi: 2m 0r 0w
ce794613,T Natarajan,India,ball_by_ball,,,spec_pace,left,medium,,,,,,,,,121,0.03,6.3,29.7,28.4,1.049,1.137,odi: 2m 0r 3w
d7bfcc0b,Mehran Khan,Oman,ball_by_ball,8.2,tail,part_unk,,,66,0.35,12.1,67.8,8.8,0.73,1.898,1.951,55,0.03,7.76,108.1,83.6,1.539,0.475,odi: 4m 66r 0w
dac6aabc,Mahidul Islam Ankon,Bangladesh,ball_by_ball,5.0,middle,,right,,121,0.52,26.1,73.4,7.6,0.793,0.925,0.295,,,,,,,,odi: 3m 69r 0w
fc54ef7a,BB Seebaran,Canada,ball_by_ball,10.7,tail,spec_unk,,,13,0.13,8.5,62.2,6.2,0.561,1.895,0.441,108,0.03,7.4,69.9,56.7,1.354,0.627,odi: 4m 4r 1w
1558d83b,GS Sandhu,Australia,ball_by_ball,,,spec_pace,left,fast_medium,,,,,,,,,120,0.02,5.2,23.2,26.8,0.922,1.244,odi: 2m 0r 3w
45df0e72,CJ Bowes,New Zealand,ball_by_ball,2.0,top,,right,medium_fast,119,0.41,31.5,82.5,11.5,1.117,1.007,0.946,,,,,,,,odi: 6m 99r 0w
c8ad0749,AK Perera,Sri Lanka,ball_by_ball,5.5,middle,part_spin,right,left_arm_orthodox,83,0.41,31.6,77.0,7.6,0.919,0.947,0.439,36,0.01,5.54,42.3,45.8,1.054,0.852,odi: 6m 52r 0w
5fd762d5,Abdul Rahman,Afghanistan,wikipedia_totals,,tail,spec_pace,right,medium_fast,15,0.01,15.4,65.3,7.3,0.753,1.501,0.762,104,0.02,5.93,33.8,34.2,1.107,1.065,wikipedia_odi: 3m 10r 1w
2a04400b,Sabir Ali,United Arab Emirates,ball_by_ball,10.7,tail,part_unk,,,13,0.13,9.0,67.0,6.8,0.608,1.959,0.382,105,0.05,6.73,89.7,79.9,1.435,0.495,odi: 4m 12r 3w
39086549,JR Philippe,Australia,ball_by_ball,1.8,top,,right,,118,0.4,37.5,87.2,12.6,1.187,0.889,1.72,,,,,,,,odi: 4m 102r 0w
1d5dd8a6,N Ifill,Canada,ball_by_ball,4.0,middle,part_unk,,,43,0.2,20.4,62.3,7.1,0.76,1.15,0.577,74,0.02,7.8,112.5,86.5,1.524,0.466,odi: 3m 16r 0w
96a2336e,Sami Aslam,Pakistan,ball_by_ball,1.2,top,,,,117,0.43,31.4,75.9,10.0,1.018,0.928,0.725,,,,,,,,odi: 4m 78r 0w
62175638,Karim Janat,Afghanistan,wikipedia_totals,,lower,part_pace,right,medium_fast,39,0.03,25.4,83.2,9.7,0.96,1.144,1.147,78,0.02,5.9,46.5,47.3,1.102,0.769,wikipedia_odi: 3m 32r 0w
4fef092b,Bilal Sami,Afghanistan,wikipedia_totals,,tail,spec_pace,right,medium,3,0.0,15.6,65.3,7.3,0.753,1.48,0.762,114,0.02,6.05,33.6,33.3,1.132,1.093,wikipedia_odi: 3m 2r 5w
d797ecfe,Rashid Zia,United States of America,ball_by_ball,8.0,tail,part_unk,,,57,0.3,9.2,45.7,5.4,0.52,1.82,0.408,59,0.02,7.91,103.3,78.4,1.482,0.475,odi: 2m 9r 0w
07687c15,Sultan Ahmed,United Arab Emirates,ball_by_ball,9.5,tail,spec_spin,left,left_arm_orthodox,42,0.31,8.1,56.1,5.6,0.535,1.936,0.311,72,0.02,5.3,50.6,57.4,1.082,0.698,odi: 2m 18r 0w
119678fd,KV Sharma,India,ball_by_ball,,,spec_spin,left,leg_spin,,,,,,,,,114,0.02,5.75,37.6,39.2,1.061,0.95,odi: 2m 0r 0w
42a05795,GW Aldridge,New Zealand,ball_by_ball,,,spec_unk,,,,,,,,,,,114,0.04,6.26,39.1,37.5,1.091,0.849,odi: 2m 0r 1w
4373c57e,JH Stander,Scotland,ball_by_ball,8.0,tail,spec_unk,,,42,0.28,11.6,69.8,9.3,0.695,1.8,1.77,72,0.03,7.87,58.5,44.6,1.281,0.713,odi: 2m 34r 2w
64775749,RP Meredith,Australia,ball_by_ball,11.0,tail,spec_pace,right,fast,4,0.04,17.3,85.7,9.1,0.795,1.317,0.803,110,0.02,5.43,28.1,31.1,1.056,1.23,odi: 3m 2r 1w
a8e56914,D Olivier,South Africa,ball_by_ball,,,spec_pace,right,fast_medium,,,,,,,,,114,0.02,5.79,27.6,28.6,1.031,1.2,odi: 2m 0r 3w
fdb8ed0d,SD Parry,England,ball_by_ball,,,spec_spin,right,left_arm_orthodox,,,,,,,,,114,0.03,5.31,32.5,36.7,0.952,0.975,odi: 2m 0r 4w
04f4f2e1,Saqib Ali,United Arab Emirates,ball_by_ball,4.5,middle,spec_unk,,,53,0.28,21.5,64.9,6.4,0.78,1.164,0.56,60,0.03,7.25,63.3,52.4,1.236,0.618,odi: 2m 29r 1w
bb20441f,H Dhami,Nepal,ball_by_ball,10.0,tail,spec_unk,,,26,0.22,8.8,65.2,5.9,0.581,1.888,0.269,87,0.04,6.94,58.4,50.5,1.294,0.667,odi: 2m 15r 4w
fd201eb4,Shahzaib Hasan,Pakistan,ball_by_ball,1.3,top,,right,off_spin,113,0.4,37.6,88.1,12.1,1.172,0.895,1.405,,,,,,,,odi: 3m 100r 0w
6766ca00,M Shumba,Zimbabwe,ball_by_ball,4.5,middle,part_spin,left,left_arm_orthodox,83,0.37,23.2,64.9,6.8,0.789,1.065,0.456,29,0.01,6.01,55.7,55.6,1.078,0.643,odi: 7m 40r 0w
c5758216,TJ Heggelman,Netherlands,ball_by_ball,5.0,middle,spec_unk,,,70,0.35,20.3,56.5,5.5,0.69,1.088,0.388,42,0.01,6.37,59.8,56.4,1.23,0.694,odi: 2m 23r 2w
80f81038,Dawlat Ahmadzai,Afghanistan,wikipedia_totals,,middle,spec_pace,right,fast_medium,,,,,,,,,112,0.02,5.85,33.3,34.1,1.092,1.066,wikipedia_odi: 3m –r 1w
74bd2653,M van Schoor,Namibia,ball_by_ball,8.4,tail,,,,111,0.47,9.8,61.8,5.9,0.63,1.949,0.629,,,,,,,,odi: 5m 58r 0w
d1761087,RM West,Ireland,ball_by_ball,9.0,tail,spec_unk,,,3,0.02,11.6,71.6,7.7,0.68,1.723,0.599,108,0.03,5.63,52.7,56.2,1.082,0.72,odi: 3m 0r 1w
d38b80df,T Mufudza,Zimbabwe,ball_by_ball,11.0,tail,spec_unk,,,9,0.1,10.5,68.2,7.0,0.625,1.699,0.475,102,0.04,6.16,57.8,56.3,1.099,0.628,odi: 2m 1r 0w
f994f4ca,AR Berenger,United Arab Emirates,ball_by_ball,2.0,top,,,,111,0.39,16.1,54.3,7.6,0.777,1.297,0.545,,,,,,,,odi: 6m 53r 0w
15de1f5d,WA Agar,Australia,ball_by_ball,10.0,tail,spec_pace,right,fast,42,0.32,18.8,101.0,11.1,0.87,1.301,1.007,68,0.01,4.68,25.5,32.6,0.93,1.229,odi: 2m 50r 0w
53fa62a2,Fahad Alhashmi,United Arab Emirates,ball_by_ball,10.5,tail,spec_unk,,,6,0.06,8.4,59.5,6.2,0.56,1.966,0.511,104,0.03,6.16,64.9,63.3,1.217,0.631,odi: 3m 0r 2w
dcf81436,S Kaul,India,ball_by_ball,10.0,tail,spec_pace,right,medium,2,0.02,18.2,87.3,9.9,0.814,1.284,0.877,108,0.03,5.9,27.7,28.1,1.026,1.116,odi: 2m 1r 0w
127bc5ca,NGRP Jayasuriya,Sri Lanka,ball_by_ball,10.0,tail,spec_unk,,,13,0.13,14.9,84.6,8.1,0.759,1.458,0.439,96,0.02,5.73,45.8,47.9,1.121,0.845,odi: 2m 11r 0w
321be7e3,A Ashok,New Zealand,ball_by_ball,9.0,tail,spec_spin,right,leg_spin,12,0.09,16.5,82.3,9.2,0.807,1.45,0.872,97,0.02,5.49,33.7,36.9,1.005,0.996,odi: 3m 10r 2w
efb04d81,TK Canning,New Zealand,ball_by_ball,8.0,tail,spec_unk,,,25,0.16,16.0,78.1,8.2,0.781,1.462,0.884,84,0.02,5.65,43.4,46.1,1.106,0.878,odi: 2m 13r 2w
1a448be0,B White,Ireland,ball_by_ball,,,spec_spin,right,leg_spin,,,,,,,,,108,0.03,5.81,45.7,47.2,1.094,0.82,odi: 2m 0r 1w
1bb0993e,Abu Jayed,Bangladesh,ball_by_ball,,,spec_pace,right,medium_fast,,,,,,,,,108,0.02,5.94,31.5,31.8,1.064,1.063,odi: 2m 0r 5w
69c994e4,SHA Rance,New Zealand,ball_by_ball,,,spec_pace,right,fast_medium,,,,,,,,,106,0.02,5.75,27.3,28.5,1.042,1.16,odi: 2m 0r 1w
75186c24,Kamran Shazad,United Arab Emirates,ball_by_ball,10.0,tail,spec_unk,,,3,0.04,8.6,61.4,6.3,0.572,1.949,0.513,103,0.05,6.91,55.3,48.1,1.228,0.644,odi: 2m 0r 4w
50758325,B Geeves,Australia,ball_by_ball,9.0,tail,spec_unk,,,11,0.12,17.4,88.3,9.3,0.799,1.307,0.751,94,0.02,5.65,36.6,38.8,1.036,0.931,odi: 2m 10r 3w
5791b840,Yasir Ali Chowdhury,Bangladesh,ball_by_ball,5.8,lower,,right,off_spin,105,0.48,25.3,90.2,10.4,0.978,1.164,1.393,,,,,,,,odi: 6m 101r 0w
9d450c28,C Hemraj,West Indies,ball_by_ball,1.5,top,part_spin,left,left_arm_orthodox,98,0.34,28.8,82.8,12.7,1.143,1.102,1.793,7,0.0,6.04,44.6,44.3,1.051,0.774,odi: 6m 82r 0w
a8e54ef4,Aamer Jamal,Pakistan,ball_by_ball,8.0,tail,spec_pace,right,fast_medium,9,0.08,15.9,79.8,8.3,0.752,1.375,0.644,96,0.02,5.07,30.7,36.4,1.0,1.102,odi: 3m 5r 3w
ee95065d,Irfan Khan,Pakistan,ball_by_ball,7.0,lower,spec_pace,right,medium_fast,74,0.41,22.0,86.4,9.4,0.846,1.102,0.793,30,0.01,6.4,29.4,27.5,1.017,1.115,odi: 9m 48r 3w
527b2c2d,Skhawat Ali,Hong Kong,ball_by_ball,2.0,top,spec_unk,,,55,0.23,15.7,54.0,7.7,0.754,1.323,0.631,48,0.01,7.38,62.5,50.8,1.275,0.672,odi: 3m 18r 0w
60606200,Muzahir Raza,Oman,ball_by_ball,11.0,tail,part_unk,,,7,0.08,9.9,69.6,6.9,0.635,1.882,0.351,96,0.05,5.86,77.0,78.8,1.343,0.497,odi: 4m 10r 2w
06e649a0,RK Whelan,Ireland,ball_by_ball,11.0,tail,spec_unk,,,12,0.1,11.4,71.3,7.7,0.673,1.733,0.531,90,0.02,5.79,51.5,53.5,1.221,0.741,odi: 2m 5r 2w
3abe1ef6,A Ndlovu,Zimbabwe,ball_by_ball,,,spec_spin,right,left_arm_orthodox,,,,,,,,,102,0.03,4.99,45.5,54.6,0.996,0.736,odi: 2m 0r 1w
be768595,MJ Cosgrove,Australia,ball_by_ball,3.5,top,part_pace,left,medium,78,0.3,46.1,103.1,12.4,1.307,0.86,1.616,24,0.0,5.5,38.9,42.4,1.035,0.901,odi: 2m 78r 0w
cc9989f9,W Smith,Namibia,ball_by_ball,9.5,tail,spec_unk,,,30,0.2,9.0,55.4,5.3,0.578,1.985,0.358,72,0.02,6.54,63.0,57.8,1.226,0.655,odi: 2m 12r 1w
f3bde2b3,KDK Vithanage,Sri Lanka,ball_by_ball,6.5,lower,part_unk,,,90,0.47,23.8,98.6,10.6,0.923,1.108,0.427,12,0.0,7.15,69.0,57.9,1.341,0.646,odi: 6m 75r 0w
f80682f8,Ravinderpal Singh,Canada,ball_by_ball,7.6,tail,,right,,102,0.51,9.7,65.6,6.6,0.62,1.891,0.612,,,,,,,,odi: 5m 77r 0w
bcb01d8c,RWT Key,England,ball_by_ball,3.2,top,,right,medium,101,0.38,31.0,76.9,10.7,0.958,0.958,1.07,,,,,,,,odi: 4m 36r 0w
cdf59953,SW Poynter,Ireland,ball_by_ball,6.7,lower,,right,,101,0.46,21.6,73.8,7.7,0.875,1.323,0.571,,,,,,,,odi: 8m 74r 0w
35971419,Waqas Khan,Hong Kong,ball_by_ball,6.2,lower,,right,medium_fast,100,0.48,13.3,59.6,5.8,0.643,1.49,0.388,,,,,,,,odi: 6m 52r 0w
67b9536c,SR Hain,England,ball_by_ball,5.0,middle,,right,off_spin,100,0.48,36.8,98.3,9.2,1.025,0.826,0.494,,,,,,,,odi: 2m 106r 0w
9b8a3c39,Muhammad Musa,Pakistan,ball_by_ball,10.0,tail,spec_pace,right,fast_medium,3,0.04,17.4,89.3,9.2,0.826,1.38,0.699,97,0.02,5.64,31.1,33.1,1.028,1.097,odi: 2m 9r 2w
c1ef6dad,RD Steede,Bermuda,ball_by_ball,8.5,tail,spec_unk,,,20,0.19,7.8,67.4,6.9,0.59,2.189,0.378,80,0.03,6.41,56.2,52.6,1.254,0.671,odi: 2m 15r 1w
2ef4f045,ME Sanuth,Oman,ball_by_ball,5.0,middle,part_unk,,,39,0.25,23.0,79.3,8.4,0.875,1.147,0.697,60,0.03,7.58,107.7,85.2,1.482,0.475,odi: 3m 46r 0w
7ccbb09f,Shahnawaz Dhani,Pakistan,ball_by_ball,11.0,tail,spec_pace,right,fast_medium,3,0.04,16.3,83.7,8.3,0.777,1.379,0.691,96,0.02,5.13,28.5,33.3,0.981,1.085,odi: 2m 4r 1w
876dbe2d,DR Mousley,England,ball_by_ball,7.0,lower,part_spin,left,off_spin,86,0.43,27.8,93.0,10.2,0.961,1.032,0.888,12,0.0,5.84,43.5,44.7,1.076,0.841,odi: 3m 69r 0w
afe830a2,RMMP Rathnayake,Sri Lanka,ball_by_ball,7.5,lower,spec_unk,,,32,0.21,26.8,84.4,9.0,0.94,1.086,0.654,66,0.02,6.23,43.2,41.6,1.111,0.842,odi: 2m 22r 0w
bb01f9e0,Shuvagata Hom,Bangladesh,ball_by_ball,6.0,lower,part_spin,right,off_spin,86,0.42,27.4,84.8,9.2,0.974,1.132,0.658,12,0.0,5.7,46.3,48.7,1.056,0.771,odi: 4m 70r 0w
dd121907,TR Gripper,Zimbabwe,ball_by_ball,2.0,top,part_unk,,,50,0.2,26.6,73.4,9.1,0.949,1.054,0.778,48,0.03,8.01,83.5,62.5,1.332,0.511,odi: 2m 23r 2w
fbc5b9e2,Akram Khan,Bangladesh,ball_by_ball,6.0,lower,,,,98,0.42,22.4,76.1,7.6,0.827,1.144,0.594,,,,,,,,odi: 2m 57r 0w
fdd414ab,Al Sahariar,Bangladesh,ball_by_ball,2.0,top,,,,98,0.31,25.1,71.3,10.5,0.958,1.094,1.132,,,,,,,,odi: 6m 44r 0w
61928851,Utkarsh Srivastava,United States of America,ball_by_ball,7.0,lower,part_unk,,,73,0.39,19.5,82.7,7.6,0.859,1.344,0.56,24,0.01,7.66,101.7,79.7,1.454,0.478,odi: 2m 75r 0w
463cd7cb,CD Cumming,New Zealand,ball_by_ball,2.2,top,,,,96,0.32,29.5,77.1,11.2,1.034,0.999,1.255,,,,,,,,odi: 6m 42r 0w
7923a51d,Mohammad Naim,Bangladesh,ball_by_ball,1.2,top,,left,,96,0.35,25.3,67.7,9.6,0.944,1.025,0.598,,,,,,,,odi: 5m 58r 0w
7c8f533d,JS Paris,Australia,ball_by_ball,,,spec_pace,left,fast_medium,,,,,,,,,96,0.01,4.67,24.9,32.0,0.976,1.24,odi: 2m 0r 1w
c1077ba3,Pratis GC,Nepal,ball_by_ball,10.0,tail,spec_unk,right,,6,0.07,10.0,71.6,6.6,0.655,1.912,0.41,90,0.05,6.24,57.3,55.0,1.155,0.625,odi: 2m 11r 1w
6b062b4b,CA Reid,United States of America,ball_by_ball,8.0,tail,spec_unk,,,17,0.13,10.1,66.7,6.5,0.632,1.849,0.449,78,0.02,5.79,59.4,61.6,1.227,0.644,odi: 2m 8r 1w
98d05440,B Regmi,Nepal,ball_by_ball,9.5,tail,spec_spin,left,left_arm_orthodox,29,0.24,8.0,61.1,6.4,0.543,1.925,0.31,66,0.03,6.18,46.1,44.7,1.053,0.737,odi: 2m 12r 2w
1b3acd33,MD Bates,New Zealand,ball_by_ball,10.0,tail,spec_unk,,,10,0.11,16.5,91.7,10.9,0.828,1.444,1.203,84,0.02,5.04,38.1,45.3,1.069,0.877,odi: 2m 13r 2w
31e31116,SJ Swanepoel,Namibia,ball_by_ball,1.6,top,,,,94,0.3,18.8,63.3,7.9,0.858,1.301,0.62,,,,,,,,odi: 5m 43r 0w
8e554b6b,Abdul Samad,Pakistan,ball_by_ball,6.5,lower,,right,,94,0.42,27.4,79.6,9.0,0.936,1.039,0.934,,,,,,,,odi: 6m 66r 0w
8f3c6b8a,Muhammad Farooq,United Arab Emirates,ball_by_ball,9.5,tail,spec_unk,,,16,0.11,8.6,56.0,5.8,0.558,1.962,0.422,78,0.03,6.47,72.5,67.2,1.253,0.602,odi: 2m 4r 0w
034b4b7d,VRV Singh,India,ball_by_ball,10.0,tail,spec_pace,right,fast_medium,13,0.13,17.6,87.9,10.2,0.792,1.267,0.8,80,0.01,6.4,31.7,29.7,1.092,1.127,odi: 2m 8r 0w
8dc152d1,D Jansen,South Africa,ball_by_ball,8.0,tail,spec_pace,right,fast,3,0.03,17.5,87.9,9.2,0.817,1.339,0.766,90,0.02,4.7,24.3,31.0,0.918,1.211,odi: 2m 3r 5w
a790df98,S Snater,Netherlands,ball_by_ball,9.0,tail,spec_pace,right,medium,13,0.11,12.1,78.4,8.4,0.742,1.805,1.057,80,0.02,6.43,39.6,36.9,1.149,0.908,odi: 2m 21r 1w
daf88af6,IS Sohi,Canada,ball_by_ball,11.0,tail,spec_unk,,,2,0.02,9.0,62.8,6.3,0.587,1.911,0.462,91,0.05,7.25,61.3,50.7,1.268,0.653,odi: 2m 0r 4w
10c158cc,K Sonavale,Oman,ball_by_ball,2.8,top,part_unk,,,41,0.19,17.4,58.5,7.5,0.776,1.288,0.507,51,0.03,7.24,91.3,75.7,1.372,0.506,odi: 5m 12r 2w
1f1b4c89,JC Tongue,England,ball_by_ball,11.0,tail,spec_pace,right,fast_medium,2,0.02,16.2,85.9,9.5,0.802,1.434,0.817,90,0.01,5.23,29.2,33.5,1.017,1.135,odi: 2m 0r 1w
4ff67681,MM Iqbal,Scotland,ball_by_ball,6.5,lower,spec_unk,,,56,0.33,15.6,63.8,7.2,0.674,1.299,0.673,36,0.01,6.79,62.3,55.1,1.307,0.704,odi: 2m 16r 0w
7516045a,WT Gavera,Papua New Guinea,ball_by_ball,11.0,tail,spec_unk,,,6,0.05,8.0,59.8,5.8,0.573,2.145,0.399,86,0.05,7.2,68.9,57.4,1.222,0.572,odi: 2m 4r 1w
81049310,J Yadav,India,ball_by_ball,8.0,tail,spec_spin,right,off_spin,7,0.08,17.6,85.2,9.7,0.788,1.276,0.814,85,0.02,4.63,32.3,41.9,0.895,0.965,odi: 2m 3r 1w
b2498b5d,Saad Masood,Pakistan,ball_by_ball,7.0,lower,spec_spin,right,leg_spin,44,0.26,31.4,87.8,9.2,1.01,1.025,0.893,48,0.01,5.43,33.6,37.1,0.926,0.921,odi: 1m 38r 0w
d8976cb7,DG Blampied,Jersey,ball_by_ball,6.0,lower,part_spin,right,leg_spin,13,0.09,16.0,69.4,7.2,0.752,1.45,0.678,78,0.04,6.62,70.3,63.7,1.238,0.597,odi: 3m 7r 0w
b3b4dc7d,Zain Abbas,Hong Kong,ball_by_ball,6.0,lower,spec_unk,,,54,0.28,16.0,61.2,6.5,0.728,1.472,0.685,36,0.01,7.52,61.3,49.0,1.288,0.684,odi: 1m 26r 1w
fef92afc,SC Kuggeleijn,New Zealand,ball_by_ball,8.0,tail,spec_pace,right,fast_medium,6,0.07,16.8,90.8,9.5,0.832,1.428,0.852,84,0.01,4.85,27.0,33.4,0.977,1.198,odi: 2m 11r 5w
00ea847a,MA Agarwal,India,ball_by_ball,1.6,top,part_spin,right,off_spin,83,0.3,40.1,96.0,13.9,1.308,0.911,1.317,6,0.0,5.81,42.7,44.1,1.069,0.843,odi: 5m 86r 0w
05da443b,Adnan Akmal,Pakistan,ball_by_ball,7.5,lower,,,,89,0.51,21.0,99.8,10.2,0.8,0.981,0.6,,,,,,,,odi: 5m 62r 0w
06a9d298,A Patel,Canada,ball_by_ball,10.0,tail,spec_unk,,,29,0.23,10.3,74.4,7.0,0.665,1.876,0.379,60,0.02,6.59,60.6,55.2,1.322,0.661,odi: 2m 25r 3w
45eda7c8,CA Lynn,Australia,ball_by_ball,3.2,top,,right,left_arm_orthodox,89,0.39,40.0,94.3,11.5,1.177,0.909,1.699,,,,,,,,odi: 4m 75r 0w
7a4819e1,MJ Fourie,Ireland,ball_by_ball,6.5,lower,spec_unk,,,12,0.11,19.2,82.3,9.3,0.834,1.276,0.839,77,0.02,5.19,47.5,54.8,1.125,0.72,odi: 4m 5r 0w
2259c12d,Tabarak Dar,Hong Kong,ball_by_ball,1.0,top,,,,88,0.33,19.2,62.7,8.1,0.82,1.267,0.607,,,,,,,,odi: 2m 45r 0w
424a7994,Nilansh Keswani,United Arab Emirates,ball_by_ball,6.5,lower,part_unk,,,34,0.25,14.1,70.1,7.1,0.69,1.428,0.511,54,0.04,8.42,103.4,73.7,1.484,0.467,odi: 2m 18r 1w
4e5cf2d6,Afzaal Haider,Hong Kong,ball_by_ball,10.5,tail,spec_unk,,,10,0.07,7.9,55.5,6.0,0.541,2.05,0.483,78,0.02,7.62,58.7,46.2,1.333,0.689,odi: 2m 0r 2w
944533a5,KK Nair,India,ball_by_ball,2.0,top,,right,off_spin,88,0.37,34.9,74.8,11.4,0.996,0.821,0.975,,,,,,,,odi: 2m 46r 0w
d913103d,K Mahato,Nepal,ball_by_ball,11.0,tail,spec_unk,,,10,0.08,8.9,58.8,5.9,0.569,1.912,0.453,78,0.03,6.54,60.0,55.1,1.198,0.647,odi: 2m 1r 2w
f0398c2f,J Matharu,Canada,ball_by_ball,10.5,tail,spec_unk,,,10,0.11,9.0,64.6,6.4,0.587,1.883,0.356,78,0.04,6.89,62.9,54.8,1.281,0.611,odi: 2m 7r 0w
2b944fb7,JS Ababu,Kenya,ball_by_ball,11.0,tail,spec_unk,,,9,0.09,8.6,60.0,6.3,0.554,1.871,0.43,78,0.02,6.61,66.6,60.4,1.282,0.67,odi: 2m 0r 1w
2ed569a0,RD Chahar,India,ball_by_ball,9.0,tail,spec_spin,right,leg_spin,25,0.18,18.2,79.3,8.6,0.783,1.263,0.755,62,0.01,4.83,32.9,40.9,0.961,0.984,odi: 1m 13r 3w
79f8472d,Mohammad Mohsin,United States of America,ball_by_ball,9.5,tail,spec_spin,left,leg_spin,9,0.07,10.7,68.1,6.5,0.661,1.826,0.455,78,0.03,5.85,54.0,55.4,1.143,0.73,odi: 2m 8r 1w
aa47439d,Ibrar Ahmad,United Arab Emirates,ball_by_ball,9.0,tail,spec_unk,,,14,0.14,7.9,59.8,5.5,0.539,1.957,0.316,73,0.05,7.96,59.9,45.2,1.279,0.66,odi: 2m 4r 5w
22ae3041,Fawad Ahmed,Australia,ball_by_ball,11.0,tail,spec_spin,right,leg_spin,2,0.02,18.1,89.0,9.6,0.829,1.321,0.822,84,0.02,5.84,31.8,32.7,1.011,1.053,odi: 2m 4r 2w
6d816d13,RA Mariu,New Zealand,ball_by_ball,1.0,top,,,,86,0.34,37.9,88.7,12.2,1.171,0.898,1.494,,,,,,,,odi: 2m 76r 0w
98653b57,HR Johnson,United States of America,ball_by_ball,11.0,tail,spec_unk,,,20,0.14,10.4,65.3,5.9,0.637,1.829,0.453,66,0.02,6.24,58.0,55.8,1.256,0.645,odi: 2m 9r 1w
9ff7f691,SF Burger,Namibia,ball_by_ball,8.0,tail,spec_unk,,,20,0.18,8.4,66.6,6.2,0.586,1.986,0.38,66,0.02,6.83,66.6,58.6,1.265,0.643,odi: 2m 11r 0w
bbff906c,CAK Walton,West Indies,ball_by_ball,3.0,top,,right,,86,0.33,24.6,74.3,11.1,1.032,1.154,1.445,,,,,,,,odi: 9m 53r 0w
0ec1f412,Sayed Shirzad,Afghanistan,wikipedia_totals,,tail,part_pace,right,medium,38,0.02,15.7,65.3,7.3,0.753,1.463,0.762,48,0.01,6.04,46.6,46.3,1.129,0.786,wikipedia_odi: 2m 25r 1w
0604ef16,SB Bangar,India,ball_by_ball,7.0,lower,part_pace,right,medium,19,0.14,28.7,93.6,11.6,0.984,1.024,1.287,66,0.01,5.7,46.8,49.2,1.105,0.822,odi: 3m 8r 0w
529eb9e0,OC McCoy,West Indies,ball_by_ball,11.0,tail,spec_pace,left,fast_medium,1,0.01,13.7,79.3,9.4,0.743,1.574,1.139,84,0.01,6.61,32.3,29.3,1.063,1.068,odi: 2m 0r 4w
6c882e9a,PBB Rajapaksa,Sri Lanka,ball_by_ball,3.0,top,,left,medium,85,0.37,37.9,99.9,12.6,1.238,1.021,1.129,,,,,,,,odi: 5m 89r 0w
afb3b840,H Shah,Nepal,ball_by_ball,6.0,lower,part_unk,,,25,0.16,15.4,64.7,7.1,0.724,1.457,0.685,60,0.03,7.46,106.9,85.9,1.484,0.469,odi: 3m 9r 0w
d5afc103,RO Hinds,West Indies,ball_by_ball,7.0,lower,spec_unk,,,19,0.12,24.0,84.0,10.4,0.919,1.183,1.695,66,0.01,5.39,47.3,52.7,1.044,0.768,odi: 3m 8r 0w
edfe226f,Omid Shafi Rahman,United Arab Emirates,ball_by_ball,11.0,tail,spec_unk,,,7,0.06,8.6,59.6,6.0,0.567,1.949,0.475,78,0.03,7.06,65.5,55.7,1.323,0.6,odi: 2m 1r 0w
f0e58a83,SKW Kelly,Bermuda,ball_by_ball,10.0,tail,part_unk,,,5,0.05,8.4,67.6,6.9,0.621,2.176,0.488,80,0.04,8.46,92.4,65.6,1.502,0.523,odi: 3m 7r 2w
f407e354,M van Jaarsveld,South Africa,ball_by_ball,5.2,middle,spec_unk,,,55,0.31,30.2,95.8,11.0,0.965,0.888,0.904,30,0.01,5.58,39.9,42.8,1.054,0.895,odi: 6m 29r 1w
5dbdecf1,Khaled Ahmed,Bangladesh,ball_by_ball,11.0,tail,spec_pace,right,fast_medium,4,0.04,12.8,73.5,7.6,0.69,1.57,0.562,80,0.02,5.4,31.8,35.3,1.015,1.055,odi: 2m 1r 3w
bc2d4f2e,W Sutherland,Australia,ball_by_ball,9.0,tail,part_pace,right,medium_fast,33,0.25,15.9,79.8,7.6,0.735,1.314,0.503,51,0.01,5.24,38.0,43.5,1.015,0.913,odi: 2m 18r 2w
fdac5295,JAH Marshall,New Zealand,ball_by_ball,5.3,middle,,,,84,0.36,28.9,72.3,8.8,0.885,0.933,0.994,,,,,,,,odi: 6m 33r 0w
96dced3e,W Mwayenga,Zimbabwe,ball_by_ball,10.0,tail,spec_unk,,,11,0.12,10.1,66.8,7.0,0.61,1.717,0.464,72,0.02,6.28,60.2,57.5,1.204,0.653,odi: 2m 1r 1w
9aedf23b,T Mayes,Ireland,ball_by_ball,7.0,lower,spec_unk,,,5,0.06,21.5,88.8,9.6,0.906,1.257,0.837,78,0.02,5.76,49.4,51.5,1.172,0.726,odi: 2m 8r 1w
3f4b9ae5,Abdul Jabbar,Canada,ball_by_ball,1.5,top,,,,82,0.3,22.5,69.3,9.6,0.922,1.19,0.955,,,,,,,,odi: 2m 59r 0w
f3b158d9,C Carmichael,Ireland,ball_by_ball,3.0,top,,,,82,0.37,29.4,80.6,9.8,1.003,1.064,0.84,,,,,,,,odi: 3m 64r 0w
e42dff5f,KHRK Fernando,Sri Lanka,ball_by_ball,7.0,lower,spec_unk,,,14,0.09,25.1,83.9,9.1,0.908,1.105,0.801,67,0.02,5.83,42.9,44.1,1.081,0.854,odi: 2m 3r 1w
f71de062,OL Pitcher,Bermuda,ball_by_ball,1.7,top,,,,81,0.29,16.1,57.4,7.6,0.776,1.38,0.647,,,,,,,,odi: 3m 28r 0w
e6b6d352,Naveed Zadran,Afghanistan,wikipedia_totals,,tail,part_pace,right,medium,15,0.01,15.6,65.3,7.3,0.753,1.48,0.762,66,0.02,6.1,46.2,45.4,1.141,0.801,wikipedia_odi: 4m 10r 3w
1294ee6d,Muhammad Arfan,United Arab Emirates,ball_by_ball,9.0,tail,spec_unk,,,3,0.02,9.9,68.6,7.3,0.651,1.935,0.541,77,0.03,6.05,61.0,60.5,1.271,0.654,odi: 2m 9r 4w
64fb6b15,A Bohara,Nepal,ball_by_ball,11.0,tail,spec_pace,right,medium,14,0.15,9.3,69.0,5.8,0.616,1.904,0.345,66,0.02,6.42,41.4,38.7,1.118,0.849,odi: 2m 13r 0w
22feee04,Zubayr Hamza,South Africa,ball_by_ball,3.0,top,,,,79,0.35,42.6,90.0,11.2,1.114,0.814,1.142,,,,,,,,odi: 1m 56r 0w
6c6aca89,TS Roland-Jones,England,ball_by_ball,9.0,tail,spec_pace,right,medium_fast,37,0.24,21.0,86.1,9.6,0.929,1.381,1.144,42,0.01,5.18,29.3,33.9,0.997,1.144,odi: 1m 37r 1w
c78f1ff5,Junaid Zia,Pakistan,ball_by_ball,,,spec_unk,,,,,,,,,,,79,0.02,6.97,49.7,42.8,1.173,0.797,odi: 2m 0r 0w
279c51f0,Aakash Chand,Nepal,ball_by_ball,,,spec_unk,,,,,,,,,,,78,0.04,7.32,68.1,55.8,1.3,0.643,odi: 2m 0r 2w
9f62b897,MKGCP Lakshitha,Sri Lanka,ball_by_ball,9.0,tail,spec_unk,,,6,0.06,14.7,81.8,8.0,0.753,1.472,0.514,72,0.01,5.95,43.2,43.5,1.126,0.868,odi: 2m 4r 2w
ae78bc32,MS Gony,India,ball_by_ball,,,spec_pace,right,medium,,,,,,,,,78,0.02,5.74,29.7,31.1,1.069,1.141,odi: 2m 0r 2w
c4d740b3,PS Masvaure,Zimbabwe,ball_by_ball,2.0,top,part_unk,,,60,0.31,28.2,78.2,8.2,0.95,1.08,0.629,18,0.01,7.23,93.0,77.2,1.355,0.489,odi: 2m 40r 0w
ecaad7d2,RW Sims,Zimbabwe,ball_by_ball,7.0,lower,part_unk,,,60,0.28,21.1,67.4,7.1,0.798,1.236,0.768,18,0.0,7.27,93.5,77.1,1.371,0.489,odi: 1m 24r 0w
24104e5c,Tanbir Hayder,Bangladesh,ball_by_ball,7.5,lower,spec_spin,right,leg_spin,16,0.12,21.6,77.4,8.6,0.841,1.2,0.835,60,0.02,5.7,37.7,39.7,1.002,0.876,odi: 2m 5r 0w
7cb2d9d2,DM Dupavillon,South Africa,ball_by_ball,11.0,tail,spec_pace,right,fast,10,0.11,18.9,97.1,11.3,0.876,1.327,1.132,66,0.01,4.97,27.9,33.7,0.964,1.2,odi: 2m 17r 1w
7e6e7274,E Masuku,Zimbabwe,ball_by_ball,10.0,tail,spec_unk,,,10,0.1,10.6,68.6,6.9,0.626,1.694,0.475,66,0.02,5.67,55.8,59.0,1.141,0.677,odi: 2m 2r 3w
af2cc80a,JO Troughton,England,ball_by_ball,4.8,middle,,,,76,0.37,29.7,87.8,10.6,0.922,0.924,0.851,,,,,,,,odi: 6m 36r 0w
df92d6fb,D Gamage,Sri Lanka,ball_by_ball,11.0,tail,spec_unk,,,10,0.1,13.9,78.2,8.0,0.713,1.444,0.49,66,0.01,5.69,44.5,46.9,1.118,0.858,odi: 2m 3r 1w
fd770945,BT Foakes,England,ball_by_ball,6.0,lower,,right,medium,76,0.4,31.6,85.7,9.2,0.988,0.997,1.187,,,,,,,,odi: 1m 61r 0w
201facae,N Mokoena,South Africa,ball_by_ball,11.0,tail,spec_unk,,,3,0.03,18.8,92.1,10.8,0.854,1.311,1.256,72,0.02,5.57,42.7,45.9,1.069,0.881,odi: 2m 7r 1w
9fd3a210,Zafar Gohar,Pakistan,ball_by_ball,10.0,tail,spec_spin,left,left_arm_orthodox,15,0.15,15.7,86.1,9.3,0.767,1.383,0.981,60,0.01,4.59,32.5,42.5,0.925,0.942,odi: 1m 15r 2w
c25927f8,RP Alexander,United States of America,ball_by_ball,1.0,top,,,,75,0.26,22.2,66.0,8.3,0.901,1.145,0.673,,,,,,,,odi: 2m 34r 0w
0e9af639,Talha Jubair,Bangladesh,ball_by_ball,11.0,tail,spec_unk,,,8,0.05,13.6,73.6,7.9,0.712,1.546,0.597,66,0.02,6.25,49.1,47.1,1.115,0.765,odi: 2m 4r 0w
9b6e1b3f,J Fraser-McGurk,Australia,ball_by_ball,1.9,top,,right,leg_spin,74,0.28,37.8,102.0,14.4,1.368,1.031,2.018,,,,,,,,odi: 7m 98r 0w
aed55673,MT Chinouya,Zimbabwe,ball_by_ball,11.0,tail,spec_unk,,,8,0.09,11.5,74.1,7.4,0.677,1.7,0.468,66,0.01,5.22,52.3,60.1,1.142,0.656,odi: 2m 6r 1w
50a92895,KY Ottley,West Indies,ball_by_ball,2.0,top,,,,73,0.29,26.4,72.8,10.9,1.008,1.057,1.611,,,,,,,,odi: 4m 41r 0w
6eb146d2,Gurkeerat Singh,India,ball_by_ball,5.7,lower,part_spin,right,off_spin,13,0.13,30.7,103.4,12.4,1.04,0.989,1.237,60,0.01,5.52,44.6,48.4,1.078,0.835,odi: 3m 13r 0w
9f038761,J Figy John,United Arab Emirates,ball_by_ball,3.5,top,,,,73,0.37,22.7,69.9,7.0,0.841,1.208,0.482,,,,,,,,odi: 2m 55r 0w
156378d8,S Jora,Nepal,ball_by_ball,6.3,lower,,right,,72,0.41,15.1,76.9,8.4,0.77,1.504,0.716,,,,,,,,odi: 6m 63r 0w
54501715,Badal Singh,Oman,ball_by_ball,8.0,tail,spec_unk,,,12,0.12,8.8,61.3,5.7,0.57,1.881,0.343,60,0.02,6.76,71.6,63.6,1.329,0.634,odi: 2m 5r 0w
6705008a,H Durham,Bermuda,ball_by_ball,8.0,tail,spec_unk,,,14,0.14,7.1,59.7,6.0,0.538,2.183,0.397,58,0.02,6.82,66.2,58.3,1.312,0.692,odi: 1m 4r 2w
77bf0483,Akeem Jordan,West Indies,ball_by_ball,11.0,tail,spec_unk,,,6,0.07,13.3,78.3,9.1,0.722,1.568,1.044,66,0.03,6.05,42.7,42.3,1.108,0.766,odi: 2m 3r 1w
a98a6b86,Umair Ali,United Arab Emirates,ball_by_ball,5.0,middle,spec_unk,,,11,0.09,21.7,70.9,7.7,0.815,1.171,1.138,61,0.03,7.2,59.6,49.7,1.217,0.602,odi: 1m 10r 0w
b57e43e2,O Jones,Scotland,ball_by_ball,10.5,tail,spec_unk,,,6,0.05,10.5,67.9,7.0,0.651,1.831,0.543,66,0.02,6.46,62.7,58.3,1.265,0.695,odi: 2m 2r 0w
d1f871a4,C McAuslan,Hong Kong,ball_by_ball,2.0,top,,,,72,0.3,16.6,54.9,7.7,0.772,1.266,0.562,,,,,,,,odi: 2m 35r 0w
d3c260a6,Usman Rafiq,United States of America,ball_by_ball,10.0,tail,part_unk,,,40,0.27,10.7,62.9,6.1,0.634,1.795,0.265,32,0.02,8.3,103.8,75.0,1.506,0.477,odi: 2m 28r 0w
f2397e48,Codi Yusuf,South Africa,ball_by_ball,9.0,tail,spec_pace,right,medium,11,0.08,17.7,81.8,9.0,0.799,1.331,0.785,61,0.01,5.68,27.1,28.6,1.009,1.19,odi: 1m 5r 0w
9de31202,RW Staple,United States of America,ball_by_ball,5.0,middle,spec_unk,,,11,0.07,22.5,71.3,7.4,0.82,1.138,0.625,60,0.02,7.88,60.8,46.3,1.263,0.657,odi: 2m 4r 2w
cdd875d9,JA Turner,England,ball_by_ball,11.0,tail,spec_pace,right,fast_medium,5,0.06,16.2,85.7,9.2,0.792,1.404,0.758,66,0.01,4.86,27.8,34.3,1.048,1.145,odi: 2m 2r 2w
20fbf68c,Reon King,West Indies,ball_by_ball,11.0,tail,spec_unk,,,10,0.11,12.8,76.4,9.3,0.697,1.56,1.083,60,0.01,6.21,49.5,47.9,1.132,0.78,odi: 1m 3r 1w
3e326efc,JNT Vare,Papua New Guinea,ball_by_ball,7.8,tail,,,,70,0.36,8.8,48.0,3.5,0.572,2.168,0.229,,,,,,,,odi: 5m 35r 0w
51e1ed69,SG Borthwick,England,ball_by_ball,9.0,tail,part_spin,left,leg_spin,16,0.14,17.2,93.0,10.6,0.859,1.442,1.147,54,0.01,5.88,47.1,48.0,1.141,0.835,odi: 2m 18r 0w
52e8dd6b,Zaheer Maqsood,United Arab Emirates,ball_by_ball,11.0,tail,spec_unk,,,10,0.1,8.6,61.8,6.3,0.569,1.925,0.433,60,0.02,6.82,62.4,54.9,1.209,0.633,odi: 1m 5r 2w
a24be938,VR Iyer,India,ball_by_ball,6.0,lower,spec_pace,left,medium,40,0.27,30.0,89.6,11.1,0.938,0.93,1.334,30,0.0,5.28,29.2,33.1,1.006,1.14,odi: 2m 24r 0w
af19c6a8,CK Hooper,Canada,ball_by_ball,9.5,tail,spec_unk,,,3,0.03,9.3,66.3,6.9,0.615,1.927,0.49,67,0.03,7.35,67.5,55.1,1.381,0.629,odi: 2m 4r 1w
11196470,TV Mufambisi,Zimbabwe,ball_by_ball,2.8,top,,,,69,0.24,25.8,78.0,10.4,1.024,1.096,0.738,,,,,,,,odi: 4m 45r 0w
22b98d7c,TW Hartley,England,ball_by_ball,9.0,tail,spec_spin,left,left_arm_orthodox,9,0.1,16.9,90.6,9.3,0.824,1.399,0.684,60,0.02,5.05,35.8,42.6,0.984,0.951,odi: 2m 12r 0w
a3a078ba,Subashis Roy,Bangladesh,ball_by_ball,11.0,tail,spec_pace,right,fast_medium,9,0.09,12.3,70.4,7.6,0.656,1.541,0.527,60,0.01,5.56,28.5,30.8,0.979,1.042,odi: 1m 1r 1w
9f961c14,Joginder Sharma,India,ball_by_ball,10.0,tail,spec_pace,right,fast_medium,2,0.02,19.5,91.3,10.3,0.85,1.257,0.88,66,0.01,5.43,29.7,32.8,1.032,1.137,odi: 2m 5r 1w
ee9bdbc8,Zulqarnain Haider,Pakistan,ball_by_ball,8.2,tail,,,,68,0.45,14.1,87.2,7.5,0.687,1.296,0.367,,,,,,,,odi: 4m 48r 0w
04a418e8,R Parag,India,ball_by_ball,7.0,lower,spec_spin,right,off_spin,13,0.09,34.4,100.9,11.6,1.089,0.96,1.277,54,0.02,5.9,30.2,30.8,0.939,0.983,odi: 1m 15r 3w
2b76eb00,AS Luseno,Kenya,ball_by_ball,11.0,tail,spec_unk,,,3,0.02,9.3,62.9,6.5,0.597,1.898,0.498,64,0.02,6.16,57.9,56.4,1.241,0.708,odi: 2m 0r 4w
ddb41291,L Sreekumar,United Arab Emirates,ball_by_ball,3.3,top,,,,67,0.3,21.7,70.3,9.8,0.911,1.253,0.862,,,,,,,,odi: 3m 57r 0w
f6571355,CK Tshuma,Zimbabwe,ball_by_ball,11.0,tail,spec_unk,,,1,0.01,11.6,71.6,7.3,0.675,1.711,0.584,66,0.02,6.3,55.9,53.3,1.198,0.651,odi: 2m 0r 1w
3473e5f2,DS Weerakkody,Sri Lanka,ball_by_ball,3.3,top,,,,66,0.36,36.3,107.3,12.2,1.181,0.958,0.862,,,,,,,,odi: 3m 73r 0w
7805af0f,NM Carter,Scotland,ball_by_ball,2.0,top,spec_unk,,,6,0.03,24.0,74.2,9.5,0.939,1.164,0.846,60,0.02,6.79,54.6,48.3,1.261,0.71,odi: 1m 0r 1w
7bbeac6d,GH O'Brien,Bermuda,ball_by_ball,9.0,tail,spec_pace,right,fast_medium,6,0.07,7.6,61.5,6.3,0.567,2.19,0.484,60,0.02,5.47,38.9,42.7,1.133,0.933,odi: 1m 2r 3w
7ca68967,NA Greenwood,Jersey,ball_by_ball,2.0,top,,right,off_spin,66,0.26,17.7,58.0,7.2,0.819,1.26,0.469,,,,,,,,odi: 4m 35r 0w
881b3f8e,TP Visee,Netherlands,ball_by_ball,3.0,top,,right,,66,0.27,27.0,82.6,11.7,1.075,1.178,1.331,,,,,,,,odi: 3m 72r 0w
a2eac9df,Waqas Barkat,Hong Kong,ball_by_ball,7.0,lower,part_spin,right,leg_spin,54,0.31,13.6,59.4,6.3,0.664,1.55,0.496,12,0.01,6.6,61.3,55.7,1.226,0.674,odi: 4m 25r 0w
5208c0a1,DI Allan,Kenya,ball_by_ball,2.0,top,part_unk,,,47,0.2,19.5,61.2,8.2,0.825,1.205,0.638,18,0.01,7.6,95.0,75.0,1.434,0.503,odi: 2m 18r 0w
7b9b9aef,Abdul Shakoor,United Arab Emirates,ball_by_ball,7.5,lower,,,,65,0.37,14.8,64.2,6.9,0.687,1.436,0.759,,,,,,,,odi: 2m 34r 0w
856a5e81,M Karg,Namibia,ball_by_ball,2.5,top,,,,65,0.24,22.1,71.4,8.8,0.928,1.249,1.087,,,,,,,,odi: 3m 45r 0w
f1f99156,TH David,Australia,ball_by_ball,6.8,lower,part_spin,right,off_spin,53,0.31,29.6,88.0,10.3,0.998,1.064,1.634,12,0.01,6.05,35.6,35.3,1.013,0.924,odi: 4m 45r 1w
82b90140,Shahidullah,Afghanistan,wikipedia_totals,,lower,part_spin,left,left_arm_orthodox,47,0.04,25.6,83.2,9.7,0.96,1.135,1.147,18,0.01,5.69,43.5,45.9,1.061,0.793,wikipedia_odi: 3m 39r 0w
63bff7f9,SM Harwood,Australia,ball_by_ball,11.0,tail,spec_pace,right,fast_medium,4,0.05,16.4,83.1,9.1,0.772,1.344,0.815,60,0.01,5.45,25.2,27.8,0.955,1.249,odi: 1m 0r 2w
a323465c,RR Joshi,Canada,ball_by_ball,11.0,tail,spec_unk,,,4,0.04,9.1,64.1,6.2,0.594,1.908,0.427,60,0.03,7.99,70.4,52.8,1.32,0.615,odi: 1m 3r 0w
2c997ad3,KMC Bandara,Sri Lanka,ball_by_ball,11.0,tail,spec_unk,,,3,0.04,14.8,79.9,8.0,0.744,1.451,0.523,60,0.01,6.26,41.7,40.0,1.148,0.859,odi: 1m 1r 1w
47d00fb5,RL Bhudia,Kenya,ball_by_ball,9.0,tail,spec_unk,,,15,0.16,10.9,80.1,8.6,0.706,1.885,0.926,48,0.02,5.89,57.2,58.3,1.174,0.675,odi: 1m 22r 1w
714af18b,KJ Harding,West Indies,ball_by_ball,11.0,tail,spec_unk,,,1,0.01,13.9,80.3,9.4,0.751,1.574,1.132,62,0.02,7.05,49.0,41.7,1.184,0.766,odi: 1m 1r 0w
7d32d965,RT Lyons,Scotland,ball_by_ball,10.0,tail,spec_unk,,,3,0.03,11.1,73.9,7.7,0.685,1.812,0.539,60,0.03,7.11,59.6,50.3,1.246,0.691,odi: 1m 5r 0w
f2c936d7,MJ Owen,Australia,ball_by_ball,7.0,lower,part_pace,right,medium,27,0.2,33.2,107.9,12.4,1.131,1.024,1.825,36,0.01,5.62,39.7,42.4,1.07,0.917,odi: 3m 37r 2w
4f7279a4,Raza Hasan,Pakistan,ball_by_ball,9.0,tail,spec_spin,right,left_arm_orthodox,2,0.02,15.5,80.4,8.4,0.75,1.38,0.712,60,0.01,5.07,33.6,39.8,0.962,0.931,odi: 1m 0r 1w
6c1beb66,MHW Papps,New Zealand,ball_by_ball,2.0,top,,,,62,0.24,36.1,83.4,11.6,1.103,0.886,1.294,,,,,,,,odi: 2m 32r 0w
7f82b4fb,HK Olonga,Zimbabwe,ball_by_ball,10.0,tail,part_unk,,,12,0.08,11.3,67.4,6.8,0.652,1.704,0.53,50,0.02,6.71,89.1,79.7,1.297,0.497,odi: 2m 3r 1w
8a79613a,D Soraine,Canada,ball_by_ball,10.0,tail,part_unk,,,9,0.1,8.5,62.0,6.1,0.567,1.92,0.413,53,0.02,7.45,102.4,82.5,1.458,0.483,odi: 2m 3r 1w
94edecfe,PJK Mooney,Ireland,ball_by_ball,10.0,tail,part_unk,,,8,0.08,12.7,81.4,8.1,0.744,1.713,0.562,54,0.01,6.88,83.9,73.1,1.379,0.543,odi: 2m 11r 0w
a86a37ab,Mohammad Ali,Pakistan,ball_by_ball,11.0,tail,spec_pace,right,medium_fast,2,0.02,15.7,80.3,8.3,0.75,1.38,0.686,60,0.01,5.18,29.2,33.8,0.964,1.096,odi: 1m 0r 1w
add57f1f,SM Warnapura,Sri Lanka,ball_by_ball,2.0,top,,,,62,0.26,30.7,74.8,10.3,1.005,0.936,0.698,,,,,,,,odi: 2m 30r 0w
aea11d1d,D Birrell,Jersey,ball_by_ball,11.0,tail,spec_pace,right,medium,1,0.01,9.2,64.0,6.3,0.6,1.918,0.504,61,0.02,6.01,44.5,44.4,1.14,0.833,odi: 1m 0r 1w
e6ec6b42,Aaditya Varadarajan,Canada,ball_by_ball,4.0,middle,,,,62,0.31,17.4,63.0,6.0,0.722,1.166,0.298,,,,,,,,odi: 3m 36r 0w
2a731841,Tareq Aziz,Bangladesh,ball_by_ball,11.0,tail,spec_unk,,,11,0.12,12.0,71.0,7.7,0.646,1.539,0.539,50,0.01,6.05,47.1,46.7,1.093,0.788,odi: 1m 2r 2w
4c3bd588,Sami Faridi,Canada,ball_by_ball,10.0,tail,spec_unk,,,25,0.22,8.5,63.8,5.8,0.564,1.875,0.272,36,0.02,6.83,70.9,62.3,1.31,0.623,odi: 1m 16r 0w
64a4c383,S Sriram,India,ball_by_ball,6.0,lower,spec_unk,,,5,0.06,31.0,99.8,12.0,1.021,0.965,1.297,56,0.02,6.44,42.9,40.0,1.127,0.864,odi: 1m 3r 3w
87a122f5,Hashir Dafedar,Oman,ball_by_ball,5.3,middle,,,,61,0.29,20.2,58.7,7.1,0.74,1.131,0.665,,,,,,,,odi: 4m 29r 0w
b8f3362a,LR Johnson,West Indies,ball_by_ball,3.0,top,,,,61,0.27,24.8,65.4,10.5,0.919,1.006,1.662,,,,,,,,odi: 3m 19r 0w
c15e2193,FY Fazal,India,ball_by_ball,2.0,top,,left,medium,61,0.3,46.2,91.1,12.6,1.172,0.753,1.287,,,,,,,,odi: 1m 55r 0w
f8f2ec39,MMA Jonkman,Netherlands,ball_by_ball,9.0,tail,part_unk,,,37,0.24,10.4,55.0,5.7,0.595,1.794,0.384,24,0.01,7.61,92.5,72.9,1.431,0.522,odi: 1m 13r 1w
0d08cbcb,Mushtaq Ahmed,Pakistan,ball_by_ball,,,spec_unk,,,,,,,,,,,60,0.01,6.48,46.6,43.1,1.137,0.806,odi: 1m 0r 0w
21b97584,Mrittunjoy Chowdhury,Bangladesh,ball_by_ball,8.0,tail,spec_pace,left,medium_fast,11,0.12,12.5,75.2,7.1,0.681,1.559,0.435,49,0.01,5.87,34.4,35.2,1.072,1.036,odi: 1m 8r 0w
3703d634,S Weerakoon,Sri Lanka,ball_by_ball,,,spec_unk,,,,,,,,,,,60,0.01,5.68,44.4,46.9,1.104,0.863,odi: 2m 0r 1w
6ae9c751,JJ Celestine,Bermuda,ball_by_ball,3.7,middle,,,,60,0.24,16.0,55.2,7.5,0.754,1.331,0.534,,,,,,,,odi: 3m 28r 0w
6b64e7a3,J Mulder,Ireland,ball_by_ball,,,spec_unk,,,,,,,,,,,60,0.03,6.29,46.3,44.1,1.063,0.736,odi: 1m 0r 2w
79108658,LJ Robertson,Scotland,ball_by_ball,,,spec_unk,,,,,,,,,,,60,0.02,6.62,58.3,52.9,1.29,0.764,odi: 1m 0r 6w
7e758bb2,JL Louw,Namibia,ball_by_ball,,,spec_unk,,,,,,,,,,,60,0.02,6.77,64.3,57.0,1.253,0.656,odi: 1m 0r 1w
80b2fb19,Prince Yadav,India,ball_by_ball,,,spec_pace,right,fast,,,,,,,,,60,0.01,6.18,29.2,28.4,1.017,1.138,odi: 1m 0r 1w
9170ff49,Parvez Rasool,India,ball_by_ball,,,spec_spin,right,off_spin,,,,,,,,,60,0.01,5.38,34.3,38.3,0.988,0.977,odi: 1m 0r 2w
91bbd893,KP Walmsley,New Zealand,ball_by_ball,,,spec_unk,,,,,,,,,,,60,0.01,6.18,40.5,39.4,1.147,0.871,odi: 1m 0r 1w
94759472,Adhitya Shetty,United Arab Emirates,ball_by_ball,,,spec_unk,,,,,,,,,,,60,0.02,6.28,68.1,65.1,1.229,0.622,odi: 1m 0r 1w
ae1bd901,PR Adams,South Africa,ball_by_ball,,,spec_unk,,,,,,,,,,,60,0.01,5.69,40.0,42.1,1.046,0.887,odi: 2m 0r 1w
c07a1f41,NM Odhiambo,Kenya,ball_by_ball,,,spec_pace,right,medium_fast,,,,,,,,,60,0.02,5.99,35.1,35.2,1.069,0.911,odi: 1m 0r 2w
ca4db40e,AF Sattaur,Canada,ball_by_ball,5.3,middle,,,,60,0.29,18.1,60.9,7.1,0.695,1.171,0.898,,,,,,,,odi: 3m 20r 0w
f3abd0c9,DR Briggs,England,ball_by_ball,,,spec_spin,right,left_arm_orthodox,,,,,,,,,60,0.01,5.24,31.1,35.6,0.917,0.976,odi: 1m 0r 2w
786b7fe8,Zahir Khan,Afghanistan,wikipedia_totals,,tail,spec_spin,left,left_arm_wrist,,,,,,,,,60,0.01,5.18,34.0,39.4,0.963,0.923,wikipedia_odi: 1m –r 2w
a35849be,Rokhan Barakzai,Afghanistan,wikipedia_totals,,tail,spec_spin,left,left_arm_orthodox,,,,,,,,,60,0.01,5.01,33.0,39.4,0.932,0.923,wikipedia_odi: 1m 0r 2w
0a951319,SL Stewart,New Zealand,ball_by_ball,5.5,middle,,,,59,0.32,31.2,75.1,9.0,0.912,0.925,1.003,,,,,,,,odi: 4m 26r 0w
210f4a5d,SH Lewis,West Indies,ball_by_ball,,,spec_unk,,,,,,,,,,,59,0.02,6.75,46.0,40.9,1.18,0.794,odi: 1m 0r 3w
692c7070,Ali Khan,Canada,ball_by_ball,11.0,tail,spec_unk,,,11,0.08,9.4,61.0,6.4,0.596,1.889,0.455,48,0.02,6.93,68.2,59.0,1.267,0.621,odi: 1m 5r 0w
c3b93a03,J Blackwood,West Indies,ball_by_ball,4.0,middle,part_spin,right,off_spin,41,0.21,28.9,75.2,9.0,0.941,0.97,1.288,18,0.0,5.67,46.3,49.0,1.057,0.773,odi: 3m 23r 0w
5f75a7c5,PARP Perera,Sri Lanka,ball_by_ball,5.5,middle,,,,58,0.37,28.2,85.5,8.7,0.853,0.874,0.407,,,,,,,,odi: 2m 33r 0w
9018bf65,Mansoor Amjad,Pakistan,ball_by_ball,7.0,lower,spec_unk,,,10,0.07,27.8,89.5,9.6,0.961,1.051,1.076,48,0.01,6.02,45.0,44.9,1.105,0.817,odi: 1m 5r 1w
95a06106,GLS Scrimshaw,England,ball_by_ball,,,spec_pace,right,medium_fast,,,,,,,,,58,0.01,5.52,30.2,32.8,1.059,1.149,odi: 1m 0r 3w
0605de92,HD Rutherford,New Zealand,ball_by_ball,1.8,top,,left,left_arm_orthodox,56,0.21,26.5,69.4,11.3,1.007,1.0,1.289,,,,,,,,odi: 4m 15r 0w
4663bd23,TL Seifert,New Zealand,ball_by_ball,6.0,lower,,right,,56,0.36,26.9,104.8,12.0,1.0,1.059,1.424,,,,,,,,odi: 4m 59r 0w
709b0bac,SS Tiwary,India,ball_by_ball,7.0,lower,,left,off_spin,56,0.39,30.8,111.4,14.0,0.97,0.857,1.195,,,,,,,,odi: 3m 49r 0w
91c984a1,JW Wilson,New Zealand,ball_by_ball,9.0,tail,spec_unk,,,2,0.02,15.6,84.0,9.4,0.783,1.457,0.929,54,0.01,5.81,44.2,45.6,1.146,0.874,odi: 1m 1r 1w
92c43fac,RD McCann,Ireland,ball_by_ball,6.0,lower,,,,56,0.32,19.3,64.0,7.3,0.759,1.286,0.745,,,,,,,,odi: 2m 23r 0w
9cbbe35b,TG Gordon,Canada,ball_by_ball,7.0,lower,part_unk,,,53,0.31,14.5,64.0,6.9,0.687,1.457,0.589,3,0.0,8.07,103.8,77.2,1.505,0.477,odi: 4m 23r 0w
fd67a507,DI Joyce,Ireland,ball_by_ball,2.7,top,,,,56,0.25,25.7,74.1,9.6,0.946,1.115,0.77,,,,,,,,odi: 3m 29r 0w
fe11caa6,WP Saha,India,ball_by_ball,6.4,lower,,right,off_spin,56,0.36,27.8,95.9,11.8,0.945,0.983,0.994,,,,,,,,odi: 9m 41r 0w
ff154ecd,JM Cox,England,ball_by_ball,3.0,top,,right,off_spin,56,0.26,31.6,78.1,10.8,1.021,0.951,0.967,,,,,,,,odi: 3m 22r 0w
1efd9f52,LJ Hamilton,New Zealand,ball_by_ball,11.0,tail,spec_unk,,,4,0.05,15.7,83.8,9.4,0.777,1.429,0.917,51,0.01,5.63,42.6,45.4,1.147,0.865,odi: 1m 2r 0w
27258b3e,ML Patel,Kenya,ball_by_ball,6.0,lower,,,,55,0.22,14.7,54.1,6.2,0.702,1.408,0.675,,,,,,,,odi: 2m 15r 0w
4cbce738,D Daesrath,Canada,ball_by_ball,7.0,lower,,,,55,0.27,17.1,61.9,7.3,0.758,1.393,1.002,,,,,,,,odi: 2m 31r 0w
7572bf45,EHSN Silva,United Arab Emirates,ball_by_ball,9.0,tail,spec_unk,,,13,0.13,8.6,63.3,6.0,0.574,1.937,0.457,42,0.01,6.38,68.0,63.9,1.234,0.613,odi: 1m 7r 0w
cdac5a3d,M Shiraz,Sri Lanka,ball_by_ball,10.0,tail,part_pace,right,medium_fast,1,0.01,15.2,81.4,8.1,0.762,1.455,0.541,54,0.01,5.14,39.9,46.6,1.087,0.844,odi: 2m 1r 1w
fd4afedb,N Ncube,Zimbabwe,ball_by_ball,,,spec_unk,,,,,,,,,,,55,0.02,6.78,52.4,46.4,1.16,0.679,odi: 1m 0r 3w
04d6d2e6,R Appidi,United States of America,ball_by_ball,,,spec_unk,,,,,,,,,,,54,0.03,7.68,69.0,53.9,1.359,0.635,odi: 1m 0r 1w
31803fac,Abu Hider,Bangladesh,ball_by_ball,,,spec_pace,right,fast_medium,,,,,,,,,54,0.01,5.33,28.8,32.5,0.993,1.044,odi: 1m 0r 1w
33742f04,Usman Qadir,Pakistan,ball_by_ball,,,spec_spin,left,leg_spin,,,,,,,,,54,0.01,4.9,35.0,42.9,0.948,0.934,odi: 1m 0r 1w
6c79c098,DA Payne,England,ball_by_ball,,,spec_pace,right,fast_medium,,,,,,,,,54,0.01,5.67,26.4,27.9,0.989,1.135,odi: 1m 0r 1w
8ffe3c97,AR Pitcher,Bermuda,ball_by_ball,2.0,top,,,,54,0.23,18.4,64.6,8.2,0.832,1.359,1.012,,,,,,,,odi: 1m 30r 0w
b69e69ed,AA Noffke,Australia,ball_by_ball,,,spec_unk,,,,,,,,,,,54,0.01,5.43,39.1,43.2,1.07,0.924,odi: 1m 0r 1w
66272dc4,Ziaur Rahman,Afghanistan,wikipedia_totals,,middle,part_pace,right,fast_medium,6,0.01,33.1,86.5,9.6,0.997,0.903,0.944,48,0.01,6.16,47.6,46.4,1.153,0.785,wikipedia_odi: 2m 5r 1w
2976523f,Meet Patel,Canada,ball_by_ball,7.0,lower,spec_unk,,,22,0.15,16.1,66.4,7.0,0.73,1.417,0.643,31,0.02,7.52,65.4,52.2,1.295,0.637,odi: 1m 11r 1w
48fa71c3,Mohammad Iqbal,Canada,ball_by_ball,1.5,top,,,,53,0.22,21.5,67.4,9.0,0.883,1.209,0.63,,,,,,,,odi: 2m 33r 0w
7f148ce7,AM McCarthy,West Indies,ball_by_ball,3.5,top,part_spin,right,off_spin,41,0.19,28.0,75.0,10.4,0.984,1.022,1.509,12,0.0,5.68,46.0,48.6,1.054,0.774,odi: 2m 15r 0w
f7b2cbe8,C Viljoen,Namibia,ball_by_ball,7.0,lower,part_pace,right,medium,23,0.19,15.5,75.3,7.5,0.758,1.47,0.574,30,0.01,6.16,59.7,58.2,1.155,0.662,odi: 2m 19r 2w
0ebb3444,L Scott,Australia,ball_by_ball,8.0,tail,spec_pace,right,fast_medium,4,0.03,17.4,84.7,9.0,0.807,1.347,0.825,48,0.01,6.02,25.5,25.4,1.006,1.243,odi: 1m 2r 2w
4dcd505e,Jamaluddin Ahmed,Bangladesh,ball_by_ball,10.0,tail,part_unk,,,28,0.18,14.4,74.5,7.5,0.735,1.526,0.546,24,0.01,7.09,77.5,65.5,1.345,0.581,odi: 1m 18r 0w
024fe464,PD McGlashan,New Zealand,ball_by_ball,6.5,lower,,right,,51,0.35,30.7,114.5,12.7,1.102,1.044,1.375,,,,,,,,odi: 4m 63r 0w
2cdce1be,C Sakariya,India,ball_by_ball,11.0,tail,spec_pace,left,medium_fast,1,0.01,18.6,87.0,10.0,0.814,1.258,0.886,50,0.01,4.98,28.4,34.2,0.977,1.149,odi: 1m 0r 2w
744b6ab0,Joseph Angara,Kenya,ball_by_ball,11.0,tail,spec_unk,,,3,0.02,9.3,62.9,6.5,0.597,1.898,0.503,48,0.01,6.94,62.6,54.1,1.269,0.678,odi: 1m 0r 1w
749a1b3a,BP Nash,West Indies,ball_by_ball,6.0,lower,spec_unk,,,21,0.16,25.1,96.6,11.4,0.994,1.175,1.63,30,0.01,6.02,49.8,49.6,1.151,0.773,odi: 2m 21r 0w
90de905a,K Gowtham,India,ball_by_ball,8.0,tail,spec_spin,right,off_spin,3,0.02,18.7,87.0,9.8,0.826,1.284,0.885,48,0.01,4.84,32.7,40.5,0.957,0.97,odi: 1m 2r 1w
df064e1a,Ravi Bishnoi,India,ball_by_ball,10.0,tail,spec_spin,right,leg_spin,2,0.02,19.7,90.4,10.2,0.854,1.258,0.892,49,0.01,5.2,35.3,40.8,0.988,0.972,odi: 1m 4r 1w
20f3a03d,RM Jariwala,United States of America,ball_by_ball,6.2,lower,,,,50,0.34,14.8,74.4,7.7,0.717,1.39,0.703,,,,,,,,odi: 4m 30r 0w
42d1b920,WCA Ganegama,Sri Lanka,ball_by_ball,9.0,tail,part_unk,,,8,0.08,15.0,83.9,8.4,0.765,1.467,0.494,42,0.01,6.7,67.6,60.6,1.334,0.642,odi: 2m 7r 0w
a4799701,Danish Aziz,Pakistan,ball_by_ball,5.0,middle,part_unk,,,20,0.13,34.7,85.1,9.2,0.986,0.884,0.823,30,0.01,6.68,70.2,63.1,1.272,0.61,odi: 2m 12r 0w
bafb9238,Usman Khan,Pakistan,ball_by_ball,3.0,top,,right,off_spin,50,0.24,38.6,90.5,11.3,1.16,0.895,1.384,,,,,,,,odi: 2m 51r 0w
07ff32f5,Khurram Nawaz,Oman,ball_by_ball,8.5,tail,,right,,49,0.29,10.7,54.1,4.6,0.614,1.862,0.288,,,,,,,,odi: 3m 26r 0w
3bea1983,DT Doram,Netherlands,ball_by_ball,,,spec_spin,left,left_arm_orthodox,,,,,,,,,49,0.01,5.01,42.7,51.2,1.019,0.767,odi: 2m 0r 0w
6232e1ed,GJ McCarter,Ireland,ball_by_ball,11.0,tail,spec_pace,right,medium,1,0.01,11.9,74.5,7.8,0.697,1.704,0.595,48,0.01,6.11,33.0,32.4,1.04,0.974,odi: 1m 1r 0w
719a2bb5,K Kamyuka,Canada,ball_by_ball,9.0,tail,part_unk,,,2,0.02,9.4,64.6,6.4,0.611,1.912,0.514,47,0.02,7.56,92.1,73.1,1.527,0.536,odi: 2m 2r 4w
93f104b4,Tanvir Ahmed,Pakistan,ball_by_ball,9.0,tail,spec_unk,,,12,0.12,17.2,93.2,11.9,0.834,1.388,1.568,37,0.01,5.69,44.3,46.8,1.146,0.819,odi: 1m 18r 1w
9c1ccdea,J Louw,South Africa,ball_by_ball,9.0,tail,spec_unk,,,7,0.08,21.8,110.7,14.2,1.001,1.333,2.067,42,0.01,5.65,41.1,43.7,1.149,0.883,odi: 1m 23r 0w
9d65b06f,ADJ Pitcher,Bermuda,ball_by_ball,9.0,tail,spec_unk,,,12,0.08,8.3,61.3,7.7,0.601,2.19,1.128,37,0.01,7.24,63.8,52.9,1.306,0.673,odi: 1m 8r 0w
af2a0740,M Pushpakumara,Sri Lanka,ball_by_ball,7.0,lower,spec_unk,,,19,0.14,26.2,82.9,8.9,0.907,1.066,0.784,30,0.01,6.03,41.9,41.7,1.089,0.854,odi: 3m 7r 0w
e3fe4b49,F Hand,Ireland,ball_by_ball,8.0,tail,spec_pace,right,medium,1,0.01,11.7,73.6,7.8,0.689,1.724,0.594,48,0.01,5.47,36.3,39.7,1.067,0.987,odi: 1m 0r 1w
70f2f922,TF van Woerkom,Ireland,ball_by_ball,,,part_unk,,,,,,,,,,,48,0.02,7.41,87.8,71.1,1.436,0.557,odi: 2m 0r 1w
7a624752,IPP Batuwitarachchi,United Arab Emirates,ball_by_ball,3.0,top,,,,48,0.22,18.5,59.2,7.3,0.766,1.235,0.7,,,,,,,,odi: 2m 14r 0w
c290033d,Ihsanullah,Pakistan,ball_by_ball,,,spec_pace,right,fast,,,,,,,,,48,0.01,5.2,31.0,35.8,1.025,1.092,odi: 1m 0r 0w
0a509d6b,RK Singh,India,ball_by_ball,6.0,lower,part_spin,left,off_spin,41,0.31,32.3,116.9,14.5,1.084,0.947,1.524,6,0.0,5.83,39.5,40.6,1.027,0.853,odi: 2m 55r 1w
5d664346,TB Robinson,New Zealand,ball_by_ball,2.0,top,,right,medium,47,0.21,36.0,91.6,12.1,1.19,0.97,1.178,,,,,,,,odi: 3m 48r 0w
8ec9db50,PD Macchi,Oman,ball_by_ball,2.8,top,,,,47,0.2,18.1,59.4,7.9,0.819,1.258,0.49,,,,,,,,odi: 4m 23r 0w
c5e68250,IA Nicolson,Zimbabwe,ball_by_ball,11.0,tail,spec_unk,,,3,0.02,11.4,69.9,7.2,0.663,1.71,0.577,44,0.01,6.86,58.7,51.3,1.224,0.657,odi: 1m 0r 1w
3a9adcce,CJ Smith,Bermuda,ball_by_ball,1.0,top,,,,46,0.17,16.8,63.9,9.4,0.866,1.46,1.593,,,,,,,,odi: 5m 27r 0w
53fcbbfb,GP Thorpe,England,ball_by_ball,4.5,middle,,,,46,0.26,37.1,87.2,9.7,1.042,0.885,0.952,,,,,,,,odi: 2m 30r 0w
b3e9b7fa,KED Carroll,Ireland,ball_by_ball,3.7,middle,part_unk,,,40,0.15,26.0,75.0,8.4,0.961,1.074,0.698,6,0.0,7.39,82.6,67.1,1.396,0.55,odi: 3m 28r 0w
e32d22f6,Pankaj Singh,India,ball_by_ball,9.0,tail,spec_pace,right,medium_fast,3,0.04,18.9,88.8,9.9,0.824,1.255,0.873,43,0.01,5.39,27.8,30.9,1.03,1.136,odi: 1m 3r 0w
fc5b1bcc,A Shamshudeen,Canada,ball_by_ball,6.0,lower,part_unk,,,28,0.17,14.7,59.1,6.6,0.659,1.414,0.669,18,0.02,9.3,101.6,65.5,1.517,0.468,odi: 1m 3r 0w
9a137157,OO Bascome,Bermuda,ball_by_ball,2.0,top,,,,45,0.2,16.7,59.4,7.9,0.788,1.365,0.682,,,,,,,,odi: 1m 17r 0w
ada72696,Sukhjinder Singh,Canada,ball_by_ball,9.0,tail,part_unk,,,21,0.16,9.6,63.1,7.6,0.611,1.893,0.936,24,0.01,8.03,108.0,80.6,1.525,0.473,odi: 2m 14r 0w
c57e1893,DES Maxwell,Canada,ball_by_ball,7.3,lower,,,,45,0.31,17.8,95.4,11.0,0.856,1.386,1.425,,,,,,,,odi: 3m 54r 0w
c9040f7a,Hasnain Ul Wahab,Oman,ball_by_ball,2.0,top,,,,45,0.2,20.9,65.5,8.7,0.866,1.202,0.847,,,,,,,,odi: 2m 29r 0w
0db94786,NA Statham,Netherlands,ball_by_ball,2.0,top,,,,44,0.19,21.0,63.0,7.6,0.806,1.151,0.636,,,,,,,,odi: 2m 7r 0w
17b641bf,SD Udal,England,ball_by_ball,10.0,tail,spec_unk,,,2,0.02,16.1,85.8,9.5,0.801,1.434,0.837,42,0.01,5.74,44.1,46.1,1.108,0.85,odi: 1m 0r 1w
59cc6b79,SJ Massiah,United States of America,ball_by_ball,4.0,middle,,,,44,0.18,23.0,67.9,7.8,0.866,1.108,0.598,,,,,,,,odi: 2m 23r 0w
e5ad357a,MD du Preez,Namibia,ball_by_ball,6.3,lower,,,,44,0.26,14.1,57.3,5.6,0.661,1.509,0.526,,,,,,,,odi: 3m 14r 0w
1236044e,LR Naylor,Scotland,ball_by_ball,3.0,top,,,,43,0.22,25.0,76.0,9.5,0.964,1.168,0.621,,,,,,,,odi: 2m 34r 0w
174369f2,NAM McLean,West Indies,ball_by_ball,10.0,tail,spec_unk,,,7,0.07,13.8,82.2,9.4,0.752,1.565,1.096,36,0.01,5.65,46.6,49.5,1.155,0.771,odi: 1m 5r 0w
248698f4,DSK Madushanka,Sri Lanka,ball_by_ball,9.0,tail,spec_unk,,,6,0.07,15.2,84.3,8.3,0.774,1.471,0.498,37,0.01,5.8,41.9,43.4,1.092,0.883,odi: 1m 7r 3w
78c12883,S Baker,England,ball_by_ball,11.0,tail,spec_pace,right,fast,1,0.01,16.5,86.4,9.5,0.814,1.436,0.843,42,0.01,5.59,31.5,33.8,1.098,1.134,odi: 1m 0r 0w
9b12068b,S Jyoti,Canada,ball_by_ball,4.0,middle,,,,43,0.25,17.6,64.0,7.3,0.704,1.152,0.834,,,,,,,,odi: 3m 19r 0w
4cd3960e,KADM Fernando,Sri Lanka,ball_by_ball,,,spec_unk,,,,,,,,,,,42,0.01,5.15,37.9,44.1,1.065,0.874,odi: 1m 0r 2w
59f509ed,G Goudie,Scotland,ball_by_ball,,,spec_unk,,,,,,,,,,,42,0.01,6.17,54.6,53.1,1.192,0.737,odi: 1m 0r 3w
b88fa6fe,MJ Mindley,West Indies,ball_by_ball,,,spec_unk,,,,,,,,,,,42,0.01,5.62,46.5,49.6,1.136,0.779,odi: 1m 0r 1w
cb5211dc,JPR Lamsam,Hong Kong,ball_by_ball,7.0,lower,part_unk,,,30,0.19,15.3,65.2,7.5,0.729,1.493,0.674,12,0.0,7.67,93.0,72.7,1.478,0.511,odi: 1m 16r 0w
e855edaa,Y Punja,United Arab Emirates,ball_by_ball,10.0,tail,spec_unk,,,6,0.05,8.7,59.8,6.1,0.574,1.95,0.524,36,0.01,6.52,67.6,62.3,1.316,0.613,odi: 1m 1r 0w
08323d6b,K Whatham,Canada,ball_by_ball,8.0,tail,,,,41,0.27,9.3,58.0,5.9,0.575,1.868,0.371,,,,,,,,odi: 1m 18r 0w
c020cef5,Saqlain Haider,United Arab Emirates,ball_by_ball,8.0,tail,,,,40,0.27,9.8,63.0,6.3,0.631,1.955,0.325,,,,,,,,odi: 3m 30r 0w
e343abe9,NS Poonia,Scotland,ball_by_ball,2.8,top,,,,40,0.18,19.6,65.6,8.5,0.863,1.287,0.735,,,,,,,,odi: 6m 12r 0w
9eea360c,Mohammad Salman,Pakistan,ball_by_ball,8.0,tail,,,,39,0.25,16.8,73.4,7.4,0.761,1.375,0.593,,,,,,,,odi: 5m 22r 0w
b885a355,Muhammad Mohsin,United Arab Emirates,ball_by_ball,10.0,tail,spec_unk,,,2,0.02,8.7,62.1,6.3,0.58,1.952,0.525,37,0.01,6.44,67.4,62.8,1.294,0.612,odi: 1m 0r 0w
03ce169b,Faisal Athar,Pakistan,ball_by_ball,2.0,top,,,,38,0.16,33.8,77.8,10.3,1.005,0.874,1.004,,,,,,,,odi: 1m 9r 0w
1af1bc4b,JH Desai,United States of America,ball_by_ball,7.0,lower,,,,38,0.21,18.3,68.1,6.8,0.775,1.353,0.707,,,,,,,,odi: 1m 16r 0w
e95cd1f5,S Dhamala,Nepal,ball_by_ball,1.0,top,,,,38,0.18,19.1,60.1,7.4,0.799,1.207,0.65,,,,,,,,odi: 1m 12r 0w
790ac2b0,G Bajwa,Canada,ball_by_ball,,,spec_unk,,,,,,,,,,,37,0.01,6.77,69.3,61.4,1.285,0.624,odi: 1m 0r 0w
99464591,MJ North,Australia,ball_by_ball,3.0,top,part_spin,left,off_spin,19,0.12,37.2,88.3,11.3,1.102,0.896,1.188,18,0.0,5.47,37.7,41.3,1.02,0.917,odi: 2m 6r 0w
e3a949be,D Cleaver,New Zealand,ball_by_ball,3.0,top,,right,leg_spin,37,0.23,38.4,91.9,11.0,1.115,0.916,1.144,,,,,,,,odi: 1m 32r 0w
ef6aea67,PHT Kaushal,Sri Lanka,ball_by_ball,9.0,tail,spec_unk,,,1,0.01,14.9,80.1,8.1,0.755,1.479,0.552,36,0.01,5.4,40.4,44.9,1.08,0.855,odi: 1m 0r 0w
016e5101,M Shezi,South Africa,ball_by_ball,,,spec_unk,,,,,,,,,,,36,0.01,5.3,38.4,43.5,1.011,0.891,odi: 1m 0r 1w
28392e11,Zaman Khan,Pakistan,ball_by_ball,,,spec_pace,right,fast,,,,,,,,,36,0.01,5.27,28.3,32.2,0.995,1.093,odi: 1m 0r 0w
3cbdbdeb,Zainullah Ihsan,Scotland,ball_by_ball,,,spec_unk,,,,,,,,,,,36,0.02,7.25,61.2,50.6,1.32,0.71,odi: 1m 0r 1w
49dfe4a4,EJ Richardson,Ireland,ball_by_ball,8.0,tail,part_unk,,,18,0.12,12.4,70.2,7.5,0.704,1.713,0.536,18,0.01,7.32,84.2,68.9,1.381,0.547,odi: 1m 12r 0w
ee5aa838,AGR Loudon,England,ball_by_ball,,,spec_unk,,,,,,,,,,,36,0.01,6.25,44.6,42.8,1.134,0.84,odi: 1m 0r 0w
7a02494c,Bashir Ahmad,Afghanistan,wikipedia_totals,,middle,part_unk,,,,,,,,,,,36,0.01,7.11,72.5,61.2,1.334,0.595,wikipedia_odi: 2m 0r 0w
056f58dd,KC Hodsoll,Bermuda,ball_by_ball,11.0,tail,spec_unk,,,5,0.06,7.7,61.9,6.3,0.572,2.176,0.47,30,0.01,6.48,59.4,55.0,1.332,0.687,odi: 1m 2r 1w
bab78fa2,J Da Silva,West Indies,ball_by_ball,2.5,top,,right,,35,0.17,28.3,76.5,10.6,1.008,1.027,1.538,,,,,,,,odi: 2m 14r 0w
f92c9151,TC Bruce,Scotland,ball_by_ball,5.0,middle,,right,off_spin,35,0.25,24.5,81.2,9.1,0.875,1.08,1.128,,,,,,,,odi: 2m 33r 0w
ff3f6fc1,Mohammad Haris,Pakistan,ball_by_ball,5.6,lower,,right,off_spin,35,0.24,25.9,90.6,9.8,0.957,1.121,1.131,,,,,,,,odi: 6m 30r 0w
2e78f685,KR Sen,India,ball_by_ball,11.0,tail,spec_pace,right,fast,4,0.04,18.5,86.5,9.8,0.808,1.255,0.841,30,0.01,5.88,29.9,30.5,1.036,1.151,odi: 1m 2r 2w
549aefcd,BJ Diamanti,New Zealand,ball_by_ball,8.0,tail,part_unk,,,22,0.13,19.2,88.7,9.2,0.918,1.417,0.896,12,0.0,7.06,66.9,56.8,1.339,0.656,odi: 1m 26r 0w
a15aaa7f,TR Ambrose,England,ball_by_ball,7.2,lower,,right,,34,0.23,23.6,85.2,10.5,0.895,1.141,1.132,,,,,,,,odi: 5m 10r 0w
a81d6706,C Jonker,South Africa,ball_by_ball,5.5,middle,,right,,33,0.21,40.7,93.6,10.8,1.094,0.845,1.228,,,,,,,,odi: 2m 31r 0w
c13e34f4,Haider Ali,Pakistan,ball_by_ball,4.0,middle,,right,,33,0.2,40.0,95.9,10.6,1.143,0.882,1.489,,,,,,,,odi: 2m 42r 0w
ed70ac05,BP Kruger,Netherlands,ball_by_ball,9.0,tail,part_unk,,,12,0.1,10.6,68.3,6.4,0.645,1.788,0.393,21,0.01,7.63,94.7,74.5,1.443,0.509,odi: 1m 8r 0w
ef7a904e,AA Shafique,Oman,ball_by_ball,3.0,top,,,,33,0.16,20.1,62.1,7.9,0.807,1.182,0.504,,,,,,,,odi: 2m 13r 0w
03d3dd8e,AF Buurman,Netherlands,ball_by_ball,7.5,lower,,,,32,0.27,16.7,87.3,8.9,0.783,1.317,0.512,,,,,,,,odi: 3m 26r 0w
3ce127f2,Asif Iqbal (1),United Arab Emirates,ball_by_ball,1.0,top,part_unk,,,8,0.04,21.3,69.8,8.7,0.88,1.238,0.777,24,0.01,8.2,104.7,76.6,1.479,0.462,odi: 1m 8r 0w
bd35515a,SV Bahutule,India,ball_by_ball,7.0,lower,part_unk,,,13,0.12,31.0,103.2,12.4,1.024,0.953,1.261,19,0.0,7.11,70.5,59.5,1.338,0.635,odi: 1m 11r 0w
fb2d1dda,N Rana,India,ball_by_ball,7.0,lower,part_spin,left,off_spin,14,0.1,32.0,93.4,11.1,1.011,0.961,1.297,18,0.0,5.52,41.5,45.1,1.029,0.84,odi: 1m 7r 0w
67875075,RH Scholte,Netherlands,ball_by_ball,7.0,lower,,,,31,0.17,17.0,65.6,6.6,0.736,1.37,0.641,,,,,,,,odi: 2m 8r 0w
85afed77,G Chapple,England,ball_by_ball,8.0,tail,part_unk,,,7,0.07,18.0,97.8,11.3,0.89,1.427,1.232,24,0.01,6.6,65.4,59.5,1.324,0.633,odi: 1m 14r 0w
a2a1efe2,LC Romero,United States of America,ball_by_ball,3.0,top,part_unk,,,7,0.03,22.8,71.3,8.5,0.903,1.172,0.743,24,0.01,8.58,101.6,71.0,1.531,0.498,odi: 2m 1r 1w
aa8aaa45,Ankur Sharma,Hong Kong,ball_by_ball,7.0,lower,,,,31,0.24,13.3,67.0,7.0,0.674,1.513,0.551,,,,,,,,odi: 1m 16r 0w
f05fe9b1,JA Simpson,England,ball_by_ball,6.0,lower,,left,,31,0.19,29.0,90.1,10.3,1.01,1.087,1.141,,,,,,,,odi: 3m 20r 0w
083e01d9,Matiullah Khan,United Arab Emirates,ball_by_ball,,,spec_pace,right,fast_medium,,,,,,,,,30,0.01,5.9,43.7,44.5,1.165,0.842,odi: 1m 0r 1w
37b67a54,MDJ Walker,New Zealand,ball_by_ball,,,spec_unk,,,,,,,,,,,30,0.01,5.77,42.5,44.2,1.104,0.867,odi: 1m 0r 0w
8bb34d86,J Neill,Ireland,ball_by_ball,,,spec_unk,,,,,,,,,,,30,0.01,6.24,54.8,52.6,1.183,0.727,odi: 1m 0r 0w
b34d91ec,MG Kariata,Namibia,ball_by_ball,,,spec_unk,,,,,,,,,,,30,0.01,6.39,61.2,57.5,1.267,0.661,odi: 1m 0r 1w
1cfb9ef4,AS Chima,Canada,ball_by_ball,4.5,middle,,,,29,0.16,21.9,69.2,8.3,0.834,1.163,0.971,,,,,,,,odi: 2m 28r 0w
5a22d91c,EMDY Munaweera,Sri Lanka,ball_by_ball,2.5,top,,right,off_spin,29,0.14,31.4,80.2,10.8,1.064,0.965,0.741,,,,,,,,odi: 2m 15r 0w
d3395043,Shamyl Hussain,Pakistan,ball_by_ball,3.0,top,,,,29,0.19,33.5,81.2,9.8,0.992,0.922,0.912,,,,,,,,odi: 2m 10r 0w
25d8d51a,KH Butt,Hong Kong,ball_by_ball,4.0,middle,,,,28,0.16,17.8,59.9,6.4,0.708,1.243,0.576,,,,,,,,odi: 2m 8r 0w
5a7405f1,Usman Salahuddin,Pakistan,ball_by_ball,5.5,middle,,,,28,0.2,32.8,84.9,9.0,0.925,0.836,0.783,,,,,,,,odi: 2m 13r 0w
98299b67,HGV Vare,Papua New Guinea,ball_by_ball,9.6,tail,,,,28,0.24,7.4,61.2,5.2,0.557,2.182,0.191,,,,,,,,odi: 6m 20r 0w
a38e7be7,S Daniel,Sri Lanka,ball_by_ball,1.0,top,,,,28,0.14,32.3,79.6,10.4,1.039,0.932,0.704,,,,,,,,odi: 1m 12r 0w
a5544576,D Murphy,Scotland,ball_by_ball,8.0,tail,,,,28,0.19,10.1,60.7,6.1,0.61,1.83,0.466,,,,,,,,odi: 2m 9r 0w
76a582b8,Zakiullah Zaki,Afghanistan,wikipedia_totals,,top,part_spin,right,leg_spin,4,0.0,35.2,95.2,11.3,1.098,0.938,1.106,24,0.01,5.69,43.5,45.9,1.061,0.793,wikipedia_odi: 1m 3r &ndash;w
071ce010,S Sajeev,Oman,ball_by_ball,9.0,tail,,,,27,0.18,10.0,58.0,5.4,0.602,1.856,0.355,,,,,,,,odi: 1m 15r 0w
0e63259d,J Campbell,Zimbabwe,ball_by_ball,6.0,lower,part_spin,left,leg_spin,15,0.14,18.9,79.6,8.2,0.806,1.265,0.713,12,0.0,5.91,57.2,58.1,1.096,0.647,odi: 3m 8r 0w
b4bef2ed,Fazle Mahmud,Bangladesh,ball_by_ball,3.0,top,part_spin,left,left_arm_orthodox,9,0.06,28.2,77.8,10.1,0.976,1.038,0.863,18,0.01,5.77,47.4,49.3,1.063,0.77,odi: 2m 0r 0w
fda22a2e,Zia-ur-Rehman,Afghanistan,wikipedia_totals,,lower,part_spin,right,left_arm_orthodox,6,0.0,26.0,83.2,9.7,0.96,1.116,1.147,21,0.01,5.69,43.5,45.9,1.061,0.793,wikipedia_odi: 1m 5r 0w
a45a5e8d,AM Nayar,India,ball_by_ball,5.0,middle,part_pace,left,medium,7,0.05,42.2,89.8,10.8,1.031,0.742,1.095,19,0.01,5.91,45.1,45.8,1.096,0.827,odi: 3m 0r 0w
134ba8ae,ADR Campbell,Zimbabwe,ball_by_ball,2.0,top,,,,25,0.09,25.3,71.8,9.2,0.947,1.075,0.815,,,,,,,,odi: 1m 7r 0w
3c00e140,Lovepreet Singh,United Arab Emirates,ball_by_ball,3.0,top,,,,25,0.14,19.2,62.9,7.7,0.8,1.253,0.65,,,,,,,,odi: 2m 9r 0w
d69c9b12,NT Pascal,West Indies,ball_by_ball,11.0,tail,part_unk,,,1,0.01,13.5,79.2,9.4,0.742,1.596,1.133,24,0.01,6.98,75.7,65.1,1.336,0.582,odi: 1m 0r 0w
1530a7e9,F Kasteni,Zimbabwe,ball_by_ball,2.5,top,,,,24,0.1,25.0,72.8,9.1,0.956,1.105,0.816,,,,,,,,odi: 2m 9r 0w
20ab5aad,PD Blignaut,Namibia,ball_by_ball,,,part_unk,,,,,,,,,,,24,0.01,7.71,96.9,75.4,1.464,0.505,odi: 1m 0r 1w
7a653792,EP Thompson,New Zealand,ball_by_ball,,,part_unk,,,,,,,,,,,24,0.01,6.73,64.9,57.8,1.311,0.653,odi: 1m 0r 0w
81147b00,Rizwan Ahmed,Pakistan,ball_by_ball,,,part_unk,,,,,,,,,,,24,0.01,6.91,72.0,62.6,1.295,0.609,odi: 1m 0r 0w
9c9f8dbc,H Davids,South Africa,ball_by_ball,3.0,top,,right,medium_fast,24,0.11,37.1,87.4,11.6,1.13,0.887,1.208,,,,,,,,odi: 2m 8r 0w
c661789d,AW Mathieson,New Zealand,ball_by_ball,,,part_unk,,,,,,,,,,,24,0.01,6.93,65.9,57.0,1.324,0.666,odi: 1m 0r 1w
2bf69ff5,J Giyanani,United Arab Emirates,ball_by_ball,7.0,lower,part_unk,,,5,0.05,15.5,73.4,7.6,0.75,1.455,0.732,18,0.01,8.19,111.0,81.3,1.546,0.464,odi: 1m 4r 0w
43f4087c,NA Rock,Ireland,ball_by_ball,7.0,lower,,left,,23,0.19,18.0,75.8,8.6,0.779,1.296,0.732,,,,,,,,odi: 3m 7r 0w
4cbf2e06,Saad Ali,Pakistan,ball_by_ball,6.0,lower,,,,23,0.22,22.5,90.2,10.0,0.848,1.055,0.84,,,,,,,,odi: 2m 11r 0w
619aa81f,W Jaffer,India,ball_by_ball,1.0,top,,,,23,0.09,39.3,89.6,13.0,1.171,0.856,1.276,,,,,,,,odi: 2m 10r 0w
94268960,S Qeshile,South Africa,ball_by_ball,5.0,middle,,,,23,0.16,42.8,95.2,10.2,1.105,0.802,0.946,,,,,,,,odi: 2m 22r 0w
ab965cad,HWR Cartwright,Australia,ball_by_ball,1.5,top,,right,medium,23,0.11,33.6,79.9,11.3,1.063,0.895,1.178,,,,,,,,odi: 2m 2r 0w
f7c3d426,CK Holder,West Indies,ball_by_ball,11.0,tail,part_pace,right,fast,3,0.02,13.7,77.4,9.2,0.735,1.573,1.129,20,0.0,5.73,47.2,49.4,1.114,0.76,odi: 1m 0r 0w
f8035c2a,BDH Stevens,Jersey,ball_by_ball,6.0,lower,part_spin,left,left_arm_orthodox,5,0.04,16.0,70.6,7.4,0.751,1.432,0.754,18,0.01,6.54,67.0,61.4,1.241,0.615,odi: 1m 1r 0w
8c82ae9a,MN Nawaz,Sri Lanka,ball_by_ball,8.0,tail,,,,22,0.19,15.0,86.9,8.1,0.757,1.423,0.523,,,,,,,,odi: 1m 15r 0w
97b7c5c0,VAB Tewarie,Netherlands,ball_by_ball,3.0,top,,,,22,0.1,21.5,65.1,8.0,0.859,1.144,0.624,,,,,,,,odi: 1m 4r 0w
ba7b21fd,A Valthapa,United Arab Emirates,ball_by_ball,7.0,lower,,,,22,0.15,16.2,68.0,6.9,0.747,1.446,0.67,,,,,,,,odi: 3m 14r 0w
0a2184d9,D Lakshan,Sri Lanka,ball_by_ball,6.0,lower,part_pace,left,medium_fast,9,0.06,25.5,86.4,9.3,0.926,1.105,0.795,12,0.0,5.87,43.5,44.5,1.091,0.842,odi: 1m 2r 0w
1daa8927,S Malla,Nepal,ball_by_ball,10.0,tail,part_unk,,,9,0.09,8.2,60.1,5.9,0.551,1.926,0.361,12,0.01,7.67,99.4,77.7,1.44,0.481,odi: 1m 0r 0w
547c5509,M Mpongwana,South Africa,ball_by_ball,8.0,tail,part_unk,,,2,0.02,17.8,87.1,9.4,0.813,1.312,0.822,19,0.0,6.93,65.3,56.6,1.302,0.668,odi: 1m 1r 0w
a91392b4,Zeeshan Siddiqi,Canada,ball_by_ball,3.0,top,,,,21,0.1,20.0,63.6,8.2,0.832,1.203,0.702,,,,,,,,odi: 1m 7r 0w
075e9f9c,Moniruzzaman,Bangladesh,ball_by_ball,2.5,top,,,,20,0.08,27.0,73.3,10.1,0.962,1.025,0.875,,,,,,,,odi: 2m 1r 0w
12f6b3bd,N Kruger,Netherlands,ball_by_ball,5.0,middle,,,,20,0.14,22.1,66.0,6.6,0.767,1.086,0.511,,,,,,,,odi: 1m 5r 0w
3c4007d3,Sagar Pun,Nepal,ball_by_ball,4.0,middle,,,,20,0.13,19.5,61.9,6.6,0.724,1.157,0.553,,,,,,,,odi: 1m 3r 0w
8a15b50b,RO Hussain,Scotland,ball_by_ball,5.0,middle,,,,20,0.12,24.5,72.0,7.7,0.835,1.067,0.62,,,,,,,,odi: 1m 10r 0w
95db4ab0,CK Kruger,Hong Kong,ball_by_ball,5.0,middle,,,,20,0.12,17.4,59.7,6.7,0.7,1.251,0.581,,,,,,,,odi: 2m 3r 0w
fb16f6e7,MQ Sheikh,Scotland,ball_by_ball,3.0,top,,,,20,0.12,23.1,72.0,9.0,0.9,1.184,0.796,,,,,,,,odi: 3m 6r 0w
4846ef98,Abdullah Mazari,Afghanistan,wikipedia_totals,,lower,part_spin,left,left_arm_orthodox,4,0.0,26.0,83.2,9.7,0.96,1.118,1.147,16,0.0,6.4,47.6,44.7,1.197,0.815,wikipedia_odi: 2m 3r 2w
2b30ca91,MR Johnson,United States of America,ball_by_ball,2.0,top,,,,19,0.08,25.1,78.8,9.3,1.002,1.192,0.728,,,,,,,,odi: 2m 20r 0w
31ca7a9c,Ethan D'Souza,United Arab Emirates,ball_by_ball,4.5,middle,,left,,19,0.14,20.1,64.6,6.7,0.749,1.164,0.569,,,,,,,,odi: 3m 9r 0w
474a8333,Nasir Javed,United States of America,ball_by_ball,9.0,tail,,,,19,0.12,9.7,57.4,5.8,0.578,1.813,0.491,,,,,,,,odi: 1m 2r 0w
0cc2c8b6,TE Tucker,Bermuda,ball_by_ball,,,part_unk,,,,,,,,,,,18,0.01,8.22,101.8,74.3,1.553,0.508,odi: 1m 0r 0w
599ce28e,Ansh Tandon,United Arab Emirates,ball_by_ball,4.0,middle,,,,18,0.13,20.3,65.3,6.7,0.756,1.167,0.557,,,,,,,,odi: 1m 10r 0w
6d25efd7,E Katchay,Canada,ball_by_ball,,,part_unk,,,,,,,,,,,18,0.01,8.23,109.7,80.0,1.555,0.472,odi: 1m 0r 0w
7f87204d,SP Terry,Ireland,ball_by_ball,6.0,lower,,,,18,0.13,22.2,84.5,9.4,0.921,1.278,0.836,,,,,,,,odi: 2m 16r 0w
ad1730bc,Ariful Haque,Bangladesh,ball_by_ball,,,part_pace,right,medium_fast,,,,,,,,,18,0.0,5.89,49.0,49.9,1.102,0.758,odi: 1m 0r 0w
89a7dd4a,JE Dunford,Jersey,ball_by_ball,7.7,tail,,right,,17,0.17,8.0,59.9,5.2,0.544,1.936,0.264,,,,,,,,odi: 4m 6r 0w
fd483a3e,V Shetty,United Arab Emirates,ball_by_ball,7.0,lower,,,,17,0.11,15.6,67.1,7.0,0.73,1.45,0.77,,,,,,,,odi: 1m 7r 0w
261d6559,Naved Latif,Pakistan,ball_by_ball,4.5,middle,,,,16,0.08,34.1,84.9,9.0,0.995,0.889,0.884,,,,,,,,odi: 2m 7r 0w
78feb458,JN Hamilton,West Indies,ball_by_ball,7.0,lower,,right,,16,0.11,23.3,82.6,10.2,0.898,1.185,1.655,,,,,,,,odi: 1m 5r 0w
c740ea83,RM Patidar,India,ball_by_ball,1.0,top,,right,off_spin,16,0.08,44.8,98.0,13.4,1.249,0.817,1.514,,,,,,,,odi: 1m 22r 0w
890b877d,VB van Jaarsveld,South Africa,ball_by_ball,7.0,lower,,,,15,0.16,27.5,99.2,11.6,0.963,0.987,1.184,,,,,,,,odi: 2m 9r 0w
2b46d4de,Noor-ul-Haq,Afghanistan,wikipedia_totals,,middle,part_unk,,,15,0.01,32.1,86.5,9.6,0.997,0.931,0.944,,,,,,,,wikipedia_odi: 2m 12r &ndash;w
5147ad5b,Aman Ali,United Arab Emirates,ball_by_ball,11.0,tail,part_unk,,,2,0.01,8.8,61.8,6.4,0.584,1.953,0.554,12,0.0,7.88,104.7,79.7,1.503,0.466,odi: 1m 0r 0w
5691931a,Haseebullah Khan,Pakistan,ball_by_ball,4.0,middle,,left,,14,0.07,31.6,79.2,9.1,0.945,0.89,0.858,,,,,,,,odi: 2m 0r 0w
8bd614b2,Rony Talukdar,Bangladesh,ball_by_ball,2.0,top,,right,medium_fast,14,0.07,28.8,76.5,10.1,0.986,0.998,0.829,,,,,,,,odi: 1m 4r 0w
a3b936c8,MWA van Nierop,Netherlands,ball_by_ball,2.0,top,,,,14,0.06,23.0,70.0,8.5,0.9,1.15,0.666,,,,,,,,odi: 1m 4r 0w
a8bbd62e,GI Maiden,Scotland,ball_by_ball,7.0,lower,,,,14,0.1,20.0,80.2,8.5,0.867,1.34,0.828,,,,,,,,odi: 1m 12r 0w
c537cf4d,M Commins,Ireland,ball_by_ball,3.0,top,,,,13,0.1,27.2,78.5,9.7,0.97,1.093,0.808,,,,,,,,odi: 2m 6r 0w
efa04f87,N Fernandes,United Arab Emirates,ball_by_ball,7.0,lower,,,,13,0.09,15.7,68.3,7.2,0.737,1.449,0.806,,,,,,,,odi: 1m 5r 0w
65122d56,K Christie,Hong Kong,ball_by_ball,10.0,tail,part_pace,right,medium_fast,3,0.04,8.0,60.3,6.3,0.561,2.054,0.483,9,0.0,6.77,63.3,56.1,1.247,0.665,odi: 1m 0r 0w
6b0db726,J Andrew,West Indies,ball_by_ball,3.5,top,,,,12,0.07,30.7,85.0,11.1,1.07,1.046,1.812,,,,,,,,odi: 3m 8r 0w
6d60ece6,Aijaz Ali,United States of America,ball_by_ball,8.0,tail,,,,11,0.07,10.3,65.6,6.6,0.641,1.859,0.497,,,,,,,,odi: 2m 5r 0w
d7d744e5,PG Gillespie,Ireland,ball_by_ball,6.5,lower,,,,11,0.07,19.8,78.5,8.9,0.844,1.311,0.886,,,,,,,,odi: 2m 2r 0w
e00a9155,SD Heazlett,Australia,ball_by_ball,6.0,lower,,left,left_arm_orthodox,11,0.09,29.7,91.8,10.4,0.988,1.009,1.229,,,,,,,,odi: 1m 4r 0w
5d68fe4f,Fahad Nawaz,United Arab Emirates,ball_by_ball,6.5,lower,,,,10,0.08,14.9,66.5,7.2,0.714,1.479,0.779,,,,,,,,odi: 2m 2r 0w
0557a636,RT Crandon,West Indies,ball_by_ball,8.0,tail,,,,9,0.07,14.1,78.0,9.3,0.756,1.59,1.112,,,,,,,,odi: 1m 5r 0w
3cae1e0b,Anop Santosh,Canada,ball_by_ball,6.0,lower,,,,9,0.07,15.8,68.2,7.3,0.731,1.425,0.717,,,,,,,,odi: 1m 2r 0w
4a25c894,HAPW Jayawardene,Sri Lanka,ball_by_ball,7.5,lower,,,,9,0.09,23.4,91.0,9.6,0.912,1.136,0.733,,,,,,,,odi: 3m 4r 0w
85caa37f,RR Ramdass,West Indies,ball_by_ball,2.0,top,,,,9,0.04,30.8,83.1,11.1,1.059,1.014,1.649,,,,,,,,odi: 1m 1r 0w
6cd0b2d8,DL Blake,United States of America,ball_by_ball,10.0,tail,part_unk,,,2,0.01,9.9,65.9,6.5,0.623,1.848,0.513,6,0.0,7.88,100.1,76.2,1.491,0.484,odi: 1m 0r 0w
6e161a33,JNK Shannon,Ireland,ball_by_ball,7.0,lower,,,,8,0.09,19.1,82.5,9.4,0.832,1.283,0.812,,,,,,,,odi: 1m 2r 0w
9c821d2e,RA Herman,South Africa,ball_by_ball,5.0,middle,,left,,8,0.08,37.6,99.4,10.7,1.085,0.857,0.938,,,,,,,,odi: 2m 9r 0w
dc2f959a,SO Dowrich,West Indies,ball_by_ball,7.0,lower,,right,,8,0.09,22.9,91.9,11.7,0.924,1.186,1.628,,,,,,,,odi: 1m 6r 0w
3b2114a5,Darwish Rasooli,Afghanistan,wikipedia_totals,,top,part_spin,right,off_spin,8,0.01,34.7,95.2,11.3,1.098,0.951,1.106,,,,,,,,wikipedia_odi: 2m 7r w
63500b26,Ahmed Shah,Afghanistan,wikipedia_totals,,middle,part_spin,left,left_arm_orthodox,2,0.0,33.0,86.5,9.6,0.997,0.907,0.944,6,0.0,5.69,43.3,45.7,1.061,0.796,wikipedia_odi: 1m 2r 0w
2a242d58,Simandeep Singh,Hong Kong,ball_by_ball,5.0,middle,,,,7,0.05,18.4,63.5,6.9,0.729,1.235,0.597,,,,,,,,odi: 1m 0r 0w
890946a0,NV Ojha,India,ball_by_ball,2.0,top,,right,,7,0.04,41.3,91.7,12.6,1.164,0.828,1.291,,,,,,,,odi: 1m 1r 0w
158d6619,DOD Rikhi,United States of America,ball_by_ball,4.0,middle,,,,6,0.03,22.8,71.4,7.2,0.831,1.113,0.613,,,,,,,,odi: 1m 3r 0w
97edbfb1,JN Rhodes,South Africa,ball_by_ball,5.0,middle,,,,6,0.04,39.8,93.1,10.2,1.068,0.819,1.054,,,,,,,,odi: 2m 2r 0w
c68554a6,TJ Bishop,West Indies,ball_by_ball,5.0,middle,,,,6,0.04,30.4,82.9,9.7,0.951,0.964,1.386,,,,,,,,odi: 1m 0r 0w
dff2050b,C Gunasekara,Sri Lanka,ball_by_ball,,,part_unk,,,,,,,,,,,6,0.0,7.03,66.8,57.0,1.319,0.647,odi: 1m 0r 0w
f58839ad,GA Manou,Australia,ball_by_ball,8.0,tail,,,,6,0.07,17.7,89.1,9.0,0.818,1.316,0.788,,,,,,,,odi: 4m 7r 0w
3e722460,CR Foggo,Bermuda,ball_by_ball,1.0,top,,,,5,0.02,19.1,70.0,8.3,0.877,1.39,0.784,,,,,,,,odi: 1m 6r 0w
637b6fbd,AG Puttick,South Africa,ball_by_ball,2.0,top,,,,5,0.02,40.2,93.0,12.0,1.173,0.862,1.242,,,,,,,,odi: 1m 0r 0w
d32a4a41,R Walters,Namibia,ball_by_ball,1.0,top,,,,5,0.02,20.1,68.5,8.2,0.865,1.291,0.745,,,,,,,,odi: 2m 0r 0w
e3e09091,Zakir Hasan,Bangladesh,ball_by_ball,2.0,top,,left,,5,0.03,30.0,80.4,10.2,1.014,1.004,0.873,,,,,,,,odi: 1m 1r 0w
2683e28b,Najeeb Tarakai,Afghanistan,wikipedia_totals,,top,part_spin,right,off_spin,5,0.0,34.6,95.2,11.3,1.098,0.953,1.106,,,,,,,,wikipedia_odi: 1m 5r –w
a6c84e0e,Naumanullah,Pakistan,ball_by_ball,8.0,tail,,,,4,0.05,16.0,84.4,8.8,0.781,1.402,0.698,,,,,,,,odi: 1m 5r 0w
f9a87783,KL Tucker,Bermuda,ball_by_ball,1.0,top,,,,4,0.02,18.2,67.0,8.4,0.843,1.391,0.79,,,,,,,,odi: 1m 0r 0w
9fa4ff04,Shahriar Hossain,Bangladesh,ball_by_ball,1.0,top,,,,3,0.01,30.3,81.3,10.3,1.021,1.007,0.895,,,,,,,,odi: 1m 0r 0w
c968b533,Alawi Shukri,United Arab Emirates,ball_by_ball,8.0,tail,,,,3,0.02,8.9,62.3,6.3,0.591,1.952,0.551,,,,,,,,odi: 1m 1r 0w
9911ecbb,Salman Faris,United Arab Emirates,ball_by_ball,2.0,top,,,,2,0.01,20.8,68.3,8.3,0.856,1.242,0.806,,,,,,,,odi: 1m 0r 0w
694dc2aa,Mohibullah Oryakhel,Afghanistan,wikipedia_totals,,top,part_pace,right,medium_fast,,,,,,,,,,,,,,,,wikipedia_odi: 2m &ndash;r &ndash;w
